source,water_type,river,station,date,year,month,season,latitude,longitude,Ammonium,BOD5,COD,Chloride,Dissolved oxygen,E_coli,Electrical conductivity,Nitrate,Salinity,Suspended solids,TDS,Total alkalinity,Turbidity,Water temperature,pH
DoE_RiverWaterQualityReport_2015_TrendCh6,river,Buriganga,"Buriganga (all stations avg, Dry season)",2010-02-01,2010,2,dry,,,,26.44,,,0.47,,,,,,,,,,7.25
DoE_RiverWaterQualityReport_2015_TrendCh6,river,Buriganga,"Buriganga (all stations avg, Dry season)",2011-02-01,2011,2,dry,,,,26.06,,,1.35,,,,,,,,,,7.27
DoE_RiverWaterQualityReport_2015_TrendCh6,river,Buriganga,"Buriganga (all stations avg, Dry season)",2012-02-01,2012,2,dry,,,,18.748,,,0.54,,,,,,,,,,7.42
DoE_RiverWaterQualityReport_2015_TrendCh6,river,Buriganga,"Buriganga (all stations avg, Dry season)",2013-02-01,2013,2,dry,,,,21.18,,,2.3,,,,,,,,,,7.38
DoE_RiverWaterQualityReport_2015_TrendCh6,river,Buriganga,"Buriganga (all stations avg, Dry season)",2014-02-01,2014,2,dry,,,,24.97,,,0.61,,,,,,,,,,7.24
DoE_RiverWaterQualityReport_2015_TrendCh6,river,Buriganga,"Buriganga (all stations avg, Dry season)",2015-02-01,2015,2,dry,,,,17.09,,,0.14,,,,,,,,,,7.54
DoE_RiverWaterQualityReport_2015_TrendCh6,river,Buriganga,"Buriganga (all stations avg, Wet season)",2010-07-01,2010,7,wet,,,,8.23,,,3.83,,,,,,,,,,7.31
DoE_RiverWaterQualityReport_2015_TrendCh6,river,Buriganga,"Buriganga (all stations avg, Wet season)",2011-07-01,2011,7,wet,,,,22.48,,,2.24,,,,,,,,,,7.03
DoE_RiverWaterQualityReport_2015_TrendCh6,river,Buriganga,"Buriganga (all stations avg, Wet season)",2012-07-01,2012,7,wet,,,,15.9,,,2.55,,,,,,,,,,7.19
DoE_RiverWaterQualityReport_2015_TrendCh6,river,Buriganga,"Buriganga (all stations avg, Wet season)",2013-07-01,2013,7,wet,,,,9.17,,,2.56,,,,,,,,,,6.84
DoE_RiverWaterQualityReport_2015_TrendCh6,river,Buriganga,"Buriganga (all stations avg, Wet season)",2014-07-01,2014,7,wet,,,,10.29,,,2.58,,,,,,,,,,7.27
DoE_RiverWaterQualityReport_2015_TrendCh6,river,Buriganga,"Buriganga (all stations avg, Wet season)",2015-07-01,2015,7,wet,,,,7.42,,,2.96,,,,,,,,,,7.22
DoE_RiverWaterQualityReport_2015_TrendCh6,river,Shitalakhya,"Shitalakhya (all stations avg, Dry season)",2010-02-01,2010,2,dry,,,,9.58,,,3.77,,,,,,,,,,7.22
DoE_RiverWaterQualityReport_2015_TrendCh6,river,Shitalakhya,"Shitalakhya (all stations avg, Dry season)",2011-02-01,2011,2,dry,,,,10.62,,,3.8,,,,,,,,,,7.14
DoE_RiverWaterQualityReport_2015_TrendCh6,river,Shitalakhya,"Shitalakhya (all stations avg, Dry season)",2012-02-01,2012,2,dry,,,,11.17,,,2.18,,,,,,,,,,7.22
DoE_RiverWaterQualityReport_2015_TrendCh6,river,Shitalakhya,"Shitalakhya (all stations avg, Dry season)",2013-02-01,2013,2,dry,,,,22.83,,,2.69,,,,,,,,,,7.7
DoE_RiverWaterQualityReport_2015_TrendCh6,river,Shitalakhya,"Shitalakhya (all stations avg, Dry season)",2014-02-01,2014,2,dry,,,,16.8,,,0.66,,,,,,,,,,7.19
DoE_RiverWaterQualityReport_2015_TrendCh6,river,Shitalakhya,"Shitalakhya (all stations avg, Dry season)",2015-02-01,2015,2,dry,,,,6.46,,,3.84,,,,,,,,,,7.51
DoE_RiverWaterQualityReport_2015_TrendCh6,river,Shitalakhya,"Shitalakhya (all stations avg, Wet season)",2010-07-01,2010,7,wet,,,,4.67,,,5.53,,,,,,,,,,7.05
DoE_RiverWaterQualityReport_2015_TrendCh6,river,Shitalakhya,"Shitalakhya (all stations avg, Wet season)",2011-07-01,2011,7,wet,,,,3.983,,,5.63,,,,,,,,,,7.22
DoE_RiverWaterQualityReport_2015_TrendCh6,river,Shitalakhya,"Shitalakhya (all stations avg, Wet season)",2012-07-01,2012,7,wet,,,,5.21,,,3.56,,,,,,,,,,7.37
DoE_RiverWaterQualityReport_2015_TrendCh6,river,Shitalakhya,"Shitalakhya (all stations avg, Wet season)",2013-07-01,2013,7,wet,,,,5.75,,,4.1,,,,,,,,,,7.11
DoE_RiverWaterQualityReport_2015_TrendCh6,river,Shitalakhya,"Shitalakhya (all stations avg, Wet season)",2014-07-01,2014,7,wet,,,,6.64,,,3.86,,,,,,,,,,7.43
DoE_RiverWaterQualityReport_2015_TrendCh6,river,Shitalakhya,"Shitalakhya (all stations avg, Wet season)",2015-07-01,2015,7,wet,,,,3.78,,,3.53,,,,,,,,,,6.93
DoE_RiverWaterQualityReport_2015_TrendCh6,river,Turag,"Turag (all stations avg, Dry season)",2010-02-01,2010,2,dry,,,,30.91,,,0.0,,,,,,,,,,7.49
DoE_RiverWaterQualityReport_2015_TrendCh6,river,Turag,"Turag (all stations avg, Dry season)",2011-02-01,2011,2,dry,,,,22.33,,,0.47,,,,,,,,,,7.74
DoE_RiverWaterQualityReport_2015_TrendCh6,river,Turag,"Turag (all stations avg, Dry season)",2012-02-01,2012,2,dry,,,,24.87,,,0.65,,,,,,,,,,7.6
DoE_RiverWaterQualityReport_2015_TrendCh6,river,Turag,"Turag (all stations avg, Dry season)",2013-02-01,2013,2,dry,,,,31.96,,,0.742,,,,,,,,,,7.46
DoE_RiverWaterQualityReport_2015_TrendCh6,river,Turag,"Turag (all stations avg, Dry season)",2014-02-01,2014,2,dry,,,,35.44,,,0.69,,,,,,,,,,7.67
DoE_RiverWaterQualityReport_2015_TrendCh6,river,Turag,"Turag (all stations avg, Dry season)",2015-02-01,2015,2,dry,,,,35.7,,,0.11,,,,,,,,,,7.67
DoE_RiverWaterQualityReport_2015_TrendCh6,river,Turag,"Turag (all stations avg, Wet season)",2010-07-01,2010,7,wet,,,,9.5,,,3.73,,,,,,,,,,6.39
DoE_RiverWaterQualityReport_2015_TrendCh6,river,Turag,"Turag (all stations avg, Wet season)",2011-07-01,2011,7,wet,,,,9.12,,,3.94,,,,,,,,,,7.52
DoE_RiverWaterQualityReport_2015_TrendCh6,river,Turag,"Turag (all stations avg, Wet season)",2012-07-01,2012,7,wet,,,,12.95,,,2.67,,,,,,,,,,7.48
DoE_RiverWaterQualityReport_2015_TrendCh6,river,Turag,"Turag (all stations avg, Wet season)",2013-07-01,2013,7,wet,,,,4.58,,,2.93,,,,,,,,,,7.31
DoE_RiverWaterQualityReport_2015_TrendCh6,river,Turag,"Turag (all stations avg, Wet season)",2014-07-01,2014,7,wet,,,,7.21,,,2.75,,,,,,,,,,7.36
DoE_RiverWaterQualityReport_2015_TrendCh6,river,Turag,"Turag (all stations avg, Wet season)",2015-07-01,2015,7,wet,,,,7.45,,,3.63,,,,,,,,,,6.79
DoE_SurfaceGroundWaterReport_2021_2023,river,Balu,Jolshiri Abason,2021-01-01,2021,1,dry,,,,30.0,92.0,71.0,0.0,,659.0,,,8.0,382.0,236.0,32.4,,7.09
DoE_SurfaceGroundWaterReport_2021_2023,river,Balu,Jolshiri Abason,2021-02-01,2021,2,dry,,,,10.0,68.0,60.0,0.8,,901.0,,,103.0,523.0,260.0,336.0,,7.51
DoE_SurfaceGroundWaterReport_2021_2023,river,Balu,Jolshiri Abason,2021-03-01,2021,3,dry,,,,10.0,90.0,63.0,0.0,,1022.0,,,70.0,562.0,269.0,290.0,,7.15
DoE_SurfaceGroundWaterReport_2021_2023,river,Balu,Jolshiri Abason,2021-04-01,2021,4,dry,,,,6.0,13.0,74.0,2.4,,845.0,,,3.0,422.0,287.0,42.0,,6.77
DoE_SurfaceGroundWaterReport_2021_2023,river,Balu,Jolshiri Abason,2021-05-01,2021,5,wet,,,,7.0,20.0,55.0,2.9,,763.0,,,18.0,399.0,225.0,39.0,,6.93
DoE_SurfaceGroundWaterReport_2021_2023,river,Balu,Jolshiri Abason,2021-07-01,2021,7,wet,,,,4.0,10.0,13.5,3.46,,175.8,,,20.0,95.5,73.0,,,6.85
DoE_SurfaceGroundWaterReport_2021_2023,river,Balu,Jolshiri Abason,2021-08-01,2021,8,wet,,,,20.0,48.0,17.0,4.15,,177.0,,,8.0,95.0,81.0,,,7.7
DoE_SurfaceGroundWaterReport_2021_2023,river,Balu,Jolshiri Abason,2021-09-01,2021,9,wet,,,,6.8,17.0,15.0,5.9,,178.0,,,18.0,94.0,78.0,7.91,,6.55
DoE_SurfaceGroundWaterReport_2021_2023,river,Balu,Jolshiri Abason,2021-12-01,2021,12,dry,,,,8.0,22.0,20.0,2.2,,407.0,,,10.0,218.0,102.0,8.43,,6.91
DoE_SurfaceGroundWaterReport_2021_2023,river,Balu,Jolshiri Abason,2022-01-01,2022,1,dry,,,,22.0,80.0,8.0,0.43,,248.0,,,8.0,138.0,138.0,23.4,,7.13
DoE_SurfaceGroundWaterReport_2021_2023,river,Balu,Jolshiri Abason,2022-02-01,2022,2,dry,,,,14.4,44.0,57.0,1.87,,674.0,,,34.0,385.0,141.0,21.0,,7.34
DoE_SurfaceGroundWaterReport_2021_2023,river,Balu,Jolshiri Abason,2022-03-01,2022,3,dry,,,,32.0,137.0,58.5,3.35,,792.0,,,220.0,422.0,320.0,86.3,,7.1
DoE_SurfaceGroundWaterReport_2021_2023,river,Balu,Jolshiri Abason,2022-04-01,2022,4,dry,,,,22.0,80.0,8.0,0.83,,248.0,,,8.0,138.0,138.0,18.0,,7.13
DoE_SurfaceGroundWaterReport_2021_2023,river,Balu,Jolshiri Abason,2022-05-01,2022,5,wet,,,,12.0,73.0,20.0,2.0,,260.0,,,8.0,135.0,99.0,5.35,,7.21
DoE_SurfaceGroundWaterReport_2021_2023,river,Balu,Jolshiri Abason,2022-06-01,2022,6,wet,,,,18.0,90.0,20.0,2.2,,154.0,,,24.0,95.0,32.0,20.2,,7.34
DoE_SurfaceGroundWaterReport_2021_2023,river,Balu,Jolshiri Abason,2022-07-01,2022,7,wet,,,,24.0,127.0,10.0,2.4,,306.0,,,24.0,160.0,71.0,4.9,,7.62
DoE_SurfaceGroundWaterReport_2021_2023,river,Balu,Jolshiri Abason,2022-08-01,2022,8,wet,,,,8.2,18.0,14.0,2.24,,223.0,,,10.1,108.0,40.0,10.4,,6.86
DoE_SurfaceGroundWaterReport_2021_2023,river,Balu,Jolshiri Abason,2022-09-01,2022,9,wet,,,,10.0,51.0,14.5,4.9,,243.0,,,8.0,122.5,50.0,5.0,,6.5
DoE_SurfaceGroundWaterReport_2021_2023,river,Balu,Jolshiri Abason,2022-10-01,2022,10,wet,,,,6.0,10.0,13.0,2.0,,183.3,,,14.0,96.5,42.0,12.0,,7.16
DoE_SurfaceGroundWaterReport_2021_2023,river,Balu,Jolshiri Abason,2022-11-01,2022,11,dry,,,,3.0,12.0,12.0,8.0,,169.4,,,7.0,90.0,40.0,5.68,,7.52
DoE_SurfaceGroundWaterReport_2021_2023,river,Balu,Jolshiri Abason,2022-12-01,2022,12,dry,,,,5.4,39.0,13.0,2.1,,242.0,,,33.0,142.3,104.0,44.0,,7.26
DoE_SurfaceGroundWaterReport_2021_2023,river,Balu,Jolshiri Abason,2023-01-01,2023,1,dry,,,,18.0,60.0,18.0,1.41,,248.0,,,28.0,132.0,108.0,,,7.13
DoE_SurfaceGroundWaterReport_2021_2023,river,Balu,Jolshiri Abason,2023-02-01,2023,2,dry,,,,20.0,56.0,23.0,0.1,,334.0,,,40.0,235.0,124.0,,,7.41
DoE_SurfaceGroundWaterReport_2021_2023,river,Balu,Jolshiri Abason,2023-03-01,2023,3,dry,,,,22.0,54.0,43.0,2.1,,418.0,,,40.0,224.0,186.0,,,7.1
DoE_SurfaceGroundWaterReport_2021_2023,river,Balu,Jolshiri Abason,2023-07-01,2023,7,wet,,,,3.0,36.0,26.0,8.3,,510.0,,,16.9,268.0,97.0,,,7.38
DoE_SurfaceGroundWaterReport_2021_2023,river,Balu,Jolshiri Abason,2023-08-01,2023,8,wet,,,,2.1,5.0,15.0,3.2,,405.0,,,7.0,176.0,61.0,,,6.49
DoE_SurfaceGroundWaterReport_2021_2023,river,Balu,Jolshiri Abason,2023-10-01,2023,10,wet,,,,4.0,14.0,13.0,2.1,,219.2,,,7.0,112.0,14.0,,,6.73
DoE_SurfaceGroundWaterReport_2021_2023,river,Balu,Jolshiri Abason,2023-11-01,2023,11,dry,,,,5.0,27.0,32.0,6.01,,538.0,,,19.0,253.0,28.0,,,7.27
DoE_SurfaceGroundWaterReport_2021_2023,river,Balu,Jolshiri Abason,2023-12-01,2023,12,dry,,,,5.0,15.0,28.0,2.0,,411.0,,,21.0,224.0,56.0,,,7.35
DoE_SurfaceGroundWaterReport_2021_2023,river,Balu,Trimohoni Bridge,2021-01-01,2021,1,dry,,,,32.0,134.0,58.0,0.0,,714.0,,,2.0,411.0,252.0,14.7,,7.48
DoE_SurfaceGroundWaterReport_2021_2023,river,Balu,Trimohoni Bridge,2021-02-01,2021,2,dry,,,,28.0,120.0,73.0,0.0,,699.0,,,84.0,401.0,239.0,304.0,,7.06
DoE_SurfaceGroundWaterReport_2021_2023,river,Balu,Trimohoni Bridge,2021-03-01,2021,3,dry,,,,54.0,153.0,90.0,0.0,,1115.0,,,62.0,618.0,256.0,234.0,,7.15
DoE_SurfaceGroundWaterReport_2021_2023,river,Balu,Trimohoni Bridge,2021-04-01,2021,4,dry,,,,30.0,120.0,72.0,0.0,,849.0,,,46.0,420.0,272.0,142.0,,6.82
DoE_SurfaceGroundWaterReport_2021_2023,river,Balu,Trimohoni Bridge,2021-05-01,2021,5,wet,,,,26.0,70.0,72.0,0.2,,689.0,,,15.0,360.0,194.0,131.0,,6.6
DoE_SurfaceGroundWaterReport_2021_2023,river,Balu,Trimohoni Bridge,2021-07-01,2021,7,wet,,,,22.0,63.0,53.5,1.26,,496.0,,,45.0,272.0,164.0,,,6.59
DoE_SurfaceGroundWaterReport_2021_2023,river,Balu,Trimohoni Bridge,2021-08-01,2021,8,wet,,,,19.0,42.0,15.0,0.59,,147.0,,,95.0,78.0,200.0,,,7.77
DoE_SurfaceGroundWaterReport_2021_2023,river,Balu,Trimohoni Bridge,2021-09-01,2021,9,wet,,,,6.2,20.0,19.0,3.4,,243.0,,,81.0,127.0,80.0,7.82,,6.65
DoE_SurfaceGroundWaterReport_2021_2023,river,Balu,Trimohoni Bridge,2021-12-01,2021,12,dry,,,,40.0,119.0,39.0,1.5,,723.0,,,79.0,393.0,148.0,46.5,,7.07
DoE_SurfaceGroundWaterReport_2021_2023,river,Balu,Trimohoni Bridge,2022-01-01,2022,1,dry,,,,28.0,117.0,79.0,0.0,,347.0,,,69.0,180.0,336.0,51.0,,6.82
DoE_SurfaceGroundWaterReport_2021_2023,river,Balu,Trimohoni Bridge,2022-02-01,2022,2,dry,,,,74.4,120.0,92.5,1.26,,818.0,,,121.0,470.0,370.0,71.0,,7.14
DoE_SurfaceGroundWaterReport_2021_2023,river,Balu,Trimohoni Bridge,2022-03-01,2022,3,dry,,,,44.0,93.0,102.0,2.18,,832.0,,,69.0,443.0,300.0,34.4,,7.07
DoE_SurfaceGroundWaterReport_2021_2023,river,Balu,Trimohoni Bridge,2022-04-01,2022,4,dry,,,,30.0,117.0,79.0,0.0,,347.0,,,69.0,180.0,336.0,51.0,,6.82
DoE_SurfaceGroundWaterReport_2021_2023,river,Balu,Trimohoni Bridge,2022-05-01,2022,5,wet,,,,14.0,56.0,58.5,0.0,,536.0,,,102.0,282.0,102.0,78.0,,7.1
DoE_SurfaceGroundWaterReport_2021_2023,river,Balu,Trimohoni Bridge,2022-06-01,2022,6,wet,,,,10.0,28.0,22.0,2.7,,201.0,,,43.0,107.0,42.0,22.9,,6.99
DoE_SurfaceGroundWaterReport_2021_2023,river,Balu,Trimohoni Bridge,2022-07-01,2022,7,wet,,,,22.0,95.0,40.0,2.3,,556.0,,,75.0,294.0,82.0,68.4,,7.02
DoE_SurfaceGroundWaterReport_2021_2023,river,Balu,Trimohoni Bridge,2022-08-01,2022,8,wet,,,,8.4,22.0,48.0,1.2,,469.0,,,22.2,264.0,72.0,28.3,,7.14
DoE_SurfaceGroundWaterReport_2021_2023,river,Balu,Trimohoni Bridge,2022-09-01,2022,9,wet,,,,30.0,61.0,50.0,1.0,,575.0,,,59.0,288.0,78.0,29.0,,7.16
DoE_SurfaceGroundWaterReport_2021_2023,river,Balu,Trimohoni Bridge,2022-10-01,2022,10,wet,,,,22.0,53.0,43.5,0.4,,506.0,,,81.0,271.0,89.0,34.7,,7.46
DoE_SurfaceGroundWaterReport_2021_2023,river,Balu,Trimohoni Bridge,2022-11-01,2022,11,dry,,,,6.0,90.0,80.0,0.1,,703.0,,,58.0,407.0,124.0,65.0,,7.25
DoE_SurfaceGroundWaterReport_2021_2023,river,Balu,Trimohoni Bridge,2022-12-01,2022,12,dry,,,,88.5,222.0,93.0,0.1,,842.0,,,48.0,446.0,296.0,49.0,,7.22
DoE_SurfaceGroundWaterReport_2021_2023,river,Balu,Trimohoni Bridge,2023-01-01,2023,1,dry,,,,68.0,217.0,99.0,0.0,,847.0,,,59.0,480.0,330.0,50.0,,6.82
DoE_SurfaceGroundWaterReport_2021_2023,river,Balu,Trimohoni Bridge,2023-02-01,2023,2,dry,,,,38.0,63.0,81.0,0.0,,858.0,,,122.0,487.0,382.0,83.9,,7.02
DoE_SurfaceGroundWaterReport_2021_2023,river,Balu,Trimohoni Bridge,2023-03-01,2023,3,dry,,,,40.0,76.0,73.0,0.1,,826.0,,,110.0,455.0,262.0,32.8,,7.09
DoE_SurfaceGroundWaterReport_2021_2023,river,Balu,Trimohoni Bridge,2023-07-01,2023,7,wet,,,,34.0,119.0,49.0,0.3,,664.0,,,8.45,349.0,164.0,7.52,,7.33
DoE_SurfaceGroundWaterReport_2021_2023,river,Balu,Trimohoni Bridge,2023-08-01,2023,8,wet,,,,22.8,48.0,25.5,0.0,,553.0,,,36.0,249.0,70.0,30.8,,6.71
DoE_SurfaceGroundWaterReport_2021_2023,river,Balu,Trimohoni Bridge,2023-10-01,2023,10,wet,,,,6.0,19.0,19.0,1.8,,263.0,,,13.0,136.0,16.0,8.0,,6.98
DoE_SurfaceGroundWaterReport_2021_2023,river,Balu,Trimohoni Bridge,2023-11-01,2023,11,dry,,,,7.0,27.0,52.0,1.04,,815.0,,,83.0,388.0,22.0,22.5,,6.39
DoE_SurfaceGroundWaterReport_2021_2023,river,Balu,Trimohoni Bridge,2023-12-01,2023,12,dry,,,,22.0,41.0,50.0,0.5,,637.0,,,64.0,353.0,58.0,47.0,,6.89
DoE_SurfaceGroundWaterReport_2021_2023,river,Bhairab,Abhaynagar,2023-07-01,2023,7,wet,,,,12.4,,,,,,,,,,,,,
DoE_SurfaceGroundWaterReport_2021_2023,river,Bhairab,Basundia Bazar,2022-05-01,2022,5,wet,,,,3.5,,4212.0,1.01,,510.0,,3.4,,229.0,,12.0,,8.26
DoE_SurfaceGroundWaterReport_2021_2023,river,Bhairab,"Basundia Bazar,",2023-01-01,2023,1,dry,,,,,,79.0,,,318.0,,0.04,,360.0,,0.14,,
DoE_SurfaceGroundWaterReport_2021_2023,river,Bhairab,"Basundia Bazar,",2023-02-01,2023,2,dry,,,,,,87.0,,,346.0,,0.09,,173.0,,0.19,,
DoE_SurfaceGroundWaterReport_2021_2023,river,Bhairab,"Basundia Bazar,",2023-03-01,2023,3,dry,,,,,,126.0,,,501.0,,2.05,,251.0,,0.23,,
DoE_SurfaceGroundWaterReport_2021_2023,river,Bhairab,"Basundia Bazar,",2023-05-01,2023,5,wet,,,,,,216.0,,,864.0,,7.8,,432.0,,0.35,,
DoE_SurfaceGroundWaterReport_2021_2023,river,Bhairab,"Basundia Bazar,",2023-06-01,2023,6,wet,,,,,,220.0,,,878.0,,43.2,,439.0,,0.32,,
DoE_SurfaceGroundWaterReport_2021_2023,river,Bhairab,"Basundia Bazar,",2023-07-01,2023,7,wet,,,,,,588.0,,,2350.0,,1.09,,1175.0,,74.0,,
DoE_SurfaceGroundWaterReport_2021_2023,river,Bhairab,"Basundia Bazar,",2023-08-01,2023,8,wet,,,,,,357.0,,,1426.0,,2.7,,713.0,,45.0,,
DoE_SurfaceGroundWaterReport_2021_2023,river,Bhairab,"Basundia Bazar,",2023-09-01,2023,9,wet,,,,,,225.0,,,878.0,,4.2,,439.0,,0.32,,
DoE_SurfaceGroundWaterReport_2021_2023,river,Bhairab,"Basundia Bazar,",2023-10-01,2023,10,wet,,,,,,224.0,,,879.0,,0.2,,438.0,,0.32,,
DoE_SurfaceGroundWaterReport_2021_2023,river,Bhairab,"Basundia Bazar,",2023-11-01,2023,11,dry,,,,,,144.0,,,578.0,,0.18,,289.0,,0.08,,
DoE_SurfaceGroundWaterReport_2021_2023,river,Bhairab,"Basundia Bazar,",2023-12-01,2023,12,dry,,,,,,142.0,,,566.0,,0.22,,281.0,,0.13,,
DoE_SurfaceGroundWaterReport_2021_2023,river,Bhairab,"Basundia Bazar, Aladipur",2021-01-01,2021,1,dry,,,,,,70.0,5.65,,542.0,,0.16,,263.0,,64.8,,8.32
DoE_SurfaceGroundWaterReport_2021_2023,river,Bhairab,"Basundia Bazar, Aladipur",2021-03-01,2021,3,dry,,,,,,68.0,0.0,,8480.0,,0.41,,4160.0,,65.8,,8.46
DoE_SurfaceGroundWaterReport_2021_2023,river,Bhairab,"Basundia Bazar, Aladipur",2021-08-01,2021,8,wet,,,,,,1311.0,5.94,,5245.0,,1.65,,3246.0,,66.4,,7.3
DoE_SurfaceGroundWaterReport_2021_2023,river,Bhairab,"Basundia Bazar, Aladipur",2021-09-01,2021,9,wet,,,,,,131.0,5.75,,180.0,,0.8,,86.0,,66.4,,8.65
DoE_SurfaceGroundWaterReport_2021_2023,river,Bhairab,"Basundia Bazar, Aladipur",2021-10-01,2021,10,wet,,,,,,132.0,4.8,,206.0,,0.1,,97.6,,67.4,,8.49
DoE_SurfaceGroundWaterReport_2021_2023,river,Bhairab,"Basundia Bazar, Aladipur",2021-11-01,2021,11,dry,,,,2.1,,123.0,3.4,,210.0,,0.1,,101.2,,67.4,,8.54
DoE_SurfaceGroundWaterReport_2021_2023,river,Bhairab,"Basundia Bazar, Aladipur",2021-12-01,2021,12,dry,,,,3.1,,262.0,6.8,,224.0,,0.21,,108.0,,65.4,,7.86
DoE_SurfaceGroundWaterReport_2021_2023,river,Bhairab,"Basundia Bazar, Aladipur",2023-01-01,2023,1,dry,,,,2.7,,,4.21,,,,,,,,,,6.22
DoE_SurfaceGroundWaterReport_2021_2023,river,Bhairab,"Basundia Bazar, Aladipur",2023-02-01,2023,2,dry,,,,2.9,,,5.34,,,,,,,,,,7.46
DoE_SurfaceGroundWaterReport_2021_2023,river,Bhairab,"Basundia Bazar, Aladipur",2023-03-01,2023,3,dry,,,,3.07,,,6.86,,,,,,,,,,6.39
DoE_SurfaceGroundWaterReport_2021_2023,river,Bhairab,"Basundia Bazar, Aladipur",2023-05-01,2023,5,wet,,,,8.8,,,5.67,,,,,,,,,,7.57
DoE_SurfaceGroundWaterReport_2021_2023,river,Bhairab,"Basundia Bazar, Aladipur",2023-06-01,2023,6,wet,,,,9.14,,,7.52,,,,,,,,,,7.14
DoE_SurfaceGroundWaterReport_2021_2023,river,Bhairab,"Basundia Bazar, Aladipur",2023-07-01,2023,7,wet,,,,9.45,,,6.15,,,,,,,,,,7.42
DoE_SurfaceGroundWaterReport_2021_2023,river,Bhairab,"Basundia Bazar, Aladipur",2023-08-01,2023,8,wet,,,,18.4,,,2.08,,,,,,,,,,6.08
DoE_SurfaceGroundWaterReport_2021_2023,river,Bhairab,"Basundia Bazar, Aladipur",2023-09-01,2023,9,wet,,,,9.14,,,7.52,,,,,,,,,,7.14
DoE_SurfaceGroundWaterReport_2021_2023,river,Bhairab,"Basundia Bazar, Aladipur",2023-10-01,2023,10,wet,,,,9.12,,,7.5,,,,,,,,,,7.12
DoE_SurfaceGroundWaterReport_2021_2023,river,Bhairab,"Basundia Bazar, Aladipur",2023-11-01,2023,11,dry,,,,7.07,,,2.37,,,,,,,,,,7.45
DoE_SurfaceGroundWaterReport_2021_2023,river,Bhairab,"Basundia Bazar, Aladipur",2023-12-01,2023,12,dry,,,,8.12,,,3.46,,,,,,,,,,7.88
DoE_SurfaceGroundWaterReport_2021_2023,river,Bhairab,Fultala Ghat,2022-05-01,2022,5,wet,,,,1.7,,845.0,4.7,,1219.0,,0.6,,655.0,,75.0,,7.55
DoE_SurfaceGroundWaterReport_2021_2023,river,Bhairab,"Fultala Ghat, Dhulgram",2021-01-01,2021,1,dry,,,,,,72.0,5.78,,551.0,,0.13,,274.0,,65.5,,8.9
DoE_SurfaceGroundWaterReport_2021_2023,river,Bhairab,"Fultala Ghat, Dhulgram",2021-03-01,2021,3,dry,,,,,,71.0,6.14,,2860.0,,0.56,,1466.0,,65.3,,8.36
DoE_SurfaceGroundWaterReport_2021_2023,river,Bhairab,"Fultala Ghat, Dhulgram",2021-04-01,2021,4,dry,,,,0.44,,1631.0,6.14,,3262.0,,1.85,,1631.0,,65.8,,8.52
DoE_SurfaceGroundWaterReport_2021_2023,river,Bhairab,"Fultala Ghat, Dhulgram",2021-08-01,2021,8,wet,,,,,,1630.0,6.13,,3260.0,,1.84,,1512.0,,65.7,,8.5
DoE_SurfaceGroundWaterReport_2021_2023,river,Bhairab,"Fultala Ghat, Dhulgram",2021-09-01,2021,9,wet,,,,,,163.0,5.51,,173.0,,0.8,,83.0,,64.7,,8.14
DoE_SurfaceGroundWaterReport_2021_2023,river,Bhairab,"Fultala Ghat, Dhulgram",2021-10-01,2021,10,wet,,,,,,162.0,2.7,,228.0,,0.1,,101.0,,64.5,,8.3
DoE_SurfaceGroundWaterReport_2021_2023,river,Bhairab,"Fultala Ghat, Dhulgram",2021-11-01,2021,11,dry,,,,9.0,,125.0,3.77,,208.0,,0.1,,99.0,,67.0,,8.07
DoE_SurfaceGroundWaterReport_2021_2023,river,Bhairab,"Fultala Ghat, Dhulgram",2021-12-01,2021,12,dry,,,,2.6,,75.0,5.1,,134.0,,0.06,,63.0,,60.5,,8.12
DoE_SurfaceGroundWaterReport_2021_2023,river,Bhairab,"Fultala Ghat, Dhulgram",2023-01-01,2023,1,dry,,,,2.9,,161.0,4.7,,646.0,,0.07,,323.0,,31.0,,6.58
DoE_SurfaceGroundWaterReport_2021_2023,river,Bhairab,"Fultala Ghat, Dhulgram",2023-02-01,2023,2,dry,,,,2.9,,162.0,6.23,,646.0,,0.13,,323.0,,41.0,,7.87
DoE_SurfaceGroundWaterReport_2021_2023,river,Bhairab,"Fultala Ghat, Dhulgram",2023-03-01,2023,3,dry,,,,3.08,,307.0,6.27,,1228.0,,3.64,,614.0,,22.0,,6.48
DoE_SurfaceGroundWaterReport_2021_2023,river,Bhairab,"Fultala Ghat, Dhulgram",2023-05-01,2023,5,wet,,,,11.7,,312.0,7.15,,1248.0,,8.22,,624.0,,32.0,,8.29
DoE_SurfaceGroundWaterReport_2021_2023,river,Bhairab,"Fultala Ghat, Dhulgram",2023-06-01,2023,6,wet,,,,18.9,,288.0,6.3,,1152.0,,88.7,,576.0,,52.0,,6.96
DoE_SurfaceGroundWaterReport_2021_2023,river,Bhairab,"Fultala Ghat, Dhulgram",2023-07-01,2023,7,wet,,,,14.3,,80.0,6.36,,320.0,,14.0,,160.0,,68.0,,7.95
DoE_SurfaceGroundWaterReport_2021_2023,river,Bhairab,"Fultala Ghat, Dhulgram",2023-08-01,2023,8,wet,,,,9.14,,380.0,5.14,,1518.0,,7.24,,759.0,,55.0,,6.44
DoE_SurfaceGroundWaterReport_2021_2023,river,Bhairab,"Fultala Ghat, Dhulgram",2023-09-01,2023,9,wet,,,,18.9,,285.0,6.3,,1152.0,,8.7,,576.0,,25.0,,6.96
DoE_SurfaceGroundWaterReport_2021_2023,river,Bhairab,"Fultala Ghat, Dhulgram",2023-10-01,2023,10,wet,,,,18.8,,65.0,4.16,,260.0,,0.11,,130.0,,22.0,,7.1
DoE_SurfaceGroundWaterReport_2021_2023,river,Bhairab,"Fultala Ghat, Dhulgram",2023-11-01,2023,11,dry,,,,14.3,,137.0,6.09,,547.0,,0.26,,259.0,,17.0,,7.14
DoE_SurfaceGroundWaterReport_2021_2023,river,Bhairab,"Fultala Ghat, Dhulgram",2023-12-01,2023,12,dry,,,,17.8,,146.0,6.54,,584.0,,0.37,,294.0,,22.0,,7.09
DoE_SurfaceGroundWaterReport_2021_2023,river,Bhairab,Noapara,2022-05-01,2022,5,wet,,,,1.6,,805.0,3.6,,1048.0,,0.65,,481.0,,66.0,,8.09
DoE_SurfaceGroundWaterReport_2021_2023,river,Bhairab,Noapara Ferry Ghat,2021-01-01,2021,1,dry,,,,,,70.0,6.74,,694.0,,0.14,,339.0,,63.5,,8.59
DoE_SurfaceGroundWaterReport_2021_2023,river,Bhairab,Noapara Ferry Ghat,2021-03-01,2021,3,dry,,,,,,73.0,5.88,,930.0,,0.28,,335.0,,63.1,,8.34
DoE_SurfaceGroundWaterReport_2021_2023,river,Bhairab,Noapara Ferry Ghat,2021-04-01,2021,4,dry,,,,0.65,,983.0,5.88,,3930.0,,1.95,,1965.0,,67.4,,7.39
DoE_SurfaceGroundWaterReport_2021_2023,river,Bhairab,Noapara Ferry Ghat,2021-08-01,2021,8,wet,,,,,,982.0,5.87,,3931.0,,1.94,,1960.0,,67.3,,7.38
DoE_SurfaceGroundWaterReport_2021_2023,river,Bhairab,Noapara Ferry Ghat,2021-09-01,2021,9,wet,,,,,,982.0,5.31,,147.0,,0.07,,70.0,,67.3,,8.47
DoE_SurfaceGroundWaterReport_2021_2023,river,Bhairab,Noapara Ferry Ghat,2021-10-01,2021,10,wet,,,,,,980.0,3.8,,193.0,,0.09,,91.7,,68.3,,8.36
DoE_SurfaceGroundWaterReport_2021_2023,river,Bhairab,Noapara Ferry Ghat,2021-11-01,2021,11,dry,,,,0.9,,113.0,5.93,,182.8,,0.09,,87.1,,64.5,,8.55
DoE_SurfaceGroundWaterReport_2021_2023,river,Bhairab,Noapara Ferry Ghat,2021-12-01,2021,12,dry,,,,5.3,,88.0,6.1,,147.0,,0.07,,70.0,,69.0,,8.05
DoE_SurfaceGroundWaterReport_2021_2023,river,Bhairab,Noapara Ferry Ghat,2022-05-01,2022,5,wet,,,,1.8,,805.0,4.3,,1035.0,,0.65,,476.0,,75.0,,8.19
DoE_SurfaceGroundWaterReport_2021_2023,river,Bhairab,Noapara Ferry Ghat,2023-01-01,2023,1,dry,,,,4.8,,187.0,6.34,,1146.0,,0.13,,573.0,,59.0,,7.82
DoE_SurfaceGroundWaterReport_2021_2023,river,Bhairab,Noapara Ferry Ghat,2023-02-01,2023,2,dry,,,,4.6,,85.0,6.25,,340.0,,0.17,,170.0,,62.0,,8.05
DoE_SurfaceGroundWaterReport_2021_2023,river,Bhairab,Noapara Ferry Ghat,2023-03-01,2023,3,dry,,,,4.8,,174.0,6.3,,694.0,,3.17,,347.0,,24.0,,6.64
DoE_SurfaceGroundWaterReport_2021_2023,river,Bhairab,Noapara Ferry Ghat,2023-05-01,2023,5,wet,,,,16.8,,356.0,7.45,,1424.0,,11.18,,712.0,,24.0,,7.85
DoE_SurfaceGroundWaterReport_2021_2023,river,Bhairab,Noapara Ferry Ghat,2023-06-01,2023,6,wet,,,,16.8,,297.0,6.37,,1147.0,,90.9,,574.0,,63.0,,6.65
DoE_SurfaceGroundWaterReport_2021_2023,river,Bhairab,Noapara Ferry Ghat,2023-07-01,2023,7,wet,,,,,,1068.0,5.64,,4270.0,,2.03,,2135.0,,54.0,,6.65
DoE_SurfaceGroundWaterReport_2021_2023,river,Bhairab,Noapara Ferry Ghat,2023-08-01,2023,8,wet,,,,14.4,,578.0,5.07,,2310.0,,6.23,,1155.0,,66.0,,7.62
DoE_SurfaceGroundWaterReport_2021_2023,river,Bhairab,Noapara Ferry Ghat,2023-09-01,2023,9,wet,,,,16.8,,298.0,6.37,,1147.0,,9.9,,574.0,,63.0,,6.65
DoE_SurfaceGroundWaterReport_2021_2023,river,Bhairab,Noapara Ferry Ghat,2023-10-01,2023,10,wet,,,,16.9,,49.0,5.18,,195.0,,0.8,,98.0,,23.0,,7.08
DoE_SurfaceGroundWaterReport_2021_2023,river,Bhairab,Noapara Ferry Ghat,2023-11-01,2023,11,dry,,,,18.7,,245.0,2.97,,979.0,,0.47,,469.0,,21.0,,7.15
DoE_SurfaceGroundWaterReport_2021_2023,river,Bhairab,Noapara Ferry Ghat,2023-12-01,2023,12,dry,,,,20.4,,165.0,6.61,,659.0,,0.35,,350.0,,16.0,,7.33
DoE_SurfaceGroundWaterReport_2021_2023,river,Bhairab,Noapara Jafarpur,2021-01-01,2021,1,dry,,,,,,72.0,4.39,,695.0,,0.11,,344.0,,66.5,,8.87
DoE_SurfaceGroundWaterReport_2021_2023,river,Bhairab,Noapara Jafarpur,2021-03-01,2021,3,dry,,,,,,71.0,5.49,,1229.0,,0.62,,611.0,,66.2,,8.44
DoE_SurfaceGroundWaterReport_2021_2023,river,Bhairab,Noapara Jafarpur,2021-04-01,2021,4,dry,,,,0.74,,406.0,6.51,,1624.0,,1.62,,812.0,,76.4,,7.35
DoE_SurfaceGroundWaterReport_2021_2023,river,Bhairab,Noapara Jafarpur,2021-08-01,2021,8,wet,,,,,,403.0,6.5,,1620.0,,1.61,,810.0,,76.5,,7.33
DoE_SurfaceGroundWaterReport_2021_2023,river,Bhairab,Noapara Jafarpur,2021-09-01,2021,9,wet,,,,,,405.0,5.34,,185.0,,0.09,,88.0,,75.5,,8.25
DoE_SurfaceGroundWaterReport_2021_2023,river,Bhairab,Noapara Jafarpur,2021-10-01,2021,10,wet,,,,,,406.0,2.6,,207.9,,0.1,,99.1,,75.0,,8.31
DoE_SurfaceGroundWaterReport_2021_2023,river,Bhairab,Noapara Jafarpur,2021-11-01,2021,11,dry,,,,2.6,,125.0,4.2,,217.7,,0.1,,104.0,,69.0,,8.09
DoE_SurfaceGroundWaterReport_2021_2023,river,Bhairab,Noapara Jafarpur,2021-12-01,2021,12,dry,,,,5.0,,88.0,6.2,,149.0,,0.07,,71.0,,70.0,,8.15
DoE_SurfaceGroundWaterReport_2021_2023,river,Bhairab,Noapara Jafarpur,2023-01-01,2023,1,dry,,,,4.6,,289.0,6.29,,1156.0,,0.11,,578.0,,61.0,,7.84
DoE_SurfaceGroundWaterReport_2021_2023,river,Bhairab,Noapara Jafarpur,2023-02-01,2023,2,dry,,,,3.4,,77.0,7.2,,307.0,,0.15,,154.0,,67.0,,8.22
DoE_SurfaceGroundWaterReport_2021_2023,river,Bhairab,Noapara Jafarpur,2023-03-01,2023,3,dry,,,,3.02,,164.0,7.02,,656.0,,3.2,,328.0,,37.0,,6.62
DoE_SurfaceGroundWaterReport_2021_2023,river,Bhairab,Noapara Jafarpur,2023-05-01,2023,5,wet,,,,17.6,,361.0,7.28,,1445.0,,10.2,,723.0,,26.0,,7.66
DoE_SurfaceGroundWaterReport_2021_2023,river,Bhairab,Noapara Jafarpur,2023-06-01,2023,6,wet,,,,17.8,,280.0,6.3,,1153.0,,88.7,,577.0,,26.0,,6.93
DoE_SurfaceGroundWaterReport_2021_2023,river,Bhairab,Noapara Jafarpur,2023-07-01,2023,7,wet,,,,13.6,,491.0,6.36,,1962.0,,89.0,,981.0,,47.0,,7.32
DoE_SurfaceGroundWaterReport_2021_2023,river,Bhairab,Noapara Jafarpur,2023-08-01,2023,8,wet,,,,11.7,,577.0,5.09,,2318.0,,6.27,,1159.0,,69.0,,7.63
DoE_SurfaceGroundWaterReport_2021_2023,river,Bhairab,Noapara Jafarpur,2023-09-01,2023,9,wet,,,,17.8,,275.0,6.3,,1153.0,,8.7,,577.0,,26.0,,6.93
DoE_SurfaceGroundWaterReport_2021_2023,river,Bhairab,Noapara Jafarpur,2023-10-01,2023,10,wet,,,,16.8,,65.0,1.69,,259.0,,0.11,,130.0,,21.0,,7.16
DoE_SurfaceGroundWaterReport_2021_2023,river,Bhairab,Noapara Jafarpur,2023-11-01,2023,11,dry,,,,22.4,,171.0,5.7,,684.0,,0.48,,343.0,,19.0,,6.88
DoE_SurfaceGroundWaterReport_2021_2023,river,Bhairab,Noapara Jafarpur,2023-12-01,2023,12,dry,,,,24.2,,166.0,6.64,,662.0,,0.35,,331.0,,17.0,,7.37
DoE_SurfaceGroundWaterReport_2021_2023,river,Brahmaputra,Jamalpur Bridge,2022-08-01,2022,8,wet,,,,5.0,,7.5,7.4,,,,,294.0,57.2,,,,6.85
DoE_SurfaceGroundWaterReport_2021_2023,river,Brahmaputra,Jamalpur Bridge,2022-12-01,2022,12,dry,,,,3.0,,2.0,7.7,,,,,8.0,156.7,,,,7.83
DoE_SurfaceGroundWaterReport_2021_2023,river,Brahmaputra,Jamalpur Rail Bridge,2022-12-01,2022,12,dry,,,,1.8,,11.5,8.0,,,,,19.9,169.5,,,,7.93
DoE_SurfaceGroundWaterReport_2021_2023,river,Brahmaputra,JamalpurRail Bridge,2021-01-01,2021,1,dry,,,,9.0,,10.0,8.8,,,,,5.0,141.0,,,,7.12
DoE_SurfaceGroundWaterReport_2021_2023,river,Brahmaputra,JamalpurRail Bridge,2021-02-01,2021,2,dry,,,,6.0,,10.0,8.7,,,,,25.0,147.8,,,,7.28
DoE_SurfaceGroundWaterReport_2021_2023,river,Brahmaputra,JamalpurRail Bridge,2021-03-01,2021,3,dry,,,,5.0,,14.0,8.7,,,,,5.0,124.0,,,,7.41
DoE_SurfaceGroundWaterReport_2021_2023,river,Brahmaputra,JamalpurRail Bridge,2021-08-01,2021,8,wet,,,,3.0,,10.0,6.7,,,,,480.0,480.0,,,,7.82
DoE_SurfaceGroundWaterReport_2021_2023,river,Brahmaputra,Mymensingh,2022-02-01,2022,2,dry,,,,7.2,,11.0,11.4,,,,,11.0,148.0,,,,7.97
DoE_SurfaceGroundWaterReport_2021_2023,river,Brahmaputra,Mymensingh,2023-02-01,2023,2,dry,,,,8.0,,10.0,5.0,,,,,14.0,150.0,,,,7.85
DoE_SurfaceGroundWaterReport_2021_2023,river,Brahmaputra,Mymensingh,2023-11-01,2023,11,dry,,,,,,,,,,,,,141.0,,,,
DoE_SurfaceGroundWaterReport_2021_2023,river,Brahmaputra,"Rail Bridge, Shamvoganj",2021-01-01,2021,1,dry,,,,7.0,,11.0,8.0,,,,,19.0,155.8,,,,7.66
DoE_SurfaceGroundWaterReport_2021_2023,river,Brahmaputra,"Rail Bridge, Shamvoganj",2021-08-01,2021,8,wet,,,,2.0,,9.0,6.2,,,,,307.0,307.0,,,,8.03
DoE_SurfaceGroundWaterReport_2021_2023,river,Brahmaputra,"Rail Bridge, Shamvoganj",2023-02-01,2023,2,dry,,,,7.2,,11.0,4.5,,,,,11.0,148.0,,,,7.97
DoE_SurfaceGroundWaterReport_2021_2023,river,Brahmaputra,"Rail Bridge, Shamvoganj",2023-07-01,2023,7,wet,,,,10.0,,16.0,2.7,,,,,35.0,218.0,,,,7.25
DoE_SurfaceGroundWaterReport_2021_2023,river,Brahmaputra,"Rail Bridge, Shamvoganj",2023-08-01,2023,8,wet,,,,1.0,,14.0,2.67,,,,,267.0,84.0,,,,7.52
DoE_SurfaceGroundWaterReport_2021_2023,river,Brahmaputra,"Rail Bridge, Shamvoganj",2023-11-01,2023,11,dry,,,,2.0,,24.0,7.6,,,,,46.0,158.9,,,,7.59
DoE_SurfaceGroundWaterReport_2021_2023,river,Buriganga,(B.C.F.B),2023-01-01,2023,1,dry,,,,,,,,,,,,,,,20.0,,
DoE_SurfaceGroundWaterReport_2021_2023,river,Buriganga,(B.C.F.B),2023-02-01,2023,2,dry,,,,,,,,,,,,,,,59.3,,
DoE_SurfaceGroundWaterReport_2021_2023,river,Buriganga,(B.C.F.B),2023-03-01,2023,3,dry,,,,,,,,,,,,,,,10.5,,
DoE_SurfaceGroundWaterReport_2021_2023,river,Buriganga,(B.C.F.B),2023-07-01,2023,7,wet,,,,,,,,,,,,,,,34.5,,
DoE_SurfaceGroundWaterReport_2021_2023,river,Buriganga,(B.C.F.B),2023-08-01,2023,8,wet,,,,,,,,,,,,,,,42.1,,
DoE_SurfaceGroundWaterReport_2021_2023,river,Buriganga,(B.C.F.B),2023-09-01,2023,9,wet,,,,,,,,,,,,,,,26.4,,
DoE_SurfaceGroundWaterReport_2021_2023,river,Buriganga,(B.C.F.B),2023-10-01,2023,10,wet,,,,,,,,,,,,,,,39.9,,
DoE_SurfaceGroundWaterReport_2021_2023,river,Buriganga,(B.C.F.B),2023-11-01,2023,11,dry,,,,,,,,,,,,,,,11.4,,
DoE_SurfaceGroundWaterReport_2021_2023,river,Buriganga,(B.C.F.B),2023-12-01,2023,12,dry,,,,,,,,,,,,,,,26.2,,
DoE_SurfaceGroundWaterReport_2021_2023,river,Buriganga,B.C.F.B,2021-01-01,2021,1,dry,,,,5.8,63.0,49.0,0.2,,663.0,,,40.0,353.0,211.0,137.0,,7.54
DoE_SurfaceGroundWaterReport_2021_2023,river,Buriganga,B.C.F.B,2021-02-01,2021,2,dry,,,,14.0,85.0,64.5,0.5,,746.0,,,67.0,414.0,181.0,164.0,,7.34
DoE_SurfaceGroundWaterReport_2021_2023,river,Buriganga,B.C.F.B,2021-03-01,2021,3,dry,,,,30.0,78.0,74.0,0.0,,837.0,,,75.0,462.0,220.0,383.0,,6.94
DoE_SurfaceGroundWaterReport_2021_2023,river,Buriganga,B.C.F.B,2021-04-01,2021,4,dry,,,,23.0,76.0,66.0,0.9,,943.0,,,5.0,493.0,255.0,36.0,,7.45
DoE_SurfaceGroundWaterReport_2021_2023,river,Buriganga,B.C.F.B,2021-05-01,2021,5,wet,,,,28.0,97.0,45.0,0.7,,978.0,,,27.0,541.0,189.0,68.0,,7.47
DoE_SurfaceGroundWaterReport_2021_2023,river,Buriganga,B.C.F.B,2021-06-01,2021,6,wet,,,,6.2,22.0,30.0,2.75,,219.0,,,15.0,113.4,102.0,30.4,,7.02
DoE_SurfaceGroundWaterReport_2021_2023,river,Buriganga,B.C.F.B,2021-07-01,2021,7,wet,,,,18.0,51.0,15.5,4.57,,152.7,,,49.0,84.8,54.0,58.0,,6.84
DoE_SurfaceGroundWaterReport_2021_2023,river,Buriganga,B.C.F.B,2021-08-01,2021,8,wet,,,,28.0,62.0,15.0,3.21,,161.0,,,37.0,85.0,58.0,,,7.58
DoE_SurfaceGroundWaterReport_2021_2023,river,Buriganga,B.C.F.B,2021-09-01,2021,9,wet,,,,8.0,19.0,14.5,5.69,,205.9,,,8.0,86.0,67.0,20.8,,7.19
DoE_SurfaceGroundWaterReport_2021_2023,river,Buriganga,B.C.F.B,2021-12-01,2021,12,dry,,,,28.0,80.0,24.0,2.13,,521.0,,,53.0,285.0,164.0,38.6,,7.28
DoE_SurfaceGroundWaterReport_2021_2023,river,Buriganga,Bangladesh China Friendship,2023-01-01,2023,1,dry,,,,12.0,,,,,,,,,,,,,
DoE_SurfaceGroundWaterReport_2021_2023,river,Buriganga,Bangladesh China Friendship,2023-02-01,2023,2,dry,,,,16.0,,,,,,,,,,,,,
DoE_SurfaceGroundWaterReport_2021_2023,river,Buriganga,Bangladesh China Friendship,2023-03-01,2023,3,dry,,,,22.0,,,,,,,,,,,,,
DoE_SurfaceGroundWaterReport_2021_2023,river,Buriganga,Bangladesh China Friendship,2023-07-01,2023,7,wet,,,,4.0,,,,,,,,,,,,,
DoE_SurfaceGroundWaterReport_2021_2023,river,Buriganga,Bangladesh China Friendship,2023-08-01,2023,8,wet,,,,25.0,,,,,,,,,,,,,
DoE_SurfaceGroundWaterReport_2021_2023,river,Buriganga,Bangladesh China Friendship,2023-09-01,2023,9,wet,,,,4.0,,,,,,,,,,,,,
DoE_SurfaceGroundWaterReport_2021_2023,river,Buriganga,Bangladesh China Friendship,2023-10-01,2023,10,wet,,,,11.0,,,,,,,,,,,,,
DoE_SurfaceGroundWaterReport_2021_2023,river,Buriganga,Bangladesh China Friendship,2023-11-01,2023,11,dry,,,,2.0,,,,,,,,,,,,,
DoE_SurfaceGroundWaterReport_2021_2023,river,Buriganga,Bangladesh China Friendship,2023-12-01,2023,12,dry,,,,15.0,,,,,,,,,,,,,
DoE_SurfaceGroundWaterReport_2021_2023,river,Buriganga,Bangladesh China Friendship Bridge (B.C.F.B),2023-01-01,2023,1,dry,,,,,64.0,,1.2,,,,,,,,,,
DoE_SurfaceGroundWaterReport_2021_2023,river,Buriganga,Bangladesh China Friendship Bridge (B.C.F.B),2023-02-01,2023,2,dry,,,,,66.0,,0.7,,,,,,,,,,
DoE_SurfaceGroundWaterReport_2021_2023,river,Buriganga,Bangladesh China Friendship Bridge (B.C.F.B),2023-03-01,2023,3,dry,,,,,58.0,,0.1,,,,,,,,,,
DoE_SurfaceGroundWaterReport_2021_2023,river,Buriganga,Bangladesh China Friendship Bridge (B.C.F.B),2023-07-01,2023,7,wet,,,,,56.0,,6.01,,,,,,,,,,
DoE_SurfaceGroundWaterReport_2021_2023,river,Buriganga,Bangladesh China Friendship Bridge (B.C.F.B),2023-08-01,2023,8,wet,,,,,61.0,,2.23,,,,,,,,,,
DoE_SurfaceGroundWaterReport_2021_2023,river,Buriganga,Bangladesh China Friendship Bridge (B.C.F.B),2023-09-01,2023,9,wet,,,,,11.0,,3.66,,,,,,,,,,
DoE_SurfaceGroundWaterReport_2021_2023,river,Buriganga,Bangladesh China Friendship Bridge (B.C.F.B),2023-10-01,2023,10,wet,,,,,47.0,,0.3,,,,,,,,,,
DoE_SurfaceGroundWaterReport_2021_2023,river,Buriganga,Bangladesh China Friendship Bridge (B.C.F.B),2023-11-01,2023,11,dry,,,,,8.0,,1.73,,,,,,,,,,
DoE_SurfaceGroundWaterReport_2021_2023,river,Buriganga,Bangladesh China Friendship Bridge (B.C.F.B),2023-12-01,2023,12,dry,,,,,48.0,,2.0,,,,,,,,,,
DoE_SurfaceGroundWaterReport_2021_2023,river,Buriganga,Bosila Bridge,2021-01-01,2021,1,dry,,,,6.0,62.0,52.5,0.1,,666.0,,,50.0,356.0,205.0,219.0,,7.45
DoE_SurfaceGroundWaterReport_2021_2023,river,Buriganga,Bosila Bridge,2021-02-01,2021,2,dry,,,,66.0,66.0,67.0,0.4,,795.0,,,56.0,443.0,199.0,178.0,,7.37
DoE_SurfaceGroundWaterReport_2021_2023,river,Buriganga,Bosila Bridge,2021-03-01,2021,3,dry,,,,32.0,120.0,74.0,0.0,,955.0,,,157.0,534.0,199.0,344.0,,6.88
DoE_SurfaceGroundWaterReport_2021_2023,river,Buriganga,Bosila Bridge,2021-04-01,2021,4,dry,,,,18.0,59.0,74.0,0.4,,990.0,,,2.0,518.0,199.0,31.0,,7.36
DoE_SurfaceGroundWaterReport_2021_2023,river,Buriganga,Bosila Bridge,2021-05-01,2021,5,wet,,,,30.0,97.0,45.0,0.7,,896.0,,,20.0,496.0,157.0,60.0,,7.39
DoE_SurfaceGroundWaterReport_2021_2023,river,Buriganga,Bosila Bridge,2021-06-01,2021,6,wet,,,,8.4,20.0,31.0,3.4,,226.0,,,18.0,117.9,102.0,24.4,,6.98
DoE_SurfaceGroundWaterReport_2021_2023,river,Buriganga,Bosila Bridge,2021-07-01,2021,7,wet,,,,16.8,32.0,17.0,4.57,,187.5,,,48.0,103.5,57.0,63.0,,6.9
DoE_SurfaceGroundWaterReport_2021_2023,river,Buriganga,Bosila Bridge,2021-08-01,2021,8,wet,,,,30.0,54.0,14.0,4.64,,155.0,,,44.0,82.0,63.0,,,7.98
DoE_SurfaceGroundWaterReport_2021_2023,river,Buriganga,Bosila Bridge,2021-09-01,2021,9,wet,,,,8.0,22.0,13.5,5.78,,204.2,,,11.0,84.9,61.0,28.9,,6.92
DoE_SurfaceGroundWaterReport_2021_2023,river,Buriganga,Bosila Bridge,2021-12-01,2021,12,dry,,,,14.0,37.0,24.0,1.51,,514.0,,,37.0,281.0,160.0,28.8,,7.35
DoE_SurfaceGroundWaterReport_2021_2023,river,Buriganga,Bosila Bridge,2022-01-01,2022,1,dry,,,,16.0,93.0,59.0,1.9,,659.0,,,,378.0,186.0,51.3,,7.26
DoE_SurfaceGroundWaterReport_2021_2023,river,Buriganga,Bosila Bridge,2022-02-01,2022,2,dry,,,,22.0,52.0,64.0,0.6,,806.0,,,82.0,471.0,204.0,24.0,,7.61
DoE_SurfaceGroundWaterReport_2021_2023,river,Buriganga,Bosila Bridge,2022-03-01,2022,3,dry,,,,24.0,54.0,85.0,0.13,,1231.0,,,61.0,543.0,368.0,18.9,,7.77
DoE_SurfaceGroundWaterReport_2021_2023,river,Buriganga,Bosila Bridge,2022-04-01,2022,4,dry,,,,34.0,64.0,80.0,0.1,,1256.0,,,80.0,634.0,350.0,20.0,,7.56
DoE_SurfaceGroundWaterReport_2021_2023,river,Buriganga,Bosila Bridge,2022-05-01,2022,5,wet,,,,6.0,22.0,71.0,3.02,,430.0,,,49.0,171.0,102.0,16.0,,6.53
DoE_SurfaceGroundWaterReport_2021_2023,river,Buriganga,Bosila Bridge,2022-06-01,2022,6,wet,,,,6.2,32.0,8.5,2.9,,170.0,,,83.0,88.4,62.0,50.5,,6.89
DoE_SurfaceGroundWaterReport_2021_2023,river,Buriganga,Bosila Bridge,2022-07-01,2022,7,wet,,,,6.2,22.0,13.5,5.57,,325.0,,,,136.0,32.0,39.7,,6.64
DoE_SurfaceGroundWaterReport_2021_2023,river,Buriganga,Bosila Bridge,2022-08-01,2022,8,wet,,,,6.4,12.0,6.8,5.16,,157.0,,,38.0,77.0,32.0,32.2,,7.26
DoE_SurfaceGroundWaterReport_2021_2023,river,Buriganga,Bosila Bridge,2022-09-01,2022,9,wet,,,,8.2,68.0,6.2,5.1,,151.0,,,53.0,78.0,31.0,42.7,,7.14
DoE_SurfaceGroundWaterReport_2021_2023,river,Buriganga,Bosila Bridge,2022-10-01,2022,10,wet,,,,6.4,22.0,5.0,5.2,,168.4,,,39.0,83.8,28.0,34.2,,7.48
DoE_SurfaceGroundWaterReport_2021_2023,river,Buriganga,Bosila Bridge,2022-11-01,2022,11,dry,,,,8.2,22.0,5.0,4.1,,149.0,,,32.0,84.0,32.0,30.1,,7.29
DoE_SurfaceGroundWaterReport_2021_2023,river,Buriganga,Bosila Bridge,2022-12-01,2022,12,dry,,,,10.4,44.0,30.0,1.2,,396.0,,,49.0,230.0,110.0,57.0,,7.52
DoE_SurfaceGroundWaterReport_2021_2023,river,Buriganga,Bosila Bridge (B.B),2023-01-01,2023,1,dry,,,,12.0,66.0,30.0,1.5,,407.0,,,,232.0,112.0,23.0,,7.37
DoE_SurfaceGroundWaterReport_2021_2023,river,Buriganga,Bosila Bridge (B.B),2023-02-01,2023,2,dry,,,,17.0,68.0,32.0,0.7,,724.0,,,74.0,376.0,164.0,32.3,,7.65
DoE_SurfaceGroundWaterReport_2021_2023,river,Buriganga,Bosila Bridge (B.B),2023-03-01,2023,3,dry,,,,25.0,66.0,66.0,0.1,,747.0,,,28.0,411.0,242.0,11.4,,7.41
DoE_SurfaceGroundWaterReport_2021_2023,river,Buriganga,Bosila Bridge (B.B),2023-07-01,2023,7,wet,,,,1.0,66.0,16.0,5.09,,164.0,,,,91.0,59.0,47.1,,7.56
DoE_SurfaceGroundWaterReport_2021_2023,river,Buriganga,Bosila Bridge (B.B),2023-08-01,2023,8,wet,,,,4.0,15.0,14.5,4.64,,188.4,,,,82.0,11.0,56.8,,7.17
DoE_SurfaceGroundWaterReport_2021_2023,river,Buriganga,Bosila Bridge (B.B),2023-09-01,2023,9,wet,,,,6.0,7.0,11.0,4.66,,241.0,,,,105.0,12.0,34.4,,6.87
DoE_SurfaceGroundWaterReport_2021_2023,river,Buriganga,Bosila Bridge (B.B),2023-10-01,2023,10,wet,,,,4.0,11.0,8.5,4.89,,157.0,,,,81.0,9.0,17.9,,6.97
DoE_SurfaceGroundWaterReport_2021_2023,river,Buriganga,Bosila Bridge (B.B),2023-11-01,2023,11,dry,,,,3.0,12.0,20.0,0.19,,516.0,,,,243.0,29.0,6.9,,7.18
DoE_SurfaceGroundWaterReport_2021_2023,river,Buriganga,Bosila Bridge (B.B),2023-12-01,2023,12,dry,,,,9.0,14.0,34.0,0.6,,476.0,,,,263.0,60.0,31.4,,7.82
DoE_SurfaceGroundWaterReport_2021_2023,river,Buriganga,Bridge (B.C.F.B),2023-01-01,2023,1,dry,,,,,,20.0,,,,,,,,112.0,,,7.32
DoE_SurfaceGroundWaterReport_2021_2023,river,Buriganga,Bridge (B.C.F.B),2023-02-01,2023,2,dry,,,,,,51.0,,,,,,88.0,,224.0,,,7.5
DoE_SurfaceGroundWaterReport_2021_2023,river,Buriganga,Bridge (B.C.F.B),2023-03-01,2023,3,dry,,,,,,74.0,,,,,,21.0,,281.0,,,7.51
DoE_SurfaceGroundWaterReport_2021_2023,river,Buriganga,Bridge (B.C.F.B),2023-07-01,2023,7,wet,,,,,,18.0,,,,,,,,67.0,,,7.32
DoE_SurfaceGroundWaterReport_2021_2023,river,Buriganga,Bridge (B.C.F.B),2023-08-01,2023,8,wet,,,,,,24.0,,,,,,,,11.0,,,6.87
DoE_SurfaceGroundWaterReport_2021_2023,river,Buriganga,Bridge (B.C.F.B),2023-09-01,2023,9,wet,,,,,,10.0,,,,,,,,13.0,,,7.01
DoE_SurfaceGroundWaterReport_2021_2023,river,Buriganga,Bridge (B.C.F.B),2023-10-01,2023,10,wet,,,,,,18.0,,,,,,,,15.0,,,7.24
DoE_SurfaceGroundWaterReport_2021_2023,river,Buriganga,Bridge (B.C.F.B),2023-11-01,2023,11,dry,,,,,,19.5,,,,,,,,26.0,,,6.66
DoE_SurfaceGroundWaterReport_2021_2023,river,Buriganga,Bridge (B.C.F.B),2023-12-01,2023,12,dry,,,,,,40.0,,,,,,,,40.0,,,7.42
DoE_SurfaceGroundWaterReport_2021_2023,river,Buriganga,Chandni Ghat,2021-01-01,2021,1,dry,,,,5.8,53.0,50.2,0.1,,666.0,,,41.0,354.0,208.0,148.0,,7.48
DoE_SurfaceGroundWaterReport_2021_2023,river,Buriganga,Chandni Ghat,2021-02-01,2021,2,dry,,,,19.0,58.0,64.5,0.1,,791.0,,,47.0,433.0,181.0,142.0,,7.32
DoE_SurfaceGroundWaterReport_2021_2023,river,Buriganga,Chandni Ghat,2021-03-01,2021,3,dry,,,,30.0,98.0,70.0,0.0,,949.0,,,254.0,528.0,262.0,342.0,,7.16
DoE_SurfaceGroundWaterReport_2021_2023,river,Buriganga,Chandni Ghat,2021-04-01,2021,4,dry,,,,15.0,66.0,68.0,0.4,,948.0,,,4.0,495.0,204.0,22.0,,7.32
DoE_SurfaceGroundWaterReport_2021_2023,river,Buriganga,Chandni Ghat,2021-05-01,2021,5,wet,,,,30.0,80.0,46.0,0.6,,1000.0,,,25.0,546.0,199.0,89.0,,7.34
DoE_SurfaceGroundWaterReport_2021_2023,river,Buriganga,Chandni Ghat,2021-06-01,2021,6,wet,,,,8.2,22.0,31.0,2.05,,261.0,,,10.0,132.1,137.0,23.5,,6.98
DoE_SurfaceGroundWaterReport_2021_2023,river,Buriganga,Chandni Ghat,2021-07-01,2021,7,wet,,,,14.4,37.0,15.5,2.66,,149.4,,,21.0,83.1,54.0,63.0,,6.87
DoE_SurfaceGroundWaterReport_2021_2023,river,Buriganga,Chandni Ghat,2021-08-01,2021,8,wet,,,,32.0,60.0,14.0,3.13,,159.0,,,22.0,85.0,63.0,,,7.55
DoE_SurfaceGroundWaterReport_2021_2023,river,Buriganga,Chandni Ghat,2021-09-01,2021,9,wet,,,,8.0,22.0,19.0,5.67,,199.2,,,18.0,82.2,64.0,24.4,,7.33
DoE_SurfaceGroundWaterReport_2021_2023,river,Buriganga,Chandni Ghat,2021-12-01,2021,12,dry,,,,32.0,93.0,44.5,1.86,,533.0,,,53.0,290.0,202.0,36.9,,7.32
DoE_SurfaceGroundWaterReport_2021_2023,river,Buriganga,Chandni Ghat,2022-01-01,2022,1,dry,,,,,,,,,634.0,,,,,,,,7.31
DoE_SurfaceGroundWaterReport_2021_2023,river,Buriganga,Chandni Ghat,2022-02-01,2022,2,dry,,,,,,,,,778.0,,,82.0,,,,,7.56
DoE_SurfaceGroundWaterReport_2021_2023,river,Buriganga,Chandni Ghat,2022-03-01,2022,3,dry,,,,,,,,,1385.0,,,154.0,,,,,7.6
DoE_SurfaceGroundWaterReport_2021_2023,river,Buriganga,Chandni Ghat,2022-04-01,2022,4,dry,,,,,,,,,1397.0,,,156.0,,,,,7.6
DoE_SurfaceGroundWaterReport_2021_2023,river,Buriganga,Chandni Ghat,2022-05-01,2022,5,wet,,,,,,,,,427.0,,,49.0,,,,,6.77
DoE_SurfaceGroundWaterReport_2021_2023,river,Buriganga,Chandni Ghat,2022-06-01,2022,6,wet,,,,,,,,,165.0,,,82.0,,,,,6.79
DoE_SurfaceGroundWaterReport_2021_2023,river,Buriganga,Chandni Ghat,2022-07-01,2022,7,wet,,,,,,,,,233.0,,,,,,,,6.8
DoE_SurfaceGroundWaterReport_2021_2023,river,Buriganga,Chandni Ghat,2022-08-01,2022,8,wet,,,,,,,,,183.0,,,31.0,,,,,7.08
DoE_SurfaceGroundWaterReport_2021_2023,river,Buriganga,Chandni Ghat,2022-09-01,2022,9,wet,,,,,,,,,171.0,,,48.0,,,,,7.03
DoE_SurfaceGroundWaterReport_2021_2023,river,Buriganga,Chandni Ghat,2022-10-01,2022,10,wet,,,,,,,,,202.5,,,32.0,,,,,7.06
DoE_SurfaceGroundWaterReport_2021_2023,river,Buriganga,Chandni Ghat,2022-11-01,2022,11,dry,,,,,,,,,273.0,,,18.0,,,,,7.06
DoE_SurfaceGroundWaterReport_2021_2023,river,Buriganga,Chandni Ghat,2022-12-01,2022,12,dry,,,,,,,,,409.0,,,53.0,,,,,7.38
DoE_SurfaceGroundWaterReport_2021_2023,river,Buriganga,Chandni Ghat (Cg.),2023-01-01,2023,1,dry,,,,13.0,66.0,82.0,1.2,,757.0,,,,437.0,260.0,58.0,,7.11
DoE_SurfaceGroundWaterReport_2021_2023,river,Buriganga,Chandni Ghat (Cg.),2023-02-01,2023,2,dry,,,,16.0,64.0,40.0,0.5,,760.0,,,93.0,444.0,280.0,59.2,,7.5
DoE_SurfaceGroundWaterReport_2021_2023,river,Buriganga,Chandni Ghat (Cg.),2023-03-01,2023,3,dry,,,,24.0,56.0,75.0,0.2,,770.0,,,33.0,424.0,257.0,11.3,,7.39
DoE_SurfaceGroundWaterReport_2021_2023,river,Buriganga,Chandni Ghat (Cg.),2023-07-01,2023,7,wet,,,,2.0,17.0,16.0,3.3,,167.0,,,,94.0,63.0,41.7,,7.42
DoE_SurfaceGroundWaterReport_2021_2023,river,Buriganga,Chandni Ghat (Cg.),2023-08-01,2023,8,wet,,,,25.0,27.0,12.5,2.94,,224.0,,,,97.0,12.0,54.6,,7.27
DoE_SurfaceGroundWaterReport_2021_2023,river,Buriganga,Chandni Ghat (Cg.),2023-09-01,2023,9,wet,,,,5.0,7.0,15.0,3.93,,256.0,,,,109.0,14.0,30.6,,6.76
DoE_SurfaceGroundWaterReport_2021_2023,river,Buriganga,Chandni Ghat (Cg.),2023-10-01,2023,10,wet,,,,7.0,8.0,9.5,1.82,,168.0,,,,86.0,8.0,41.2,,6.92
DoE_SurfaceGroundWaterReport_2021_2023,river,Buriganga,Chandni Ghat (Cg.),2023-11-01,2023,11,dry,,,,6.0,11.0,19.0,0.53,,478.0,,,,224.0,20.0,14.6,,7.08
DoE_SurfaceGroundWaterReport_2021_2023,river,Buriganga,Chandni Ghat (Cg.),2023-12-01,2023,12,dry,,,,12.0,28.0,35.0,0.9,,482.0,,,,266.0,50.0,22.8,,7.73
DoE_SurfaceGroundWaterReport_2021_2023,river,Buriganga,Chandni Ghat Bridge,2022-01-01,2022,1,dry,,,,18.0,68.0,55.0,1.8,,,,,,365.0,199.0,44.3,,
DoE_SurfaceGroundWaterReport_2021_2023,river,Buriganga,Chandni Ghat Bridge,2022-02-01,2022,2,dry,,,,22.0,68.0,59.0,0.4,,,,,,454.0,186.0,29.0,,
DoE_SurfaceGroundWaterReport_2021_2023,river,Buriganga,Chandni Ghat Bridge,2022-03-01,2022,3,dry,,,,28.0,73.0,83.0,0.12,,,,,,559.0,360.0,66.9,,
DoE_SurfaceGroundWaterReport_2021_2023,river,Buriganga,Chandni Ghat Bridge,2022-04-01,2022,4,dry,,,,38.0,84.0,82.0,0.2,,,,,,700.0,344.0,68.0,,
DoE_SurfaceGroundWaterReport_2021_2023,river,Buriganga,Chandni Ghat Bridge,2022-05-01,2022,5,wet,,,,6.0,14.0,52.0,0.93,,,,,,178.0,92.0,12.0,,
DoE_SurfaceGroundWaterReport_2021_2023,river,Buriganga,Chandni Ghat Bridge,2022-06-01,2022,6,wet,,,,6.4,29.0,10.0,3.46,,,,,,86.0,60.0,45.6,,
DoE_SurfaceGroundWaterReport_2021_2023,river,Buriganga,Chandni Ghat Bridge,2022-07-01,2022,7,wet,,,,6.4,18.0,9.0,5.72,,,,,,91.0,35.0,22.4,,
DoE_SurfaceGroundWaterReport_2021_2023,river,Buriganga,Chandni Ghat Bridge,2022-08-01,2022,8,wet,,,,6.2,12.0,8.4,3.46,,,,,,90.0,36.0,22.4,,
DoE_SurfaceGroundWaterReport_2021_2023,river,Buriganga,Chandni Ghat Bridge,2022-09-01,2022,9,wet,,,,12.0,73.0,11.5,5.45,,,,,,89.0,36.0,36.1,,
DoE_SurfaceGroundWaterReport_2021_2023,river,Buriganga,Chandni Ghat Bridge,2022-10-01,2022,10,wet,,,,6.2,20.0,9.5,2.5,,,,,,99.6,33.0,25.4,,
DoE_SurfaceGroundWaterReport_2021_2023,river,Buriganga,Chandni Ghat Bridge,2022-11-01,2022,11,dry,,,,8.4,54.0,12.0,0.2,,,,,,134.7,49.0,28.9,,
DoE_SurfaceGroundWaterReport_2021_2023,river,Buriganga,Chandni Ghat Bridge,2022-12-01,2022,12,dry,,,,10.2,42.0,30.0,1.8,,,,,,236.0,118.0,52.0,,
DoE_SurfaceGroundWaterReport_2021_2023,river,Buriganga,Fatullah,2021-01-01,2021,1,dry,,,,6.0,50.0,46.0,0.1,,647.0,,,53.0,,210.0,,,7.47
DoE_SurfaceGroundWaterReport_2021_2023,river,Buriganga,Fatullah,2021-12-01,2021,12,dry,,,,,,,1.3,,,,,,,,,,
DoE_SurfaceGroundWaterReport_2021_2023,river,Buriganga,Fatullah,2022-01-01,2022,1,dry,,,,16.0,72.0,53.0,1.9,,620.0,,,,358.0,182.0,34.5,,7.32
DoE_SurfaceGroundWaterReport_2021_2023,river,Buriganga,Fatullah,2022-02-01,2022,2,dry,,,,22.0,70.0,56.0,1.8,,738.0,,,82.0,425.0,182.0,46.0,,7.64
DoE_SurfaceGroundWaterReport_2021_2023,river,Buriganga,Fatullah,2022-03-01,2022,3,dry,,,,26.0,100.0,90.0,0.16,,1258.0,,,97.0,549.0,370.0,25.7,,7.69
DoE_SurfaceGroundWaterReport_2021_2023,river,Buriganga,Fatullah,2022-04-01,2022,4,dry,,,,38.0,110.0,86.0,0.2,,1308.0,,,88.0,656.0,354.0,26.1,,7.69
DoE_SurfaceGroundWaterReport_2021_2023,river,Buriganga,Fatullah,2022-05-01,2022,5,wet,,,,6.0,27.0,55.0,1.79,,443.0,,,53.0,188.0,124.0,13.1,,6.76
DoE_SurfaceGroundWaterReport_2021_2023,river,Buriganga,Fatullah,2022-06-01,2022,6,wet,,,,6.2,24.0,13.5,3.36,,211.0,,,6.0,109.0,84.0,34.6,,7.02
DoE_SurfaceGroundWaterReport_2021_2023,river,Buriganga,Fatullah,2022-07-01,2022,7,wet,,,,6.2,22.0,16.0,5.05,,395.0,,,,160.0,34.0,33.0,,6.71
DoE_SurfaceGroundWaterReport_2021_2023,river,Buriganga,Fatullah,2022-08-01,2022,8,wet,,,,6.4,10.0,8.0,4.3,,172.0,,,31.0,84.0,34.0,28.6,,7.16
DoE_SurfaceGroundWaterReport_2021_2023,river,Buriganga,Fatullah,2022-09-01,2022,9,wet,,,,8.0,15.0,10.5,5.0,,171.0,,,38.0,87.0,34.0,26.8,,7.04
DoE_SurfaceGroundWaterReport_2021_2023,river,Buriganga,Fatullah,2022-10-01,2022,10,wet,,,,6.4,20.0,7.0,3.0,,177.0,,,35.0,86.8,28.0,34.2,,7.01
DoE_SurfaceGroundWaterReport_2021_2023,river,Buriganga,Fatullah,2022-11-01,2022,11,dry,,,,8.2,28.0,10.0,3.0,,169.0,,,27.0,95.4,38.0,25.2,,7.31
DoE_SurfaceGroundWaterReport_2021_2023,river,Buriganga,Fatullah,2022-12-01,2022,12,dry,,,,12.6,28.0,32.0,1.8,,418.0,,,56.0,241.0,138.0,65.0,,7.39
DoE_SurfaceGroundWaterReport_2021_2023,river,Buriganga,Fatullah (Fh),2023-01-01,2023,1,dry,,,,13.0,68.0,32.0,1.4,,436.0,,,,248.0,124.0,90.0,,7.51
DoE_SurfaceGroundWaterReport_2021_2023,river,Buriganga,Fatullah (Fh),2023-02-01,2023,2,dry,,,,16.0,64.0,46.0,1.5,,730.0,,,69.0,420.0,180.0,66.1,,7.61
DoE_SurfaceGroundWaterReport_2021_2023,river,Buriganga,Fatullah (Fh),2023-03-01,2023,3,dry,,,,26.0,51.0,75.0,0.2,,773.0,,,27.0,427.0,226.0,18.8,,7.72
DoE_SurfaceGroundWaterReport_2021_2023,river,Buriganga,Fatullah (Fh),2023-07-01,2023,7,wet,,,,2.0,44.0,20.0,3.89,,201.0,,,,113.0,80.0,29.5,,7.33
DoE_SurfaceGroundWaterReport_2021_2023,river,Buriganga,Fatullah (Fh),2023-08-01,2023,8,wet,,,,4.0,15.0,13.5,3.25,,235.0,,,,100.0,10.0,40.6,,7.17
DoE_SurfaceGroundWaterReport_2021_2023,river,Buriganga,Fatullah (Fh),2023-09-01,2023,9,wet,,,,5.0,12.0,12.0,3.89,,257.0,,,,110.0,10.0,19.0,,6.65
DoE_SurfaceGroundWaterReport_2021_2023,river,Buriganga,Fatullah (Fh),2023-10-01,2023,10,wet,,,,8.0,12.0,12.0,1.9,,203.7,,,,102.1,10.0,37.9,,7.18
DoE_SurfaceGroundWaterReport_2021_2023,river,Buriganga,Fatullah (Fh),2023-11-01,2023,11,dry,,,,4.0,11.0,20.0,1.49,,507.0,,,,239.0,24.0,11.6,,6.99
DoE_SurfaceGroundWaterReport_2021_2023,river,Buriganga,Fatullah (Fh),2023-12-01,2023,12,dry,,,,7.0,22.0,35.0,2.2,,444.0,,,,246.0,60.0,33.3,,7.73
DoE_SurfaceGroundWaterReport_2021_2023,river,Buriganga,Friendship Bridge,2022-01-01,2022,1,dry,,,,,,,,,631.0,,,,,,,,7.32
DoE_SurfaceGroundWaterReport_2021_2023,river,Buriganga,Friendship Bridge,2022-02-01,2022,2,dry,,,,,,,,,759.0,,,76.0,,,,,7.52
DoE_SurfaceGroundWaterReport_2021_2023,river,Buriganga,Friendship Bridge,2022-03-01,2022,3,dry,,,,,,,,,1369.0,,,86.0,,,,,7.54
DoE_SurfaceGroundWaterReport_2021_2023,river,Buriganga,Friendship Bridge,2022-04-01,2022,4,dry,,,,,,,,,1388.0,,,84.0,,,,,7.54
DoE_SurfaceGroundWaterReport_2021_2023,river,Buriganga,Friendship Bridge,2022-05-01,2022,5,wet,,,,,,,,,441.0,,,48.0,,,,,6.8
DoE_SurfaceGroundWaterReport_2021_2023,river,Buriganga,Friendship Bridge,2022-06-01,2022,6,wet,,,,,,,,,181.0,,,62.0,,,,,6.89
DoE_SurfaceGroundWaterReport_2021_2023,river,Buriganga,Friendship Bridge,2022-07-01,2022,7,wet,,,,,,,,,220.0,,,,,,,,6.85
DoE_SurfaceGroundWaterReport_2021_2023,river,Buriganga,Friendship Bridge,2022-08-01,2022,8,wet,,,,,,,,,160.0,,,33.0,,,,,7.12
DoE_SurfaceGroundWaterReport_2021_2023,river,Buriganga,Friendship Bridge,2022-09-01,2022,9,wet,,,,,,,,,165.0,,,40.0,,,,,7.01
DoE_SurfaceGroundWaterReport_2021_2023,river,Buriganga,Friendship Bridge,2022-10-01,2022,10,wet,,,,,,,,,224.0,,,39.0,,,,,6.91
DoE_SurfaceGroundWaterReport_2021_2023,river,Buriganga,Friendship Bridge,2022-11-01,2022,11,dry,,,,,,,,,221.0,,,15.0,,,,,7.07
DoE_SurfaceGroundWaterReport_2021_2023,river,Buriganga,Friendship Bridge,2022-12-01,2022,12,dry,,,,,,,,,399.0,,,44.0,,,,,7.39
DoE_SurfaceGroundWaterReport_2021_2023,river,Buriganga,Friendship Bridge (B.C.F.B),2023-01-01,2023,1,dry,,,,,,,,,431.0,,,,245.0,,,,
DoE_SurfaceGroundWaterReport_2021_2023,river,Buriganga,Friendship Bridge (B.C.F.B),2023-02-01,2023,2,dry,,,,,,,,,730.0,,,,411.0,,,,
DoE_SurfaceGroundWaterReport_2021_2023,river,Buriganga,Friendship Bridge (B.C.F.B),2023-03-01,2023,3,dry,,,,,,,,,772.0,,,,422.0,,,,
DoE_SurfaceGroundWaterReport_2021_2023,river,Buriganga,Friendship Bridge (B.C.F.B),2023-07-01,2023,7,wet,,,,,,,,,174.0,,,,97.0,,,,
DoE_SurfaceGroundWaterReport_2021_2023,river,Buriganga,Friendship Bridge (B.C.F.B),2023-08-01,2023,8,wet,,,,,,,,,495.0,,,,220.0,,,,
DoE_SurfaceGroundWaterReport_2021_2023,river,Buriganga,Friendship Bridge (B.C.F.B),2023-09-01,2023,9,wet,,,,,,,,,279.0,,,,118.0,,,,
DoE_SurfaceGroundWaterReport_2021_2023,river,Buriganga,Friendship Bridge (B.C.F.B),2023-10-01,2023,10,wet,,,,,,,,,265.0,,,,134.0,,,,
DoE_SurfaceGroundWaterReport_2021_2023,river,Buriganga,Friendship Bridge (B.C.F.B),2023-11-01,2023,11,dry,,,,,,,,,477.0,,,,223.0,,,,
DoE_SurfaceGroundWaterReport_2021_2023,river,Buriganga,Friendship Bridge (B.C.F.B),2023-12-01,2023,12,dry,,,,,,,,,481.0,,,,266.0,,,,
DoE_SurfaceGroundWaterReport_2021_2023,river,Buriganga,Hazaribagh,2021-01-01,2021,1,dry,,,,6.0,64.0,47.0,0.1,,673.0,,,45.0,356.0,201.0,181.0,,7.48
DoE_SurfaceGroundWaterReport_2021_2023,river,Buriganga,Hazaribagh,2021-02-01,2021,2,dry,,,,17.0,71.0,63.5,0.3,,793.0,,,54.0,440.0,169.0,186.0,,7.35
DoE_SurfaceGroundWaterReport_2021_2023,river,Buriganga,Hazaribagh,2021-03-01,2021,3,dry,,,,8.0,76.0,67.0,0.0,,941.0,,,69.0,517.0,213.0,232.0,,7.21
DoE_SurfaceGroundWaterReport_2021_2023,river,Buriganga,Hazaribagh,2021-04-01,2021,4,dry,,,,33.0,90.0,76.0,0.6,,966.0,,,7.0,506.0,185.0,94.0,,7.35
DoE_SurfaceGroundWaterReport_2021_2023,river,Buriganga,Hazaribagh,2021-05-01,2021,5,wet,,,,28.0,79.0,48.0,0.9,,917.0,,,22.0,500.0,177.0,50.0,,7.18
DoE_SurfaceGroundWaterReport_2021_2023,river,Buriganga,Hazaribagh,2021-06-01,2021,6,wet,,,,6.2,12.0,31.0,3.1,,227.0,,,16.0,118.5,127.0,27.3,,6.92
DoE_SurfaceGroundWaterReport_2021_2023,river,Buriganga,Hazaribagh,2021-07-01,2021,7,wet,,,,16.8,51.0,14.5,4.21,,131.1,,,92.0,73.4,50.0,59.0,,6.9
DoE_SurfaceGroundWaterReport_2021_2023,river,Buriganga,Hazaribagh,2021-08-01,2021,8,wet,,,,32.0,62.0,15.0,4.23,,175.0,,,21.0,93.0,59.0,,,7.61
DoE_SurfaceGroundWaterReport_2021_2023,river,Buriganga,Hazaribagh,2021-09-01,2021,9,wet,,,,10.0,29.0,14.5,5.94,,203.3,,,38.0,84.7,70.0,25.4,,7.13
DoE_SurfaceGroundWaterReport_2021_2023,river,Buriganga,Hazaribagh,2021-12-01,2021,12,dry,,,,16.0,39.0,20.0,1.54,,524.0,,,59.0,286.0,172.0,49.7,,7.23
DoE_SurfaceGroundWaterReport_2021_2023,river,Buriganga,Hazaribagh,2022-01-01,2022,1,dry,,,,18.0,66.0,52.0,2.4,,630.0,,,,362.0,190.0,24.1,,7.46
DoE_SurfaceGroundWaterReport_2021_2023,river,Buriganga,Hazaribagh,2022-02-01,2022,2,dry,,,,28.0,90.0,71.0,0.8,,907.0,,,89.0,534.0,216.0,54.0,,7.47
DoE_SurfaceGroundWaterReport_2021_2023,river,Buriganga,Hazaribagh,2022-03-01,2022,3,dry,,,,15.0,110.0,79.0,0.24,,1395.0,,,168.0,558.0,302.0,82.0,,7.74
DoE_SurfaceGroundWaterReport_2021_2023,river,Buriganga,Hazaribagh,2022-04-01,2022,4,dry,,,,26.0,120.0,78.0,0.3,,1401.0,,,164.0,704.0,310.0,124.0,,7.74
DoE_SurfaceGroundWaterReport_2021_2023,river,Buriganga,Hazaribagh,2022-05-01,2022,5,wet,,,,8.0,27.0,62.0,1.17,,419.0,,,54.0,171.0,98.0,22.2,,6.83
DoE_SurfaceGroundWaterReport_2021_2023,river,Buriganga,Hazaribagh,2022-06-01,2022,6,wet,,,,6.8,39.0,9.0,5.71,,212.0,,,60.0,110.0,68.0,41.2,,6.9
DoE_SurfaceGroundWaterReport_2021_2023,river,Buriganga,Hazaribagh,2022-07-01,2022,7,wet,,,,6.2,18.0,17.5,5.65,,272.0,,,,108.0,34.0,26.5,,6.64
DoE_SurfaceGroundWaterReport_2021_2023,river,Buriganga,Hazaribagh,2022-08-01,2022,8,wet,,,,10.0,51.0,6.0,5.35,,155.0,,,141.0,76.0,31.0,100.2,,7.26
DoE_SurfaceGroundWaterReport_2021_2023,river,Buriganga,Hazaribagh,2022-09-01,2022,9,wet,,,,10.0,93.0,8.0,5.16,,156.0,,,67.0,81.0,33.0,53.1,,7.14
DoE_SurfaceGroundWaterReport_2021_2023,river,Buriganga,Hazaribagh,2022-10-01,2022,10,wet,,,,6.8,48.0,4.5,5.6,,159.3,,,42.0,78.8,29.0,35.0,,7.74
DoE_SurfaceGroundWaterReport_2021_2023,river,Buriganga,Hazaribagh,2022-11-01,2022,11,dry,,,,8.4,24.0,7.0,3.9,,154.0,,,24.0,86.8,30.0,21.9,,7.28
DoE_SurfaceGroundWaterReport_2021_2023,river,Buriganga,Hazaribagh,2022-12-01,2022,12,dry,,,,10.4,68.0,55.0,1.2,,657.0,,,136.0,384.0,221.0,145.0,,7.32
DoE_SurfaceGroundWaterReport_2021_2023,river,Buriganga,Hazaribagh (Hg.),2023-01-01,2023,1,dry,,,,11.0,72.0,22.0,1.5,,426.0,,,,243.0,120.0,36.0,,7.39
DoE_SurfaceGroundWaterReport_2021_2023,river,Buriganga,Hazaribagh (Hg.),2023-02-01,2023,2,dry,,,,16.0,79.0,33.0,0.63,,735.0,,,54.0,378.0,172.0,41.4,,7.6
DoE_SurfaceGroundWaterReport_2021_2023,river,Buriganga,Hazaribagh (Hg.),2023-03-01,2023,3,dry,,,,29.0,71.0,76.0,0.1,,766.0,,,19.0,425.0,262.0,8.15,,7.36
DoE_SurfaceGroundWaterReport_2021_2023,river,Buriganga,Hazaribagh (Hg.),2023-07-01,2023,7,wet,,,,1.0,36.0,15.0,5.2,,166.0,,,,90.0,58.0,47.7,,7.69
DoE_SurfaceGroundWaterReport_2021_2023,river,Buriganga,Hazaribagh (Hg.),2023-08-01,2023,8,wet,,,,4.0,7.0,14.0,5.05,,194.3,,,,85.0,10.0,53.2,,6.87
DoE_SurfaceGroundWaterReport_2021_2023,river,Buriganga,Hazaribagh (Hg.),2023-09-01,2023,9,wet,,,,7.0,7.0,15.0,4.83,,243.0,,,,105.0,11.0,25.5,,6.87
DoE_SurfaceGroundWaterReport_2021_2023,river,Buriganga,Hazaribagh (Hg.),2023-10-01,2023,10,wet,,,,5.0,8.0,9.0,4.11,,159.0,,,,82.0,10.0,19.4,,6.93
DoE_SurfaceGroundWaterReport_2021_2023,river,Buriganga,Hazaribagh (Hg.),2023-11-01,2023,11,dry,,,,34.0,48.0,25.0,0.93,,467.0,,,,218.4,26.0,10.6,,7.07
DoE_SurfaceGroundWaterReport_2021_2023,river,Buriganga,Hazaribagh (Hg.),2023-12-01,2023,12,dry,,,,10.0,24.0,34.0,1.8,,475.0,,,,263.0,54.0,25.1,,7.49
DoE_SurfaceGroundWaterReport_2021_2023,river,Buriganga,Mirpur Bridge,2021-01-01,2021,1,dry,,,,6.0,68.0,42.0,0.2,,678.0,,,88.0,358.0,215.0,428.0,,7.94
DoE_SurfaceGroundWaterReport_2021_2023,river,Buriganga,Mirpur Bridge,2021-02-01,2021,2,dry,,,,22.0,68.0,65.0,0.7,,814.0,,,85.0,448.0,178.0,327.0,,7.47
DoE_SurfaceGroundWaterReport_2021_2023,river,Buriganga,Mirpur Bridge,2021-03-01,2021,3,dry,,,,10.0,76.0,70.0,0.0,,799.0,,,75.0,438.0,186.0,267.0,,6.75
DoE_SurfaceGroundWaterReport_2021_2023,river,Buriganga,Mirpur Bridge,2021-04-01,2021,4,dry,,,,24.0,76.0,73.0,0.3,,1149.0,,,2.0,594.0,170.0,97.0,,7.35
DoE_SurfaceGroundWaterReport_2021_2023,river,Buriganga,Mirpur Bridge,2021-05-01,2021,5,wet,,,,28.0,90.0,46.0,0.6,,730.0,,,19.0,386.0,147.0,62.0,,6.95
DoE_SurfaceGroundWaterReport_2021_2023,river,Buriganga,Mirpur Bridge,2021-06-01,2021,6,wet,,,,8.2,24.0,30.0,4.1,,218.1,,,20.0,112.5,139.0,33.2,,7.06
DoE_SurfaceGroundWaterReport_2021_2023,river,Buriganga,Mirpur Bridge,2021-07-01,2021,7,wet,,,,14.4,34.0,14.0,4.9,,122.4,,,115.0,68.7,50.0,52.0,,6.93
DoE_SurfaceGroundWaterReport_2021_2023,river,Buriganga,Mirpur Bridge,2021-08-01,2021,8,wet,,,,33.0,60.0,15.0,4.68,,188.0,,,151.0,89.0,52.0,,,7.6
DoE_SurfaceGroundWaterReport_2021_2023,river,Buriganga,Mirpur Bridge,2021-09-01,2021,9,wet,,,,10.0,34.0,16.5,5.54,,201.7,,,16.0,83.5,64.0,19.9,,6.61
DoE_SurfaceGroundWaterReport_2021_2023,river,Buriganga,Mirpur Bridge,2021-12-01,2021,12,dry,,,,40.0,119.0,24.5,1.72,,524.0,,,44.0,287.0,168.0,33.4,,7.28
DoE_SurfaceGroundWaterReport_2021_2023,river,Buriganga,Mirpur Bridge,2022-01-01,2022,1,dry,,,,18.0,56.0,60.0,1.4,,664.0,,,,379.0,186.0,65.7,,7.26
DoE_SurfaceGroundWaterReport_2021_2023,river,Buriganga,Mirpur Bridge,2022-02-01,2022,2,dry,,,,26.0,68.0,68.0,1.1,,801.0,,,80.0,471.0,204.0,56.0,,7.52
DoE_SurfaceGroundWaterReport_2021_2023,river,Buriganga,Mirpur Bridge,2022-03-01,2022,3,dry,,,,26.0,73.0,80.0,0.2,,1389.0,,,80.0,594.0,350.0,47.8,,7.56
DoE_SurfaceGroundWaterReport_2021_2023,river,Buriganga,Mirpur Bridge,2022-04-01,2022,4,dry,,,,36.0,83.0,80.0,0.2,,1392.0,,,12.0,697.0,348.0,48.0,,7.48
DoE_SurfaceGroundWaterReport_2021_2023,river,Buriganga,Mirpur Bridge,2022-05-01,2022,5,wet,,,,8.0,27.0,75.0,0.89,,482.0,,,59.0,206.0,112.0,18.0,,6.59
DoE_SurfaceGroundWaterReport_2021_2023,river,Buriganga,Mirpur Bridge,2022-06-01,2022,6,wet,,,,6.2,27.0,7.5,5.24,,149.0,,,106.0,78.0,54.0,72.5,,7.05
DoE_SurfaceGroundWaterReport_2021_2023,river,Buriganga,Mirpur Bridge,2022-07-01,2022,7,wet,,,,6.4,20.0,6.5,5.3,,194.0,,,,81.0,30.0,41.6,,6.41
DoE_SurfaceGroundWaterReport_2021_2023,river,Buriganga,Mirpur Bridge,2022-08-01,2022,8,wet,,,,10.0,46.0,5.6,5.52,,154.0,,,78.0,75.0,30.0,38.3,,7.3
DoE_SurfaceGroundWaterReport_2021_2023,river,Buriganga,Mirpur Bridge,2022-09-01,2022,9,wet,,,,8.0,54.0,7.6,5.3,,154.0,,,60.0,78.0,33.0,51.4,,7.13
DoE_SurfaceGroundWaterReport_2021_2023,river,Buriganga,Mirpur Bridge,2022-10-01,2022,10,wet,,,,6.2,36.0,5.5,5.4,,163.8,,,44.0,80.8,30.0,34.2,,7.97
DoE_SurfaceGroundWaterReport_2021_2023,river,Buriganga,Mirpur Bridge,2022-11-01,2022,11,dry,,,,8.0,90.0,6.0,4.2,,148.0,,,27.0,82.4,31.0,29.7,,7.5
DoE_SurfaceGroundWaterReport_2021_2023,river,Buriganga,Mirpur Bridge,2022-12-01,2022,12,dry,,,,10.8,92.0,28.0,2.4,,377.0,,,39.0,214.0,99.0,48.0,,7.34
DoE_SurfaceGroundWaterReport_2021_2023,river,Buriganga,Mirpur Bridge (M.B),2023-01-01,2023,1,dry,,,,12.0,70.0,21.0,1.9,,389.0,,,76.0,217.0,136.0,29.0,,7.35
DoE_SurfaceGroundWaterReport_2021_2023,river,Buriganga,Mirpur Bridge (M.B),2023-02-01,2023,2,dry,,,,16.0,76.0,49.0,1.31,,759.0,,,103.0,400.0,244.0,51.8,,7.63
DoE_SurfaceGroundWaterReport_2021_2023,river,Buriganga,Mirpur Bridge (M.B),2023-03-01,2023,3,dry,,,,26.0,66.0,63.0,0.2,,715.0,,,126.0,384.0,216.0,90.5,,7.26
DoE_SurfaceGroundWaterReport_2021_2023,river,Buriganga,Mirpur Bridge (M.B),2023-05-01,2023,5,wet,,,,,,,,,,,,31.0,,,,,
DoE_SurfaceGroundWaterReport_2021_2023,river,Buriganga,Mirpur Bridge (M.B),2023-06-01,2023,6,wet,,,,,,,,,,,,36.0,,,,,
DoE_SurfaceGroundWaterReport_2021_2023,river,Buriganga,Mirpur Bridge (M.B),2023-07-01,2023,7,wet,,,,4.0,39.0,17.0,4.77,,170.0,,,100.0,95.0,63.0,42.5,,7.47
DoE_SurfaceGroundWaterReport_2021_2023,river,Buriganga,Mirpur Bridge (M.B),2023-08-01,2023,8,wet,,,,3.0,36.0,25.5,5.34,,500.0,,,100.0,225.0,10.0,69.4,,7.06
DoE_SurfaceGroundWaterReport_2021_2023,river,Buriganga,Mirpur Bridge (M.B),2023-09-01,2023,9,wet,,,,6.0,11.0,18.0,6.09,,243.0,,,26.0,105.0,12.0,36.9,,6.84
DoE_SurfaceGroundWaterReport_2021_2023,river,Buriganga,Mirpur Bridge (M.B),2023-10-01,2023,10,wet,,,,6.0,10.0,7.5,5.5,,156.0,,,57.0,79.2,8.0,38.1,,7.07
DoE_SurfaceGroundWaterReport_2021_2023,river,Buriganga,Mirpur Bridge (M.B),2023-11-01,2023,11,dry,,,,4.0,7.0,19.0,2.99,,526.0,,,120.0,244.0,18.0,20.2,,7.09
DoE_SurfaceGroundWaterReport_2021_2023,river,Buriganga,Mirpur Bridge (M.B),2023-12-01,2023,12,dry,,,,9.0,21.0,33.0,2.0,,469.0,,,11.0,258.0,30.0,49.8,,7.92
DoE_SurfaceGroundWaterReport_2021_2023,river,Buriganga,Mohammadpur,2021-01-01,2021,1,dry,,,,5.8,43.0,42.5,0.7,,671.0,,,58.0,356.0,214.0,280.0,,7.48
DoE_SurfaceGroundWaterReport_2021_2023,river,Buriganga,Pagla,2021-01-01,2021,1,dry,,,,5.8,36.0,47.5,0.1,,651.0,,,55.0,346.0,212.0,219.0,,7.46
DoE_SurfaceGroundWaterReport_2021_2023,river,Buriganga,Pagla,2021-02-01,2021,2,dry,,,,17.0,71.0,63.5,0.1,,695.0,,,60.0,386.0,198.0,231.0,,7.49
DoE_SurfaceGroundWaterReport_2021_2023,river,Buriganga,Pagla,2021-03-01,2021,3,dry,,,,10.0,85.0,63.0,0.0,,851.0,,,71.0,471.0,209.0,253.0,,7.14
DoE_SurfaceGroundWaterReport_2021_2023,river,Buriganga,Pagla,2021-04-01,2021,4,dry,,,,23.0,72.0,63.0,0.8,,930.0,,,27.0,485.0,215.0,98.0,,7.49
DoE_SurfaceGroundWaterReport_2021_2023,river,Buriganga,Pagla,2021-05-01,2021,5,wet,,,,28.0,80.0,44.0,0.8,,993.0,,,35.0,540.0,200.0,68.0,,7.43
DoE_SurfaceGroundWaterReport_2021_2023,river,Buriganga,Pagla,2021-06-01,2021,6,wet,,,,8.2,24.0,31.0,2.75,,264.0,,,14.0,138.0,139.0,25.2,,7.0
DoE_SurfaceGroundWaterReport_2021_2023,river,Buriganga,Pagla,2021-07-01,2021,7,wet,,,,15.6,34.0,16.0,1.36,,155.2,,,34.0,87.6,55.0,64.0,,6.9
DoE_SurfaceGroundWaterReport_2021_2023,river,Buriganga,Pagla,2021-08-01,2021,8,wet,,,,24.0,64.0,15.0,3.29,,185.0,,,39.0,98.0,64.0,,,7.99
DoE_SurfaceGroundWaterReport_2021_2023,river,Buriganga,Pagla,2021-09-01,2021,9,wet,,,,10.0,27.0,15.0,5.63,,209.7,,,16.0,88.0,62.0,27.9,,7.23
DoE_SurfaceGroundWaterReport_2021_2023,river,Buriganga,Pagla,2021-12-01,2021,12,dry,,,,30.0,85.0,31.0,,,561.0,,,47.0,316.0,173.0,38.1,,7.42
DoE_SurfaceGroundWaterReport_2021_2023,river,Buriganga,Sadarghat,2021-01-01,2021,1,dry,,,,6.0,63.0,51.0,0.1,,665.0,,,37.0,354.0,210.0,138.0,,7.44
DoE_SurfaceGroundWaterReport_2021_2023,river,Buriganga,Satmosjid Road,2021-01-01,2021,1,dry,,,,5.8,72.0,52.0,0.1,,669.0,,,48.0,356.0,214.0,189.0,,7.47
DoE_SurfaceGroundWaterReport_2021_2023,river,Buriganga,Satmosjid Road,2021-02-01,2021,2,dry,,,,19.0,58.0,62.5,0.2,,785.0,,,53.0,436.0,186.0,147.0,,7.37
DoE_SurfaceGroundWaterReport_2021_2023,river,Buriganga,Satmosjid Road,2021-03-01,2021,3,dry,,,,23.0,52.0,68.0,0.0,,907.0,,,79.0,501.0,196.0,512.0,,7.28
DoE_SurfaceGroundWaterReport_2021_2023,river,Buriganga,Satmosjid Road,2021-04-01,2021,4,dry,,,,10.0,78.0,72.0,0.8,,974.0,,,2.0,511.0,232.0,33.0,,7.32
DoE_SurfaceGroundWaterReport_2021_2023,river,Buriganga,Satmosjid Road,2021-05-01,2021,5,wet,,,,32.0,80.0,49.0,0.8,,970.0,,,18.0,536.0,192.0,61.0,,7.4
DoE_SurfaceGroundWaterReport_2021_2023,river,Buriganga,Satmosjid Road,2021-06-01,2021,6,wet,,,,9.2,28.0,32.0,2.5,,358.0,,,23.0,188.9,150.0,30.9,,6.82
DoE_SurfaceGroundWaterReport_2021_2023,river,Buriganga,Satmosjid Road,2021-07-01,2021,7,wet,,,,16.8,36.0,15.5,2.74,,134.9,,,53.0,75.3,52.0,61.0,,7.08
DoE_SurfaceGroundWaterReport_2021_2023,river,Buriganga,Satmosjid Road,2021-08-01,2021,8,wet,,,,28.0,68.0,20.0,0.44,,294.0,,,21.0,157.0,61.0,,,7.9
DoE_SurfaceGroundWaterReport_2021_2023,river,Buriganga,Satmosjid Road,2021-09-01,2021,9,wet,,,,8.0,29.0,17.5,5.85,,201.7,,,9.0,84.2,59.0,25.6,,7.32
DoE_SurfaceGroundWaterReport_2021_2023,river,Buriganga,Satmosjid Road,2021-12-01,2021,12,dry,,,,26.0,73.0,23.5,1.56,,498.0,,,38.0,276.0,159.0,22.4,,7.27
DoE_SurfaceGroundWaterReport_2021_2023,river,Buriganga,Satmosjid Road,2022-01-01,2022,1,dry,,,,16.0,60.0,88.0,1.2,,915.0,,,,531.0,354.0,86.9,,7.0
DoE_SurfaceGroundWaterReport_2021_2023,river,Buriganga,Satmosjid Road,2022-02-01,2022,2,dry,,,,20.0,95.0,70.0,1.3,,829.0,,,90.0,488.0,291.0,67.0,,7.51
DoE_SurfaceGroundWaterReport_2021_2023,river,Buriganga,Satmosjid Road,2022-03-01,2022,3,dry,,,,28.0,115.0,100.0,0.17,,1334.0,,,204.0,555.0,300.0,78.0,,7.65
DoE_SurfaceGroundWaterReport_2021_2023,river,Buriganga,Satmosjid Road,2022-04-01,2022,4,dry,,,,38.0,126.0,84.0,0.1,,1375.0,,,178.0,690.0,302.0,112.0,,7.65
DoE_SurfaceGroundWaterReport_2021_2023,river,Buriganga,Satmosjid Road,2022-05-01,2022,5,wet,,,,10.0,46.0,68.0,0.36,,519.0,,,68.0,214.0,94.0,21.4,,6.81
DoE_SurfaceGroundWaterReport_2021_2023,river,Buriganga,Satmosjid Road,2022-06-01,2022,6,wet,,,,6.2,27.0,12.0,2.18,,168.0,,,62.0,88.0,52.0,27.6,,6.77
DoE_SurfaceGroundWaterReport_2021_2023,river,Buriganga,Satmosjid Road,2022-07-01,2022,7,wet,,,,6.4,20.0,9.0,5.21,,209.0,,,,84.0,36.0,31.2,,6.71
DoE_SurfaceGroundWaterReport_2021_2023,river,Buriganga,Satmosjid Road,2022-08-01,2022,8,wet,,,,10.0,27.0,8.0,5.27,,176.0,,,33.0,87.0,36.0,36.3,,7.13
DoE_SurfaceGroundWaterReport_2021_2023,river,Buriganga,Satmosjid Road,2022-09-01,2022,9,wet,,,,10.0,85.0,10.0,5.2,,158.0,,,51.0,81.0,34.0,43.0,,7.11
DoE_SurfaceGroundWaterReport_2021_2023,river,Buriganga,Satmosjid Road,2022-10-01,2022,10,wet,,,,6.2,27.0,7.5,3.7,,170.9,,,27.0,85.6,30.0,32.6,,6.96
DoE_SurfaceGroundWaterReport_2021_2023,river,Buriganga,Satmosjid Road,2022-11-01,2022,11,dry,,,,8.6,22.0,8.0,3.2,,161.0,,,23.0,90.7,36.0,26.2,,7.22
DoE_SurfaceGroundWaterReport_2021_2023,river,Buriganga,Satmosjid Road,2022-12-01,2022,12,dry,,,,10.2,60.0,46.0,1.2,,627.0,,,149.0,368.0,186.0,158.0,,7.28
DoE_SurfaceGroundWaterReport_2021_2023,river,Buriganga,Satmosjid Road (S.R),2023-01-01,2023,1,dry,,,,12.0,62.0,28.0,1.6,,420.0,,,,242.0,122.0,29.0,,7.37
DoE_SurfaceGroundWaterReport_2021_2023,river,Buriganga,Satmosjid Road (S.R),2023-02-01,2023,2,dry,,,,17.0,64.0,49.0,0.81,,744.0,,,65.0,381.0,224.0,61.1,,7.84
DoE_SurfaceGroundWaterReport_2021_2023,river,Buriganga,Satmosjid Road (S.R),2023-03-01,2023,3,dry,,,,28.0,68.0,76.0,0.2,,773.0,,,16.0,426.0,259.0,26.1,,7.4
DoE_SurfaceGroundWaterReport_2021_2023,river,Buriganga,Satmosjid Road (S.R),2023-07-01,2023,7,wet,,,,2.0,73.0,14.0,5.86,,160.0,,,,90.0,57.0,40.9,,7.35
DoE_SurfaceGroundWaterReport_2021_2023,river,Buriganga,Satmosjid Road (S.R),2023-08-01,2023,8,wet,,,,5.0,122.0,18.5,5.13,,341.0,,,,150.0,12.0,45.4,,7.02
DoE_SurfaceGroundWaterReport_2021_2023,river,Buriganga,Satmosjid Road (S.R),2023-09-01,2023,9,wet,,,,4.0,15.0,15.0,3.94,,240.0,,,,103.0,13.0,47.6,,6.85
DoE_SurfaceGroundWaterReport_2021_2023,river,Buriganga,Satmosjid Road (S.R),2023-10-01,2023,10,wet,,,,7.0,10.0,8.0,3.94,,164.0,,,,83.0,9.0,28.1,,6.89
DoE_SurfaceGroundWaterReport_2021_2023,river,Buriganga,Satmosjid Road (S.R),2023-11-01,2023,11,dry,,,,8.0,23.0,17.5,1.21,,464.0,,,,218.0,20.0,13.2,,7.21
DoE_SurfaceGroundWaterReport_2021_2023,river,Buriganga,Satmosjid Road (S.R),2023-12-01,2023,12,dry,,,,13.0,44.0,39.0,0.8,,473.0,,,,261.0,38.0,26.4,,7.57
DoE_SurfaceGroundWaterReport_2021_2023,river,Dhaleshwari,Alipur,2021-01-01,2021,1,dry,,,,12.0,44.0,69.5,2.8,,675.0,,,4.0,401.0,199.0,,,7.86
DoE_SurfaceGroundWaterReport_2021_2023,river,Dhaleshwari,Hazaratpur,2023-02-01,2023,2,dry,,,,3.0,18.0,35.0,5.7,,648.0,,,17.0,340.0,286.0,,,7.75
DoE_SurfaceGroundWaterReport_2021_2023,river,Dhaleshwari,Hazaratpur,2023-08-01,2023,8,wet,,,,5.4,75.0,16.0,6.15,,154.0,,,185.0,83.0,30.0,,,7.04
DoE_SurfaceGroundWaterReport_2021_2023,river,Dhaleshwari,Hazaratpur,2023-10-01,2023,10,wet,,,,5.1,,10.5,5.9,,169.0,,,155.0,90.0,14.0,,,6.63
DoE_SurfaceGroundWaterReport_2021_2023,river,Dhaleshwari,Hazaratpur,2023-12-01,2023,12,dry,,,,2.0,9.0,26.0,7.5,,429.0,,,15.0,231.0,30.0,,,7.21
DoE_SurfaceGroundWaterReport_2021_2023,river,Dhaleshwari,Hazratpur,2021-01-01,2021,1,dry,,,,8.0,27.0,29.5,11.2,,477.0,,,12.0,279.0,281.0,,,8.0
DoE_SurfaceGroundWaterReport_2021_2023,river,Dhaleshwari,Hazratpur,2021-02-01,2021,2,dry,,,,10.0,36.0,33.0,6.5,,509.0,,,11.0,291.0,262.0,,,7.69
DoE_SurfaceGroundWaterReport_2021_2023,river,Dhaleshwari,Hazratpur,2021-03-01,2021,3,dry,,,,12.0,45.0,44.5,7.2,,607.0,,,12.0,332.0,249.0,,,7.99
DoE_SurfaceGroundWaterReport_2021_2023,river,Dhaleshwari,Hazratpur,2021-06-01,2021,6,wet,,,,12.0,44.0,70.0,2.8,,124.1,,,4.0,65.1,199.0,,,7.86
DoE_SurfaceGroundWaterReport_2021_2023,river,Dhaleshwari,Hazratpur,2021-07-01,2021,7,wet,,,,10.0,40.0,10.0,7.8,,140.0,,,40.0,72.0,58.0,,,7.76
DoE_SurfaceGroundWaterReport_2021_2023,river,Dhaleshwari,Hazratpur,2021-08-01,2021,8,wet,,,,14.0,56.0,8.0,7.2,,143.0,,,77.0,80.0,60.0,,,7.7
DoE_SurfaceGroundWaterReport_2021_2023,river,Dhaleshwari,Hazratpur,2021-09-01,2021,9,wet,,,,8.0,20.0,30.0,5.5,,477.0,,,12.0,279.0,281.0,,,8.0
DoE_SurfaceGroundWaterReport_2021_2023,river,Dhaleshwari,Hazratpur,2022-01-01,2022,1,dry,,,,8.0,22.0,,5.4,,610.0,,,,290.0,,,,7.22
DoE_SurfaceGroundWaterReport_2021_2023,river,Dhaleshwari,Hazratpur,2022-02-01,2022,2,dry,,,,8.0,34.0,,2.0,,648.0,,,,327.0,,,,7.8
DoE_SurfaceGroundWaterReport_2021_2023,river,Dhaleshwari,Hazratpur,2022-03-01,2022,3,dry,,,,8.0,34.0,,2.0,,648.0,,,,327.0,,,,7.8
DoE_SurfaceGroundWaterReport_2021_2023,river,Dhaleshwari,Hazratpur,2022-04-01,2022,4,dry,,,,22.0,70.0,,4.5,,600.0,,,,393.0,,,,8.09
DoE_SurfaceGroundWaterReport_2021_2023,river,Dhaleshwari,Hazratpur,2022-06-01,2022,6,wet,,,,6.0,15.0,,5.0,,165.0,,,,86.0,,,,7.29
DoE_SurfaceGroundWaterReport_2021_2023,river,Dhaleshwari,Hazratpur,2022-08-01,2022,8,wet,,,,6.0,60.0,,7.0,,139.0,,,,67.4,,,,7.58
DoE_SurfaceGroundWaterReport_2021_2023,river,Dhaleshwari,Hazratpur,2022-10-01,2022,10,wet,,,,3.0,6.0,,6.0,,196.9,,,,100.6,,,,7.36
DoE_SurfaceGroundWaterReport_2021_2023,river,Dhaleshwari,Hazratpur,2022-11-01,2022,11,dry,,,,2.0,8.0,,7.2,,154.8,,,,86.2,,,,7.24
DoE_SurfaceGroundWaterReport_2021_2023,river,Dhaleshwari,Hazratpur,2022-12-01,2022,12,dry,,,,1.2,,,7.9,,455.0,,,,255.0,,,,7.97
DoE_SurfaceGroundWaterReport_2021_2023,river,Dhaleshwari,Mukterpur,2021-01-01,2021,1,dry,,,,34.0,90.0,43.0,0.6,,464.0,,,34.0,276.0,158.0,,,6.91
DoE_SurfaceGroundWaterReport_2021_2023,river,Dhaleshwari,Mukterpur,2021-02-01,2021,2,dry,,,,12.0,39.0,47.0,0.5,,644.0,,,31.0,350.0,113.0,,,7.49
DoE_SurfaceGroundWaterReport_2021_2023,river,Dhaleshwari,Mukterpur,2021-03-01,2021,3,dry,,,,8.0,38.0,38.0,5.0,,531.0,,,30.0,270.0,254.0,,,6.12
DoE_SurfaceGroundWaterReport_2021_2023,river,Dhaleshwari,Mukterpur,2021-04-01,2021,4,dry,,,,14.0,59.0,43.0,3.4,,396.0,,,10.0,185.0,134.0,,,7.5
DoE_SurfaceGroundWaterReport_2021_2023,river,Dhaleshwari,Mukterpur,2021-06-01,2021,6,wet,,,,22.0,82.0,9.0,2.4,,206.0,,,20.0,107.0,82.0,,,6.73
DoE_SurfaceGroundWaterReport_2021_2023,river,Dhaleshwari,Mukterpur,2021-07-01,2021,7,wet,,,,8.0,35.0,8.0,4.99,,155.0,,,28.0,78.0,82.0,,,7.27
DoE_SurfaceGroundWaterReport_2021_2023,river,Dhaleshwari,Mukterpur,2021-08-01,2021,8,wet,,,,12.0,44.0,9.0,4.9,,165.0,,,24.0,89.0,84.0,,,7.72
DoE_SurfaceGroundWaterReport_2021_2023,river,Dhaleshwari,Mukterpur,2021-09-01,2021,9,wet,,,,14.0,70.0,8.0,2.1,,162.0,,,121.0,86.0,80.0,,,7.28
DoE_SurfaceGroundWaterReport_2021_2023,river,Dhaleshwari,Mukterpur,2021-12-01,2021,12,dry,,,,10.0,34.0,14.0,1.1,,312.0,,,37.0,165.0,88.0,,,7.2
DoE_SurfaceGroundWaterReport_2021_2023,river,Dhaleshwari,Mukterpur,2022-01-01,2022,1,dry,,,,10.0,51.0,,0.0,,608.0,,,,331.0,,,,7.48
DoE_SurfaceGroundWaterReport_2021_2023,river,Dhaleshwari,Mukterpur,2022-02-01,2022,2,dry,,,,18.0,34.0,,0.4,,600.0,,,,312.0,,,,7.16
DoE_SurfaceGroundWaterReport_2021_2023,river,Dhaleshwari,Mukterpur,2022-03-01,2022,3,dry,,,,18.0,34.0,,0.4,,600.0,,,,312.0,,,,7.16
DoE_SurfaceGroundWaterReport_2021_2023,river,Dhaleshwari,Mukterpur,2022-04-01,2022,4,dry,,,,8.0,22.0,,2.5,,413.0,,,,214.0,,,,7.05
DoE_SurfaceGroundWaterReport_2021_2023,river,Dhaleshwari,Mukterpur,2022-06-01,2022,6,wet,,,,3.0,10.0,,4.6,,583.0,,,,308.0,,,,7.26
DoE_SurfaceGroundWaterReport_2021_2023,river,Dhaleshwari,Mukterpur,2022-08-01,2022,8,wet,,,,8.0,22.0,,4.7,,178.0,,,,85.8,,,,7.28
DoE_SurfaceGroundWaterReport_2021_2023,river,Dhaleshwari,Mukterpur,2022-10-01,2022,10,wet,,,,3.0,10.0,,4.2,,126.2,,,,72.3,,,,7.09
DoE_SurfaceGroundWaterReport_2021_2023,river,Dhaleshwari,Mukterpur,2022-11-01,2022,11,dry,,,,3.0,10.0,,6.2,,156.4,,,,84.2,,,,7.25
DoE_SurfaceGroundWaterReport_2021_2023,river,Dhaleshwari,Mukterpur,2022-12-01,2022,12,dry,,,,3.3,10.2,,1.5,,342.0,,,,174.3,,,,7.17
DoE_SurfaceGroundWaterReport_2021_2023,river,Dhaleshwari,Mukterpur,2023-02-01,2023,2,dry,,,,8.0,32.0,25.0,0.8,,478.0,,,22.0,255.0,159.0,,,7.27
DoE_SurfaceGroundWaterReport_2021_2023,river,Dhaleshwari,Mukterpur,2023-10-01,2023,10,wet,,,,6.0,8.0,6.5,5.1,,173.4,,,77.0,91.0,23.0,,,7.68
DoE_SurfaceGroundWaterReport_2021_2023,river,Dhaleshwari,Mukterpur,2023-12-01,2023,12,dry,,,,10.0,14.0,48.0,0.0,,434.0,,,46.0,242.0,39.0,,,7.13
DoE_SurfaceGroundWaterReport_2021_2023,river,Dhaleshwari,Pathorghata,2021-06-01,2021,6,wet,,,,12.0,39.0,,4.0,,,,,5.0,72.3,256.0,,,7.69
DoE_SurfaceGroundWaterReport_2021_2023,river,Dhaleshwari,Pathorghata,2021-07-01,2021,7,wet,,,,6.0,10.0,,5.2,,,,,30.0,70.0,62.0,,,6.54
DoE_SurfaceGroundWaterReport_2021_2023,river,Dhaleshwari,Pathorghata,2021-08-01,2021,8,wet,,,,4.0,12.0,,5.1,,,,,26.0,72.3,64.0,,,6.94
DoE_SurfaceGroundWaterReport_2021_2023,river,Dhaleshwari,Pathorghata,2021-12-01,2021,12,dry,,,,12.0,32.0,,6.2,,,,,25.0,272.0,108.0,,,7.64
DoE_SurfaceGroundWaterReport_2021_2023,river,Dhaleshwari,Pathorghata,2022-01-01,2022,1,dry,,,,12.0,36.0,,6.0,,580.0,,,,280.0,,,,7.26
DoE_SurfaceGroundWaterReport_2021_2023,river,Dhaleshwari,Pathorghata,2022-02-01,2022,2,dry,,,,8.0,22.0,,2.5,,808.0,,,,411.0,,,,7.77
DoE_SurfaceGroundWaterReport_2021_2023,river,Dhaleshwari,Pathorghata,2022-03-01,2022,3,dry,,,,8.0,22.0,,2.5,,808.0,,,,411.0,,,,7.77
DoE_SurfaceGroundWaterReport_2021_2023,river,Dhaleshwari,Pathorghata,2022-04-01,2022,4,dry,,,,12.0,36.0,,6.0,,580.0,,,,280.0,,,,7.28
DoE_SurfaceGroundWaterReport_2021_2023,river,Dhaleshwari,Pathorghata,2022-06-01,2022,6,wet,,,,6.0,18.0,,4.8,,124.0,,,,65.0,,,,7.6
DoE_SurfaceGroundWaterReport_2021_2023,river,Dhaleshwari,Pathorghata,2022-08-01,2022,8,wet,,,,28.0,90.0,,5.8,,146.0,,,,70.4,,,,7.53
DoE_SurfaceGroundWaterReport_2021_2023,river,Dhaleshwari,Pathorghata,2022-10-01,2022,10,wet,,,,3.0,20.0,,5.2,,112.8,,,,62.8,,,,6.92
DoE_SurfaceGroundWaterReport_2021_2023,river,Dhaleshwari,Pathorghata,2022-11-01,2022,11,dry,,,,2.0,15.0,,5.5,,149.5,,,,82.7,,,,7.23
DoE_SurfaceGroundWaterReport_2021_2023,river,Dhaleshwari,Pathorghata,2022-12-01,2022,12,dry,,,,4.2,10.0,,5.6,,510.0,,,,250.0,,,,7.42
DoE_SurfaceGroundWaterReport_2021_2023,river,Dhaleshwari,Pathorghata,2023-02-01,2023,2,dry,,,,6.0,20.0,26.0,5.3,,245.0,,,20.0,133.0,156.0,,,8.25
DoE_SurfaceGroundWaterReport_2021_2023,river,Dhaleshwari,Pathorghata,2023-08-01,2023,8,wet,,,,3.0,61.0,12.0,6.41,,153.5,,,365.0,83.0,34.0,,,7.25
DoE_SurfaceGroundWaterReport_2021_2023,river,Dhaleshwari,Pathorghata,2023-10-01,2023,10,wet,,,,4.2,1.5,10.0,6.0,,166.0,,,140.0,88.0,10.0,,,6.94
DoE_SurfaceGroundWaterReport_2021_2023,river,Dhaleshwari,Pathorghata,2023-12-01,2023,12,dry,,,,4.0,11.0,26.0,5.0,,409.0,,,13.0,222.0,30.0,,,7.19
DoE_SurfaceGroundWaterReport_2021_2023,river,Dhaleshwari,Ruhitpur,2021-01-01,2021,1,dry,,,,12.0,29.0,32.0,4.0,,482.0,,,5.0,284.0,256.0,,,7.79
DoE_SurfaceGroundWaterReport_2021_2023,river,Dhaleshwari,Ruhitpur,2021-02-01,2021,2,dry,,,,10.0,32.0,33.5,9.0,,490.0,,,8.0,280.0,222.0,,,7.77
DoE_SurfaceGroundWaterReport_2021_2023,river,Dhaleshwari,Ruhitpur,2021-03-01,2021,3,dry,,,,10.0,42.0,41.5,16.1,,499.0,,,25.0,270.0,280.0,,,8.07
DoE_SurfaceGroundWaterReport_2021_2023,river,Dhaleshwari,Ruhitpur,2021-06-01,2021,6,wet,,,,8.0,27.0,30.0,7.2,,130.0,,,12.0,68.2,281.0,,,8.01
DoE_SurfaceGroundWaterReport_2021_2023,river,Dhaleshwari,Ruhitpur,2021-07-01,2021,7,wet,,,,8.0,34.0,8.0,7.9,,140.0,,,90.0,77.0,62.0,,,7.43
DoE_SurfaceGroundWaterReport_2021_2023,river,Dhaleshwari,Ruhitpur,2021-08-01,2021,8,wet,,,,14.0,58.0,9.0,7.0,,147.0,,,85.0,82.0,62.0,,,7.72
DoE_SurfaceGroundWaterReport_2021_2023,river,Dhaleshwari,Ruhitpur,2021-09-01,2021,9,wet,,,,10.0,22.0,32.0,5.8,,482.0,,,5.0,284.0,256.0,,,7.79
DoE_SurfaceGroundWaterReport_2021_2023,river,Dhaleshwari,Ruhitpur,2022-01-01,2022,1,dry,,,,10.0,32.0,,5.8,,304.0,,,,290.0,,,,7.18
DoE_SurfaceGroundWaterReport_2021_2023,river,Dhaleshwari,Ruhitpur,2022-02-01,2022,2,dry,,,,10.0,28.0,,2.1,,698.0,,,,348.0,,,,7.48
DoE_SurfaceGroundWaterReport_2021_2023,river,Dhaleshwari,Ruhitpur,2022-03-01,2022,3,dry,,,,10.0,28.0,,2.1,,698.0,,,,348.0,,,,7.48
DoE_SurfaceGroundWaterReport_2021_2023,river,Dhaleshwari,Ruhitpur,2022-04-01,2022,4,dry,,,,13.0,46.0,,15.0,,623.0,,,,356.0,,,,8.73
DoE_SurfaceGroundWaterReport_2021_2023,river,Dhaleshwari,Ruhitpur,2022-06-01,2022,6,wet,,,,10.0,63.0,,6.4,,103.0,,,,70.0,,,,7.23
DoE_SurfaceGroundWaterReport_2021_2023,river,Dhaleshwari,Ruhitpur,2022-08-01,2022,8,wet,,,,3.0,10.0,,4.8,,146.0,,,,71.4,,,,7.43
DoE_SurfaceGroundWaterReport_2021_2023,river,Dhaleshwari,Ruhitpur,2022-10-01,2022,10,wet,,,,3.0,7.0,,4.6,,126.1,,,,64.7,,,,7.44
DoE_SurfaceGroundWaterReport_2021_2023,river,Dhaleshwari,Ruhitpur,2022-11-01,2022,11,dry,,,,2.0,10.0,,7.4,,154.2,,,,85.9,,,,7.23
DoE_SurfaceGroundWaterReport_2021_2023,river,Dhaleshwari,Ruhitpur,2022-12-01,2022,12,dry,,,,1.2,,,5.7,,437.0,,,,246.0,,,,7.9
DoE_SurfaceGroundWaterReport_2021_2023,river,Dhaleshwari,Ruhitpur,2023-02-01,2023,2,dry,,,,2.0,9.0,31.0,5.9,,650.0,,,28.0,344.0,212.0,,,7.88
DoE_SurfaceGroundWaterReport_2021_2023,river,Dhaleshwari,Ruhitpur,2023-08-01,2023,8,wet,,,,6.0,63.0,11.5,6.09,,176.0,,,303.0,95.3,37.0,,,6.93
DoE_SurfaceGroundWaterReport_2021_2023,river,Dhaleshwari,Ruhitpur,2023-10-01,2023,10,wet,,,,2.4,6.0,12.0,5.9,,158.3,,,141.0,83.5,8.0,,,6.69
DoE_SurfaceGroundWaterReport_2021_2023,river,Dhaleshwari,Ruhitpur,2023-12-01,2023,12,dry,,,,1.0,6.0,20.0,5.7,,421.0,,,17.0,232.0,13.0,,,7.04
DoE_SurfaceGroundWaterReport_2021_2023,river,Dhaleshwari,Sirajnagor,2021-01-01,2021,1,dry,,,,8.4,34.0,30.5,0.5,,477.0,,,8.0,279.0,239.0,,,7.86
DoE_SurfaceGroundWaterReport_2021_2023,river,Dhaleshwari,Sirajnagor,2021-06-01,2021,6,wet,,,,,,,,,152.0,,,,,,,,
DoE_SurfaceGroundWaterReport_2021_2023,river,Dhaleshwari,Sirajnagor,2021-07-01,2021,7,wet,,,,,,,,,127.0,,,,,,,,
DoE_SurfaceGroundWaterReport_2021_2023,river,Dhaleshwari,Sirajnagor,2021-08-01,2021,8,wet,,,,,,,,,137.0,,,,,,,,
DoE_SurfaceGroundWaterReport_2021_2023,river,Dhaleshwari,Sirajnagor,2021-12-01,2021,12,dry,,,,,,,,,520.0,,,,,,,,
DoE_SurfaceGroundWaterReport_2021_2023,river,Dhaleshwari,Utorro Mitra,2021-02-01,2021,2,dry,,,,12.0,39.0,31.0,6.1,,489.0,,,7.0,279.0,243.0,,,7.14
DoE_SurfaceGroundWaterReport_2021_2023,river,Dhaleshwari,Utorro Mitra,2021-03-01,2021,3,dry,,,,10.0,39.0,23.6,6.3,,534.0,,,4.0,253.0,253.0,,,6.96
DoE_SurfaceGroundWaterReport_2021_2023,river,Dhaleshwari,Utorro Mitra,2021-06-01,2021,6,wet,,,,9.0,24.0,11.0,6.0,,236.0,,,25.0,118.1,129.0,,,6.79
DoE_SurfaceGroundWaterReport_2021_2023,river,Dhaleshwari,Utorro Mitra,2021-07-01,2021,7,wet,,,,8.0,22.0,8.0,6.1,,146.0,,,20.0,70.0,62.0,,,7.23
DoE_SurfaceGroundWaterReport_2021_2023,river,Dhaleshwari,Utorro Mitra,2021-08-01,2021,8,wet,,,,10.0,30.0,6.0,5.5,,152.0,,,18.0,74.2,66.0,,,7.45
DoE_SurfaceGroundWaterReport_2021_2023,river,Dhaleshwari,Utorro Mitra,2021-12-01,2021,12,dry,,,,6.0,19.0,34.5,5.1,,489.0,,,14.0,295.0,190.0,,,7.26
DoE_SurfaceGroundWaterReport_2021_2023,river,Dhaleshwari,Utorro Mitra,2022-01-01,2022,1,dry,,,,8.0,20.0,,4.8,,540.0,,,,299.0,,,,7.31
DoE_SurfaceGroundWaterReport_2021_2023,river,Dhaleshwari,Utorro Mitra,2022-02-01,2022,2,dry,,,,2.0,20.0,,10.0,,503.0,,,,280.0,,,,7.88
DoE_SurfaceGroundWaterReport_2021_2023,river,Dhaleshwari,Utorro Mitra,2022-03-01,2022,3,dry,,,,2.0,10.0,,10.0,,503.0,,,,280.0,,,,7.88
DoE_SurfaceGroundWaterReport_2021_2023,river,Dhaleshwari,Utorro Mitra,2022-04-01,2022,4,dry,,,,2.0,6.0,,7.8,,550.0,,,,293.0,,,,8.23
DoE_SurfaceGroundWaterReport_2021_2023,river,Dhaleshwari,Utorro Mitra,2022-06-01,2022,6,wet,,,,8.0,46.0,,4.8,,126.0,,,,61.0,,,,7.53
DoE_SurfaceGroundWaterReport_2021_2023,river,Dhaleshwari,Utorro Mitra,2022-08-01,2022,8,wet,,,,12.0,49.0,,6.0,,139.0,,,,64.4,,,,8.5
DoE_SurfaceGroundWaterReport_2021_2023,river,Dhaleshwari,Utorro Mitra,2022-10-01,2022,10,wet,,,,6.0,10.0,,5.0,,144.4,,,,74.9,,,,6.91
DoE_SurfaceGroundWaterReport_2021_2023,river,Dhaleshwari,Utorro Mitra,2022-11-01,2022,11,dry,,,,5.0,15.0,,6.8,,168.1,,,,95.2,,,,7.03
DoE_SurfaceGroundWaterReport_2021_2023,river,Dhaleshwari,Utorro Mitra,2022-12-01,2022,12,dry,,,,2.0,6.0,,5.2,,441.0,,,,258.0,,,,7.32
DoE_SurfaceGroundWaterReport_2021_2023,river,Dhaleshwari,Utorro Mitra,2023-02-01,2023,2,dry,,,,4.0,10.0,32.0,6.0,,560.0,,,26.0,284.0,220.0,,,7.65
DoE_SurfaceGroundWaterReport_2021_2023,river,Dhaleshwari,Utorro Mitra,2023-07-01,2023,7,wet,,,,10.0,41.0,16.0,5.98,,415.0,,,35.0,218.0,88.0,,,6.92
DoE_SurfaceGroundWaterReport_2021_2023,river,Dhaleshwari,Utorro Mitra,2023-10-01,2023,10,wet,,,,1.0,3.0,11.0,5.3,,176.4,,,83.0,89.7,10.0,,,7.28
DoE_SurfaceGroundWaterReport_2021_2023,river,Dhaleshwari,Utorro Mitra,2023-12-01,2023,12,dry,,,,7.0,14.0,28.0,4.6,,548.0,,,16.0,301.0,56.0,,,7.3
DoE_SurfaceGroundWaterReport_2021_2023,river,Ganges,Gorai off Take,2021-01-01,2021,1,dry,,,,,,46.0,8.76,,168.0,,,50.0,82.0,,132.0,,8.24
DoE_SurfaceGroundWaterReport_2021_2023,river,Ganges,Gorai off Take,2021-02-01,2021,2,dry,,,,,,46.0,8.76,,168.0,,,50.0,82.0,,132.0,,8.24
DoE_SurfaceGroundWaterReport_2021_2023,river,Ganges,Gorai off Take,2021-04-01,2021,4,dry,,,,0.43,,305.0,6.36,,1218.0,,,58.0,609.0,,52.6,,7.84
DoE_SurfaceGroundWaterReport_2021_2023,river,Ganges,Gorai off Take,2021-10-01,2021,10,wet,,,,1.0,,46.0,8.76,,168.0,,,50.0,82.0,,48.4,,8.24
DoE_SurfaceGroundWaterReport_2021_2023,river,Ganges,Gorai off Take,2021-11-01,2021,11,dry,,,,1.1,,38.0,6.8,,174.0,,,53.0,86.0,,34.2,,8.32
DoE_SurfaceGroundWaterReport_2021_2023,river,Ganges,Gorai off Take,2021-12-01,2021,12,dry,,,,4.8,,87.5,7.8,,150.0,,,51.0,73.0,,34.0,,8.24
DoE_SurfaceGroundWaterReport_2021_2023,river,Ganges,Gorai off Take,2022-02-01,2022,2,dry,,,,,,,,,,,,,,,12.0,,
DoE_SurfaceGroundWaterReport_2021_2023,river,Ganges,Gorai off Take,2022-03-01,2022,3,dry,,,,,,,,,,,,,,,12.0,,
DoE_SurfaceGroundWaterReport_2021_2023,river,Ganges,Gorai off Take,2022-04-01,2022,4,dry,,,,,,,,,,,,,,,12.0,,
DoE_SurfaceGroundWaterReport_2021_2023,river,Ganges,Gorai off Take,2022-05-01,2022,5,wet,,,,1.1,,,5.3,,1647.0,,,84.0,764.0,,12.0,,7.19
DoE_SurfaceGroundWaterReport_2021_2023,river,Ganges,Gorai off Take,2022-06-01,2022,6,wet,,,,,,1202.0,,,,,,,,,,,
DoE_SurfaceGroundWaterReport_2021_2023,river,Ganges,Gorai off Take,2022-07-01,2022,7,wet,,,,,,,,,,,,,,,12.0,,
DoE_SurfaceGroundWaterReport_2021_2023,river,Ganges,Gorai off Take,2022-08-01,2022,8,wet,,,,,,,,,,,,,,,12.0,,
DoE_SurfaceGroundWaterReport_2021_2023,river,Ganges,Gorai off Take,2022-09-01,2022,9,wet,,,,,,,,,,,,,,,12.0,,
DoE_SurfaceGroundWaterReport_2021_2023,river,Ganges,Gorai off Take,2022-10-01,2022,10,wet,,,,,,,,,,,,,,,12.0,,
DoE_SurfaceGroundWaterReport_2021_2023,river,Ganges,Gorai off Take,2022-12-01,2022,12,dry,,,,,,,,,,,,,,,12.0,,
DoE_SurfaceGroundWaterReport_2021_2023,river,Ganges,Gorai off Take,2023-01-01,2023,1,dry,,,,3.4,,70.5,4.7,,282.0,,,25.0,142.0,,26.0,,6.42
DoE_SurfaceGroundWaterReport_2021_2023,river,Ganges,Gorai off Take,2023-02-01,2023,2,dry,,,,2.6,,214.0,6.71,,854.0,,,54.0,127.0,,37.0,,7.23
DoE_SurfaceGroundWaterReport_2021_2023,river,Ganges,Gorai off Take,2023-03-01,2023,3,dry,,,,2.6,,214.0,6.71,,854.0,,,54.0,427.0,,22.0,,7.23
DoE_SurfaceGroundWaterReport_2021_2023,river,Ganges,Gorai off Take,2023-05-01,2023,5,wet,,,,5.2,,205.0,6.7,,820.0,,,66.0,410.0,,65.0,,6.22
DoE_SurfaceGroundWaterReport_2021_2023,river,Ganges,Gorai off Take,2023-06-01,2023,6,wet,,,,8.7,,439.0,7.23,,1754.0,,,72.0,877.0,,95.0,,7.22
DoE_SurfaceGroundWaterReport_2021_2023,river,Ganges,Gorai off Take,2023-09-01,2023,9,wet,,,,8.7,,397.0,7.23,,1754.0,,,72.0,877.0,,95.0,,7.22
DoE_SurfaceGroundWaterReport_2021_2023,river,Ganges,Gorai off Take,2023-10-01,2023,10,wet,,,,8.9,,145.0,6.96,,580.0,,,22.0,324.0,,32.0,,7.58
DoE_SurfaceGroundWaterReport_2021_2023,river,Ganges,Gorai off Take,2023-11-01,2023,11,dry,,,,3.17,,107.0,2.65,,428.0,,,13.0,214.0,,22.0,,7.78
DoE_SurfaceGroundWaterReport_2021_2023,river,Ganges,Gorai off Take,2023-12-01,2023,12,dry,,,,5.19,,117.0,4.24,,468.0,,,11.0,232.0,,16.0,,6.29
DoE_SurfaceGroundWaterReport_2021_2023,river,Ganges,Kanchan Park (Down Stream),2022-02-01,2022,2,dry,,,,,,,,,262.0,,,40.0,,,12.0,,
DoE_SurfaceGroundWaterReport_2021_2023,river,Ganges,Kanchan Park (Down Stream),2022-03-01,2022,3,dry,,,,,,,,,262.0,,,40.0,,,12.0,,
DoE_SurfaceGroundWaterReport_2021_2023,river,Ganges,Kanchan Park (Down Stream),2022-04-01,2022,4,dry,,,,,,,,,262.0,,,40.0,,,12.0,,
DoE_SurfaceGroundWaterReport_2021_2023,river,Ganges,Kanchan Park (Down Stream),2022-05-01,2022,5,wet,,,,,,,,,,,,,,,12.0,,
DoE_SurfaceGroundWaterReport_2021_2023,river,Ganges,Kanchan Park (Down Stream),2022-07-01,2022,7,wet,,,,,,,,,262.0,,,40.0,,,12.0,,
DoE_SurfaceGroundWaterReport_2021_2023,river,Ganges,Kanchan Park (Down Stream),2022-08-01,2022,8,wet,,,,,,,,,260.0,,,40.0,,,12.0,,
DoE_SurfaceGroundWaterReport_2021_2023,river,Ganges,Kanchan Park (Down Stream),2022-09-01,2022,9,wet,,,,,,,,,260.0,,,40.0,,,12.0,,
DoE_SurfaceGroundWaterReport_2021_2023,river,Ganges,Kanchan Park (Down Stream),2022-10-01,2022,10,wet,,,,,,,,,264.0,,,40.0,,,12.0,,
DoE_SurfaceGroundWaterReport_2021_2023,river,Ganges,Kanchan Park (Down Stream),2022-12-01,2022,12,dry,,,,,,,,,264.0,,,40.0,,,12.0,,
DoE_SurfaceGroundWaterReport_2021_2023,river,Ganges,Kanchan Park (Up Stream),2022-02-01,2022,2,dry,,,,2.4,,11.0,7.56,,262.0,,,40.0,131.0,,12.0,,7.62
DoE_SurfaceGroundWaterReport_2021_2023,river,Ganges,Kanchan Park (Up Stream),2022-03-01,2022,3,dry,,,,2.2,,11.0,7.54,,262.0,,,40.0,131.0,,12.0,,7.64
DoE_SurfaceGroundWaterReport_2021_2023,river,Ganges,Kanchan Park (Up Stream),2022-04-01,2022,4,dry,,,,2.2,,11.0,7.54,,262.0,,,40.0,131.0,,12.0,,7.64
DoE_SurfaceGroundWaterReport_2021_2023,river,Ganges,Kanchan Park (Up Stream),2022-05-01,2022,5,wet,,,,2.3,,,7.6,,,,,,133.0,,12.0,,7.62
DoE_SurfaceGroundWaterReport_2021_2023,river,Ganges,Kanchan Park (Up Stream),2022-06-01,2022,6,wet,,,,,,10.0,,,,,,,,,,,
DoE_SurfaceGroundWaterReport_2021_2023,river,Ganges,Kanchan Park (Up Stream),2022-07-01,2022,7,wet,,,,2.2,,11.0,7.6,,262.0,,,40.0,131.0,,12.0,,7.62
DoE_SurfaceGroundWaterReport_2021_2023,river,Ganges,Kanchan Park (Up Stream),2022-08-01,2022,8,wet,,,,2.3,,11.0,7.6,,260.0,,,40.0,130.0,,12.0,,7.6
DoE_SurfaceGroundWaterReport_2021_2023,river,Ganges,Kanchan Park (Up Stream),2022-09-01,2022,9,wet,,,,2.3,,11.0,7.61,,260.0,,,40.0,130.0,,12.0,,7.62
DoE_SurfaceGroundWaterReport_2021_2023,river,Ganges,Kanchan Park (Up Stream),2022-10-01,2022,10,wet,,,,2.3,,11.0,7.62,,264.0,,,40.0,132.0,,12.0,,7.62
DoE_SurfaceGroundWaterReport_2021_2023,river,Ganges,Kanchan Park (Up Stream),2022-12-01,2022,12,dry,,,,2.3,,11.0,7.62,,264.0,,,40.0,132.0,,12.0,,7.6
DoE_SurfaceGroundWaterReport_2021_2023,river,Ganges,Nurullapur (Down Stream),2022-02-01,2022,2,dry,,,,2.4,,10.0,7.66,,266.0,,,42.0,133.0,,12.0,,7.65
DoE_SurfaceGroundWaterReport_2021_2023,river,Ganges,Nurullapur (Down Stream),2022-03-01,2022,3,dry,,,,2.3,,10.0,7.6,,266.0,,,42.0,133.0,,12.0,,7.62
DoE_SurfaceGroundWaterReport_2021_2023,river,Ganges,Nurullapur (Down Stream),2022-04-01,2022,4,dry,,,,2.3,,10.0,7.6,,266.0,,,42.0,133.0,,12.0,,7.62
DoE_SurfaceGroundWaterReport_2021_2023,river,Ganges,Nurullapur (Down Stream),2022-05-01,2022,5,wet,,,,2.3,,,7.6,,,,,,133.0,,12.0,,7.62
DoE_SurfaceGroundWaterReport_2021_2023,river,Ganges,Nurullapur (Down Stream),2022-06-01,2022,6,wet,,,,,,10.0,,,,,,,,,,,
DoE_SurfaceGroundWaterReport_2021_2023,river,Ganges,Nurullapur (Down Stream),2022-07-01,2022,7,wet,,,,2.3,,10.0,7.61,,270.0,,,42.0,135.0,,12.0,,7.6
DoE_SurfaceGroundWaterReport_2021_2023,river,Ganges,Nurullapur (Down Stream),2022-08-01,2022,8,wet,,,,2.3,,10.0,7.61,,270.0,,,42.0,135.0,,12.0,,7.62
DoE_SurfaceGroundWaterReport_2021_2023,river,Ganges,Nurullapur (Down Stream),2022-09-01,2022,9,wet,,,,2.3,,10.0,7.6,,270.0,,,42.0,135.0,,12.0,,7.6
DoE_SurfaceGroundWaterReport_2021_2023,river,Ganges,Nurullapur (Down Stream),2022-10-01,2022,10,wet,,,,2.4,,10.0,7.62,,270.0,,,42.0,135.0,,12.0,,7.6
DoE_SurfaceGroundWaterReport_2021_2023,river,Ganges,Nurullapur (Down Stream),2022-12-01,2022,12,dry,,,,2.4,,10.0,7.6,,280.0,,,42.0,140.0,,12.0,,7.5
DoE_SurfaceGroundWaterReport_2021_2023,river,Ganges,Nurullapur (Up Stream),2022-02-01,2022,2,dry,,,,2.4,,10.0,7.66,,266.0,,,42.0,133.0,,12.0,,7.65
DoE_SurfaceGroundWaterReport_2021_2023,river,Ganges,Nurullapur (Up Stream),2022-03-01,2022,3,dry,,,,2.3,,10.0,7.6,,266.0,,,42.0,133.0,,12.0,,7.62
DoE_SurfaceGroundWaterReport_2021_2023,river,Ganges,Nurullapur (Up Stream),2022-04-01,2022,4,dry,,,,2.3,,10.0,7.6,,266.0,,,42.0,133.0,,12.0,,7.62
DoE_SurfaceGroundWaterReport_2021_2023,river,Ganges,Nurullapur (Up Stream),2022-05-01,2022,5,wet,,,,2.3,,,7.6,,,,,,133.0,,12.0,,7.62
DoE_SurfaceGroundWaterReport_2021_2023,river,Ganges,Nurullapur (Up Stream),2022-06-01,2022,6,wet,,,,,,10.0,,,,,,,,,,,
DoE_SurfaceGroundWaterReport_2021_2023,river,Ganges,Nurullapur (Up Stream),2022-07-01,2022,7,wet,,,,2.3,,10.0,7.61,,270.0,,,42.0,135.0,,12.0,,7.6
DoE_SurfaceGroundWaterReport_2021_2023,river,Ganges,Nurullapur (Up Stream),2022-08-01,2022,8,wet,,,,2.3,,10.0,7.61,,270.0,,,42.0,135.0,,12.0,,7.62
DoE_SurfaceGroundWaterReport_2021_2023,river,Ganges,Nurullapur (Up Stream),2022-09-01,2022,9,wet,,,,2.3,,10.0,7.6,,270.0,,,42.0,135.0,,12.0,,7.6
DoE_SurfaceGroundWaterReport_2021_2023,river,Ganges,Nurullapur (Up Stream),2022-10-01,2022,10,wet,,,,2.4,,10.0,7.62,,270.0,,,42.0,135.0,,12.0,,7.6
DoE_SurfaceGroundWaterReport_2021_2023,river,Ganges,Nurullapur (Up Stream),2022-12-01,2022,12,dry,,,,2.4,,10.0,7.6,,280.0,,,42.0,140.0,,12.0,,7.5
DoE_SurfaceGroundWaterReport_2021_2023,river,Ganges,Sardah (Down Stream),2022-02-01,2022,2,dry,,,,2.3,,10.0,7.6,,272.0,,,44.0,136.0,,12.0,,7.8
DoE_SurfaceGroundWaterReport_2021_2023,river,Ganges,Sardah (Down Stream),2022-03-01,2022,3,dry,,,,2.4,,10.0,7.5,,272.0,,,44.0,136.0,,12.0,,7.7
DoE_SurfaceGroundWaterReport_2021_2023,river,Ganges,Sardah (Down Stream),2022-04-01,2022,4,dry,,,,2.4,,10.0,7.5,,272.0,,,44.0,136.0,,12.0,,7.7
DoE_SurfaceGroundWaterReport_2021_2023,river,Ganges,Sardah (Down Stream),2022-05-01,2022,5,wet,,,,2.4,,,7.5,,,,,,136.0,,12.0,,7.6
DoE_SurfaceGroundWaterReport_2021_2023,river,Ganges,Sardah (Down Stream),2022-06-01,2022,6,wet,,,,,,10.0,,,,,,,,,,,
DoE_SurfaceGroundWaterReport_2021_2023,river,Ganges,Sardah (Down Stream),2022-07-01,2022,7,wet,,,,2.4,,10.0,7.6,,274.0,,,44.0,137.0,,12.0,,7.52
DoE_SurfaceGroundWaterReport_2021_2023,river,Ganges,Sardah (Down Stream),2022-08-01,2022,8,wet,,,,2.3,,10.0,7.6,,270.0,,,44.0,135.0,,12.0,,7.5
DoE_SurfaceGroundWaterReport_2021_2023,river,Ganges,Sardah (Down Stream),2022-09-01,2022,9,wet,,,,2.4,,10.0,7.62,,280.0,,,44.0,140.0,,12.0,,7.42
DoE_SurfaceGroundWaterReport_2021_2023,river,Ganges,Sardah (Down Stream),2022-10-01,2022,10,wet,,,,2.5,,10.0,7.64,,286.0,,,44.0,143.0,,12.0,,7.4
DoE_SurfaceGroundWaterReport_2021_2023,river,Ganges,Sardah (Down Stream),2022-12-01,2022,12,dry,,,,2.4,,10.0,7.64,,286.0,,,44.0,143.0,,12.0,,7.4
DoE_SurfaceGroundWaterReport_2021_2023,river,Ganges,Sardah (Up Stream),2022-02-01,2022,2,dry,,,,2.3,,10.0,7.6,,272.0,,,44.0,136.0,,12.0,,7.8
DoE_SurfaceGroundWaterReport_2021_2023,river,Ganges,Sardah (Up Stream),2022-03-01,2022,3,dry,,,,2.4,,10.0,7.5,,272.0,,,44.0,136.0,,12.0,,7.7
DoE_SurfaceGroundWaterReport_2021_2023,river,Ganges,Sardah (Up Stream),2022-04-01,2022,4,dry,,,,2.4,,10.0,7.5,,272.0,,,44.0,136.0,,12.0,,7.7
DoE_SurfaceGroundWaterReport_2021_2023,river,Ganges,Sardah (Up Stream),2022-05-01,2022,5,wet,,,,2.4,,,7.5,,,,,,136.0,,12.0,,7.6
DoE_SurfaceGroundWaterReport_2021_2023,river,Ganges,Sardah (Up Stream),2022-06-01,2022,6,wet,,,,,,10.0,,,,,,,,,,,
DoE_SurfaceGroundWaterReport_2021_2023,river,Ganges,Sardah (Up Stream),2022-07-01,2022,7,wet,,,,2.4,,10.0,7.6,,274.0,,,44.0,137.0,,12.0,,7.52
DoE_SurfaceGroundWaterReport_2021_2023,river,Ganges,Sardah (Up Stream),2022-08-01,2022,8,wet,,,,2.3,,10.0,7.6,,270.0,,,44.0,135.0,,12.0,,7.5
DoE_SurfaceGroundWaterReport_2021_2023,river,Ganges,Sardah (Up Stream),2022-09-01,2022,9,wet,,,,2.4,,10.0,7.62,,280.0,,,44.0,140.0,,12.0,,7.42
DoE_SurfaceGroundWaterReport_2021_2023,river,Ganges,Sardah (Up Stream),2022-10-01,2022,10,wet,,,,2.5,,10.0,7.64,,286.0,,,44.0,143.0,,12.0,,7.4
DoE_SurfaceGroundWaterReport_2021_2023,river,Ganges,Sardah (Up Stream),2022-12-01,2022,12,dry,,,,2.4,,10.0,7.64,,286.0,,,44.0,143.0,,12.0,,7.4
DoE_SurfaceGroundWaterReport_2021_2023,river,Gorai,Kamarkhali Bridge,2021-01-01,2021,1,dry,,,,,,40.0,8.56,,156.0,,,54.0,76.0,,47.3,,8.22
DoE_SurfaceGroundWaterReport_2021_2023,river,Gorai,Kamarkhali Bridge,2021-02-01,2021,2,dry,,,,,,410.0,9.13,,1644.0,,,54.0,780.0,,47.7,,8.88
DoE_SurfaceGroundWaterReport_2021_2023,river,Gorai,Kamarkhali Bridge,2021-03-01,2021,3,dry,,,,,,411.0,9.13,,1644.0,,,53.0,780.0,,47.7,,8.88
DoE_SurfaceGroundWaterReport_2021_2023,river,Gorai,Kamarkhali Bridge,2021-10-01,2021,10,wet,,,,1.3,,72.0,6.37,,114.3,,,55.0,54.0,,75.0,,8.82
DoE_SurfaceGroundWaterReport_2021_2023,river,Gorai,Kamarkhali Bridge,2021-11-01,2021,11,dry,,,,1.0,,75.0,6.64,,112.0,,,52.0,56.0,,48.0,,7.95
DoE_SurfaceGroundWaterReport_2021_2023,river,Gorai,Kamarkhali Bridge,2021-12-01,2021,12,dry,,,,3.8,,262.0,7.6,,150.0,,,59.0,81.4,,49.0,,8.49
DoE_SurfaceGroundWaterReport_2021_2023,river,Gorai,Kamarkhali Bridge,2023-01-01,2023,1,dry,,,,3.2,,39.0,6.5,,158.0,,,22.0,79.0,,17.0,,7.48
DoE_SurfaceGroundWaterReport_2021_2023,river,Gorai,Kamarkhali Bridge,2023-02-01,2023,2,dry,,,,2.7,,162.0,5.27,,648.0,,,29.0,324.0,,19.0,,6.18
DoE_SurfaceGroundWaterReport_2021_2023,river,Gorai,Kamarkhali Bridge,2023-03-01,2023,3,dry,,,,2.47,,54.0,5.17,,216.0,,,36.0,108.0,,23.0,,6.72
DoE_SurfaceGroundWaterReport_2021_2023,river,Gorai,Kamarkhali Bridge,2023-06-01,2023,6,wet,,,,7.2,,182.0,7.24,,728.0,,,34.0,364.0,,35.0,,6.32
DoE_SurfaceGroundWaterReport_2021_2023,river,Gorai,Kamarkhali Bridge,2023-09-01,2023,9,wet,,,,7.2,,198.0,7.24,,728.0,,,34.0,364.0,,34.0,,6.39
DoE_SurfaceGroundWaterReport_2021_2023,river,Gorai,Kamarkhali Bridge,2023-10-01,2023,10,wet,,,,8.3,,184.0,7.8,,736.0,,,32.0,368.0,,31.0,,6.18
DoE_SurfaceGroundWaterReport_2021_2023,river,Gorai,Kamarkhali Bridge,2023-11-01,2023,11,dry,,,,6.9,,157.0,8.16,,626.0,,,35.0,313.0,,23.0,,7.19
DoE_SurfaceGroundWaterReport_2021_2023,river,Gorai,Kamarkhali Bridge,2023-12-01,2023,12,dry,,,,5.17,,118.0,7.07,,472.0,,,29.0,236.0,,27.0,,7.22
DoE_SurfaceGroundWaterReport_2021_2023,river,Halda,Garduara Sluice Gate,2022-01-01,2022,1,dry,,,,15.0,15.0,,7.32,,131.5,,,,67.1,,,,7.34
DoE_SurfaceGroundWaterReport_2021_2023,river,Halda,Garduara Sluice Gate,2022-02-01,2022,2,dry,,,,14.0,14.0,,6.24,,141.5,,,,97.1,,,,7.46
DoE_SurfaceGroundWaterReport_2021_2023,river,Halda,Garduara Sluice Gate,2022-03-01,2022,3,dry,,,,13.0,13.0,,6.24,,219.0,,,,93.3,,,,7.72
DoE_SurfaceGroundWaterReport_2021_2023,river,Halda,Garduara Sluice Gate,2022-04-01,2022,4,dry,,,,13.0,13.0,,6.11,,218.5,,,,113.3,,,,7.79
DoE_SurfaceGroundWaterReport_2021_2023,river,Halda,Garduara Sluice Gate,2022-05-01,2022,5,wet,,,,14.0,14.0,,5.69,,238.5,,,,152.3,,,,7.59
DoE_SurfaceGroundWaterReport_2021_2023,river,Halda,Garduara Sluice Gate,2022-06-01,2022,6,wet,,,,12.0,12.0,,5.67,,112.4,,,,58.1,,,,6.89
DoE_SurfaceGroundWaterReport_2021_2023,river,Halda,Garduara Sluice Gate,2022-07-01,2022,7,wet,,,,10.0,10.0,,5.2,,137.5,,,,94.1,,,,6.94
DoE_SurfaceGroundWaterReport_2021_2023,river,Halda,Garduara Sluice Gate,2022-08-01,2022,8,wet,,,,11.0,11.0,,5.39,,145.5,,,,98.5,,,,7.2
DoE_SurfaceGroundWaterReport_2021_2023,river,Halda,Garduara Sluice Gate,2022-09-01,2022,9,wet,,,,9.0,9.0,,6.55,,115.0,,,,62.6,,,,7.61
DoE_SurfaceGroundWaterReport_2021_2023,river,Halda,Garduara Sluice Gate,2022-10-01,2022,10,wet,,,,10.0,10.0,,8.22,,124.0,,,,108.7,,,,8.58
DoE_SurfaceGroundWaterReport_2021_2023,river,Halda,Garduara Sluice gate,2021-01-01,2021,1,dry,,,,10.0,45.0,,7.82,,,,,136.0,74.7,,,,9.03
DoE_SurfaceGroundWaterReport_2021_2023,river,Halda,Garduara Sluice gate,2021-02-01,2021,2,dry,,,,7.0,20.0,,7.4,,,,,32.0,67.4,,,,8.02
DoE_SurfaceGroundWaterReport_2021_2023,river,Halda,Garduara Sluice gate,2021-03-01,2021,3,dry,,,,5.0,23.0,,7.56,,,,,42.0,89.4,,,,7.89
DoE_SurfaceGroundWaterReport_2021_2023,river,Halda,Garduara Sluice gate,2021-04-01,2021,4,dry,,,,5.0,20.0,,7.61,,,,,48.0,79.5,,,,7.71
DoE_SurfaceGroundWaterReport_2021_2023,river,Halda,Garduara Sluice gate,2021-05-01,2021,5,wet,,,,6.0,25.0,,7.29,,,,,89.0,540.0,,,,8.09
DoE_SurfaceGroundWaterReport_2021_2023,river,Halda,Garduara Sluice gate,2021-06-01,2021,6,wet,,,,4.0,18.0,,6.37,,,,,481.0,79.8,,,,8.64
DoE_SurfaceGroundWaterReport_2021_2023,river,Halda,Garduara Sluice gate,2021-07-01,2021,7,wet,,,,4.0,18.0,,4.25,,,,,135.0,51.8,,,,8.14
DoE_SurfaceGroundWaterReport_2021_2023,river,Halda,Garduara Sluice gate,2021-08-01,2021,8,wet,,,,4.0,15.0,,5.34,,,,,142.0,51.3,,,,7.55
DoE_SurfaceGroundWaterReport_2021_2023,river,Halda,Garduara Sluice gate,2021-09-01,2021,9,wet,,,,3.0,9.0,,5.85,,,,,63.0,53.3,,,,7.02
DoE_SurfaceGroundWaterReport_2021_2023,river,Halda,Garduara Sluice gate,2021-10-01,2021,10,wet,,,,4.0,13.0,,5.4,,,,,45.0,46.0,,,,7.35
DoE_SurfaceGroundWaterReport_2021_2023,river,Halda,Garduara Sluice gate,2021-11-01,2021,11,dry,,,,5.0,14.0,,8.12,,,,,24.0,15.64,,,,7.26
DoE_SurfaceGroundWaterReport_2021_2023,river,Halda,Garduara Sluice gate,2021-12-01,2021,12,dry,,,,4.0,11.0,,7.44,,,,,37.0,38.0,,,,7.34
DoE_SurfaceGroundWaterReport_2021_2023,river,Halda,Garduara Sluice gate,2023-01-01,2023,1,dry,,,,4.0,11.0,,8.46,,242.0,,,39.0,,,,,6.88
DoE_SurfaceGroundWaterReport_2021_2023,river,Halda,Garduara Sluice gate,2023-02-01,2023,2,dry,,,,4.0,9.0,,5.02,,400.0,,,28.0,,,,,6.27
DoE_SurfaceGroundWaterReport_2021_2023,river,Halda,Garduara Sluice gate,2023-03-01,2023,3,dry,,,,5.0,12.0,,8.26,,318.0,,,29.0,,,,,6.98
DoE_SurfaceGroundWaterReport_2021_2023,river,Halda,Garduara Sluice gate,2023-04-01,2023,4,dry,,,,4.0,10.0,,7.31,,391.0,,,44.0,,,,,7.29
DoE_SurfaceGroundWaterReport_2021_2023,river,Halda,Garduara Sluice gate,2023-05-01,2023,5,wet,,,,4.0,9.0,,7.51,,400.0,,,43.0,,,,,5.98
DoE_SurfaceGroundWaterReport_2021_2023,river,Halda,Garduara Sluice gate,2023-06-01,2023,6,wet,,,,3.0,8.0,,6.39,,418.0,,,67.0,,,,,6.21
DoE_SurfaceGroundWaterReport_2021_2023,river,Halda,Garduara Sluice gate,2023-07-01,2023,7,wet,,,,4.0,8.0,,7.48,,412.0,,,68.0,,,,,6.38
DoE_SurfaceGroundWaterReport_2021_2023,river,Halda,Garduara Sluice gate,2023-08-01,2023,8,wet,,,,3.0,6.0,,6.78,,326.0,,,61.0,,,,,6.52
DoE_SurfaceGroundWaterReport_2021_2023,river,Halda,Garduara Sluice gate,2023-09-01,2023,9,wet,,,,4.0,10.0,,7.12,,330.0,,,49.0,,,,,6.49
DoE_SurfaceGroundWaterReport_2021_2023,river,Halda,Garduara Sluice gate,2023-10-01,2023,10,wet,,,,3.0,8.0,,6.46,,336.0,,,45.0,,,,,6.65
DoE_SurfaceGroundWaterReport_2021_2023,river,Halda,Garduara Sluice gate,2023-11-01,2023,11,dry,,,,4.0,9.0,,7.41,,212.6,,,35.0,,,,,6.9
DoE_SurfaceGroundWaterReport_2021_2023,river,Halda,Garduara Sluice gate,2023-12-01,2023,12,dry,,,,4.0,10.0,,7.41,,198.0,,,40.0,,,,,7.12
DoE_SurfaceGroundWaterReport_2021_2023,river,Halda,Halda Bridge,2021-01-01,2021,1,dry,,,,9.0,36.0,,7.75,,,,,139.0,75.1,,,,8.98
DoE_SurfaceGroundWaterReport_2021_2023,river,Halda,Halda Bridge,2021-02-01,2021,2,dry,,,,4.0,15.0,,7.68,,,,,37.0,69.9,,,,7.55
DoE_SurfaceGroundWaterReport_2021_2023,river,Halda,Halda Bridge,2021-03-01,2021,3,dry,,,,4.0,19.0,,7.74,,,,,49.0,73.9,,,,7.67
DoE_SurfaceGroundWaterReport_2021_2023,river,Halda,Halda Bridge,2021-04-01,2021,4,dry,,,,4.0,19.0,,7.74,,,,,49.0,73.9,,,,7.76
DoE_SurfaceGroundWaterReport_2021_2023,river,Halda,Halda Bridge,2021-05-01,2021,5,wet,,,,4.0,20.0,,7.72,,,,,176.0,190.2,,,,8.48
DoE_SurfaceGroundWaterReport_2021_2023,river,Halda,Halda Bridge,2021-06-01,2021,6,wet,,,,5.0,22.0,,6.01,,,,,548.0,72.3,,,,8.38
DoE_SurfaceGroundWaterReport_2021_2023,river,Halda,Halda Bridge,2021-07-01,2021,7,wet,,,,5.0,17.0,,4.17,,,,,139.0,49.7,,,,8.09
DoE_SurfaceGroundWaterReport_2021_2023,river,Halda,Halda Bridge,2021-08-01,2021,8,wet,,,,6.0,18.0,,5.52,,,,,113.0,66.3,,,,7.72
DoE_SurfaceGroundWaterReport_2021_2023,river,Halda,Halda Bridge,2021-09-01,2021,9,wet,,,,4.0,12.0,,5.38,,,,,37.0,69.1,,,,7.61
DoE_SurfaceGroundWaterReport_2021_2023,river,Halda,Halda Bridge,2021-10-01,2021,10,wet,,,,5.0,12.0,,6.12,,,,,98.0,49.3,,,,7.56
DoE_SurfaceGroundWaterReport_2021_2023,river,Halda,Halda Bridge,2021-11-01,2021,11,dry,,,,4.0,10.0,,8.26,,,,,15.0,17.2,,,,7.43
DoE_SurfaceGroundWaterReport_2021_2023,river,Halda,Halda Bridge,2021-12-01,2021,12,dry,,,,5.0,14.0,,7.22,,,,,59.0,64.2,,,,7.45
DoE_SurfaceGroundWaterReport_2021_2023,river,Halda,Halda Bridge,2022-01-01,2022,1,dry,,,,12.0,12.0,,7.11,,124.7,,,,63.7,,,,7.45
DoE_SurfaceGroundWaterReport_2021_2023,river,Halda,Halda Bridge,2022-02-01,2022,2,dry,,,,15.0,15.0,,6.12,,134.5,,,,55.7,,,,7.55
DoE_SurfaceGroundWaterReport_2021_2023,river,Halda,Halda Bridge,2022-03-01,2022,3,dry,,,,16.0,16.0,,6.12,,236.0,,,,101.9,,,,7.64
DoE_SurfaceGroundWaterReport_2021_2023,river,Halda,Halda Bridge,2022-04-01,2022,4,dry,,,,12.0,12.0,,5.89,,245.0,,,,124.5,,,,7.72
DoE_SurfaceGroundWaterReport_2021_2023,river,Halda,Halda Bridge,2022-05-01,2022,5,wet,,,,11.0,11.0,,5.63,,179.5,,,,98.5,,,,7.85
DoE_SurfaceGroundWaterReport_2021_2023,river,Halda,Halda Bridge,2022-06-01,2022,6,wet,,,,10.0,10.0,,6.19,,74.8,,,,39.5,,,,6.62
DoE_SurfaceGroundWaterReport_2021_2023,river,Halda,Halda Bridge,2022-07-01,2022,7,wet,,,,9.0,9.0,,6.2,,123.5,,,,68.5,,,,6.72
DoE_SurfaceGroundWaterReport_2021_2023,river,Halda,Halda Bridge,2022-08-01,2022,8,wet,,,,10.0,10.0,,6.43,,134.5,,,,87.5,,,,6.84
DoE_SurfaceGroundWaterReport_2021_2023,river,Halda,Halda Bridge,2022-09-01,2022,9,wet,,,,14.0,14.0,,7.74,,110.5,,,,58.7,,,,7.77
DoE_SurfaceGroundWaterReport_2021_2023,river,Halda,Halda Bridge,2022-10-01,2022,10,wet,,,,12.5,12.5,,8.21,,207.1,,,,168.2,,,,8.63
DoE_SurfaceGroundWaterReport_2021_2023,river,Halda,Halda Bridge,2023-01-01,2023,1,dry,,,,5.0,10.0,,6.93,,221.0,,,46.0,,,,,6.79
DoE_SurfaceGroundWaterReport_2021_2023,river,Halda,Halda Bridge,2023-02-01,2023,2,dry,,,,3.0,9.0,,6.26,,309.0,,,32.0,,,,,6.08
DoE_SurfaceGroundWaterReport_2021_2023,river,Halda,Halda Bridge,2023-03-01,2023,3,dry,,,,4.0,9.0,,6.48,,242.0,,,36.0,,,,,6.89
DoE_SurfaceGroundWaterReport_2021_2023,river,Halda,Halda Bridge,2023-04-01,2023,4,dry,,,,5.0,11.0,,6.32,,344.0,,,28.0,,,,,7.25
DoE_SurfaceGroundWaterReport_2021_2023,river,Halda,Halda Bridge,2023-05-01,2023,5,wet,,,,4.0,10.0,,6.1,,309.0,,,34.0,,,,,6.26
DoE_SurfaceGroundWaterReport_2021_2023,river,Halda,Halda Bridge,2023-06-01,2023,6,wet,,,,3.0,7.0,,7.24,,378.0,,,89.0,,,,,6.49
DoE_SurfaceGroundWaterReport_2021_2023,river,Halda,Halda Bridge,2023-07-01,2023,7,wet,,,,3.0,8.0,,7.63,,318.0,,,59.0,,,,,6.46
DoE_SurfaceGroundWaterReport_2021_2023,river,Halda,Halda Bridge,2023-08-01,2023,8,wet,,,,2.0,5.0,,7.01,,262.0,,,55.0,,,,,6.55
DoE_SurfaceGroundWaterReport_2021_2023,river,Halda,Halda Bridge,2023-09-01,2023,9,wet,,,,3.0,9.0,,6.98,,285.0,,,40.0,,,,,6.71
DoE_SurfaceGroundWaterReport_2021_2023,river,Halda,Halda Bridge,2023-10-01,2023,10,wet,,,,3.0,9.0,,6.88,,310.0,,,42.0,,,,,6.79
DoE_SurfaceGroundWaterReport_2021_2023,river,Halda,Halda Bridge,2023-11-01,2023,11,dry,,,,3.0,8.0,,7.06,,189.7,,,47.0,,,,,6.96
DoE_SurfaceGroundWaterReport_2021_2023,river,Halda,Halda Bridge,2023-12-01,2023,12,dry,,,,4.0,12.0,,7.06,,181.0,,,41.2,,,,,7.26
DoE_SurfaceGroundWaterReport_2021_2023,river,Halda,Maduna Ghat,2021-01-01,2021,1,dry,,,,12.0,60.0,,8.0,,,,,169.0,,,,,8.95
DoE_SurfaceGroundWaterReport_2021_2023,river,Halda,Maduna Ghat,2021-02-01,2021,2,dry,,,,6.0,20.0,,7.8,,,,,29.0,,,,,7.54
DoE_SurfaceGroundWaterReport_2021_2023,river,Halda,Maduna Ghat,2021-03-01,2021,3,dry,,,,7.0,25.0,,7.78,,,,,36.0,,,,,7.62
DoE_SurfaceGroundWaterReport_2021_2023,river,Halda,Maduna Ghat,2021-04-01,2021,4,dry,,,,6.0,21.0,,7.69,,,,,28.0,,,,,7.72
DoE_SurfaceGroundWaterReport_2021_2023,river,Halda,Maduna Ghat,2021-05-01,2021,5,wet,,,,7.0,28.0,,7.43,,,,,219.0,,,,,8.57
DoE_SurfaceGroundWaterReport_2021_2023,river,Halda,Maduna Ghat,2021-06-01,2021,6,wet,,,,6.0,24.0,,5.91,,,,,151.0,,,,,8.31
DoE_SurfaceGroundWaterReport_2021_2023,river,Halda,Maduna Ghat,2021-07-01,2021,7,wet,,,,6.0,20.0,,5.05,,,,,121.0,,,,,8.34
DoE_SurfaceGroundWaterReport_2021_2023,river,Halda,Maduna Ghat,2021-08-01,2021,8,wet,,,,4.0,16.0,,5.74,,,,,105.0,,,,,7.62
DoE_SurfaceGroundWaterReport_2021_2023,river,Halda,Maduna Ghat,2021-09-01,2021,9,wet,,,,3.0,10.0,,5.76,,,,,76.0,,,,,7.12
DoE_SurfaceGroundWaterReport_2021_2023,river,Halda,Maduna Ghat,2021-10-01,2021,10,wet,,,,5.0,15.0,,5.49,,,,,67.0,,,,,7.43
DoE_SurfaceGroundWaterReport_2021_2023,river,Halda,Maduna Ghat,2021-11-01,2021,11,dry,,,,4.0,13.0,,8.07,,,,,14.0,,,,,7.47
DoE_SurfaceGroundWaterReport_2021_2023,river,Halda,Maduna Ghat,2021-12-01,2021,12,dry,,,,4.0,17.0,,7.89,,,,,46.0,,,,,7.49
DoE_SurfaceGroundWaterReport_2021_2023,river,Halda,Maduna Ghat,2022-01-01,2022,1,dry,,,,14.0,14.0,,7.45,,119.7,,,,63.1,,,,7.49
DoE_SurfaceGroundWaterReport_2021_2023,river,Halda,Maduna Ghat,2022-02-01,2022,2,dry,,,,16.0,16.0,,6.12,,129.7,,,,73.6,,,,7.57
DoE_SurfaceGroundWaterReport_2021_2023,river,Halda,Maduna Ghat,2022-03-01,2022,3,dry,,,,14.0,14.0,,6.12,,214.5,,,,92.8,,,,7.47
DoE_SurfaceGroundWaterReport_2021_2023,river,Halda,Maduna Ghat,2022-04-01,2022,4,dry,,,,11.0,11.0,,5.96,,189.5,,,,98.5,,,,7.53
DoE_SurfaceGroundWaterReport_2021_2023,river,Halda,Maduna Ghat,2022-05-01,2022,5,wet,,,,12.0,12.0,,5.49,,213.5,,,,113.5,,,,7.67
DoE_SurfaceGroundWaterReport_2021_2023,river,Halda,Maduna Ghat,2022-06-01,2022,6,wet,,,,13.0,13.0,,5.69,,106.5,,,,56.7,,,,6.57
DoE_SurfaceGroundWaterReport_2021_2023,river,Halda,Maduna Ghat,2022-07-01,2022,7,wet,,,,12.0,12.0,,5.67,,168.5,,,,69.7,,,,6.76
DoE_SurfaceGroundWaterReport_2021_2023,river,Halda,Maduna Ghat,2022-08-01,2022,8,wet,,,,9.0,9.0,,5.74,,121.5,,,,58.7,,,,6.87
DoE_SurfaceGroundWaterReport_2021_2023,river,Halda,Maduna Ghat,2022-09-01,2022,9,wet,,,,15.5,15.5,,7.92,,101.5,,,,56.7,,,,7.4
DoE_SurfaceGroundWaterReport_2021_2023,river,Halda,Maduna Ghat,2022-10-01,2022,10,wet,,,,13.4,13.4,,8.28,,136.9,,,,144.0,,,,8.45
DoE_SurfaceGroundWaterReport_2021_2023,river,Halda,Maduna Ghat,2023-01-01,2023,1,dry,,,,4.0,9.0,,7.12,,235.0,,,58.0,,,,,7.0
DoE_SurfaceGroundWaterReport_2021_2023,river,Halda,Maduna Ghat,2023-02-01,2023,2,dry,,,,5.0,11.0,,6.53,,790.0,,,42.0,,,,,6.46
DoE_SurfaceGroundWaterReport_2021_2023,river,Halda,Maduna Ghat,2023-03-01,2023,3,dry,,,,4.0,10.0,,7.22,,275.0,,,40.0,,,,,7.2
DoE_SurfaceGroundWaterReport_2021_2023,river,Halda,Maduna Ghat,2023-04-01,2023,4,dry,,,,3.0,9.0,,6.63,,336.0,,,30.0,,,,,7.31
DoE_SurfaceGroundWaterReport_2021_2023,river,Halda,Maduna Ghat,2023-05-01,2023,5,wet,,,,5.0,11.0,,7.13,,790.0,,,37.0,,,,,6.53
DoE_SurfaceGroundWaterReport_2021_2023,river,Halda,Maduna Ghat,2023-06-01,2023,6,wet,,,,4.0,11.0,,6.49,,479.0,,,58.0,,,,,6.78
DoE_SurfaceGroundWaterReport_2021_2023,river,Halda,Maduna Ghat,2023-07-01,2023,7,wet,,,,4.0,10.0,,7.38,,348.0,,,45.0,,,,,6.33
DoE_SurfaceGroundWaterReport_2021_2023,river,Halda,Maduna Ghat,2023-08-01,2023,8,wet,,,,3.0,9.0,,6.49,,336.0,,,40.0,,,,,6.51
DoE_SurfaceGroundWaterReport_2021_2023,river,Halda,Maduna Ghat,2023-09-01,2023,9,wet,,,,3.0,8.0,,7.56,,340.0,,,32.0,,,,,6.55
DoE_SurfaceGroundWaterReport_2021_2023,river,Halda,Maduna Ghat,2023-10-01,2023,10,wet,,,,3.0,8.0,,6.19,,356.0,,,37.0,,,,,6.7
DoE_SurfaceGroundWaterReport_2021_2023,river,Halda,Maduna Ghat,2023-11-01,2023,11,dry,,,,4.0,9.0,,7.83,,114.4,,,41.0,,,,,6.81
DoE_SurfaceGroundWaterReport_2021_2023,river,Halda,Maduna Ghat,2023-12-01,2023,12,dry,,,,5.0,13.0,,7.83,,114.4,,,114.4,,,,,7.25
DoE_SurfaceGroundWaterReport_2021_2023,river,Jamuna,Horipur Kheya Ghat (D),2022-02-01,2022,2,dry,,,,2.3,,10.0,7.64,,,,,36.0,120.0,,,,7.74
DoE_SurfaceGroundWaterReport_2021_2023,river,Jamuna,Horipur Kheya Ghat (D),2022-03-01,2022,3,dry,,,,2.4,,10.0,7.62,,,,,36.0,120.0,,,,7.72
DoE_SurfaceGroundWaterReport_2021_2023,river,Jamuna,Horipur Kheya Ghat (D),2022-04-01,2022,4,dry,,,,2.4,,10.0,7.62,,,,,36.0,120.0,,,,7.72
DoE_SurfaceGroundWaterReport_2021_2023,river,Jamuna,Horipur Kheya Ghat (D),2022-05-01,2022,5,wet,,,,2.4,,10.0,7.62,,,,,36.0,120.0,,,,7.72
DoE_SurfaceGroundWaterReport_2021_2023,river,Jamuna,Horipur Kheya Ghat (D),2022-07-01,2022,7,wet,,,,,,10.0,,,,,,36.0,,,,,
DoE_SurfaceGroundWaterReport_2021_2023,river,Jamuna,Horipur Kheya Ghat (D),2022-08-01,2022,8,wet,,,,2.3,,10.0,7.62,,,,,36.0,133.0,,,,7.66
DoE_SurfaceGroundWaterReport_2021_2023,river,Jamuna,Horipur Kheya Ghat (D),2022-09-01,2022,9,wet,,,,2.4,,10.0,7.6,,,,,36.0,135.0,,,,7.6
DoE_SurfaceGroundWaterReport_2021_2023,river,Jamuna,Horipur Kheya Ghat (D),2022-10-01,2022,10,wet,,,,2.4,,10.0,7.62,,,,,36.0,135.0,,,,7.56
DoE_SurfaceGroundWaterReport_2021_2023,river,Jamuna,Horipur Kheya Ghat (D),2022-12-01,2022,12,dry,,,,2.4,,10.0,7.62,,,,,36.0,130.0,,,,7.62
DoE_SurfaceGroundWaterReport_2021_2023,river,Jamuna,Horipur Kheya Ghat (DN),2021-01-01,2021,1,dry,,,,2.3,,10.0,7.68,,,,,38.0,122.0,,,,7.68
DoE_SurfaceGroundWaterReport_2021_2023,river,Jamuna,Horipur Kheya Ghat (DN),2021-02-01,2021,2,dry,,,,2.3,,10.0,7.66,,,,,36.0,121.0,,,,7.63
DoE_SurfaceGroundWaterReport_2021_2023,river,Jamuna,Horipur Kheya Ghat (DN),2021-03-01,2021,3,dry,,,,2.2,,10.0,8.12,,,,,39.0,131.0,,,,8.13
DoE_SurfaceGroundWaterReport_2021_2023,river,Jamuna,Horipur Kheya Ghat (DN),2021-04-01,2021,4,dry,,,,2.2,,10.0,8.1,,,,,38.0,132.0,,,,8.11
DoE_SurfaceGroundWaterReport_2021_2023,river,Jamuna,Horipur Kheya Ghat (DN),2021-05-01,2021,5,wet,,,,2.2,,10.0,7.66,,,,,34.0,118.0,,,,7.82
DoE_SurfaceGroundWaterReport_2021_2023,river,Jamuna,Horipur Kheya Ghat (DN),2021-06-01,2021,6,wet,,,,2.2,,10.0,7.68,,,,,36.0,121.0,,,,7.74
DoE_SurfaceGroundWaterReport_2021_2023,river,Jamuna,Horipur Kheya Ghat (DN),2021-08-01,2021,8,wet,,,,2.3,,10.0,7.64,,,,,34.0,124.0,,,,7.68
DoE_SurfaceGroundWaterReport_2021_2023,river,Jamuna,Horipur Kheya Ghat (DN),2021-09-01,2021,9,wet,,,,2.2,,10.0,7.72,,,,,38.0,124.0,,,,7.7
DoE_SurfaceGroundWaterReport_2021_2023,river,Jamuna,Horipur Kheya Ghat (DN),2021-10-01,2021,10,wet,,,,2.2,,10.0,7.66,,,,,38.0,123.0,,,,7.7
DoE_SurfaceGroundWaterReport_2021_2023,river,Jamuna,Horipur Kheya Ghat (DN),2021-11-01,2021,11,dry,,,,2.2,,10.0,7.66,,,,,36.0,124.0,,,,7.76
DoE_SurfaceGroundWaterReport_2021_2023,river,Jamuna,Horipur Kheya Ghat (DN),2021-12-01,2021,12,dry,,,,2.2,,10.0,7.68,,,,,36.0,121.0,,,,7.76
DoE_SurfaceGroundWaterReport_2021_2023,river,Jamuna,Horipur Kheya Ghat (U),2022-02-01,2022,2,dry,,,,2.3,,10.0,7.64,,,,,36.0,120.0,,,,7.74
DoE_SurfaceGroundWaterReport_2021_2023,river,Jamuna,Horipur Kheya Ghat (U),2022-03-01,2022,3,dry,,,,2.4,,10.0,7.62,,,,,36.0,120.0,,,,7.72
DoE_SurfaceGroundWaterReport_2021_2023,river,Jamuna,Horipur Kheya Ghat (U),2022-04-01,2022,4,dry,,,,2.4,,10.0,7.62,,,,,36.0,120.0,,,,7.72
DoE_SurfaceGroundWaterReport_2021_2023,river,Jamuna,Horipur Kheya Ghat (U),2022-05-01,2022,5,wet,,,,2.4,,10.0,7.62,,,,,36.0,120.0,,,,7.72
DoE_SurfaceGroundWaterReport_2021_2023,river,Jamuna,Horipur Kheya Ghat (U),2022-07-01,2022,7,wet,,,,,,10.0,,,,,,36.0,,,,,
DoE_SurfaceGroundWaterReport_2021_2023,river,Jamuna,Horipur Kheya Ghat (U),2022-08-01,2022,8,wet,,,,2.3,,10.0,7.62,,,,,36.0,133.0,,,,7.66
DoE_SurfaceGroundWaterReport_2021_2023,river,Jamuna,Horipur Kheya Ghat (U),2022-09-01,2022,9,wet,,,,2.4,,10.0,7.6,,,,,36.0,135.0,,,,7.6
DoE_SurfaceGroundWaterReport_2021_2023,river,Jamuna,Horipur Kheya Ghat (U),2022-10-01,2022,10,wet,,,,2.4,,10.0,7.62,,,,,36.0,135.0,,,,7.56
DoE_SurfaceGroundWaterReport_2021_2023,river,Jamuna,Horipur Kheya Ghat (U),2022-12-01,2022,12,dry,,,,2.4,,10.0,7.62,,,,,36.0,130.0,,,,7.62
DoE_SurfaceGroundWaterReport_2021_2023,river,Jamuna,Horipur Kheya Ghat (UP),2021-01-01,2021,1,dry,,,,2.3,,10.0,7.68,,,,,38.0,122.0,,,,7.68
DoE_SurfaceGroundWaterReport_2021_2023,river,Jamuna,Horipur Kheya Ghat (UP),2021-02-01,2021,2,dry,,,,2.3,,10.0,7.66,,,,,36.0,121.0,,,,7.63
DoE_SurfaceGroundWaterReport_2021_2023,river,Jamuna,Horipur Kheya Ghat (UP),2021-03-01,2021,3,dry,,,,2.2,,10.0,8.12,,,,,39.0,131.0,,,,8.13
DoE_SurfaceGroundWaterReport_2021_2023,river,Jamuna,Horipur Kheya Ghat (UP),2021-04-01,2021,4,dry,,,,2.2,,10.0,8.1,,,,,38.0,132.0,,,,8.11
DoE_SurfaceGroundWaterReport_2021_2023,river,Jamuna,Horipur Kheya Ghat (UP),2021-05-01,2021,5,wet,,,,2.2,,10.0,7.66,,,,,34.0,118.0,,,,7.82
DoE_SurfaceGroundWaterReport_2021_2023,river,Jamuna,Horipur Kheya Ghat (UP),2021-06-01,2021,6,wet,,,,2.2,,10.0,7.68,,,,,36.0,121.0,,,,7.74
DoE_SurfaceGroundWaterReport_2021_2023,river,Jamuna,Horipur Kheya Ghat (UP),2021-08-01,2021,8,wet,,,,2.3,,10.0,7.64,,,,,34.0,124.0,,,,7.68
DoE_SurfaceGroundWaterReport_2021_2023,river,Jamuna,Horipur Kheya Ghat (UP),2021-09-01,2021,9,wet,,,,2.2,,10.0,7.72,,,,,38.0,124.0,,,,7.7
DoE_SurfaceGroundWaterReport_2021_2023,river,Jamuna,Horipur Kheya Ghat (UP),2021-10-01,2021,10,wet,,,,2.2,,10.0,7.66,,,,,38.0,123.0,,,,7.7
DoE_SurfaceGroundWaterReport_2021_2023,river,Jamuna,Horipur Kheya Ghat (UP),2021-11-01,2021,11,dry,,,,2.2,,10.0,7.66,,,,,36.0,124.0,,,,7.76
DoE_SurfaceGroundWaterReport_2021_2023,river,Jamuna,Horipur Kheya Ghat (UP),2021-12-01,2021,12,dry,,,,2.2,,10.0,7.68,,,,,36.0,121.0,,,,7.76
DoE_SurfaceGroundWaterReport_2021_2023,river,Jamuna,Horipur Kheya ghat (Dn),2023-01-01,2023,1,dry,,,,2.5,,,7.6,,262.0,,,36.0,131.0,,,,7.52
DoE_SurfaceGroundWaterReport_2021_2023,river,Jamuna,Horipur Kheya ghat (Dn),2023-02-01,2023,2,dry,,,,2.2,,,7.6,,264.0,,,36.0,132.0,,,,7.6
DoE_SurfaceGroundWaterReport_2021_2023,river,Jamuna,Horipur Kheya ghat (Dn),2023-04-01,2023,4,dry,,,,2.1,,,7.5,,280.0,,,36.0,140.0,,,,7.45
DoE_SurfaceGroundWaterReport_2021_2023,river,Jamuna,Horipur Kheya ghat (Dn),2023-05-01,2023,5,wet,,,,2.2,,,7.52,,270.0,,,36.0,135.0,,,,7.4
DoE_SurfaceGroundWaterReport_2021_2023,river,Jamuna,Horipur Kheya ghat (Dn),2023-06-01,2023,6,wet,,,,2.4,,,7.5,,280.0,,,36.0,140.0,,,,7.5
DoE_SurfaceGroundWaterReport_2021_2023,river,Jamuna,Horipur Kheya ghat (Dn),2023-07-01,2023,7,wet,,,,2.5,,,7.52,,280.0,,,36.0,140.0,,,,7.52
DoE_SurfaceGroundWaterReport_2021_2023,river,Jamuna,Horipur Kheya ghat (Dn),2023-08-01,2023,8,wet,,,,2.4,,,7.52,,284.0,,,36.0,142.0,,,,7.5
DoE_SurfaceGroundWaterReport_2021_2023,river,Jamuna,Horipur Kheya ghat (Dn),2023-09-01,2023,9,wet,,,,2.5,,,7.52,,280.0,,,36.0,140.0,,,,7.52
DoE_SurfaceGroundWaterReport_2021_2023,river,Jamuna,Horipur Kheya ghat (Dn),2023-10-01,2023,10,wet,,,,2.4,,,7.5,,284.0,,,36.0,142.0,,,,7.45
DoE_SurfaceGroundWaterReport_2021_2023,river,Jamuna,Horipur Kheya ghat (Dn),2023-11-01,2023,11,dry,,,,2.5,,,7.45,,300.0,,,36.0,150.0,,,,7.45
DoE_SurfaceGroundWaterReport_2021_2023,river,Jamuna,Horipur Kheya ghat (Dn),2023-12-01,2023,12,dry,,,,2.5,,,7.44,,302.0,,,36.0,151.0,,,,7.44
DoE_SurfaceGroundWaterReport_2021_2023,river,Jamuna,Horipur Kheya ghat (Up),2023-01-01,2023,1,dry,,,,2.5,,,7.6,,262.0,,,36.0,131.0,,,,7.52
DoE_SurfaceGroundWaterReport_2021_2023,river,Jamuna,Horipur Kheya ghat (Up),2023-02-01,2023,2,dry,,,,2.2,,,7.6,,264.0,,,36.0,132.0,,,,7.6
DoE_SurfaceGroundWaterReport_2021_2023,river,Jamuna,Horipur Kheya ghat (Up),2023-04-01,2023,4,dry,,,,2.1,,,7.5,,280.0,,,36.0,140.0,,,,7.45
DoE_SurfaceGroundWaterReport_2021_2023,river,Jamuna,Horipur Kheya ghat (Up),2023-05-01,2023,5,wet,,,,2.2,,,7.52,,270.0,,,36.0,135.0,,,,7.4
DoE_SurfaceGroundWaterReport_2021_2023,river,Jamuna,Horipur Kheya ghat (Up),2023-06-01,2023,6,wet,,,,2.4,,,7.5,,280.0,,,36.0,140.0,,,,7.5
DoE_SurfaceGroundWaterReport_2021_2023,river,Jamuna,Horipur Kheya ghat (Up),2023-07-01,2023,7,wet,,,,2.5,,,7.52,,280.0,,,36.0,140.0,,,,7.52
DoE_SurfaceGroundWaterReport_2021_2023,river,Jamuna,Horipur Kheya ghat (Up),2023-08-01,2023,8,wet,,,,2.4,,,7.52,,284.0,,,36.0,142.0,,,,7.5
DoE_SurfaceGroundWaterReport_2021_2023,river,Jamuna,Horipur Kheya ghat (Up),2023-09-01,2023,9,wet,,,,2.5,,,7.52,,280.0,,,36.0,140.0,,,,7.52
DoE_SurfaceGroundWaterReport_2021_2023,river,Jamuna,Horipur Kheya ghat (Up),2023-10-01,2023,10,wet,,,,2.4,,,7.5,,284.0,,,36.0,142.0,,,,7.45
DoE_SurfaceGroundWaterReport_2021_2023,river,Jamuna,Horipur Kheya ghat (Up),2023-11-01,2023,11,dry,,,,2.5,,,7.45,,300.0,,,36.0,150.0,,,,7.45
DoE_SurfaceGroundWaterReport_2021_2023,river,Jamuna,Horipur Kheya ghat (Up),2023-12-01,2023,12,dry,,,,2.5,,,7.44,,302.0,,,36.0,151.0,,,,7.44
DoE_SurfaceGroundWaterReport_2021_2023,river,Jamuna,Jamuna Eco Park (D),2022-02-01,2022,2,dry,,,,2.2,,11.0,7.62,,,,,40.0,128.0,,,,7.54
DoE_SurfaceGroundWaterReport_2021_2023,river,Jamuna,Jamuna Eco Park (D),2022-03-01,2022,3,dry,,,,2.3,,11.0,7.64,,,,,40.0,128.0,,,,7.52
DoE_SurfaceGroundWaterReport_2021_2023,river,Jamuna,Jamuna Eco Park (D),2022-04-01,2022,4,dry,,,,2.3,,11.0,7.64,,,,,40.0,128.0,,,,7.52
DoE_SurfaceGroundWaterReport_2021_2023,river,Jamuna,Jamuna Eco Park (D),2022-05-01,2022,5,wet,,,,2.3,,11.0,7.64,,,,,40.0,128.0,,,,7.52
DoE_SurfaceGroundWaterReport_2021_2023,river,Jamuna,Jamuna Eco Park (D),2022-07-01,2022,7,wet,,,,,,11.0,,,,,,40.0,,,,,
DoE_SurfaceGroundWaterReport_2021_2023,river,Jamuna,Jamuna Eco Park (D),2022-08-01,2022,8,wet,,,,2.3,,11.0,7.62,,,,,40.0,128.0,,,,7.56
DoE_SurfaceGroundWaterReport_2021_2023,river,Jamuna,Jamuna Eco Park (D),2022-09-01,2022,9,wet,,,,2.4,,11.0,7.62,,,,,40.0,130.0,,,,7.55
DoE_SurfaceGroundWaterReport_2021_2023,river,Jamuna,Jamuna Eco Park (D),2022-10-01,2022,10,wet,,,,2.4,,11.0,7.64,,,,,40.0,130.0,,,,7.52
DoE_SurfaceGroundWaterReport_2021_2023,river,Jamuna,Jamuna Eco Park (D),2022-12-01,2022,12,dry,,,,2.4,,11.0,7.6,,,,,40.0,132.0,,,,7.54
DoE_SurfaceGroundWaterReport_2021_2023,river,Jamuna,Jamuna Eco Park (DN),2021-01-01,2021,1,dry,,,,2.3,,13.0,7.78,,,,,38.0,113.0,,,,7.68
DoE_SurfaceGroundWaterReport_2021_2023,river,Jamuna,Jamuna Eco Park (DN),2021-02-01,2021,2,dry,,,,2.3,,12.0,7.76,,,,,36.0,115.0,,,,7.66
DoE_SurfaceGroundWaterReport_2021_2023,river,Jamuna,Jamuna Eco Park (DN),2021-03-01,2021,3,dry,,,,2.2,,11.0,7.6,,,,,40.0,128.0,,,,7.46
DoE_SurfaceGroundWaterReport_2021_2023,river,Jamuna,Jamuna Eco Park (DN),2021-04-01,2021,4,dry,,,,2.2,,11.0,7.62,,,,,38.0,128.0,,,,7.8
DoE_SurfaceGroundWaterReport_2021_2023,river,Jamuna,Jamuna Eco Park (DN),2021-05-01,2021,5,wet,,,,2.3,,11.0,7.66,,,,,40.0,126.0,,,,7.52
DoE_SurfaceGroundWaterReport_2021_2023,river,Jamuna,Jamuna Eco Park (DN),2021-06-01,2021,6,wet,,,,2.3,,11.0,7.6,,,,,40.0,128.0,,,,7.52
DoE_SurfaceGroundWaterReport_2021_2023,river,Jamuna,Jamuna Eco Park (DN),2021-08-01,2021,8,wet,,,,2.3,,11.0,7.58,,,,,38.0,127.0,,,,7.58
DoE_SurfaceGroundWaterReport_2021_2023,river,Jamuna,Jamuna Eco Park (DN),2021-09-01,2021,9,wet,,,,2.3,,11.0,7.62,,,,,36.0,128.0,,,,7.52
DoE_SurfaceGroundWaterReport_2021_2023,river,Jamuna,Jamuna Eco Park (DN),2021-10-01,2021,10,wet,,,,2.3,,11.0,,,,,,42.0,131.0,,,,7.48
DoE_SurfaceGroundWaterReport_2021_2023,river,Jamuna,Jamuna Eco Park (DN),2021-11-01,2021,11,dry,,,,2.3,,11.0,7.52,,,,,40.0,128.0,,,,7.52
DoE_SurfaceGroundWaterReport_2021_2023,river,Jamuna,Jamuna Eco Park (DN),2021-12-01,2021,12,dry,,,,2.3,,11.0,7.6,,,,,40.0,128.0,,,,7.54
DoE_SurfaceGroundWaterReport_2021_2023,river,Jamuna,Jamuna Eco Park (Dn),2023-01-01,2023,1,dry,,,,2.4,,,7.6,,264.0,,,40.0,132.0,,,,7.52
DoE_SurfaceGroundWaterReport_2021_2023,river,Jamuna,Jamuna Eco Park (Dn),2023-02-01,2023,2,dry,,,,2.4,,,7.6,,264.0,,,40.0,132.0,,,,7.52
DoE_SurfaceGroundWaterReport_2021_2023,river,Jamuna,Jamuna Eco Park (Dn),2023-04-01,2023,4,dry,,,,2.2,,,7.6,,266.0,,,40.0,133.0,,,,7.56
DoE_SurfaceGroundWaterReport_2021_2023,river,Jamuna,Jamuna Eco Park (Dn),2023-05-01,2023,5,wet,,,,2.2,,,7.62,,280.0,,,40.0,140.0,,,,7.52
DoE_SurfaceGroundWaterReport_2021_2023,river,Jamuna,Jamuna Eco Park (Dn),2023-06-01,2023,6,wet,,,,2.4,,,7.6,,286.0,,,40.0,143.0,,,,7.5
DoE_SurfaceGroundWaterReport_2021_2023,river,Jamuna,Jamuna Eco Park (Dn),2023-07-01,2023,7,wet,,,,2.3,,,7.6,,280.0,,,44.0,140.0,,,,7.48
DoE_SurfaceGroundWaterReport_2021_2023,river,Jamuna,Jamuna Eco Park (Dn),2023-08-01,2023,8,wet,,,,2.3,,,7.58,,282.0,,,44.0,141.0,,,,7.46
DoE_SurfaceGroundWaterReport_2021_2023,river,Jamuna,Jamuna Eco Park (Dn),2023-09-01,2023,9,wet,,,,2.3,,,7.58,,284.0,,,44.0,142.0,,,,7.44
DoE_SurfaceGroundWaterReport_2021_2023,river,Jamuna,Jamuna Eco Park (Dn),2023-10-01,2023,10,wet,,,,2.4,,,7.55,,290.0,,,44.0,145.0,,,,7.4
DoE_SurfaceGroundWaterReport_2021_2023,river,Jamuna,Jamuna Eco Park (Dn),2023-11-01,2023,11,dry,,,,2.4,,,7.5,,300.0,,,44.0,150.0,,,,7.46
DoE_SurfaceGroundWaterReport_2021_2023,river,Jamuna,Jamuna Eco Park (Dn),2023-12-01,2023,12,dry,,,,2.3,,,7.45,,306.0,,,44.0,153.0,,,,7.45
DoE_SurfaceGroundWaterReport_2021_2023,river,Jamuna,Jamuna Eco Park (U),2022-02-01,2022,2,dry,,,,2.2,,11.0,7.62,,,,,40.0,128.0,,,,7.54
DoE_SurfaceGroundWaterReport_2021_2023,river,Jamuna,Jamuna Eco Park (U),2022-03-01,2022,3,dry,,,,2.3,,11.0,7.64,,,,,40.0,128.0,,,,7.52
DoE_SurfaceGroundWaterReport_2021_2023,river,Jamuna,Jamuna Eco Park (U),2022-04-01,2022,4,dry,,,,2.3,,11.0,7.64,,,,,40.0,128.0,,,,7.52
DoE_SurfaceGroundWaterReport_2021_2023,river,Jamuna,Jamuna Eco Park (U),2022-05-01,2022,5,wet,,,,2.3,,11.0,7.64,,,,,40.0,128.0,,,,7.52
DoE_SurfaceGroundWaterReport_2021_2023,river,Jamuna,Jamuna Eco Park (U),2022-07-01,2022,7,wet,,,,,,11.0,,,,,,40.0,,,,,
DoE_SurfaceGroundWaterReport_2021_2023,river,Jamuna,Jamuna Eco Park (U),2022-08-01,2022,8,wet,,,,2.3,,11.0,7.62,,,,,40.0,128.0,,,,7.56
DoE_SurfaceGroundWaterReport_2021_2023,river,Jamuna,Jamuna Eco Park (U),2022-09-01,2022,9,wet,,,,2.4,,11.0,7.62,,,,,40.0,130.0,,,,7.55
DoE_SurfaceGroundWaterReport_2021_2023,river,Jamuna,Jamuna Eco Park (U),2022-10-01,2022,10,wet,,,,2.4,,11.0,7.64,,,,,40.0,130.0,,,,7.52
DoE_SurfaceGroundWaterReport_2021_2023,river,Jamuna,Jamuna Eco Park (U),2022-12-01,2022,12,dry,,,,2.4,,11.0,7.6,,,,,40.0,132.0,,,,7.54
DoE_SurfaceGroundWaterReport_2021_2023,river,Jamuna,Jamuna Eco Park (UP),2021-01-01,2021,1,dry,,,,2.3,,13.0,7.78,,,,,38.0,113.0,,,,7.68
DoE_SurfaceGroundWaterReport_2021_2023,river,Jamuna,Jamuna Eco Park (UP),2021-02-01,2021,2,dry,,,,2.3,,12.0,7.76,,,,,36.0,115.0,,,,7.66
DoE_SurfaceGroundWaterReport_2021_2023,river,Jamuna,Jamuna Eco Park (UP),2021-03-01,2021,3,dry,,,,2.2,,11.0,7.6,,,,,40.0,128.0,,,,7.46
DoE_SurfaceGroundWaterReport_2021_2023,river,Jamuna,Jamuna Eco Park (UP),2021-04-01,2021,4,dry,,,,2.2,,11.0,7.62,,,,,38.0,128.0,,,,7.8
DoE_SurfaceGroundWaterReport_2021_2023,river,Jamuna,Jamuna Eco Park (UP),2021-05-01,2021,5,wet,,,,2.3,,11.0,7.66,,,,,40.0,126.0,,,,7.52
DoE_SurfaceGroundWaterReport_2021_2023,river,Jamuna,Jamuna Eco Park (UP),2021-06-01,2021,6,wet,,,,2.3,,11.0,7.6,,,,,40.0,128.0,,,,7.52
DoE_SurfaceGroundWaterReport_2021_2023,river,Jamuna,Jamuna Eco Park (UP),2021-08-01,2021,8,wet,,,,2.3,,11.0,7.58,,,,,38.0,127.0,,,,7.58
DoE_SurfaceGroundWaterReport_2021_2023,river,Jamuna,Jamuna Eco Park (UP),2021-09-01,2021,9,wet,,,,2.3,,11.0,7.62,,,,,36.0,128.0,,,,7.52
DoE_SurfaceGroundWaterReport_2021_2023,river,Jamuna,Jamuna Eco Park (UP),2021-10-01,2021,10,wet,,,,2.3,,11.0,7.6,,,,,42.0,131.0,,,,7.48
DoE_SurfaceGroundWaterReport_2021_2023,river,Jamuna,Jamuna Eco Park (UP),2021-11-01,2021,11,dry,,,,2.3,,11.0,7.52,,,,,40.0,128.0,,,,7.52
DoE_SurfaceGroundWaterReport_2021_2023,river,Jamuna,Jamuna Eco Park (UP),2021-12-01,2021,12,dry,,,,2.3,,11.0,7.6,,,,,40.0,128.0,,,,7.54
DoE_SurfaceGroundWaterReport_2021_2023,river,Jamuna,Jamuna Eco Park (Up),2023-01-01,2023,1,dry,,,,2.4,,,7.6,,264.0,,,40.0,132.0,,,,7.52
DoE_SurfaceGroundWaterReport_2021_2023,river,Jamuna,Jamuna Eco Park (Up),2023-02-01,2023,2,dry,,,,2.4,,,7.6,,264.0,,,40.0,132.0,,,,7.52
DoE_SurfaceGroundWaterReport_2021_2023,river,Jamuna,Jamuna Eco Park (Up),2023-04-01,2023,4,dry,,,,2.2,,,7.6,,266.0,,,40.0,133.0,,,,7.56
DoE_SurfaceGroundWaterReport_2021_2023,river,Jamuna,Jamuna Eco Park (Up),2023-05-01,2023,5,wet,,,,2.2,,,7.62,,280.0,,,40.0,140.0,,,,7.52
DoE_SurfaceGroundWaterReport_2021_2023,river,Jamuna,Jamuna Eco Park (Up),2023-06-01,2023,6,wet,,,,2.4,,,7.6,,286.0,,,40.0,143.0,,,,7.5
DoE_SurfaceGroundWaterReport_2021_2023,river,Jamuna,Jamuna Eco Park (Up),2023-07-01,2023,7,wet,,,,2.3,,,7.6,,280.0,,,44.0,140.0,,,,7.48
DoE_SurfaceGroundWaterReport_2021_2023,river,Jamuna,Jamuna Eco Park (Up),2023-08-01,2023,8,wet,,,,2.3,,,7.58,,282.0,,,44.0,141.0,,,,7.46
DoE_SurfaceGroundWaterReport_2021_2023,river,Jamuna,Jamuna Eco Park (Up),2023-09-01,2023,9,wet,,,,2.3,,,7.58,,284.0,,,44.0,142.0,,,,7.44
DoE_SurfaceGroundWaterReport_2021_2023,river,Jamuna,Jamuna Eco Park (Up),2023-10-01,2023,10,wet,,,,2.4,,,7.55,,290.0,,,44.0,145.0,,,,7.4
DoE_SurfaceGroundWaterReport_2021_2023,river,Jamuna,Jamuna Eco Park (Up),2023-11-01,2023,11,dry,,,,2.4,,,7.5,,300.0,,,44.0,150.0,,,,7.46
DoE_SurfaceGroundWaterReport_2021_2023,river,Jamuna,Jamuna Eco Park (Up),2023-12-01,2023,12,dry,,,,2.3,,,7.45,,306.0,,,44.0,153.0,,,,7.45
DoE_SurfaceGroundWaterReport_2021_2023,river,Jamuna,Kakua,2021-01-01,2021,1,dry,,,,2.0,,11.0,4.7,,,,,13.0,149.0,,,,7.27
DoE_SurfaceGroundWaterReport_2021_2023,river,Jamuna,Kakua,2021-05-01,2021,5,wet,,,,8.0,,12.0,7.8,,,,,42.0,149.0,,,,7.13
DoE_SurfaceGroundWaterReport_2021_2023,river,Jamuna,Kakua,2021-08-01,2021,8,wet,,,,15.0,,5.0,7.5,,,,,428.0,75.0,,,,7.65
DoE_SurfaceGroundWaterReport_2021_2023,river,Jamuna,Kakua,2022-03-01,2022,3,dry,,,,2.1,,5.5,6.0,,,,,16.0,,,,,8.13
DoE_SurfaceGroundWaterReport_2021_2023,river,Jamuna,Kakua,2022-06-01,2022,6,wet,,,,6.2,,5.0,5.8,,,,,403.0,,,,,7.66
DoE_SurfaceGroundWaterReport_2021_2023,river,Jamuna,Kakua,2022-09-01,2022,9,wet,,,,2.0,,3.0,6.2,,,,,305.0,,,,,7.47
DoE_SurfaceGroundWaterReport_2021_2023,river,Jamuna,Kakua,2022-12-01,2022,12,dry,,,,2.3,,40.0,11.5,,,,,15.0,4.0,,,,8.57
DoE_SurfaceGroundWaterReport_2021_2023,river,Jamuna,Kakua,2023-08-01,2023,8,wet,,,,2.4,,,7.3,,164.0,,,163.0,82.4,,,,7.46
DoE_SurfaceGroundWaterReport_2021_2023,river,Jamuna,Kakua,2023-12-01,2023,12,dry,,,,2.0,,,7.6,,225.0,,,84.0,121.6,,,,7.47
DoE_SurfaceGroundWaterReport_2021_2023,river,Jamuna,MohonGanj (Dn),2023-01-01,2023,1,dry,,,,2.3,,,7.6,,262.0,,,38.0,131.0,,,,7.54
DoE_SurfaceGroundWaterReport_2021_2023,river,Jamuna,MohonGanj (Dn),2023-02-01,2023,2,dry,,,,2.2,,,7.6,,262.0,,,38.0,131.0,,,,7.6
DoE_SurfaceGroundWaterReport_2021_2023,river,Jamuna,MohonGanj (Dn),2023-04-01,2023,4,dry,,,,2.2,,,7.6,,262.0,,,38.0,131.0,,,,7.4
DoE_SurfaceGroundWaterReport_2021_2023,river,Jamuna,MohonGanj (Dn),2023-05-01,2023,5,wet,,,,2.3,,,7.62,,260.0,,,38.0,130.0,,,,7.42
DoE_SurfaceGroundWaterReport_2021_2023,river,Jamuna,MohonGanj (Dn),2023-06-01,2023,6,wet,,,,2.4,,,7.6,,266.0,,,38.0,133.0,,,,7.5
DoE_SurfaceGroundWaterReport_2021_2023,river,Jamuna,MohonGanj (Dn),2023-07-01,2023,7,wet,,,,2.3,,,7.56,,260.0,,,40.0,130.0,,,,7.45
DoE_SurfaceGroundWaterReport_2021_2023,river,Jamuna,MohonGanj (Dn),2023-08-01,2023,8,wet,,,,2.2,,,7.54,,270.0,,,40.0,140.0,,,,7.42
DoE_SurfaceGroundWaterReport_2021_2023,river,Jamuna,MohonGanj (Dn),2023-09-01,2023,9,wet,,,,2.3,,,7.54,,276.0,,,40.0,138.0,,,,7.4
DoE_SurfaceGroundWaterReport_2021_2023,river,Jamuna,MohonGanj (Dn),2023-10-01,2023,10,wet,,,,2.4,,,7.5,,290.0,,,40.0,145.0,,,,7.45
DoE_SurfaceGroundWaterReport_2021_2023,river,Jamuna,MohonGanj (Dn),2023-11-01,2023,11,dry,,,,2.5,,,7.48,,310.0,,,40.0,155.0,,,,7.5
DoE_SurfaceGroundWaterReport_2021_2023,river,Jamuna,MohonGanj (Dn),2023-12-01,2023,12,dry,,,,2.3,,,7.45,,308.0,,,40.0,154.0,,,,7.48
DoE_SurfaceGroundWaterReport_2021_2023,river,Jamuna,MohonGanj (Up),2023-01-01,2023,1,dry,,,,2.3,,,7.6,,262.0,,,38.0,131.0,,,,7.54
DoE_SurfaceGroundWaterReport_2021_2023,river,Jamuna,MohonGanj (Up),2023-02-01,2023,2,dry,,,,2.2,,,7.6,,262.0,,,38.0,131.0,,,,7.6
DoE_SurfaceGroundWaterReport_2021_2023,river,Jamuna,MohonGanj (Up),2023-04-01,2023,4,dry,,,,2.2,,,7.6,,262.0,,,38.0,131.0,,,,7.4
DoE_SurfaceGroundWaterReport_2021_2023,river,Jamuna,MohonGanj (Up),2023-05-01,2023,5,wet,,,,2.3,,,7.62,,260.0,,,38.0,130.0,,,,7.42
DoE_SurfaceGroundWaterReport_2021_2023,river,Jamuna,MohonGanj (Up),2023-06-01,2023,6,wet,,,,2.4,,,7.6,,266.0,,,38.0,133.0,,,,7.5
DoE_SurfaceGroundWaterReport_2021_2023,river,Jamuna,MohonGanj (Up),2023-07-01,2023,7,wet,,,,2.3,,,7.56,,260.0,,,40.0,130.0,,,,7.45
DoE_SurfaceGroundWaterReport_2021_2023,river,Jamuna,MohonGanj (Up),2023-08-01,2023,8,wet,,,,2.2,,,7.54,,270.0,,,40.0,140.0,,,,7.42
DoE_SurfaceGroundWaterReport_2021_2023,river,Jamuna,MohonGanj (Up),2023-09-01,2023,9,wet,,,,2.3,,,7.54,,276.0,,,40.0,138.0,,,,7.4
DoE_SurfaceGroundWaterReport_2021_2023,river,Jamuna,MohonGanj (Up),2023-10-01,2023,10,wet,,,,2.4,,,7.5,,290.0,,,40.0,145.0,,,,7.45
DoE_SurfaceGroundWaterReport_2021_2023,river,Jamuna,MohonGanj (Up),2023-11-01,2023,11,dry,,,,2.5,,,7.48,,310.0,,,40.0,155.0,,,,7.5
DoE_SurfaceGroundWaterReport_2021_2023,river,Jamuna,MohonGanj (Up),2023-12-01,2023,12,dry,,,,2.3,,,7.45,,308.0,,,40.0,154.0,,,,7.48
DoE_SurfaceGroundWaterReport_2021_2023,river,Jamuna,Mohonganj (D),2022-02-01,2022,2,dry,,,,2.1,,11.0,7.64,,,,,38.0,129.0,,,,7.64
DoE_SurfaceGroundWaterReport_2021_2023,river,Jamuna,Mohonganj (D),2022-03-01,2022,3,dry,,,,2.2,,11.0,7.62,,,,,38.0,129.0,,,,7.54
DoE_SurfaceGroundWaterReport_2021_2023,river,Jamuna,Mohonganj (D),2022-04-01,2022,4,dry,,,,2.2,,11.0,7.62,,,,,38.0,129.0,,,,7.54
DoE_SurfaceGroundWaterReport_2021_2023,river,Jamuna,Mohonganj (D),2022-05-01,2022,5,wet,,,,2.2,,11.0,7.62,,,,,38.0,129.0,,,,7.54
DoE_SurfaceGroundWaterReport_2021_2023,river,Jamuna,Mohonganj (D),2022-07-01,2022,7,wet,,,,,,11.0,,,,,,38.0,,,,,
DoE_SurfaceGroundWaterReport_2021_2023,river,Jamuna,Mohonganj (D),2022-08-01,2022,8,wet,,,,2.2,,11.0,7.64,,,,,38.0,130.0,,,,7.52
DoE_SurfaceGroundWaterReport_2021_2023,river,Jamuna,Mohonganj (D),2022-09-01,2022,9,wet,,,,2.3,,11.0,7.62,,,,,38.0,130.0,,,,7.5
DoE_SurfaceGroundWaterReport_2021_2023,river,Jamuna,Mohonganj (D),2022-10-01,2022,10,wet,,,,2.3,,11.0,7.64,,,,,38.0,131.0,,,,7.5
DoE_SurfaceGroundWaterReport_2021_2023,river,Jamuna,Mohonganj (D),2022-12-01,2022,12,dry,,,,2.3,,11.0,7.6,,,,,38.0,131.0,,,,7.6
DoE_SurfaceGroundWaterReport_2021_2023,river,Jamuna,Mohonganj (DN),2021-01-01,2021,1,dry,,,,2.2,,11.0,7.82,,,,,40.0,118.0,,,,7.71
DoE_SurfaceGroundWaterReport_2021_2023,river,Jamuna,Mohonganj (DN),2021-02-01,2021,2,dry,,,,2.3,,11.0,7.8,,,,,42.0,119.0,,,,7.69
DoE_SurfaceGroundWaterReport_2021_2023,river,Jamuna,Mohonganj (DN),2021-03-01,2021,3,dry,,,,2.2,,11.0,7.72,,,,,34.0,118.0,,,,7.64
DoE_SurfaceGroundWaterReport_2021_2023,river,Jamuna,Mohonganj (DN),2021-04-01,2021,4,dry,,,,2.2,,11.0,7.7,,,,,34.0,118.0,,,,7.62
DoE_SurfaceGroundWaterReport_2021_2023,river,Jamuna,Mohonganj (DN),2021-05-01,2021,5,wet,,,,2.2,,11.0,7.58,,,,,36.0,120.0,,,,7.64
DoE_SurfaceGroundWaterReport_2021_2023,river,Jamuna,Mohonganj (DN),2021-06-01,2021,6,wet,,,,2.2,,11.0,7.66,,,,,38.0,124.0,,,,7.56
DoE_SurfaceGroundWaterReport_2021_2023,river,Jamuna,Mohonganj (DN),2021-08-01,2021,8,wet,,,,2.3,,11.0,7.64,,,,,36.0,126.0,,,,7.62
DoE_SurfaceGroundWaterReport_2021_2023,river,Jamuna,Mohonganj (DN),2021-09-01,2021,9,wet,,,,2.2,,11.0,7.64,,,,,38.0,126.0,,,,7.54
DoE_SurfaceGroundWaterReport_2021_2023,river,Jamuna,Mohonganj (DN),2021-10-01,2021,10,wet,,,,2.2,,11.0,7.66,,,,,38.0,127.0,,,,7.54
DoE_SurfaceGroundWaterReport_2021_2023,river,Jamuna,Mohonganj (DN),2021-11-01,2021,11,dry,,,,2.2,,11.0,7.66,,,,,38.0,167.0,,,,7.58
DoE_SurfaceGroundWaterReport_2021_2023,river,Jamuna,Mohonganj (DN),2021-12-01,2021,12,dry,,,,2.2,,11.0,7.66,,,,,38.0,124.0,,,,7.58
DoE_SurfaceGroundWaterReport_2021_2023,river,Jamuna,Mohonganj (U),2022-02-01,2022,2,dry,,,,2.1,,11.0,7.64,,,,,38.0,129.0,,,,7.64
DoE_SurfaceGroundWaterReport_2021_2023,river,Jamuna,Mohonganj (U),2022-03-01,2022,3,dry,,,,2.2,,11.0,7.62,,,,,38.0,129.0,,,,7.54
DoE_SurfaceGroundWaterReport_2021_2023,river,Jamuna,Mohonganj (U),2022-04-01,2022,4,dry,,,,2.2,,11.0,7.62,,,,,38.0,129.0,,,,7.54
DoE_SurfaceGroundWaterReport_2021_2023,river,Jamuna,Mohonganj (U),2022-05-01,2022,5,wet,,,,2.2,,11.0,7.62,,,,,38.0,129.0,,,,7.54
DoE_SurfaceGroundWaterReport_2021_2023,river,Jamuna,Mohonganj (U),2022-07-01,2022,7,wet,,,,,,11.0,,,,,,38.0,,,,,
DoE_SurfaceGroundWaterReport_2021_2023,river,Jamuna,Mohonganj (U),2022-08-01,2022,8,wet,,,,2.2,,11.0,7.64,,,,,38.0,130.0,,,,7.52
DoE_SurfaceGroundWaterReport_2021_2023,river,Jamuna,Mohonganj (U),2022-09-01,2022,9,wet,,,,2.3,,11.0,7.62,,,,,38.0,130.0,,,,7.5
DoE_SurfaceGroundWaterReport_2021_2023,river,Jamuna,Mohonganj (U),2022-10-01,2022,10,wet,,,,2.3,,11.0,7.64,,,,,38.0,131.0,,,,7.5
DoE_SurfaceGroundWaterReport_2021_2023,river,Jamuna,Mohonganj (U),2022-12-01,2022,12,dry,,,,2.3,,11.0,7.6,,,,,38.0,131.0,,,,7.6
DoE_SurfaceGroundWaterReport_2021_2023,river,Jamuna,Mohonganj (UP),2021-01-01,2021,1,dry,,,,2.2,,11.0,7.82,,,,,40.0,118.0,,,,7.71
DoE_SurfaceGroundWaterReport_2021_2023,river,Jamuna,Mohonganj (UP),2021-02-01,2021,2,dry,,,,2.3,,11.0,7.8,,,,,42.0,119.0,,,,7.69
DoE_SurfaceGroundWaterReport_2021_2023,river,Jamuna,Mohonganj (UP),2021-03-01,2021,3,dry,,,,2.2,,11.0,7.72,,,,,34.0,118.0,,,,7.64
DoE_SurfaceGroundWaterReport_2021_2023,river,Jamuna,Mohonganj (UP),2021-04-01,2021,4,dry,,,,2.2,,11.0,7.7,,,,,34.0,118.0,,,,7.62
DoE_SurfaceGroundWaterReport_2021_2023,river,Jamuna,Mohonganj (UP),2021-05-01,2021,5,wet,,,,2.2,,11.0,7.58,,,,,36.0,120.0,,,,7.64
DoE_SurfaceGroundWaterReport_2021_2023,river,Jamuna,Mohonganj (UP),2021-06-01,2021,6,wet,,,,2.2,,11.0,7.66,,,,,38.0,124.0,,,,7.56
DoE_SurfaceGroundWaterReport_2021_2023,river,Jamuna,Mohonganj (UP),2021-08-01,2021,8,wet,,,,2.3,,11.0,7.64,,,,,36.0,126.0,,,,7.62
DoE_SurfaceGroundWaterReport_2021_2023,river,Jamuna,Mohonganj (UP),2021-09-01,2021,9,wet,,,,2.2,,11.0,7.64,,,,,38.0,126.0,,,,7.54
DoE_SurfaceGroundWaterReport_2021_2023,river,Jamuna,Mohonganj (UP),2021-10-01,2021,10,wet,,,,2.2,,11.0,7.66,,,,,38.0,127.0,,,,7.54
DoE_SurfaceGroundWaterReport_2021_2023,river,Jamuna,Mohonganj (UP),2021-11-01,2021,11,dry,,,,2.2,,11.0,7.66,,,,,38.0,167.0,,,,7.58
DoE_SurfaceGroundWaterReport_2021_2023,river,Jamuna,Mohonganj (UP),2021-12-01,2021,12,dry,,,,2.2,,11.0,7.66,,,,,38.0,124.0,,,,7.58
DoE_SurfaceGroundWaterReport_2021_2023,river,Jamuna,Sarkarkhana,2021-01-01,2021,1,dry,,,,2.0,,12.0,8.0,,,,,8.0,209.0,,,,7.36
DoE_SurfaceGroundWaterReport_2021_2023,river,Jamuna,Sarkarkhana,2021-05-01,2021,5,wet,,,,6.0,,13.0,4.0,,,,,7.0,253.0,,,,7.32
DoE_SurfaceGroundWaterReport_2021_2023,river,Jamuna,Sarkarkhana,2021-08-01,2021,8,wet,,,,12.0,,5.0,6.8,,,,,440.0,74.3,,,,7.56
DoE_SurfaceGroundWaterReport_2021_2023,river,Jamuna,Sarkarkhana,2021-12-01,2021,12,dry,,,,26.0,,18.0,6.5,,,,,12.0,224.0,,,,7.59
DoE_SurfaceGroundWaterReport_2021_2023,river,Jamuna,Shariakand Kheya Ghat (Dn),2023-01-01,2023,1,dry,,,,2.3,,,7.5,,270.0,,,42.0,135.0,,,,7.5
DoE_SurfaceGroundWaterReport_2021_2023,river,Jamuna,Shariakand Kheya Ghat (Dn),2023-02-01,2023,2,dry,,,,2.3,,,7.5,,272.0,,,42.0,136.0,,,,7.5
DoE_SurfaceGroundWaterReport_2021_2023,river,Jamuna,Shariakand Kheya Ghat (Dn),2023-04-01,2023,4,dry,,,,2.4,,,7.55,,270.0,,,42.0,135.0,,,,7.5
DoE_SurfaceGroundWaterReport_2021_2023,river,Jamuna,Shariakand Kheya Ghat (Dn),2023-05-01,2023,5,wet,,,,2.4,,,7.56,,270.0,,,42.0,135.0,,,,7.54
DoE_SurfaceGroundWaterReport_2021_2023,river,Jamuna,Shariakand Kheya Ghat (Dn),2023-06-01,2023,6,wet,,,,2.2,,,7.54,,280.0,,,42.0,140.0,,,,7.4
DoE_SurfaceGroundWaterReport_2021_2023,river,Jamuna,Shariakand Kheya Ghat (Dn),2023-07-01,2023,7,wet,,,,2.2,,,7.5,,280.0,,,45.0,140.0,,,,7.42
DoE_SurfaceGroundWaterReport_2021_2023,river,Jamuna,Shariakand Kheya Ghat (Dn),2023-08-01,2023,8,wet,,,,2.4,,,7.52,,280.0,,,45.0,140.0,,,,7.44
DoE_SurfaceGroundWaterReport_2021_2023,river,Jamuna,Shariakand Kheya Ghat (Dn),2023-09-01,2023,9,wet,,,,2.2,,,7.52,,280.0,,,45.0,140.0,,,,7.45
DoE_SurfaceGroundWaterReport_2021_2023,river,Jamuna,Shariakand Kheya Ghat (Dn),2023-10-01,2023,10,wet,,,,2.3,,,7.4,,280.0,,,45.0,140.0,,,,7.42
DoE_SurfaceGroundWaterReport_2021_2023,river,Jamuna,Shariakand Kheya Ghat (Dn),2023-11-01,2023,11,dry,,,,2.4,,,7.41,,320.0,,,45.0,160.0,,,,7.44
DoE_SurfaceGroundWaterReport_2021_2023,river,Jamuna,Shariakand Kheya Ghat (Dn),2023-12-01,2023,12,dry,,,,2.4,,,7.4,,300.0,,,45.0,150.0,,,,7.42
DoE_SurfaceGroundWaterReport_2021_2023,river,Jamuna,Shariakand Kheya Ghat (Up),2023-01-01,2023,1,dry,,,,2.3,,,7.5,,270.0,,,42.0,135.0,,,,7.5
DoE_SurfaceGroundWaterReport_2021_2023,river,Jamuna,Shariakand Kheya Ghat (Up),2023-02-01,2023,2,dry,,,,2.3,,,7.5,,272.0,,,42.0,136.0,,,,7.5
DoE_SurfaceGroundWaterReport_2021_2023,river,Jamuna,Shariakand Kheya Ghat (Up),2023-04-01,2023,4,dry,,,,2.4,,,7.55,,270.0,,,42.0,135.0,,,,7.5
DoE_SurfaceGroundWaterReport_2021_2023,river,Jamuna,Shariakand Kheya Ghat (Up),2023-05-01,2023,5,wet,,,,2.4,,,7.56,,270.0,,,42.0,135.0,,,,7.54
DoE_SurfaceGroundWaterReport_2021_2023,river,Jamuna,Shariakand Kheya Ghat (Up),2023-06-01,2023,6,wet,,,,2.2,,,7.54,,280.0,,,42.0,140.0,,,,7.4
DoE_SurfaceGroundWaterReport_2021_2023,river,Jamuna,Shariakand Kheya Ghat (Up),2023-07-01,2023,7,wet,,,,2.2,,,7.5,,280.0,,,45.0,140.0,,,,7.42
DoE_SurfaceGroundWaterReport_2021_2023,river,Jamuna,Shariakand Kheya Ghat (Up),2023-08-01,2023,8,wet,,,,2.4,,,7.52,,280.0,,,45.0,140.0,,,,7.44
DoE_SurfaceGroundWaterReport_2021_2023,river,Jamuna,Shariakand Kheya Ghat (Up),2023-09-01,2023,9,wet,,,,2.2,,,7.52,,280.0,,,45.0,140.0,,,,7.45
DoE_SurfaceGroundWaterReport_2021_2023,river,Jamuna,Shariakand Kheya Ghat (Up),2023-10-01,2023,10,wet,,,,2.3,,,7.4,,280.0,,,45.0,140.0,,,,7.42
DoE_SurfaceGroundWaterReport_2021_2023,river,Jamuna,Shariakand Kheya Ghat (Up),2023-11-01,2023,11,dry,,,,2.4,,,7.41,,320.0,,,45.0,160.0,,,,7.44
DoE_SurfaceGroundWaterReport_2021_2023,river,Jamuna,Shariakand Kheya Ghat (Up),2023-12-01,2023,12,dry,,,,2.4,,,7.4,,300.0,,,45.0,150.0,,,,7.42
DoE_SurfaceGroundWaterReport_2021_2023,river,Jamuna,Shariakandi Groin badth (D),2022-02-01,2022,2,dry,,,,2.3,,11.0,7.58,,,,,42.0,133.0,,,,7.5
DoE_SurfaceGroundWaterReport_2021_2023,river,Jamuna,Shariakandi Groin badth (D),2022-03-01,2022,3,dry,,,,2.4,,11.0,7.56,,,,,42.0,133.0,,,,7.52
DoE_SurfaceGroundWaterReport_2021_2023,river,Jamuna,Shariakandi Groin badth (D),2022-04-01,2022,4,dry,,,,2.4,,11.0,7.56,,,,,42.0,133.0,,,,7.52
DoE_SurfaceGroundWaterReport_2021_2023,river,Jamuna,Shariakandi Groin badth (D),2022-05-01,2022,5,wet,,,,2.4,,11.0,7.56,,,,,42.0,133.0,,,,7.52
DoE_SurfaceGroundWaterReport_2021_2023,river,Jamuna,Shariakandi Groin badth (D),2022-07-01,2022,7,wet,,,,,,11.0,,,,,,42.0,,,,,
DoE_SurfaceGroundWaterReport_2021_2023,river,Jamuna,Shariakandi Groin badth (D),2022-08-01,2022,8,wet,,,,2.5,,11.0,7.6,,,,,42.0,133.0,,,,7.5
DoE_SurfaceGroundWaterReport_2021_2023,river,Jamuna,Shariakandi Groin badth (D),2022-09-01,2022,9,wet,,,,2.4,,11.0,7.61,,,,,42.0,133.0,,,,7.52
DoE_SurfaceGroundWaterReport_2021_2023,river,Jamuna,Shariakandi Groin badth (D),2022-10-01,2022,10,wet,,,,2.4,,11.0,7.6,,,,,42.0,133.0,,,,7.54
DoE_SurfaceGroundWaterReport_2021_2023,river,Jamuna,Shariakandi Groin badth (D),2022-12-01,2022,12,dry,,,,2.4,,11.0,7.5,,,,,42.0,135.0,,,,7.5
DoE_SurfaceGroundWaterReport_2021_2023,river,Jamuna,Shariakandi Groin badth (U),2022-02-01,2022,2,dry,,,,2.3,,11.0,7.58,,,,,42.0,133.0,,,,7.5
DoE_SurfaceGroundWaterReport_2021_2023,river,Jamuna,Shariakandi Groin badth (U),2022-03-01,2022,3,dry,,,,2.4,,11.0,7.56,,,,,42.0,133.0,,,,7.52
DoE_SurfaceGroundWaterReport_2021_2023,river,Jamuna,Shariakandi Groin badth (U),2022-04-01,2022,4,dry,,,,2.4,,11.0,7.56,,,,,42.0,133.0,,,,7.52
DoE_SurfaceGroundWaterReport_2021_2023,river,Jamuna,Shariakandi Groin badth (U),2022-05-01,2022,5,wet,,,,2.4,,11.0,7.56,,,,,42.0,133.0,,,,7.52
DoE_SurfaceGroundWaterReport_2021_2023,river,Jamuna,Shariakandi Groin badth (U),2022-07-01,2022,7,wet,,,,,,11.0,,,,,,42.0,,,,,
DoE_SurfaceGroundWaterReport_2021_2023,river,Jamuna,Shariakandi Groin badth (U),2022-08-01,2022,8,wet,,,,2.5,,11.0,7.6,,,,,42.0,133.0,,,,7.5
DoE_SurfaceGroundWaterReport_2021_2023,river,Jamuna,Shariakandi Groin badth (U),2022-09-01,2022,9,wet,,,,2.4,,11.0,7.61,,,,,42.0,133.0,,,,7.52
DoE_SurfaceGroundWaterReport_2021_2023,river,Jamuna,Shariakandi Groin badth (U),2022-10-01,2022,10,wet,,,,2.4,,11.0,7.6,,,,,42.0,133.0,,,,7.54
DoE_SurfaceGroundWaterReport_2021_2023,river,Jamuna,Shariakandi Groin badth (U),2022-12-01,2022,12,dry,,,,2.4,,11.0,7.5,,,,,42.0,135.0,,,,7.5
DoE_SurfaceGroundWaterReport_2021_2023,river,Jamuna,Tarakandi,2023-08-01,2023,8,wet,,,,4.8,,,6.1,,679.0,,,33.0,352.0,,,,9.0
DoE_SurfaceGroundWaterReport_2021_2023,river,Jamuna,Tarakandi,2023-12-01,2023,12,dry,,,,2.0,,,7.8,,201.1,,,34.0,107.2,,,,7.58
DoE_SurfaceGroundWaterReport_2021_2023,river,Jamuna,Tarakandi (D),2022-03-01,2022,3,dry,,,,3.0,,12.5,5.8,,,,,7.0,231.0,,,,8.02
DoE_SurfaceGroundWaterReport_2021_2023,river,Jamuna,Tarakandi (D),2022-06-01,2022,6,wet,,,,12.0,,6.0,6.1,,,,,76.0,67.7,,,,7.86
DoE_SurfaceGroundWaterReport_2021_2023,river,Jamuna,Tarakandi (D),2022-09-01,2022,9,wet,,,,4.0,,5.0,6.1,,,,,127.0,83.0,,,,7.14
DoE_SurfaceGroundWaterReport_2021_2023,river,Jamuna,Tarakandi (D),2022-12-01,2022,12,dry,,,,2.6,,6.0,7.9,,,,,42.0,225.0,,,,7.87
DoE_SurfaceGroundWaterReport_2021_2023,river,Jamuna,Tarakandi (U),2022-03-01,2022,3,dry,,,,4.0,,12.5,4.6,,,,,48.0,222.0,,,,7.8
DoE_SurfaceGroundWaterReport_2021_2023,river,Kalabodar,Kalabodar Ferry Ghat (M),2021-01-01,2021,1,dry,,,,,,,6.6,,305.0,,,,151.0,,,,7.9
DoE_SurfaceGroundWaterReport_2021_2023,river,Kalabodar,Kalabodar Ferry Ghat (M),2021-03-01,2021,3,dry,,,,,,,5.3,,748.0,,,,374.0,,,,7.6
DoE_SurfaceGroundWaterReport_2021_2023,river,Kalabodar,Kalabodar Ferry Ghat (M),2021-11-01,2021,11,dry,,,,,,,6.2,,972.0,,,,486.0,,,,8.14
DoE_SurfaceGroundWaterReport_2021_2023,river,Kalabodar,Kalabodar Ferry Ghat (M),2023-01-01,2023,1,dry,,,,,,,5.1,,306.0,,,,124.0,,,,7.3
DoE_SurfaceGroundWaterReport_2021_2023,river,Kalabodar,Kalabodar Ferry Ghat (S),2021-01-01,2021,1,dry,,,,,,,5.5,,306.0,,,,154.0,,,,7.8
DoE_SurfaceGroundWaterReport_2021_2023,river,Kalabodar,Kalabodar Ferry Ghat (S),2021-03-01,2021,3,dry,,,,,,,5.5,,788.0,,,,394.0,,,,7.8
DoE_SurfaceGroundWaterReport_2021_2023,river,Kalabodar,Kalabodar Ferry Ghat (S),2021-11-01,2021,11,dry,,,,,,,6.4,,966.0,,,,484.0,,,,8.2
DoE_SurfaceGroundWaterReport_2021_2023,river,Kalabodar,Kalabodar Ferry Ghat (S),2023-01-01,2023,1,dry,,,,,,,5.3,,332.0,,,,148.0,,,,7.8
DoE_SurfaceGroundWaterReport_2021_2023,river,Kaligonga,Bheutha Ghat,2021-01-01,2021,1,dry,,,,5.0,,16.0,9.2,,,,,3.0,246.0,,,,7.47
DoE_SurfaceGroundWaterReport_2021_2023,river,Kaligonga,Bheutha Ghat,2021-02-01,2021,2,dry,,,,8.0,,14.0,9.8,,,,,5.0,244.0,,,,7.24
DoE_SurfaceGroundWaterReport_2021_2023,river,Kaligonga,Bheutha Ghat,2021-03-01,2021,3,dry,,,,6.0,,15.0,6.9,,,,,12.0,244.0,,,,7.28
DoE_SurfaceGroundWaterReport_2021_2023,river,Kaligonga,Bheutha Ghat,2021-05-01,2021,5,wet,,,,1.0,,26.0,5.0,,,,,6.0,216.0,,,,8.21
DoE_SurfaceGroundWaterReport_2021_2023,river,Kaligonga,Bheutha Ghat,2021-06-01,2021,6,wet,,,,7.0,,8.0,6.9,,,,,272.0,62.1,,,,6.94
DoE_SurfaceGroundWaterReport_2021_2023,river,Kaligonga,Bheutha Ghat,2021-07-01,2021,7,wet,,,,8.0,,14.0,9.8,,,,,5.0,244.0,,,,7.24
DoE_SurfaceGroundWaterReport_2021_2023,river,Kaligonga,Bheutha Ghat,2021-08-01,2021,8,wet,,,,3.0,,14.0,7.2,,,,,8.0,75.0,,,,7.39
DoE_SurfaceGroundWaterReport_2021_2023,river,Kaligonga,Bheutha Ghat,2021-12-01,2021,12,dry,,,,4.0,,15.0,7.6,,,,,9.0,259.0,,,,7.55
DoE_SurfaceGroundWaterReport_2021_2023,river,Kaligonga,Bheutha Ghat,2022-02-01,2022,2,dry,,,,12.0,,21.0,8.0,,,,,12.0,44.0,,,,7.72
DoE_SurfaceGroundWaterReport_2021_2023,river,Kaligonga,Bheutha Ghat,2022-05-01,2022,5,wet,,,,6.0,,66.0,7.0,,,,,63.0,22.0,,,,7.63
DoE_SurfaceGroundWaterReport_2021_2023,river,Kaligonga,Bheutha Ghat,2022-08-01,2022,8,wet,,,,4.0,,5.5,6.1,,,,,198.0,20.0,,,,6.95
DoE_SurfaceGroundWaterReport_2021_2023,river,Kaligonga,Bheutha Ghat,2022-11-01,2022,11,dry,,,,2.0,,8.0,6.1,,,,,46.0,8.0,,,,7.65
DoE_SurfaceGroundWaterReport_2021_2023,river,Kaligonga,Bheutha Ghat,2022-12-01,2022,12,dry,,,,,,15.5,8.8,,,,,14.0,,,,,7.7
DoE_SurfaceGroundWaterReport_2021_2023,river,Kaligonga,Bheutha Ghat,2023-02-01,2023,2,dry,,,,16.0,48.0,68.0,4.7,,,,,,316.0,,,,7.61
DoE_SurfaceGroundWaterReport_2021_2023,river,Kaligonga,Bheutha Ghat,2023-08-01,2023,8,wet,,,,1.8,44.0,11.0,6.2,,,,,,64.0,,,,7.27
DoE_SurfaceGroundWaterReport_2021_2023,river,Kaligonga,Bheutha Ghat,2023-11-01,2023,11,dry,,,,2.0,9.0,18.0,7.2,,,,,,211.5,,,,7.51
DoE_SurfaceGroundWaterReport_2021_2023,river,Karnaphuli,CUFL,2021-01-01,2021,1,dry,,,,150.0,520.0,,6.56,,,,,73.0,8040.0,,,,7.0
DoE_SurfaceGroundWaterReport_2021_2023,river,Karnaphuli,CUFL,2021-02-01,2021,2,dry,,,,120.0,480.0,,6.36,,,,,79.0,8340.0,,,,7.32
DoE_SurfaceGroundWaterReport_2021_2023,river,Karnaphuli,CUFL,2021-03-01,2021,3,dry,,,,112.0,420.0,,6.43,,,,,120.0,9670.0,,,,7.42
DoE_SurfaceGroundWaterReport_2021_2023,river,Karnaphuli,CUFL,2021-04-01,2021,4,dry,,,,112.0,420.0,,5.89,,,,,66.0,9480.0,,,,7.42
DoE_SurfaceGroundWaterReport_2021_2023,river,Karnaphuli,CUFL,2021-05-01,2021,5,wet,,,,110.0,390.0,,6.23,,,,,84.0,7430.0,,,,7.42
DoE_SurfaceGroundWaterReport_2021_2023,river,Karnaphuli,CUFL,2021-06-01,2021,6,wet,,,,95.0,358.0,,7.81,,,,,98.0,10060.0,,,,7.33
DoE_SurfaceGroundWaterReport_2021_2023,river,Karnaphuli,CUFL,2021-07-01,2021,7,wet,,,,52.0,240.0,,8.44,,,,,310.0,2610.0,,,,6.7
DoE_SurfaceGroundWaterReport_2021_2023,river,Karnaphuli,CUFL,2021-08-01,2021,8,wet,,,,25.0,96.0,,7.66,,,,,205.0,1385.0,,,,7.3
DoE_SurfaceGroundWaterReport_2021_2023,river,Karnaphuli,CUFL,2021-09-01,2021,9,wet,,,,16.0,60.0,,9.7,,,,,55.0,392.0,,,,7.32
DoE_SurfaceGroundWaterReport_2021_2023,river,Karnaphuli,CUFL,2021-11-01,2021,11,dry,,,,21.0,92.0,,7.87,,,,,210.0,6740.0,,,,6.44
DoE_SurfaceGroundWaterReport_2021_2023,river,Karnaphuli,CUFL,2021-12-01,2021,12,dry,,,,19.0,76.0,,7.56,,,,,197.0,5432.0,,,,6.14
DoE_SurfaceGroundWaterReport_2021_2023,river,Karnaphuli,CUFL,2022-01-01,2022,1,dry,,,,16.0,49.0,,7.57,,2800.0,,,,1462.0,,,,7.21
DoE_SurfaceGroundWaterReport_2021_2023,river,Karnaphuli,CUFL,2022-02-01,2022,2,dry,,,,12.0,28.0,,7.65,,2976.0,,,,1679.0,,,,7.4
DoE_SurfaceGroundWaterReport_2021_2023,river,Karnaphuli,CUFL,2022-03-01,2022,3,dry,,,,21.0,68.0,,7.64,,28789.0,,,,17230.0,,,,6.55
DoE_SurfaceGroundWaterReport_2021_2023,river,Karnaphuli,CUFL,2022-04-01,2022,4,dry,,,,12.0,42.0,,7.85,,18160.0,,,,10250.0,,,,7.47
DoE_SurfaceGroundWaterReport_2021_2023,river,Karnaphuli,CUFL,2022-05-01,2022,5,wet,,,,9.0,36.0,,7.63,,18160.0,,,,6567.0,,,,7.56
DoE_SurfaceGroundWaterReport_2021_2023,river,Karnaphuli,CUFL,2022-06-01,2022,6,wet,,,,16.0,68.0,,7.66,,18476.0,,,,9872.0,,,,7.48
DoE_SurfaceGroundWaterReport_2021_2023,river,Karnaphuli,CUFL,2022-07-01,2022,7,wet,,,,8.2,62.0,,7.51,,10134.0,,,,5320.0,,,,7.04
DoE_SurfaceGroundWaterReport_2021_2023,river,Karnaphuli,CUFL,2022-08-01,2022,8,wet,,,,11.0,88.0,,7.59,,23380.0,,,,12420.0,,,,7.18
DoE_SurfaceGroundWaterReport_2021_2023,river,Karnaphuli,CUFL,2022-09-01,2022,9,wet,,,,10.0,49.0,,7.47,,3830.0,,,,2060.0,,,,7.71
DoE_SurfaceGroundWaterReport_2021_2023,river,Karnaphuli,CUFL,2022-10-01,2022,10,wet,,,,8.0,45.0,,7.47,,4216.0,,,,2060.0,,,,7.79
DoE_SurfaceGroundWaterReport_2021_2023,river,Karnaphuli,CUFL,2022-11-01,2022,11,dry,,,,7.0,56.0,,6.47,,14200.0,,,,7960.0,,,,6.11
DoE_SurfaceGroundWaterReport_2021_2023,river,Karnaphuli,CUFL,2022-12-01,2022,12,dry,,,,6.0,48.0,,8.42,,36500.0,,,,18550.0,,,,7.44
DoE_SurfaceGroundWaterReport_2021_2023,river,Karnaphuli,CUFL,2023-01-01,2023,1,dry,,,,7.0,42.0,,7.7,,,,,170.0,14480.0,,,,7.04
DoE_SurfaceGroundWaterReport_2021_2023,river,Karnaphuli,CUFL,2023-02-01,2023,2,dry,,,,9.0,56.0,,7.72,,,,,314.0,18640.0,,,,6.85
DoE_SurfaceGroundWaterReport_2021_2023,river,Karnaphuli,CUFL,2023-03-01,2023,3,dry,,,,11.0,64.0,,7.72,,,,,181.0,21500.0,,,,8.09
DoE_SurfaceGroundWaterReport_2021_2023,river,Karnaphuli,CUFL,2023-04-01,2023,4,dry,,,,8.0,47.0,,8.43,,,,,241.0,18240.0,,,,8.09
DoE_SurfaceGroundWaterReport_2021_2023,river,Karnaphuli,CUFL,2023-05-01,2023,5,wet,,,,8.0,36.0,,8.1,,,,,278.0,15280.0,,,,8.18
DoE_SurfaceGroundWaterReport_2021_2023,river,Karnaphuli,CUFL,2023-06-01,2023,6,wet,,,,7.0,45.0,,7.98,,,,,328.0,17310.0,,,,8.07
DoE_SurfaceGroundWaterReport_2021_2023,river,Karnaphuli,CUFL,2023-07-01,2023,7,wet,,,,5.0,36.0,,8.48,,,,,238.0,14390.0,,,,7.89
DoE_SurfaceGroundWaterReport_2021_2023,river,Karnaphuli,CUFL,2023-08-01,2023,8,wet,,,,3.0,36.0,,7.25,,,,,204.0,15401.0,,,,7.56
DoE_SurfaceGroundWaterReport_2021_2023,river,Karnaphuli,CUFL,2023-09-01,2023,9,wet,,,,4.0,30.0,,7.48,,,,,189.0,9510.0,,,,7.85
DoE_SurfaceGroundWaterReport_2021_2023,river,Karnaphuli,CUFL,2023-10-01,2023,10,wet,,,,4.0,26.0,,6.99,,,,,201.0,8601.0,,,,7.19
DoE_SurfaceGroundWaterReport_2021_2023,river,Karnaphuli,CUFL,2023-11-01,2023,11,dry,,,,4.0,15.0,,7.39,,,,,218.0,11890.0,,,,6.79
DoE_SurfaceGroundWaterReport_2021_2023,river,Karnaphuli,CUFL,2023-12-01,2023,12,dry,,,,11.0,36.0,,6.55,,,,,206.0,8860.0,,,,7.63
DoE_SurfaceGroundWaterReport_2021_2023,river,Karnaphuli,Kalurghat Bridge,2021-01-01,2021,1,dry,,,,4.0,12.0,,7.04,,,,,55.0,72.4,,,,8.19
DoE_SurfaceGroundWaterReport_2021_2023,river,Karnaphuli,Kalurghat Bridge,2021-02-01,2021,2,dry,,,,4.0,16.0,,,,,,,38.0,145.0,,,,7.22
DoE_SurfaceGroundWaterReport_2021_2023,river,Karnaphuli,Kalurghat Bridge,2021-03-01,2021,3,dry,,,,6.0,18.0,,7.53,,,,,34.0,167.0,,,,7.32
DoE_SurfaceGroundWaterReport_2021_2023,river,Karnaphuli,Kalurghat Bridge,2021-04-01,2021,4,dry,,,,5.0,19.0,,7.8,,,,,32.0,179.0,,,,7.69
DoE_SurfaceGroundWaterReport_2021_2023,river,Karnaphuli,Kalurghat Bridge,2021-05-01,2021,5,wet,,,,6.0,22.0,,7.47,,,,,48.0,127.0,,,,7.52
DoE_SurfaceGroundWaterReport_2021_2023,river,Karnaphuli,Kalurghat Bridge,2021-06-01,2021,6,wet,,,,7.0,32.0,,7.63,,,,,58.0,149.0,,,,7.68
DoE_SurfaceGroundWaterReport_2021_2023,river,Karnaphuli,Kalurghat Bridge,2021-07-01,2021,7,wet,,,,6.0,18.0,,7.69,,,,,58.0,140.0,,,,7.48
DoE_SurfaceGroundWaterReport_2021_2023,river,Karnaphuli,Kalurghat Bridge,2021-08-01,2021,8,wet,,,,7.0,20.0,,7.34,,,,,63.0,167.0,,,,7.53
DoE_SurfaceGroundWaterReport_2021_2023,river,Karnaphuli,Kalurghat Bridge,2021-09-01,2021,9,wet,,,,8.0,24.0,,7.47,,,,,49.0,210.0,,,,7.53
DoE_SurfaceGroundWaterReport_2021_2023,river,Karnaphuli,Kalurghat Bridge,2021-11-01,2021,11,dry,,,,5.0,14.0,,7.87,,,,,32.0,142.0,,,,7.35
DoE_SurfaceGroundWaterReport_2021_2023,river,Karnaphuli,Kalurghat Bridge,2021-12-01,2021,12,dry,,,,4.0,15.0,,7.59,,,,,48.0,164.0,,,,7.19
DoE_SurfaceGroundWaterReport_2021_2023,river,Karnaphuli,Kalurghat Bridge,2022-01-01,2022,1,dry,,,,5.0,13.0,,7.34,,286.0,,,,149.0,,,,7.35
DoE_SurfaceGroundWaterReport_2021_2023,river,Karnaphuli,Kalurghat Bridge,2022-02-01,2022,2,dry,,,,4.0,13.0,,7.38,,249.0,,,,129.0,,,,7.29
DoE_SurfaceGroundWaterReport_2021_2023,river,Karnaphuli,Kalurghat Bridge,2022-03-01,2022,3,dry,,,,3.0,11.0,,7.56,,289.0,,,,159.0,,,,7.43
DoE_SurfaceGroundWaterReport_2021_2023,river,Karnaphuli,Kalurghat Bridge,2022-04-01,2022,4,dry,,,,3.0,11.0,,7.63,,289.0,,,,163.0,,,,7.51
DoE_SurfaceGroundWaterReport_2021_2023,river,Karnaphuli,Kalurghat Bridge,2022-05-01,2022,5,wet,,,,4.0,12.0,,7.71,,289.0,,,,179.0,,,,7.63
DoE_SurfaceGroundWaterReport_2021_2023,river,Karnaphuli,Kalurghat Bridge,2022-06-01,2022,6,wet,,,,5.0,14.0,,8.17,,414.0,,,,218.0,,,,7.52
DoE_SurfaceGroundWaterReport_2021_2023,river,Karnaphuli,Kalurghat Bridge,2022-07-01,2022,7,wet,,,,3.0,12.0,,7.53,,239.0,,,,119.0,,,,7.73
DoE_SurfaceGroundWaterReport_2021_2023,river,Karnaphuli,Kalurghat Bridge,2022-08-01,2022,8,wet,,,,3.0,11.0,,7.28,,546.0,,,,248.0,,,,7.69
DoE_SurfaceGroundWaterReport_2021_2023,river,Karnaphuli,Kalurghat Bridge,2022-09-01,2022,9,wet,,,,4.0,12.0,,7.39,,498.0,,,,248.0,,,,7.46
DoE_SurfaceGroundWaterReport_2021_2023,river,Karnaphuli,Kalurghat Bridge,2022-10-01,2022,10,wet,,,,5.0,10.0,,7.39,,512.0,,,,248.0,,,,7.57
DoE_SurfaceGroundWaterReport_2021_2023,river,Karnaphuli,Kalurghat Bridge,2022-11-01,2022,11,dry,,,,3.0,9.0,,7.19,,569.0,,,,312.0,,,,7.42
DoE_SurfaceGroundWaterReport_2021_2023,river,Karnaphuli,Kalurghat Bridge,2022-12-01,2022,12,dry,,,,4.0,9.0,,7.77,,459.0,,,,286.0,,,,7.21
DoE_SurfaceGroundWaterReport_2021_2023,river,Karnaphuli,Kalurghat Bridge,2023-01-01,2023,1,dry,,,,3.0,8.0,,7.63,,,,,59.0,189.0,,,,7.35
DoE_SurfaceGroundWaterReport_2021_2023,river,Karnaphuli,Kalurghat Bridge,2023-02-01,2023,2,dry,,,,4.0,9.0,,7.48,,,,,62.0,289.0,,,,7.11
DoE_SurfaceGroundWaterReport_2021_2023,river,Karnaphuli,Kalurghat Bridge,2023-03-01,2023,3,dry,,,,5.0,12.0,,7.52,,,,,59.0,217.0,,,,7.48
DoE_SurfaceGroundWaterReport_2021_2023,river,Karnaphuli,Kalurghat Bridge,2023-04-01,2023,4,dry,,,,3.0,8.0,,7.36,,,,,39.0,328.0,,,,7.21
DoE_SurfaceGroundWaterReport_2021_2023,river,Karnaphuli,Kalurghat Bridge,2023-05-01,2023,5,wet,,,,4.0,9.0,,7.48,,,,,28.0,289.0,,,,7.37
DoE_SurfaceGroundWaterReport_2021_2023,river,Karnaphuli,Kalurghat Bridge,2023-06-01,2023,6,wet,,,,3.0,8.0,,7.63,,,,,39.0,189.0,,,,7.47
DoE_SurfaceGroundWaterReport_2021_2023,river,Karnaphuli,Kalurghat Bridge,2023-07-01,2023,7,wet,,,,4.0,9.0,,7.75,,,,,27.0,157.0,,,,7.57
DoE_SurfaceGroundWaterReport_2021_2023,river,Karnaphuli,Kalurghat Bridge,2023-08-01,2023,8,wet,,,,5.0,11.0,,8.25,,,,,24.0,285.0,,,,6.7
DoE_SurfaceGroundWaterReport_2021_2023,river,Karnaphuli,Kalurghat Bridge,2023-09-01,2023,9,wet,,,,6.0,17.0,,7.0,,,,,31.0,201.0,,,,7.29
DoE_SurfaceGroundWaterReport_2021_2023,river,Karnaphuli,Kalurghat Bridge,2023-10-01,2023,10,wet,,,,5.0,17.0,,7.41,,,,,23.0,185.0,,,,7.22
DoE_SurfaceGroundWaterReport_2021_2023,river,Karnaphuli,Kalurghat Bridge,2023-11-01,2023,11,dry,,,,5.0,28.0,,7.88,,,,,27.0,195.0,,,,6.87
DoE_SurfaceGroundWaterReport_2021_2023,river,Karnaphuli,Kalurghat Bridge,2023-12-01,2023,12,dry,,,,6.0,16.0,,7.49,,,,,30.0,261.0,,,,7.33
DoE_SurfaceGroundWaterReport_2021_2023,river,Karnaphuli,Karnafully Paper,2021-01-01,2021,1,dry,,,,10.0,51.0,,7.48,,,,,12.0,68.5,,,,7.23
DoE_SurfaceGroundWaterReport_2021_2023,river,Karnaphuli,Karnafully Paper,2021-02-01,2021,2,dry,,,,11.0,49.0,,7.44,,,,,5.0,58.2,,,,7.16
DoE_SurfaceGroundWaterReport_2021_2023,river,Karnaphuli,Karnafully Paper,2021-03-01,2021,3,dry,,,,14.0,54.0,,7.45,,,,,10.0,69.0,,,,7.26
DoE_SurfaceGroundWaterReport_2021_2023,river,Karnaphuli,Karnafully Paper,2021-04-01,2021,4,dry,,,,12.0,42.0,,7.52,,,,,23.0,59.0,,,,7.43
DoE_SurfaceGroundWaterReport_2021_2023,river,Karnaphuli,Karnafully Paper,2021-05-01,2021,5,wet,,,,13.0,58.0,,7.49,,,,,12.0,67.5,,,,7.32
DoE_SurfaceGroundWaterReport_2021_2023,river,Karnaphuli,Karnafully Paper,2021-06-01,2021,6,wet,,,,12.0,45.0,,7.67,,,,,21.0,79.6,,,,7.43
DoE_SurfaceGroundWaterReport_2021_2023,river,Karnaphuli,Karnafully Paper,2021-07-01,2021,7,wet,,,,14.0,42.0,,7.59,,,,,41.0,79.0,,,,7.46
DoE_SurfaceGroundWaterReport_2021_2023,river,Karnaphuli,Karnafully Paper,2021-08-01,2021,8,wet,,,,15.0,38.0,,7.63,,,,,52.0,123.0,,,,7.58
DoE_SurfaceGroundWaterReport_2021_2023,river,Karnaphuli,Karnafully Paper,2021-09-01,2021,9,wet,,,,13.0,32.0,,7.48,,,,,63.0,142.0,,,,7.58
DoE_SurfaceGroundWaterReport_2021_2023,river,Karnaphuli,Karnafully Paper,2021-11-01,2021,11,dry,,,,5.0,14.0,,7.68,,,,,59.0,212.0,,,,7.17
DoE_SurfaceGroundWaterReport_2021_2023,river,Karnaphuli,Karnafully Paper,2021-12-01,2021,12,dry,,,,5.0,16.0,,7.61,,,,,63.0,189.0,,,,7.37
DoE_SurfaceGroundWaterReport_2021_2023,river,Karnaphuli,Karnafully Paper,2023-01-01,2023,1,dry,,,,4.0,11.0,,7.41,,,,,74.0,361.0,,,,7.19
DoE_SurfaceGroundWaterReport_2021_2023,river,Karnaphuli,Karnafully Paper,2023-02-01,2023,2,dry,,,,5.0,12.0,,7.49,,,,,64.0,169.0,,,,7.36
DoE_SurfaceGroundWaterReport_2021_2023,river,Karnaphuli,Karnafully Paper,2023-03-01,2023,3,dry,,,,4.0,12.0,,7.49,,,,,68.0,405.0,,,,8.1
DoE_SurfaceGroundWaterReport_2021_2023,river,Karnaphuli,Karnafully Paper,2023-04-01,2023,4,dry,,,,4.0,10.0,,7.62,,,,,42.0,210.0,,,,7.53
DoE_SurfaceGroundWaterReport_2021_2023,river,Karnaphuli,Karnafully Paper,2023-05-01,2023,5,wet,,,,3.0,7.0,,7.42,,,,,39.0,247.0,,,,7.42
DoE_SurfaceGroundWaterReport_2021_2023,river,Karnaphuli,Karnafully Paper,2023-06-01,2023,6,wet,,,,4.0,9.0,,7.62,,,,,34.0,347.0,,,,7.22
DoE_SurfaceGroundWaterReport_2021_2023,river,Karnaphuli,Karnafully Paper,2023-07-01,2023,7,wet,,,,3.0,8.0,,7.82,,,,,36.0,264.0,,,,7.42
DoE_SurfaceGroundWaterReport_2021_2023,river,Karnaphuli,Karnafully Paper,2023-08-01,2023,8,wet,,,,5.0,25.0,,7.82,,,,,31.0,205.0,,,,6.25
DoE_SurfaceGroundWaterReport_2021_2023,river,Karnaphuli,Karnafully Paper,2023-09-01,2023,9,wet,,,,5.0,25.0,,7.29,,,,,45.0,198.0,,,,7.42
DoE_SurfaceGroundWaterReport_2021_2023,river,Karnaphuli,Karnafully Paper,2023-10-01,2023,10,wet,,,,3.0,30.0,,8.05,,,,,31.0,260.0,,,,6.85
DoE_SurfaceGroundWaterReport_2021_2023,river,Karnaphuli,Karnafully Paper,2023-11-01,2023,11,dry,,,,5.0,11.0,,7.99,,,,,36.0,239.0,,,,6.71
DoE_SurfaceGroundWaterReport_2021_2023,river,Karnaphuli,Karnafully Paper,2023-12-01,2023,12,dry,,,,5.0,13.0,,6.69,,,,,35.0,203.0,,,,6.86
DoE_SurfaceGroundWaterReport_2021_2023,river,Karnaphuli,Karnaphuli Paper,2022-01-01,2022,1,dry,,,,5.0,15.0,,7.43,,512.0,,,,208.0,,,,7.46
DoE_SurfaceGroundWaterReport_2021_2023,river,Karnaphuli,Karnaphuli Paper,2022-02-01,2022,2,dry,,,,5.0,14.0,,7.39,,489.0,,,,223.0,,,,7.4
DoE_SurfaceGroundWaterReport_2021_2023,river,Karnaphuli,Karnaphuli Paper,2022-03-01,2022,3,dry,,,,4.0,14.0,,7.59,,439.0,,,,269.0,,,,7.58
DoE_SurfaceGroundWaterReport_2021_2023,river,Karnaphuli,Karnaphuli Paper,2022-04-01,2022,4,dry,,,,4.0,13.0,,7.62,,439.0,,,,287.0,,,,7.68
DoE_SurfaceGroundWaterReport_2021_2023,river,Karnaphuli,Karnaphuli Paper,2022-05-01,2022,5,wet,,,,3.0,12.0,,7.72,,439.0,,,,269.0,,,,7.73
DoE_SurfaceGroundWaterReport_2021_2023,river,Karnaphuli,Karnaphuli Paper,2022-07-01,2022,7,wet,,,,5.0,14.0,,7.82,,524.0,,,,242.0,,,,7.62
DoE_SurfaceGroundWaterReport_2021_2023,river,Karnaphuli,Karnaphuli Paper,2022-08-01,2022,8,wet,,,,3.0,9.0,,7.72,,679.0,,,,359.0,,,,7.73
DoE_SurfaceGroundWaterReport_2021_2023,river,Karnaphuli,Karnaphuli Paper,2022-09-01,2022,9,wet,,,,4.0,10.0,,7.68,,699.0,,,,359.0,,,,7.68
DoE_SurfaceGroundWaterReport_2021_2023,river,Karnaphuli,Karnaphuli Paper,2022-10-01,2022,10,wet,,,,5.0,12.0,,7.68,,748.0,,,,359.0,,,,7.79
DoE_SurfaceGroundWaterReport_2021_2023,river,Karnaphuli,Karnaphuli Paper,2022-11-01,2022,11,dry,,,,4.0,11.0,,7.49,,694.0,,,,345.0,,,,7.11
DoE_SurfaceGroundWaterReport_2021_2023,river,Karnaphuli,Karnaphuli Paper,2022-12-01,2022,12,dry,,,,3.0,10.0,,7.39,,523.0,,,,269.0,,,,7.28
DoE_SurfaceGroundWaterReport_2021_2023,river,Karnaphuli,Mariam Nagar,2021-01-01,2021,1,dry,,,,4.0,10.0,,6.47,,,,,49.0,79.2,,,,8.2
DoE_SurfaceGroundWaterReport_2021_2023,river,Karnaphuli,Mariam Nagar,2021-02-01,2021,2,dry,,,,5.0,18.0,,6.56,,,,,29.0,121.0,,,,7.35
DoE_SurfaceGroundWaterReport_2021_2023,river,Karnaphuli,Mariam Nagar,2021-03-01,2021,3,dry,,,,4.0,21.0,,6.63,,,,,42.0,148.0,,,,7.43
DoE_SurfaceGroundWaterReport_2021_2023,river,Karnaphuli,Mariam Nagar,2021-04-01,2021,4,dry,,,,5.0,18.0,,6.72,,,,,46.0,156.0,,,,7.54
DoE_SurfaceGroundWaterReport_2021_2023,river,Karnaphuli,Mariam Nagar,2021-05-01,2021,5,wet,,,,7.0,19.0,,6.72,,,,,39.0,136.0,,,,7.47
DoE_SurfaceGroundWaterReport_2021_2023,river,Karnaphuli,Mariam Nagar,2021-06-01,2021,6,wet,,,,6.0,24.0,,6.96,,,,,48.0,168.0,,,,7.58
DoE_SurfaceGroundWaterReport_2021_2023,river,Karnaphuli,Mariam Nagar,2021-07-01,2021,7,wet,,,,5.0,16.0,,6.87,,,,,49.0,139.0,,,,7.58
DoE_SurfaceGroundWaterReport_2021_2023,river,Karnaphuli,Mariam Nagar,2021-08-01,2021,8,wet,,,,6.0,18.0,,7.12,,,,,64.0,149.0,,,,7.69
DoE_SurfaceGroundWaterReport_2021_2023,river,Karnaphuli,Mariam Nagar,2021-09-01,2021,9,wet,,,,7.0,20.0,,7.42,,,,,67.0,214.0,,,,7.69
DoE_SurfaceGroundWaterReport_2021_2023,river,Karnaphuli,Mariam Nagar,2021-11-01,2021,11,dry,,,,5.0,16.0,,7.49,,,,,89.0,198.0,,,,7.11
DoE_SurfaceGroundWaterReport_2021_2023,river,Karnaphuli,Mariam Nagar,2021-12-01,2021,12,dry,,,,5.0,15.0,,7.36,,,,,112.0,213.0,,,,7.24
DoE_SurfaceGroundWaterReport_2021_2023,river,Karnaphuli,Mariam Nagar,2022-01-01,2022,1,dry,,,,4.0,14.0,,7.18,,328.0,,,,169.0,,,,7.32
DoE_SurfaceGroundWaterReport_2021_2023,river,Karnaphuli,Mariam Nagar,2022-02-01,2022,2,dry,,,,4.0,12.0,,7.27,,298.0,,,,159.0,,,,7.19
DoE_SurfaceGroundWaterReport_2021_2023,river,Karnaphuli,Mariam Nagar,2022-03-01,2022,3,dry,,,,3.0,12.0,,7.28,,412.0,,,,189.0,,,,7.39
DoE_SurfaceGroundWaterReport_2021_2023,river,Karnaphuli,Mariam Nagar,2022-04-01,2022,4,dry,,,,4.0,12.0,,7.39,,412.0,,,,214.0,,,,7.52
DoE_SurfaceGroundWaterReport_2021_2023,river,Karnaphuli,Mariam Nagar,2022-05-01,2022,5,wet,,,,3.0,11.0,,7.46,,412.0,,,,247.0,,,,7.49
DoE_SurfaceGroundWaterReport_2021_2023,river,Karnaphuli,Mariam Nagar,2022-07-01,2022,7,wet,,,,4.0,13.0,,7.52,,469.0,,,,247.0,,,,7.52
DoE_SurfaceGroundWaterReport_2021_2023,river,Karnaphuli,Mariam Nagar,2022-08-01,2022,8,wet,,,,4.0,10.0,,7.39,,678.0,,,,328.0,,,,7.67
DoE_SurfaceGroundWaterReport_2021_2023,river,Karnaphuli,Mariam Nagar,2022-09-01,2022,9,wet,,,,3.0,9.0,,7.46,,635.0,,,,328.0,,,,7.72
DoE_SurfaceGroundWaterReport_2021_2023,river,Karnaphuli,Mariam Nagar,2022-10-01,2022,10,wet,,,,4.0,11.0,,7.46,,689.0,,,,328.0,,,,7.72
DoE_SurfaceGroundWaterReport_2021_2023,river,Karnaphuli,Mariam Nagar,2022-11-01,2022,11,dry,,,,3.0,10.0,,7.33,,489.0,,,,280.0,,,,7.24
DoE_SurfaceGroundWaterReport_2021_2023,river,Karnaphuli,Mariam Nagar,2022-12-01,2022,12,dry,,,,4.0,8.0,,7.28,,358.0,,,,318.0,,,,7.41
DoE_SurfaceGroundWaterReport_2021_2023,river,Karnaphuli,Mariam Nagar,2023-01-01,2023,1,dry,,,,5.0,9.0,,7.39,,,,,69.0,289.0,,,,7.38
DoE_SurfaceGroundWaterReport_2021_2023,river,Karnaphuli,Mariam Nagar,2023-02-01,2023,2,dry,,,,4.0,8.0,,7.33,,,,,58.0,159.0,,,,7.36
DoE_SurfaceGroundWaterReport_2021_2023,river,Karnaphuli,Mariam Nagar,2023-03-01,2023,3,dry,,,,4.0,18.0,,6.92,,,,,74.0,187.0,,,,7.99
DoE_SurfaceGroundWaterReport_2021_2023,river,Karnaphuli,Mariam Nagar,2023-04-01,2023,4,dry,,,,3.0,7.0,,7.45,,,,,49.0,169.0,,,,7.42
DoE_SurfaceGroundWaterReport_2021_2023,river,Karnaphuli,Mariam Nagar,2023-05-01,2023,5,wet,,,,4.0,8.0,,7.6,,,,,60.0,174.0,,,,7.27
DoE_SurfaceGroundWaterReport_2021_2023,river,Karnaphuli,Mariam Nagar,2023-06-01,2023,6,wet,,,,3.0,6.0,,7.5,,,,,89.0,184.0,,,,7.47
DoE_SurfaceGroundWaterReport_2021_2023,river,Karnaphuli,Mariam Nagar,2023-07-01,2023,7,wet,,,,4.0,7.0,,7.63,,,,,32.0,236.0,,,,7.67
DoE_SurfaceGroundWaterReport_2021_2023,river,Karnaphuli,Mariam Nagar,2023-08-01,2023,8,wet,,,,6.0,21.0,,7.63,,,,,36.0,264.0,,,,7.12
DoE_SurfaceGroundWaterReport_2021_2023,river,Karnaphuli,Mariam Nagar,2023-09-01,2023,9,wet,,,,5.0,19.0,,8.11,,,,,28.0,215.0,,,,7.14
DoE_SurfaceGroundWaterReport_2021_2023,river,Karnaphuli,Mariam Nagar,2023-10-01,2023,10,wet,,,,4.0,32.0,,7.28,,,,,22.0,189.0,,,,6.99
DoE_SurfaceGroundWaterReport_2021_2023,river,Karnaphuli,Mariam Nagar,2023-11-01,2023,11,dry,,,,6.0,32.0,,7.72,,,,,32.0,201.0,,,,6.69
DoE_SurfaceGroundWaterReport_2021_2023,river,Karnaphuli,Mariam Nagar,2023-12-01,2023,12,dry,,,,5.0,12.0,,6.9,,,,,39.0,207.0,,,,6.99
DoE_SurfaceGroundWaterReport_2021_2023,river,Karnaphuli,Shikalbaha,2021-01-01,2021,1,dry,,,,15.0,,,6.43,,,,,21.0,2080.0,,,,7.89
DoE_SurfaceGroundWaterReport_2021_2023,river,Karnaphuli,Shikalbaha,2021-02-01,2021,2,dry,,,,,,,6.69,,,,,35.0,2130.0,,,,
DoE_SurfaceGroundWaterReport_2021_2023,river,Karnaphuli,Shikalbaha,2021-03-01,2021,3,dry,,,,24.0,,,6.59,,,,,42.0,2360.0,,,,7.67
DoE_SurfaceGroundWaterReport_2021_2023,river,Karnaphuli,Shikalbaha,2021-04-01,2021,4,dry,,,,22.0,,,6.59,,,,,63.0,2453.0,,,,7.73
DoE_SurfaceGroundWaterReport_2021_2023,river,Karnaphuli,Shikalbaha,2021-05-01,2021,5,wet,,,,24.0,,,6.78,,,,,45.0,1890.0,,,,7.67
DoE_SurfaceGroundWaterReport_2021_2023,river,Karnaphuli,Shikalbaha,2021-06-01,2021,6,wet,,,,21.0,,,6.89,,,,,64.0,2140.0,,,,7.46
DoE_SurfaceGroundWaterReport_2021_2023,river,Karnaphuli,Shikalbaha,2021-07-01,2021,7,wet,,,,16.0,,,7.59,,,,,63.0,1580.0,,,,7.42
DoE_SurfaceGroundWaterReport_2021_2023,river,Karnaphuli,Shikalbaha,2021-08-01,2021,8,wet,,,,13.0,,,7.64,,,,,97.0,1260.0,,,,7.63
DoE_SurfaceGroundWaterReport_2021_2023,river,Karnaphuli,Shikalbaha,2021-09-01,2021,9,wet,,,,9.0,,,7.45,,,,,120.0,390.0,,,,7.63
DoE_SurfaceGroundWaterReport_2021_2023,river,Karnaphuli,Shikalbaha,2021-11-01,2021,11,dry,,,,6.0,,,7.56,,,,,87.0,312.0,,,,7.24
DoE_SurfaceGroundWaterReport_2021_2023,river,Karnaphuli,Shikalbaha,2021-12-01,2021,12,dry,,,,5.0,,,7.21,,,,,84.0,432.0,,,,7.41
DoE_SurfaceGroundWaterReport_2021_2023,river,Karnaphuli,Shikalbaha,2022-01-01,2022,1,dry,,,,4.0,14.0,,7.39,,689.0,,,,329.0,,,,7.58
DoE_SurfaceGroundWaterReport_2021_2023,river,Karnaphuli,Shikalbaha,2022-02-01,2022,2,dry,,,,5.0,16.0,,7.47,,769.0,,,,435.0,,,,7.65
DoE_SurfaceGroundWaterReport_2021_2023,river,Karnaphuli,Shikalbaha,2022-03-01,2022,3,dry,,,,4.0,15.0,,7.43,,765.0,,,,380.0,,,,7.69
DoE_SurfaceGroundWaterReport_2021_2023,river,Karnaphuli,Shikalbaha,2022-04-01,2022,4,dry,,,,5.0,15.0,,7.52,,765.0,,,,348.0,,,,7.58
DoE_SurfaceGroundWaterReport_2021_2023,river,Karnaphuli,Shikalbaha,2022-05-01,2022,5,wet,,,,5.0,14.0,,7.46,,765.0,,,,289.0,,,,7.63
DoE_SurfaceGroundWaterReport_2021_2023,river,Karnaphuli,Shikalbaha,2022-07-01,2022,7,wet,,,,5.0,14.0,,7.57,,459.0,,,,219.0,,,,7.48
DoE_SurfaceGroundWaterReport_2021_2023,river,Karnaphuli,Shikalbaha,2022-08-01,2022,8,wet,,,,4.0,10.0,,7.68,,745.0,,,,328.0,,,,7.28
DoE_SurfaceGroundWaterReport_2021_2023,river,Karnaphuli,Shikalbaha,2022-09-01,2022,9,wet,,,,5.0,15.0,,7.49,,632.0,,,,328.0,,,,7.62
DoE_SurfaceGroundWaterReport_2021_2023,river,Karnaphuli,Shikalbaha,2022-10-01,2022,10,wet,,,,5.6,13.0,,7.49,,678.0,,,,328.0,,,,7.78
DoE_SurfaceGroundWaterReport_2021_2023,river,Karnaphuli,Shikalbaha,2022-11-01,2022,11,dry,,,,4.0,10.0,,7.1,,489.0,,,,289.0,,,,7.57
DoE_SurfaceGroundWaterReport_2021_2023,river,Karnaphuli,Shikalbaha,2022-12-01,2022,12,dry,,,,5.0,9.0,,7.38,,538.0,,,,189.0,,,,7.18
DoE_SurfaceGroundWaterReport_2021_2023,river,Karnaphuli,Shikalbaha,2023-01-01,2023,1,dry,,,,,10.0,,7.38,,,,,68.0,217.0,,,,7.24
DoE_SurfaceGroundWaterReport_2021_2023,river,Karnaphuli,Shikalbaha,2023-02-01,2023,2,dry,,,,,,,,,,,,39.0,369.0,,,,
DoE_SurfaceGroundWaterReport_2021_2023,river,Karnaphuli,Shikalbaha,2023-03-01,2023,3,dry,,,,,16.0,,7.26,,,,,72.0,445.0,,,,7.69
DoE_SurfaceGroundWaterReport_2021_2023,river,Karnaphuli,Shikalbaha,2023-04-01,2023,4,dry,,,,,9.0,,7.42,,,,,30.0,416.0,,,,7.34
DoE_SurfaceGroundWaterReport_2021_2023,river,Karnaphuli,Shikalbaha,2023-05-01,2023,5,wet,,,,,10.0,,7.18,,,,,18.0,578.0,,,,7.41
DoE_SurfaceGroundWaterReport_2021_2023,river,Karnaphuli,Shikalbaha,2023-06-01,2023,6,wet,,,,,11.0,,7.24,,,,,28.0,378.0,,,,7.21
DoE_SurfaceGroundWaterReport_2021_2023,river,Karnaphuli,Shikalbaha,2023-07-01,2023,7,wet,,,,,13.0,,7.39,,,,,19.0,269.0,,,,7.41
DoE_SurfaceGroundWaterReport_2021_2023,river,Karnaphuli,Shikalbaha,2023-08-01,2023,8,wet,,,,,19.0,,8.09,,,,,21.0,301.0,,,,6.85
DoE_SurfaceGroundWaterReport_2021_2023,river,Karnaphuli,Shikalbaha,2023-09-01,2023,9,wet,,,,,30.0,,7.09,,,,,40.0,351.0,,,,7.22
DoE_SurfaceGroundWaterReport_2021_2023,river,Karnaphuli,Shikalbaha,2023-10-01,2023,10,wet,,,,,15.0,,7.11,,,,,25.0,209.0,,,,7.45
DoE_SurfaceGroundWaterReport_2021_2023,river,Karnaphuli,Shikalbaha,2023-11-01,2023,11,dry,,,,,19.0,,7.4,,,,,40.0,118.0,,,,6.78
DoE_SurfaceGroundWaterReport_2021_2023,river,Karnaphuli,Shikalbaha,2023-12-01,2023,12,dry,,,,,14.0,,7.26,,,,,49.0,184.0,,,,7.65
DoE_SurfaceGroundWaterReport_2021_2023,river,Karnaphuli,TSP,2021-01-01,2021,1,dry,,,,167.0,560.0,,8.1,,,,,130.0,11370.0,,,,6.59
DoE_SurfaceGroundWaterReport_2021_2023,river,Karnaphuli,TSP,2021-02-01,2021,2,dry,,,,140.0,540.0,,8.42,,,,,145.0,1240.0,,,,7.1
DoE_SurfaceGroundWaterReport_2021_2023,river,Karnaphuli,TSP,2021-03-01,2021,3,dry,,,,123.0,460.0,,8.23,,,,,154.0,13450.0,,,,7.21
DoE_SurfaceGroundWaterReport_2021_2023,river,Karnaphuli,TSP,2021-04-01,2021,4,dry,,,,123.0,460.0,,7.98,,,,,300.0,5980.0,,,,7.21
DoE_SurfaceGroundWaterReport_2021_2023,river,Karnaphuli,TSP,2021-05-01,2021,5,wet,,,,123.0,460.0,,8.49,,,,,156.0,1140.0,,,,7.34
DoE_SurfaceGroundWaterReport_2021_2023,river,Karnaphuli,TSP,2021-06-01,2021,6,wet,,,,109.0,426.0,,7.82,,,,,118.0,10230.0,,,,7.32
DoE_SurfaceGroundWaterReport_2021_2023,river,Karnaphuli,TSP,2021-07-01,2021,7,wet,,,,67.0,284.0,,8.89,,,,,533.0,4750.0,,,,6.34
DoE_SurfaceGroundWaterReport_2021_2023,river,Karnaphuli,TSP,2021-08-01,2021,8,wet,,,,23.0,74.0,,7.74,,,,,137.0,1256.0,,,,7.31
DoE_SurfaceGroundWaterReport_2021_2023,river,Karnaphuli,TSP,2021-09-01,2021,9,wet,,,,13.0,41.0,,6.58,,,,,62.0,70.6,,,,7.68
DoE_SurfaceGroundWaterReport_2021_2023,river,Karnaphuli,TSP,2021-11-01,2021,11,dry,,,,17.0,54.0,,6.69,,,,,178.0,3710.0,,,,6.69
DoE_SurfaceGroundWaterReport_2021_2023,river,Karnaphuli,TSP,2021-12-01,2021,12,dry,,,,11.0,38.0,,6.29,,,,,139.0,3198.0,,,,6.74
DoE_SurfaceGroundWaterReport_2021_2023,river,Karnaphuli,TSP,2022-01-01,2022,1,dry,,,,13.0,32.0,,7.55,,2300.0,,,,1189.0,,,,7.33
DoE_SurfaceGroundWaterReport_2021_2023,river,Karnaphuli,TSP,2022-02-01,2022,2,dry,,,,6.0,26.0,,7.49,,2467.0,,,,1235.0,,,,7.62
DoE_SurfaceGroundWaterReport_2021_2023,river,Karnaphuli,TSP,2022-03-01,2022,3,dry,,,,13.0,58.0,,7.09,,26570.0,,,,12980.0,,,,7.07
DoE_SurfaceGroundWaterReport_2021_2023,river,Karnaphuli,TSP,2022-04-01,2022,4,dry,,,,10.0,37.0,,8.05,,16000.0,,,,8960.0,,,,7.38
DoE_SurfaceGroundWaterReport_2021_2023,river,Karnaphuli,TSP,2022-05-01,2022,5,wet,,,,8.0,40.0,,7.85,,16000.0,,,,8768.0,,,,7.46
DoE_SurfaceGroundWaterReport_2021_2023,river,Karnaphuli,TSP,2022-06-01,2022,6,wet,,,,14.0,64.0,,7.99,,17014.0,,,,8472.0,,,,7.32
DoE_SurfaceGroundWaterReport_2021_2023,river,Karnaphuli,TSP,2022-07-01,2022,7,wet,,,,7.5,58.0,,7.1,,8234.0,,,,4940.0,,,,6.97
DoE_SurfaceGroundWaterReport_2021_2023,river,Karnaphuli,TSP,2022-08-01,2022,8,wet,,,,9.0,67.0,,7.28,,20390.0,,,,10250.0,,,,6.76
DoE_SurfaceGroundWaterReport_2021_2023,river,Karnaphuli,TSP,2022-09-01,2022,9,wet,,,,7.0,42.0,,7.0,,348.0,,,,174.0,,,,8.18
DoE_SurfaceGroundWaterReport_2021_2023,river,Karnaphuli,TSP,2022-10-01,2022,10,wet,,,,7.0,38.0,,7.0,,359.0,,,,174.0,,,,7.89
DoE_SurfaceGroundWaterReport_2021_2023,river,Karnaphuli,TSP,2022-11-01,2022,11,dry,,,,6.0,37.0,,5.7,,9570.0,,,,5320.0,,,,6.45
DoE_SurfaceGroundWaterReport_2021_2023,river,Karnaphuli,TSP,2022-12-01,2022,12,dry,,,,7.0,32.0,,7.4,,19110.0,,,,11480.0,,,,7.53
DoE_SurfaceGroundWaterReport_2021_2023,river,Karnaphuli,TSP,2023-01-01,2023,1,dry,,,,6.0,34.0,,6.42,,,,,57.0,12750.0,,,,7.81
DoE_SurfaceGroundWaterReport_2021_2023,river,Karnaphuli,TSP,2023-02-01,2023,2,dry,,,,7.0,39.0,,7.69,,,,,224.0,9000.0,,,,7.09
DoE_SurfaceGroundWaterReport_2021_2023,river,Karnaphuli,TSP,2023-03-01,2023,3,dry,,,,9.0,52.0,,6.64,,,,,65.0,19140.0,,,,8.09
DoE_SurfaceGroundWaterReport_2021_2023,river,Karnaphuli,TSP,2023-04-01,2023,4,dry,,,,7.0,36.0,,8.85,,,,,159.0,16850.0,,,,8.16
DoE_SurfaceGroundWaterReport_2021_2023,river,Karnaphuli,TSP,2023-05-01,2023,5,wet,,,,6.0,29.0,,8.09,,,,,247.0,14567.0,,,,8.34
DoE_SurfaceGroundWaterReport_2021_2023,river,Karnaphuli,TSP,2023-06-01,2023,6,wet,,,,6.0,35.0,,7.79,,,,,419.0,16240.0,,,,8.39
DoE_SurfaceGroundWaterReport_2021_2023,river,Karnaphuli,TSP,2023-07-01,2023,7,wet,,,,4.0,26.0,,8.39,,,,,439.0,12940.0,,,,7.97
DoE_SurfaceGroundWaterReport_2021_2023,river,Karnaphuli,TSP,2023-08-01,2023,8,wet,,,,4.0,24.0,,7.41,,,,,328.0,14380.0,,,,7.1
DoE_SurfaceGroundWaterReport_2021_2023,river,Karnaphuli,TSP,2023-09-01,2023,9,wet,,,,3.0,29.0,,7.51,,,,,156.0,10510.0,,,,6.96
DoE_SurfaceGroundWaterReport_2021_2023,river,Karnaphuli,TSP,2023-10-01,2023,10,wet,,,,3.0,21.0,,7.01,,,,,358.0,10110.0,,,,7.67
DoE_SurfaceGroundWaterReport_2021_2023,river,Karnaphuli,TSP,2023-11-01,2023,11,dry,,,,4.0,17.0,,7.4,,,,,305.0,9510.0,,,,6.81
DoE_SurfaceGroundWaterReport_2021_2023,river,Karnaphuli,TSP,2023-12-01,2023,12,dry,,,,14.0,49.0,,7.05,,,,,237.0,6740.0,,,,7.8
DoE_SurfaceGroundWaterReport_2021_2023,river,Khakshiali,Boshontopur,2021-01-01,2021,1,dry,,,,,,152.0,7.28,,444.0,,,56.0,220.0,,58.2,,8.34
DoE_SurfaceGroundWaterReport_2021_2023,river,Khakshiali,Boshontopur,2021-02-01,2021,2,dry,,,,,,1005.0,7.29,,4250.0,,,55.0,2210.0,,132.0,,8.45
DoE_SurfaceGroundWaterReport_2021_2023,river,Khakshiali,Boshontopur,2021-03-01,2021,3,dry,,,,,,972.0,6.5,,7140.0,,,56.0,3840.0,,132.0,,8.43
DoE_SurfaceGroundWaterReport_2021_2023,river,Khakshiali,Boshontopur,2021-09-01,2021,9,wet,,,,,,203.0,3.7,,1306.0,,,70.0,645.0,,90.0,,8.45
DoE_SurfaceGroundWaterReport_2021_2023,river,Khakshiali,Boshontopur,2021-10-01,2021,10,wet,,,,9.0,,205.0,3.7,,599.0,,,70.0,289.0,,89.0,,8.23
DoE_SurfaceGroundWaterReport_2021_2023,river,Khakshiali,Boshontopur,2021-11-01,2021,11,dry,,,,8.0,,375.0,3.7,,523.0,,,69.0,268.0,,88.0,,8.2
DoE_SurfaceGroundWaterReport_2021_2023,river,Khakshiali,Boshontopur,2021-12-01,2021,12,dry,,,,1.0,,138.0,1.4,,1942.0,,,82.0,1089.0,,88.0,,8.09
DoE_SurfaceGroundWaterReport_2021_2023,river,Khakshiali,Boshontopur,2022-05-01,2022,5,wet,,,,1.3,,4024.0,5.4,,6507.0,,3.3,,3201.0,,118.0,,7.75
DoE_SurfaceGroundWaterReport_2021_2023,river,Khakshiali,Boshontopur,2023-01-01,2023,1,dry,,,,3.7,,1027.0,7.63,,4110.0,,,83.0,2055.0,,73.0,,6.72
DoE_SurfaceGroundWaterReport_2021_2023,river,Khakshiali,Boshontopur,2023-02-01,2023,2,dry,,,,4.8,,991.0,6.73,,3964.0,,,87.0,1982.0,,38.0,,6.77
DoE_SurfaceGroundWaterReport_2021_2023,river,Khakshiali,Boshontopur,2023-03-01,2023,3,dry,,,,4.8,,991.0,6.73,,3964.0,,,87.0,1982.0,,38.0,,6.77
DoE_SurfaceGroundWaterReport_2021_2023,river,Khakshiali,Boshontopur,2023-06-01,2023,6,wet,,,,8.2,,4110.0,6.17,,16440.0,,,74.0,8220.0,,88.0,,7.05
DoE_SurfaceGroundWaterReport_2021_2023,river,Khakshiali,Boshontopur,2023-10-01,2023,10,wet,,,,8.3,,792.0,6.18,,2169.0,,,64.0,1085.0,,31.0,,7.05
DoE_SurfaceGroundWaterReport_2021_2023,river,Khakshiali,Boshontopur,2023-11-01,2023,11,dry,,,,7.17,,480.0,6.18,,1920.0,,,54.0,960.0,,37.0,,7.69
DoE_SurfaceGroundWaterReport_2021_2023,river,Khakshiali,Boshontopur,2023-12-01,2023,12,dry,,,,5.46,,482.0,4.21,,1928.0,,,52.0,964.0,,35.0,,7.74
DoE_SurfaceGroundWaterReport_2021_2023,river,Khakshiali,Gobindakathi,2022-05-01,2022,5,wet,,,,1.3,,4068.0,5.1,,6580.0,,3.46,,3245.0,,117.0,,7.75
DoE_SurfaceGroundWaterReport_2021_2023,river,Khakshiali,Kaliganj Bazar,2021-01-01,2021,1,dry,,,,,,148.0,7.21,,434.0,,,52.0,228.0,,56.3,,8.24
DoE_SurfaceGroundWaterReport_2021_2023,river,Khakshiali,Kaliganj Bazar,2021-02-01,2021,2,dry,,,,,,945.0,6.03,,3880.0,,,52.0,2010.0,,124.0,,8.46
DoE_SurfaceGroundWaterReport_2021_2023,river,Khakshiali,Kaliganj Bazar,2021-03-01,2021,3,dry,,,,,,950.0,6.23,,7430.0,,,51.0,3990.0,,124.0,,8.39
DoE_SurfaceGroundWaterReport_2021_2023,river,Khakshiali,Kaliganj Bazar,2021-09-01,2021,9,wet,,,,,,205.0,4.4,,1299.0,,,67.0,644.0,,89.0,,7.87
DoE_SurfaceGroundWaterReport_2021_2023,river,Khakshiali,Kaliganj Bazar,2021-10-01,2021,10,wet,,,,10.0,,203.0,3.5,,588.0,,,68.0,285.0,,90.0,,8.2
DoE_SurfaceGroundWaterReport_2021_2023,river,Khakshiali,Kaliganj Bazar,2021-11-01,2021,11,dry,,,,7.0,,363.0,3.4,,512.0,,,68.0,262.0,,90.0,,8.18
DoE_SurfaceGroundWaterReport_2021_2023,river,Khakshiali,Kaliganj Bazar,2021-12-01,2021,12,dry,,,,6.1,,1375.0,8.7,,1926.0,,,88.0,1084.0,,90.0,,7.69
DoE_SurfaceGroundWaterReport_2021_2023,river,Khakshiali,Kaliganj Bazar,2022-05-01,2022,5,wet,,,,1.3,,4040.0,5.4,,6485.0,,3.31,,3265.0,,120.0,,7.73
DoE_SurfaceGroundWaterReport_2021_2023,river,Khakshiali,Kaliganj Bazar,2023-01-01,2023,1,dry,,,,3.5,,1000.0,7.35,,4000.0,,,72.0,2000.0,,79.0,,6.67
DoE_SurfaceGroundWaterReport_2021_2023,river,Khakshiali,Kaliganj Bazar,2023-02-01,2023,2,dry,,,,2.8,,963.0,6.67,,3850.0,,,65.0,1925.0,,62.0,,6.78
DoE_SurfaceGroundWaterReport_2021_2023,river,Khakshiali,Kaliganj Bazar,2023-03-01,2023,3,dry,,,,3.04,,237.0,5.24,,946.0,,,43.0,473.0,,78.0,,7.19
DoE_SurfaceGroundWaterReport_2021_2023,river,Khakshiali,Kaliganj Bazar,2023-06-01,2023,6,wet,,,,9.4,,3935.0,5.79,,15740.0,,,64.0,7870.0,,94.0,,6.95
DoE_SurfaceGroundWaterReport_2021_2023,river,Khakshiali,Kaliganj Bazar,2023-10-01,2023,10,wet,,,,9.7,,798.0,6.52,,3190.0,,,66.0,1595.0,,34.0,,7.11
DoE_SurfaceGroundWaterReport_2021_2023,river,Khakshiali,Kaliganj Bazar,2023-11-01,2023,11,dry,,,,7.9,,778.0,5.17,,2612.0,,,46.0,1304.0,,34.0,,7.26
DoE_SurfaceGroundWaterReport_2021_2023,river,Khakshiali,Kaliganj Bazar,2023-12-01,2023,12,dry,,,,5.7,,456.0,4.24,,1824.0,,,34.0,912.0,,32.0,,7.66
DoE_SurfaceGroundWaterReport_2021_2023,river,Khakshiali,Uzirpur,2021-01-01,2021,1,dry,,,,,,154.0,7.28,,440.0,,,56.0,216.0,,53.2,,8.32
DoE_SurfaceGroundWaterReport_2021_2023,river,Khakshiali,Uzirpur,2021-02-01,2021,2,dry,,,,,,1015.0,5.51,,4170.0,,,59.0,2156.0,,153.0,,8.37
DoE_SurfaceGroundWaterReport_2021_2023,river,Khakshiali,Uzirpur,2021-03-01,2021,3,dry,,,,,,1000.0,3.7,,6240.0,,,60.0,3320.0,,153.0,,8.28
DoE_SurfaceGroundWaterReport_2021_2023,river,Khakshiali,Uzirpur,2021-09-01,2021,9,wet,,,,,,209.0,4.7,,1984.0,,,68.0,100.0,,87.0,,8.03
DoE_SurfaceGroundWaterReport_2021_2023,river,Khakshiali,Uzirpur,2021-10-01,2021,10,wet,,,,9.0,,210.0,3.5,,1810.0,,,69.0,906.0,,88.0,,8.18
DoE_SurfaceGroundWaterReport_2021_2023,river,Khakshiali,Uzirpur,2021-11-01,2021,11,dry,,,,8.0,,762.0,3.7,,1428.0,,,64.0,734.0,,84.0,,8.17
DoE_SurfaceGroundWaterReport_2021_2023,river,Khakshiali,Uzirpur,2021-12-01,2021,12,dry,,,,4.2,,1375.0,6.7,,1945.0,,,87.0,1093.0,,98.0,,7.86
DoE_SurfaceGroundWaterReport_2021_2023,river,Khakshiali,Uzirpur,2023-01-01,2023,1,dry,,,,2.8,,314.0,6.23,,1254.0,,,55.0,627.0,,53.0,,7.21
DoE_SurfaceGroundWaterReport_2021_2023,river,Khakshiali,Uzirpur,2023-02-01,2023,2,dry,,,,2.6,,307.0,5.8,,1228.0,,,62.0,614.0,,68.0,,8.17
DoE_SurfaceGroundWaterReport_2021_2023,river,Khakshiali,Uzirpur,2023-03-01,2023,3,dry,,,,2.6,,307.0,5.8,,1228.0,,,62.0,614.0,,68.0,,8.47
DoE_SurfaceGroundWaterReport_2021_2023,river,Khakshiali,Uzirpur,2023-06-01,2023,6,wet,,,,8.6,,3945.0,5.37,,15780.0,,,75.0,7890.0,,96.0,,6.69
DoE_SurfaceGroundWaterReport_2021_2023,river,Khakshiali,Uzirpur,2023-10-01,2023,10,wet,,,,8.5,,738.0,6.07,,2950.0,,,73.0,1475.0,,32.0,,6.78
DoE_SurfaceGroundWaterReport_2021_2023,river,Khakshiali,Uzirpur,2023-11-01,2023,11,dry,,,,6.3,,629.0,5.17,,2516.0,,,73.0,1258.0,,32.0,,6.89
DoE_SurfaceGroundWaterReport_2021_2023,river,Khakshiali,Uzirpur,2023-12-01,2023,12,dry,,,,8.4,,312.0,3.34,,1246.0,,,65.0,623.0,,24.0,,7.34
DoE_SurfaceGroundWaterReport_2021_2023,river,Kirtankhola,Dopdopia Kheyaghat (M),2021-01-01,2021,1,dry,,,,,,,5.6,,304.0,,,,152.0,,,,7.7
DoE_SurfaceGroundWaterReport_2021_2023,river,Kirtankhola,Dopdopia Kheyaghat (M),2021-02-01,2021,2,dry,,,,,,,6.3,,324.0,,,,164.0,,,,7.6
DoE_SurfaceGroundWaterReport_2021_2023,river,Kirtankhola,Dopdopia Kheyaghat (M),2021-03-01,2021,3,dry,,,,,,,5.6,,1240.0,,,,620.0,,,,8.2
DoE_SurfaceGroundWaterReport_2021_2023,river,Kirtankhola,Dopdopia Kheyaghat (M),2021-06-01,2021,6,wet,,,,,,,5.1,,2322.0,,,,1162.0,,,,7.4
DoE_SurfaceGroundWaterReport_2021_2023,river,Kirtankhola,Dopdopia Kheyaghat (M),2021-08-01,2021,8,wet,,,,,,,5.2,,4376.0,,,,2188.0,,,,8.1
DoE_SurfaceGroundWaterReport_2021_2023,river,Kirtankhola,Dopdopia Kheyaghat (M),2021-10-01,2021,10,wet,,,,,,,6.1,,3692.0,,,,1847.0,,,,8.2
DoE_SurfaceGroundWaterReport_2021_2023,river,Kirtankhola,Dopdopia Kheyaghat (M),2021-11-01,2021,11,dry,,,,,,,6.2,,3884.0,,,,936.0,,,,8.14
DoE_SurfaceGroundWaterReport_2021_2023,river,Kirtankhola,Dopdopia Kheyaghat (M),2021-12-01,2021,12,dry,,,,,,,6.0,,3862.0,,,,1920.0,,,,8.3
DoE_SurfaceGroundWaterReport_2021_2023,river,Kirtankhola,Dopdopia Kheyaghat (M),2022-05-01,2022,5,wet,,,,,408.0,,7.6,,1577.0,,,,,,,,6.23
DoE_SurfaceGroundWaterReport_2021_2023,river,Kirtankhola,Dopdopia Kheyaghat (M),2022-06-01,2022,6,wet,,,,,,,,,,,,,789.0,,,,
DoE_SurfaceGroundWaterReport_2021_2023,river,Kirtankhola,Dopdopia Kheyaghat (M),2022-08-01,2022,8,wet,,,,,53.0,,6.19,,169.9,,,,71.9,,,,8.1
DoE_SurfaceGroundWaterReport_2021_2023,river,Kirtankhola,Dopdopia Kheyaghat (M),2022-09-01,2022,9,wet,,,,,,,6.68,,1833.0,,,,826.0,,,,7.0
DoE_SurfaceGroundWaterReport_2021_2023,river,Kirtankhola,Dopdopia Kheyaghat (M),2022-10-01,2022,10,wet,,,,,,,6.91,,190.2,,,,89.2,,,,8.52
DoE_SurfaceGroundWaterReport_2021_2023,river,Kirtankhola,Dopdopia Kheyaghat (M),2022-11-01,2022,11,dry,,,,,,,6.89,,1921.0,,,,884.0,,,,8.88
DoE_SurfaceGroundWaterReport_2021_2023,river,Kirtankhola,Dopdopia Kheyaghat (M),2023-01-01,2023,1,dry,,,,,,,6.79,,1632.0,,,,861.0,,,,8.16
DoE_SurfaceGroundWaterReport_2021_2023,river,Kirtankhola,Dopdopia Kheyaghat (M),2023-09-01,2023,9,wet,,,,,,,6.19,,187.2,,,,88.4,,,,8.42
DoE_SurfaceGroundWaterReport_2021_2023,river,Kirtankhola,Dopdopia Kheyaghat (M),2023-10-01,2023,10,wet,,,,,,,7.34,,211.2,,,,101.4,,,,8.22
DoE_SurfaceGroundWaterReport_2021_2023,river,Kirtankhola,Dopdopia Kheyaghat (M),2023-12-01,2023,12,dry,,,,,,,7.04,,490.0,,,,249.0,,,,7.74
DoE_SurfaceGroundWaterReport_2021_2023,river,Kirtankhola,Dopdopia Kheyaghat (S),2021-01-01,2021,1,dry,,,,,,,5.7,,300.0,,,,149.0,,,,7.8
DoE_SurfaceGroundWaterReport_2021_2023,river,Kirtankhola,Dopdopia Kheyaghat (S),2021-02-01,2021,2,dry,,,,,,,6.1,,340.0,,,,171.0,,,,7.8
DoE_SurfaceGroundWaterReport_2021_2023,river,Kirtankhola,Dopdopia Kheyaghat (S),2021-03-01,2021,3,dry,,,,,,,5.4,,1242.0,,,,622.0,,,,8.0
DoE_SurfaceGroundWaterReport_2021_2023,river,Kirtankhola,Dopdopia Kheyaghat (S),2021-06-01,2021,6,wet,,,,,,,5.3,,2392.0,,,,1196.0,,,,7.5
DoE_SurfaceGroundWaterReport_2021_2023,river,Kirtankhola,Dopdopia Kheyaghat (S),2021-08-01,2021,8,wet,,,,,,,5.4,,4620.0,,,,2310.0,,,,8.3
DoE_SurfaceGroundWaterReport_2021_2023,river,Kirtankhola,Dopdopia Kheyaghat (S),2021-10-01,2021,10,wet,,,,,,,5.8,,3680.0,,,,1840.0,,,,7.9
DoE_SurfaceGroundWaterReport_2021_2023,river,Kirtankhola,Dopdopia Kheyaghat (S),2021-11-01,2021,11,dry,,,,,,,6.1,,3820.0,,,,933.0,,,,8.16
DoE_SurfaceGroundWaterReport_2021_2023,river,Kirtankhola,Dopdopia Kheyaghat (S),2021-12-01,2021,12,dry,,,,,,,6.2,,3822.0,,,,1345.0,,,,8.4
DoE_SurfaceGroundWaterReport_2021_2023,river,Kirtankhola,Dopdopia Kheyaghat (S),2022-05-01,2022,5,wet,,,,,523.0,,6.21,,1689.0,,,,,,,,5.85
DoE_SurfaceGroundWaterReport_2021_2023,river,Kirtankhola,Dopdopia Kheyaghat (S),2022-06-01,2022,6,wet,,,,,,,,,,,,,840.0,,,,
DoE_SurfaceGroundWaterReport_2021_2023,river,Kirtankhola,Dopdopia Kheyaghat (S),2022-08-01,2022,8,wet,,,,,29.0,,5.78,,167.3,,,,72.3,,,,8.98
DoE_SurfaceGroundWaterReport_2021_2023,river,Kirtankhola,Dopdopia Kheyaghat (S),2022-09-01,2022,9,wet,,,,,,,6.64,,1858.0,,,,832.0,,,,7.37
DoE_SurfaceGroundWaterReport_2021_2023,river,Kirtankhola,Dopdopia Kheyaghat (S),2022-10-01,2022,10,wet,,,,,,,7.11,,183.4,,,,87.1,,,,8.99
DoE_SurfaceGroundWaterReport_2021_2023,river,Kirtankhola,Dopdopia Kheyaghat (S),2022-11-01,2022,11,dry,,,,,,,7.01,,1875.0,,,,891.0,,,,8.56
DoE_SurfaceGroundWaterReport_2021_2023,river,Kirtankhola,Dopdopia Kheyaghat (S),2023-01-01,2023,1,dry,,,,,,,7.13,,1701.0,,,,897.0,,,,
DoE_SurfaceGroundWaterReport_2021_2023,river,Kirtankhola,Dopdopia Kheyaghat (S),2023-09-01,2023,9,wet,,,,,,,7.73,,179.4,,,,84.3,,,,
DoE_SurfaceGroundWaterReport_2021_2023,river,Kirtankhola,Dopdopia Kheyaghat (S),2023-10-01,2023,10,wet,,,,,,,7.17,,197.5,,,,94.8,,,,
DoE_SurfaceGroundWaterReport_2021_2023,river,Kirtankhola,Dopdopia Kheyaghat (S),2023-12-01,2023,12,dry,,,,,,,7.41,,528.0,,,,257.0,,,,
DoE_SurfaceGroundWaterReport_2021_2023,river,Kirtankhola,Kaower Char (M),2021-01-01,2021,1,dry,,,,,,,5.9,,292.0,,,,146.0,,,,7.9
DoE_SurfaceGroundWaterReport_2021_2023,river,Kirtankhola,Kaower Char (M),2021-02-01,2021,2,dry,,,,,,,6.3,,321.0,,,,160.0,,,,7.6
DoE_SurfaceGroundWaterReport_2021_2023,river,Kirtankhola,Kaower Char (M),2021-03-01,2021,3,dry,,,,,,,5.4,,1342.0,,,,672.0,,,,7.8
DoE_SurfaceGroundWaterReport_2021_2023,river,Kirtankhola,Kaower Char (M),2021-08-01,2021,8,wet,,,,,,,4.0,,3368.0,,,,1684.0,,,,7.8
DoE_SurfaceGroundWaterReport_2021_2023,river,Kirtankhola,Kaower Char (M),2021-10-01,2021,10,wet,,,,,,,6.0,,4872.0,,,,2438.0,,,,8.4
DoE_SurfaceGroundWaterReport_2021_2023,river,Kirtankhola,Kaower Char (M),2021-11-01,2021,11,dry,,,,,,,6.2,,5982.0,,,,1228.0,,,,8.1
DoE_SurfaceGroundWaterReport_2021_2023,river,Kirtankhola,Kaower Char (M),2021-12-01,2021,12,dry,,,,,,,6.2,,5144.0,,,,2573.0,,,,8.32
DoE_SurfaceGroundWaterReport_2021_2023,river,Kirtankhola,Kaower Char (M),2022-05-01,2022,5,wet,,,,,696.0,,7.46,,1576.0,,,,,,,,6.4
DoE_SurfaceGroundWaterReport_2021_2023,river,Kirtankhola,Kaower Char (M),2022-06-01,2022,6,wet,,,,,,,,,,,,,788.0,,,,
DoE_SurfaceGroundWaterReport_2021_2023,river,Kirtankhola,Kaower Char (M),2022-08-01,2022,8,wet,,,,,122.0,,6.55,,171.9,,,,77.6,,,,7.58
DoE_SurfaceGroundWaterReport_2021_2023,river,Kirtankhola,Kaower Char (M),2022-09-01,2022,9,wet,,,,,,,5.79,,1762.0,,,,692.0,,,,7.86
DoE_SurfaceGroundWaterReport_2021_2023,river,Kirtankhola,Kaower Char (M),2022-10-01,2022,10,wet,,,,,,,6.59,,199.3,,,,92.4,,,,8.24
DoE_SurfaceGroundWaterReport_2021_2023,river,Kirtankhola,Kaower Char (M),2022-11-01,2022,11,dry,,,,,,,6.53,,1729.0,,,,957.0,,,,8.18
DoE_SurfaceGroundWaterReport_2021_2023,river,Kirtankhola,Kaower Char (M),2023-01-01,2023,1,dry,,,,,,,6.37,,1691.0,,,,861.0,,,,8.28
DoE_SurfaceGroundWaterReport_2021_2023,river,Kirtankhola,Kaower Char (M),2023-09-01,2023,9,wet,,,,,,,6.66,,199.9,,,,93.5,,,,8.31
DoE_SurfaceGroundWaterReport_2021_2023,river,Kirtankhola,Kaower Char (M),2023-10-01,2023,10,wet,,,,,,,6.97,,237.1,,,,114.4,,,,8.24
DoE_SurfaceGroundWaterReport_2021_2023,river,Kirtankhola,Kaower Char (M),2023-12-01,2023,12,dry,,,,,,,6.59,,584.0,,,,294.0,,,,8.11
DoE_SurfaceGroundWaterReport_2021_2023,river,Kirtankhola,Kaower Char (S),2021-01-01,2021,1,dry,,,,,,,6.1,,300.0,,,,148.0,,,,8.0
DoE_SurfaceGroundWaterReport_2021_2023,river,Kirtankhola,Kaower Char (S),2021-02-01,2021,2,dry,,,,,,,6.0,,332.0,,,,164.0,,,,8.0
DoE_SurfaceGroundWaterReport_2021_2023,river,Kirtankhola,Kaower Char (S),2021-03-01,2021,3,dry,,,,,,,5.3,,1331.0,,,,667.0,,,,7.6
DoE_SurfaceGroundWaterReport_2021_2023,river,Kirtankhola,Kaower Char (S),2021-08-01,2021,8,wet,,,,,,,4.2,,3422.0,,,,1711.0,,,,7.6
DoE_SurfaceGroundWaterReport_2021_2023,river,Kirtankhola,Kaower Char (S),2021-10-01,2021,10,wet,,,,,,,6.2,,4826.0,,,,2413.0,,,,8.1
DoE_SurfaceGroundWaterReport_2021_2023,river,Kirtankhola,Kaower Char (S),2021-11-01,2021,11,dry,,,,,,,6.5,,5938.0,,,,1216.0,,,,8.0
DoE_SurfaceGroundWaterReport_2021_2023,river,Kirtankhola,Kaower Char (S),2021-12-01,2021,12,dry,,,,,,,6.1,,5088.0,,,,2544.0,,,,8.25
DoE_SurfaceGroundWaterReport_2021_2023,river,Kirtankhola,Kaower Char (S),2022-05-01,2022,5,wet,,,,,,,6.39,,1582.0,,,,,,,,6.27
DoE_SurfaceGroundWaterReport_2021_2023,river,Kirtankhola,Kaower Char (S),2022-06-01,2022,6,wet,,,,,,,,,,,,,791.0,,,,
DoE_SurfaceGroundWaterReport_2021_2023,river,Kirtankhola,Kaower Char (S),2022-08-01,2022,8,wet,,,,,,,7.74,,178.0,,,,78.4,,,,8.11
DoE_SurfaceGroundWaterReport_2021_2023,river,Kirtankhola,Kaower Char (S),2022-09-01,2022,9,wet,,,,,,,6.21,,1961.0,,,,703.0,,,,8.16
DoE_SurfaceGroundWaterReport_2021_2023,river,Kirtankhola,Kaower Char (S),2022-10-01,2022,10,wet,,,,,,,6.83,,180.0,,,,83.6,,,,8.28
DoE_SurfaceGroundWaterReport_2021_2023,river,Kirtankhola,Kaower Char (S),2022-11-01,2022,11,dry,,,,,,,6.32,,1663.0,,,,899.0,,,,8.2
DoE_SurfaceGroundWaterReport_2021_2023,river,Kirtankhola,Kaower Char (S),2023-01-01,2023,1,dry,,,,,,,6.66,,1631.0,,,,878.0,,,,8.1
DoE_SurfaceGroundWaterReport_2021_2023,river,Kirtankhola,Kaower Char (S),2023-09-01,2023,9,wet,,,,,,,6.38,,170.0,,,,81.6,,,,8.24
DoE_SurfaceGroundWaterReport_2021_2023,river,Kirtankhola,Kaower Char (S),2023-10-01,2023,10,wet,,,,,,,7.48,,251.7,,,,119.3,,,,8.59
DoE_SurfaceGroundWaterReport_2021_2023,river,Kirtankhola,Kaower Char (S),2023-12-01,2023,12,dry,,,,,,,7.13,,688.0,,,,359.0,,,,8.02
DoE_SurfaceGroundWaterReport_2021_2023,river,Kirtankhola,Launch Ghat (M),2021-01-01,2021,1,dry,,,,,,,6.0,,299.0,,,,148.0,,,,8.0
DoE_SurfaceGroundWaterReport_2021_2023,river,Kirtankhola,Launch Ghat (M),2021-02-01,2021,2,dry,,,,,,,6.0,,314.0,,,,154.0,,,,7.6
DoE_SurfaceGroundWaterReport_2021_2023,river,Kirtankhola,Launch Ghat (M),2021-03-01,2021,3,dry,,,,,,,5.2,,1362.0,,,,682.0,,,,7.4
DoE_SurfaceGroundWaterReport_2021_2023,river,Kirtankhola,Launch Ghat (M),2021-08-01,2021,8,wet,,,,,,,3.4,,3288.0,,,,1644.0,,,,8.0
DoE_SurfaceGroundWaterReport_2021_2023,river,Kirtankhola,Launch Ghat (M),2021-10-01,2021,10,wet,,,,,,,6.0,,2538.0,,,,1270.0,,,,7.2
DoE_SurfaceGroundWaterReport_2021_2023,river,Kirtankhola,Launch Ghat (M),2021-11-01,2021,11,dry,,,,,,,6.3,,2698.0,,,,1349.0,,,,7.74
DoE_SurfaceGroundWaterReport_2021_2023,river,Kirtankhola,Launch Ghat (M),2021-12-01,2021,12,dry,,,,,,,6.1,,2688.0,,,,1345.0,,,,7.89
DoE_SurfaceGroundWaterReport_2021_2023,river,Kirtankhola,Launch Ghat (M),2022-05-01,2022,5,wet,,,,,,,7.6,,1604.0,,,,,,,,6.92
DoE_SurfaceGroundWaterReport_2021_2023,river,Kirtankhola,Launch Ghat (M),2022-06-01,2022,6,wet,,,,,,,,,,,,,802.0,,,,
DoE_SurfaceGroundWaterReport_2021_2023,river,Kirtankhola,Launch Ghat (M),2022-08-01,2022,8,wet,,,,,,,6.62,,171.3,,,,76.7,,,,6.92
DoE_SurfaceGroundWaterReport_2021_2023,river,Kirtankhola,Launch Ghat (M),2022-09-01,2022,9,wet,,,,,,,5.36,,1860.0,,,,739.0,,,,7.92
DoE_SurfaceGroundWaterReport_2021_2023,river,Kirtankhola,Launch Ghat (M),2022-10-01,2022,10,wet,,,,,,,6.77,,181.1,,,,84.5,,,,8.43
DoE_SurfaceGroundWaterReport_2021_2023,river,Kirtankhola,Launch Ghat (M),2022-11-01,2022,11,dry,,,,,,,7.14,,1482.0,,,,852.0,,,,8.47
DoE_SurfaceGroundWaterReport_2021_2023,river,Kirtankhola,Launch Ghat (M),2023-01-01,2023,1,dry,,,,,,,7.25,,1518.0,,,,801.0,,,,8.66
DoE_SurfaceGroundWaterReport_2021_2023,river,Kirtankhola,Launch Ghat (M),2023-09-01,2023,9,wet,,,,,,,6.7,,187.1,,,,94.5,,,,8.13
DoE_SurfaceGroundWaterReport_2021_2023,river,Kirtankhola,Launch Ghat (M),2023-10-01,2023,10,wet,,,,,,,7.11,,229.8,,,,113.1,,,,8.08
DoE_SurfaceGroundWaterReport_2021_2023,river,Kirtankhola,Launch Ghat (M),2023-12-01,2023,12,dry,,,,,,,6.82,,408.0,,,,192.0,,,,8.09
DoE_SurfaceGroundWaterReport_2021_2023,river,Kirtankhola,Launch Ghat (S),2021-01-01,2021,1,dry,,,,,,,5.8,,303.0,,,,150.0,,,,7.9
DoE_SurfaceGroundWaterReport_2021_2023,river,Kirtankhola,Launch Ghat (S),2021-02-01,2021,2,dry,,,,,,,6.2,,320.0,,,,158.0,,,,7.7
DoE_SurfaceGroundWaterReport_2021_2023,river,Kirtankhola,Launch Ghat (S),2021-03-01,2021,3,dry,,,,,,,5.1,,1360.0,,,,681.0,,,,7.5
DoE_SurfaceGroundWaterReport_2021_2023,river,Kirtankhola,Launch Ghat (S),2021-08-01,2021,8,wet,,,,,,,3.2,,3390.0,,,,1695.0,,,,7.8
DoE_SurfaceGroundWaterReport_2021_2023,river,Kirtankhola,Launch Ghat (S),2021-10-01,2021,10,wet,,,,,,,5.8,,2591.0,,,,1297.0,,,,7.4
DoE_SurfaceGroundWaterReport_2021_2023,river,Kirtankhola,Launch Ghat (S),2021-11-01,2021,11,dry,,,,,,,6.1,,2732.0,,,,1366.0,,,,7.8
DoE_SurfaceGroundWaterReport_2021_2023,river,Kirtankhola,Launch Ghat (S),2021-12-01,2021,12,dry,,,,,,,6.2,,2720.0,,,,1360.0,,,,8.0
DoE_SurfaceGroundWaterReport_2021_2023,river,Kirtankhola,Launch Ghat (S),2022-05-01,2022,5,wet,,,,,,,6.21,,1604.0,,,,,,,,8.34
DoE_SurfaceGroundWaterReport_2021_2023,river,Kirtankhola,Launch Ghat (S),2022-06-01,2022,6,wet,,,,,,,,,,,,,802.0,,,,
DoE_SurfaceGroundWaterReport_2021_2023,river,Kirtankhola,Launch Ghat (S),2022-08-01,2022,8,wet,,,,,,,6.39,,186.4,,,,84.2,,,,8.34
DoE_SurfaceGroundWaterReport_2021_2023,river,Kirtankhola,Launch Ghat (S),2022-09-01,2022,9,wet,,,,,,,6.16,,1901.0,,,,807.0,,,,8.24
DoE_SurfaceGroundWaterReport_2021_2023,river,Kirtankhola,Launch Ghat (S),2022-10-01,2022,10,wet,,,,,,,6.86,,130.3,,,,84.3,,,,8.42
DoE_SurfaceGroundWaterReport_2021_2023,river,Kirtankhola,Launch Ghat (S),2022-11-01,2022,11,dry,,,,,,,7.0,,1527.0,,,,827.0,,,,8.92
DoE_SurfaceGroundWaterReport_2021_2023,river,Kirtankhola,Launch Ghat (S),2023-01-01,2023,1,dry,,,,,,,7.1,,1534.0,,,,811.0,,,,8.82
DoE_SurfaceGroundWaterReport_2021_2023,river,Kirtankhola,Launch Ghat (S),2023-09-01,2023,9,wet,,,,,,,6.51,,161.3,,,,89.6,,,,8.32
DoE_SurfaceGroundWaterReport_2021_2023,river,Kirtankhola,Launch Ghat (S),2023-10-01,2023,10,wet,,,,,,,7.41,,213.4,,,,104.9,,,,8.11
DoE_SurfaceGroundWaterReport_2021_2023,river,Kirtankhola,Launch Ghat (S),2023-12-01,2023,12,dry,,,,,,,6.71,,438.0,,,,212.0,,,,8.01
DoE_SurfaceGroundWaterReport_2021_2023,river,Korotoa,Aziz Ahmed Taki Road (Down),2021-01-01,2021,1,dry,,,,6.0,,,3.84,,340.0,,,63.0,170.0,,,,6.92
DoE_SurfaceGroundWaterReport_2021_2023,river,Korotoa,Aziz Ahmed Taki Road (Down),2021-02-01,2021,2,dry,,,,5.9,,,3.94,,328.0,,,58.0,164.0,,,,7.06
DoE_SurfaceGroundWaterReport_2021_2023,river,Korotoa,Aziz Ahmed Taki Road (Down),2021-03-01,2021,3,dry,,,,6.2,,,3.8,,380.0,,,60.0,190.0,,,,7.06
DoE_SurfaceGroundWaterReport_2021_2023,river,Korotoa,Aziz Ahmed Taki Road (Down),2021-04-01,2021,4,dry,,,,6.22,,,3.81,,390.0,,,65.0,195.0,,,,7.08
DoE_SurfaceGroundWaterReport_2021_2023,river,Korotoa,Aziz Ahmed Taki Road (Down),2021-05-01,2021,5,wet,,,,5.42,,,3.72,,360.0,,,62.0,180.0,,,,7.12
DoE_SurfaceGroundWaterReport_2021_2023,river,Korotoa,Aziz Ahmed Taki Road (Down),2021-06-01,2021,6,wet,,,,3.8,,,5.0,,300.0,,,54.0,150.0,,,,7.12
DoE_SurfaceGroundWaterReport_2021_2023,river,Korotoa,Aziz Ahmed Taki Road (Down),2021-08-01,2021,8,wet,,,,3.1,,,6.6,,268.0,,,46.0,134.0,,,,7.26
DoE_SurfaceGroundWaterReport_2021_2023,river,Korotoa,Aziz Ahmed Taki Road (Down),2021-09-01,2021,9,wet,,,,4.0,,,4.94,,296.0,,,54.0,148.0,,,,7.02
DoE_SurfaceGroundWaterReport_2021_2023,river,Korotoa,Aziz Ahmed Taki Road (Down),2021-10-01,2021,10,wet,,,,3.7,,,5.04,,312.0,,,58.0,156.0,,,,7.08
DoE_SurfaceGroundWaterReport_2021_2023,river,Korotoa,Aziz Ahmed Taki Road (Down),2021-11-01,2021,11,dry,,,,3.9,,,4.86,,308.0,,,56.0,154.0,,,,7.06
DoE_SurfaceGroundWaterReport_2021_2023,river,Korotoa,Aziz Ahmed Taki Road (Down),2021-12-01,2021,12,dry,,,,4.2,,,5.0,,332.0,,,54.0,166.0,,,,7.02
DoE_SurfaceGroundWaterReport_2021_2023,river,Korotoa,Aziz Ahmed Taki Road (Down),2023-01-01,2023,1,dry,,,,2.2,,,6.0,,390.0,,,54.0,195.0,,,,7.36
DoE_SurfaceGroundWaterReport_2021_2023,river,Korotoa,Aziz Ahmed Taki Road (Down),2023-02-01,2023,2,dry,,,,4.2,,,4.0,,392.0,,,54.0,195.0,,,,7.38
DoE_SurfaceGroundWaterReport_2021_2023,river,Korotoa,Aziz Ahmed Taki Road (Down),2023-04-01,2023,4,dry,,,,4.2,,,3.0,,392.0,,,54.0,196.0,,,,7.4
DoE_SurfaceGroundWaterReport_2021_2023,river,Korotoa,Aziz Ahmed Taki Road (Down),2023-05-01,2023,5,wet,,,,4.1,,,3.0,,380.0,,,54.0,190.0,,,,7.42
DoE_SurfaceGroundWaterReport_2021_2023,river,Korotoa,Aziz Ahmed Taki Road (Down),2023-06-01,2023,6,wet,,,,4.0,,,3.2,,396.0,,,54.0,198.0,,,,7.54
DoE_SurfaceGroundWaterReport_2021_2023,river,Korotoa,Aziz Ahmed Taki Road (Down),2023-07-01,2023,7,wet,,,,4.2,,,3.0,,390.0,,,56.0,195.0,,,,7.76
DoE_SurfaceGroundWaterReport_2021_2023,river,Korotoa,Aziz Ahmed Taki Road (Down),2023-08-01,2023,8,wet,,,,4.3,,,4.3,,396.0,,,56.0,198.0,,,,7.72
DoE_SurfaceGroundWaterReport_2021_2023,river,Korotoa,Aziz Ahmed Taki Road (Down),2023-09-01,2023,9,wet,,,,4.2,,,4.0,,394.0,,,56.0,197.0,,,,7.75
DoE_SurfaceGroundWaterReport_2021_2023,river,Korotoa,Aziz Ahmed Taki Road (Down),2023-10-01,2023,10,wet,,,,4.0,,,3.5,,390.0,,,56.0,195.0,,,,7.74
DoE_SurfaceGroundWaterReport_2021_2023,river,Korotoa,Aziz Ahmed Taki Road (Down),2023-11-01,2023,11,dry,,,,4.2,,,2.5,,410.0,,,55.0,205.0,,,,7.85
DoE_SurfaceGroundWaterReport_2021_2023,river,Korotoa,Aziz Ahmed Taki Road (Down),2023-12-01,2023,12,dry,,,,4.3,,,2.4,,410.0,,,55.0,210.0,,,,7.83
DoE_SurfaceGroundWaterReport_2021_2023,river,Korotoa,Aziz Ahmed Taki Road (UP),2021-01-01,2021,1,dry,,,,6.0,,,3.84,,340.0,,,63.0,170.0,,,,6.92
DoE_SurfaceGroundWaterReport_2021_2023,river,Korotoa,Aziz Ahmed Taki Road (UP),2021-02-01,2021,2,dry,,,,5.9,,,3.94,,328.0,,,58.0,164.0,,,,7.06
DoE_SurfaceGroundWaterReport_2021_2023,river,Korotoa,Aziz Ahmed Taki Road (UP),2021-03-01,2021,3,dry,,,,6.2,,,3.8,,380.0,,,60.0,190.0,,,,7.06
DoE_SurfaceGroundWaterReport_2021_2023,river,Korotoa,Aziz Ahmed Taki Road (UP),2021-04-01,2021,4,dry,,,,6.22,,,3.81,,390.0,,,65.0,195.0,,,,7.08
DoE_SurfaceGroundWaterReport_2021_2023,river,Korotoa,Aziz Ahmed Taki Road (UP),2021-05-01,2021,5,wet,,,,5.42,,,3.72,,360.0,,,62.0,180.0,,,,7.12
DoE_SurfaceGroundWaterReport_2021_2023,river,Korotoa,Aziz Ahmed Taki Road (UP),2021-06-01,2021,6,wet,,,,3.8,,,5.0,,300.0,,,54.0,150.0,,,,7.12
DoE_SurfaceGroundWaterReport_2021_2023,river,Korotoa,Aziz Ahmed Taki Road (UP),2021-08-01,2021,8,wet,,,,3.1,,,6.6,,268.0,,,46.0,134.0,,,,7.26
DoE_SurfaceGroundWaterReport_2021_2023,river,Korotoa,Aziz Ahmed Taki Road (UP),2021-09-01,2021,9,wet,,,,4.0,,,4.94,,296.0,,,54.0,148.0,,,,7.02
DoE_SurfaceGroundWaterReport_2021_2023,river,Korotoa,Aziz Ahmed Taki Road (UP),2021-10-01,2021,10,wet,,,,3.7,,,5.04,,312.0,,,58.0,156.0,,,,7.08
DoE_SurfaceGroundWaterReport_2021_2023,river,Korotoa,Aziz Ahmed Taki Road (UP),2021-11-01,2021,11,dry,,,,3.9,,,4.86,,308.0,,,56.0,154.0,,,,7.06
DoE_SurfaceGroundWaterReport_2021_2023,river,Korotoa,Aziz Ahmed Taki Road (UP),2021-12-01,2021,12,dry,,,,4.2,,,5.0,,332.0,,,54.0,166.0,,,,7.02
DoE_SurfaceGroundWaterReport_2021_2023,river,Korotoa,Aziz Ahmed Taki Road (UP),2023-01-01,2023,1,dry,,,,2.2,,,6.0,,390.0,,,54.0,195.0,,,,7.36
DoE_SurfaceGroundWaterReport_2021_2023,river,Korotoa,Aziz Ahmed Taki Road (UP),2023-02-01,2023,2,dry,,,,4.2,,,4.0,,392.0,,,54.0,195.0,,,,7.38
DoE_SurfaceGroundWaterReport_2021_2023,river,Korotoa,Aziz Ahmed Taki Road (UP),2023-04-01,2023,4,dry,,,,4.2,,,3.0,,392.0,,,54.0,196.0,,,,7.4
DoE_SurfaceGroundWaterReport_2021_2023,river,Korotoa,Aziz Ahmed Taki Road (UP),2023-05-01,2023,5,wet,,,,4.1,,,3.0,,380.0,,,54.0,190.0,,,,7.42
DoE_SurfaceGroundWaterReport_2021_2023,river,Korotoa,Aziz Ahmed Taki Road (UP),2023-06-01,2023,6,wet,,,,4.0,,,3.2,,396.0,,,54.0,198.0,,,,7.54
DoE_SurfaceGroundWaterReport_2021_2023,river,Korotoa,Aziz Ahmed Taki Road (UP),2023-07-01,2023,7,wet,,,,4.2,,,3.0,,390.0,,,56.0,195.0,,,,7.76
DoE_SurfaceGroundWaterReport_2021_2023,river,Korotoa,Aziz Ahmed Taki Road (UP),2023-08-01,2023,8,wet,,,,4.3,,,4.3,,396.0,,,56.0,198.0,,,,7.72
DoE_SurfaceGroundWaterReport_2021_2023,river,Korotoa,Aziz Ahmed Taki Road (UP),2023-09-01,2023,9,wet,,,,4.2,,,4.0,,394.0,,,56.0,197.0,,,,7.75
DoE_SurfaceGroundWaterReport_2021_2023,river,Korotoa,Aziz Ahmed Taki Road (UP),2023-10-01,2023,10,wet,,,,4.0,,,3.5,,390.0,,,56.0,195.0,,,,7.74
DoE_SurfaceGroundWaterReport_2021_2023,river,Korotoa,Aziz Ahmed Taki Road (UP),2023-11-01,2023,11,dry,,,,4.2,,,2.5,,410.0,,,55.0,205.0,,,,7.85
DoE_SurfaceGroundWaterReport_2021_2023,river,Korotoa,Aziz Ahmed Taki Road (UP),2023-12-01,2023,12,dry,,,,4.3,,,2.4,,420.0,,,55.0,210.0,,,,7.83
DoE_SurfaceGroundWaterReport_2021_2023,river,Korotoa,Dottobari Bridge (Down),2021-01-01,2021,1,dry,,,,6.1,,,3.88,,334.0,,,62.0,167.0,,,,7.02
DoE_SurfaceGroundWaterReport_2021_2023,river,Korotoa,Dottobari Bridge (Down),2021-02-01,2021,2,dry,,,,6.2,,,3.78,,344.0,,,64.0,172.0,,,,7.0
DoE_SurfaceGroundWaterReport_2021_2023,river,Korotoa,Dottobari Bridge (Down),2021-03-01,2021,3,dry,,,,6.46,,,3.52,,392.0,,,64.0,196.0,,,,6.98
DoE_SurfaceGroundWaterReport_2021_2023,river,Korotoa,Dottobari Bridge (Down),2021-04-01,2021,4,dry,,,,6.44,,,3.51,,396.0,,,72.0,198.0,,,,6.97
DoE_SurfaceGroundWaterReport_2021_2023,river,Korotoa,Dottobari Bridge (Down),2021-05-01,2021,5,wet,,,,5.94,,,3.8,,360.0,,,68.0,180.0,,,,7.02
DoE_SurfaceGroundWaterReport_2021_2023,river,Korotoa,Dottobari Bridge (Down),2021-06-01,2021,6,wet,,,,3.8,,,5.1,,300.0,,,58.0,150.0,,,,7.2
DoE_SurfaceGroundWaterReport_2021_2023,river,Korotoa,Dottobari Bridge (Down),2021-08-01,2021,8,wet,,,,3.0,,,6.8,,280.0,,,48.0,140.0,,,,7.24
DoE_SurfaceGroundWaterReport_2021_2023,river,Korotoa,Dottobari Bridge (Down),2021-09-01,2021,9,wet,,,,4.1,,,4.88,,310.0,,,56.0,155.0,,,,7.12
DoE_SurfaceGroundWaterReport_2021_2023,river,Korotoa,Dottobari Bridge (Down),2021-10-01,2021,10,wet,,,,3.6,,,4.8,,320.0,,,60.0,160.0,,,,7.16
DoE_SurfaceGroundWaterReport_2021_2023,river,Korotoa,Dottobari Bridge (Down),2021-11-01,2021,11,dry,,,,4.1,,,4.92,,320.0,,,60.0,160.0,,,,7.1
DoE_SurfaceGroundWaterReport_2021_2023,river,Korotoa,Dottobari Bridge (Down),2021-12-01,2021,12,dry,,,,4.1,,,4.9,,340.0,,,58.0,170.0,,,,7.04
DoE_SurfaceGroundWaterReport_2021_2023,river,Korotoa,Dottobari Bridge (Down),2023-01-01,2023,1,dry,,,,2.2,,,6.0,,390.0,,,58.0,194.0,,,,7.36
DoE_SurfaceGroundWaterReport_2021_2023,river,Korotoa,Dottobari Bridge (Down),2023-02-01,2023,2,dry,,,,4.2,,,4.0,,392.0,,,58.0,195.0,,,,7.38
DoE_SurfaceGroundWaterReport_2021_2023,river,Korotoa,Dottobari Bridge (Down),2023-04-01,2023,4,dry,,,,4.2,,,3.0,,392.0,,,58.0,196.0,,,,7.4
DoE_SurfaceGroundWaterReport_2021_2023,river,Korotoa,Dottobari Bridge (Down),2023-05-01,2023,5,wet,,,,4.1,,,3.0,,380.0,,,58.0,190.0,,,,7.42
DoE_SurfaceGroundWaterReport_2021_2023,river,Korotoa,Dottobari Bridge (Down),2023-06-01,2023,6,wet,,,,4.0,,,3.2,,396.0,,,58.0,198.0,,,,7.54
DoE_SurfaceGroundWaterReport_2021_2023,river,Korotoa,Dottobari Bridge (Down),2023-07-01,2023,7,wet,,,,4.2,,,3.0,,390.0,,,56.0,195.0,,,,7.76
DoE_SurfaceGroundWaterReport_2021_2023,river,Korotoa,Dottobari Bridge (Down),2023-08-01,2023,8,wet,,,,4.3,,,4.3,,396.0,,,56.0,198.0,,,,7.72
DoE_SurfaceGroundWaterReport_2021_2023,river,Korotoa,Dottobari Bridge (Down),2023-09-01,2023,9,wet,,,,4.2,,,4.0,,394.0,,,56.0,197.0,,,,7.75
DoE_SurfaceGroundWaterReport_2021_2023,river,Korotoa,Dottobari Bridge (Down),2023-10-01,2023,10,wet,,,,4.0,,,3.5,,390.0,,,56.0,195.0,,,,7.74
DoE_SurfaceGroundWaterReport_2021_2023,river,Korotoa,Dottobari Bridge (Down),2023-11-01,2023,11,dry,,,,4.2,,,2.5,,410.0,,,56.0,205.0,,,,7.85
DoE_SurfaceGroundWaterReport_2021_2023,river,Korotoa,Dottobari Bridge (Down),2023-12-01,2023,12,dry,,,,4.3,,,2.4,,420.0,,,56.0,210.0,,,,7.83
DoE_SurfaceGroundWaterReport_2021_2023,river,Korotoa,Dottobari Bridge (UP),2021-01-01,2021,1,dry,,,,6.1,,,3.88,,334.0,,,62.0,167.0,,,,7.02
DoE_SurfaceGroundWaterReport_2021_2023,river,Korotoa,Dottobari Bridge (UP),2021-02-01,2021,2,dry,,,,6.2,,,3.78,,344.0,,,64.0,172.0,,,,7.0
DoE_SurfaceGroundWaterReport_2021_2023,river,Korotoa,Dottobari Bridge (UP),2021-03-01,2021,3,dry,,,,6.46,,,3.52,,392.0,,,64.0,196.0,,,,6.98
DoE_SurfaceGroundWaterReport_2021_2023,river,Korotoa,Dottobari Bridge (UP),2021-04-01,2021,4,dry,,,,6.44,,,3.51,,396.0,,,72.0,198.0,,,,6.97
DoE_SurfaceGroundWaterReport_2021_2023,river,Korotoa,Dottobari Bridge (UP),2021-05-01,2021,5,wet,,,,5.94,,,3.8,,360.0,,,68.0,180.0,,,,7.02
DoE_SurfaceGroundWaterReport_2021_2023,river,Korotoa,Dottobari Bridge (UP),2021-06-01,2021,6,wet,,,,3.8,,,5.1,,300.0,,,58.0,150.0,,,,7.2
DoE_SurfaceGroundWaterReport_2021_2023,river,Korotoa,Dottobari Bridge (UP),2021-08-01,2021,8,wet,,,,3.0,,,6.8,,280.0,,,48.0,140.0,,,,7.24
DoE_SurfaceGroundWaterReport_2021_2023,river,Korotoa,Dottobari Bridge (UP),2021-09-01,2021,9,wet,,,,4.1,,,4.88,,310.0,,,56.0,155.0,,,,7.12
DoE_SurfaceGroundWaterReport_2021_2023,river,Korotoa,Dottobari Bridge (UP),2021-10-01,2021,10,wet,,,,3.6,,,4.8,,320.0,,,60.0,160.0,,,,7.16
DoE_SurfaceGroundWaterReport_2021_2023,river,Korotoa,Dottobari Bridge (UP),2021-11-01,2021,11,dry,,,,4.1,,,4.92,,320.0,,,60.0,160.0,,,,7.1
DoE_SurfaceGroundWaterReport_2021_2023,river,Korotoa,Dottobari Bridge (UP),2021-12-01,2021,12,dry,,,,4.1,,,4.9,,340.0,,,58.0,170.0,,,,7.04
DoE_SurfaceGroundWaterReport_2021_2023,river,Korotoa,Dottobari Bridge (UP),2023-01-01,2023,1,dry,,,,2.2,,,6.0,,390.0,,,58.0,194.0,,,,7.36
DoE_SurfaceGroundWaterReport_2021_2023,river,Korotoa,Dottobari Bridge (UP),2023-02-01,2023,2,dry,,,,4.2,,,4.0,,392.0,,,58.0,195.0,,,,7.38
DoE_SurfaceGroundWaterReport_2021_2023,river,Korotoa,Dottobari Bridge (UP),2023-04-01,2023,4,dry,,,,4.2,,,3.0,,392.0,,,58.0,196.0,,,,7.4
DoE_SurfaceGroundWaterReport_2021_2023,river,Korotoa,Dottobari Bridge (UP),2023-05-01,2023,5,wet,,,,4.1,,,3.0,,380.0,,,58.0,190.0,,,,7.42
DoE_SurfaceGroundWaterReport_2021_2023,river,Korotoa,Dottobari Bridge (UP),2023-06-01,2023,6,wet,,,,4.0,,,3.2,,396.0,,,58.0,198.0,,,,7.54
DoE_SurfaceGroundWaterReport_2021_2023,river,Korotoa,Dottobari Bridge (UP),2023-07-01,2023,7,wet,,,,4.2,,,3.0,,390.0,,,56.0,195.0,,,,7.76
DoE_SurfaceGroundWaterReport_2021_2023,river,Korotoa,Dottobari Bridge (UP),2023-08-01,2023,8,wet,,,,4.3,,,4.3,,396.0,,,56.0,198.0,,,,7.72
DoE_SurfaceGroundWaterReport_2021_2023,river,Korotoa,Dottobari Bridge (UP),2023-09-01,2023,9,wet,,,,4.2,,,4.0,,394.0,,,56.0,197.0,,,,7.75
DoE_SurfaceGroundWaterReport_2021_2023,river,Korotoa,Dottobari Bridge (UP),2023-10-01,2023,10,wet,,,,4.0,,,3.5,,390.0,,,56.0,195.0,,,,7.74
DoE_SurfaceGroundWaterReport_2021_2023,river,Korotoa,Dottobari Bridge (UP),2023-11-01,2023,11,dry,,,,4.2,,,2.5,,410.0,,,56.0,205.0,,,,7.85
DoE_SurfaceGroundWaterReport_2021_2023,river,Korotoa,Dottobari Bridge (UP),2023-12-01,2023,12,dry,,,,4.3,,,2.4,,420.0,,,56.0,210.0,,,,7.83
DoE_SurfaceGroundWaterReport_2021_2023,river,Korotoa,Sultanganj- Gabtoli (DN),2021-01-01,2021,1,dry,,,,5.8,,,3.96,,324.0,,,56.0,162.0,,,,7.04
DoE_SurfaceGroundWaterReport_2021_2023,river,Korotoa,Sultanganj- Gabtoli (DN),2021-02-01,2021,2,dry,,,,6.1,,,3.76,,348.0,,,65.0,174.0,,,,6.94
DoE_SurfaceGroundWaterReport_2021_2023,river,Korotoa,Sultanganj- Gabtoli (DN),2021-03-01,2021,3,dry,,,,6.3,,,3.48,,408.0,,,66.0,270.0,,,,6.94
DoE_SurfaceGroundWaterReport_2021_2023,river,Korotoa,Sultanganj- Gabtoli (DN),2021-04-01,2021,4,dry,,,,6.32,,,3.49,,404.0,,,64.0,202.0,,,,6.96
DoE_SurfaceGroundWaterReport_2021_2023,river,Korotoa,Sultanganj- Gabtoli (DN),2021-05-01,2021,5,wet,,,,5.84,,,3.94,,380.0,,,62.0,190.0,,,,7.08
DoE_SurfaceGroundWaterReport_2021_2023,river,Korotoa,Sultanganj- Gabtoli (DN),2021-06-01,2021,6,wet,,,,3.9,,,5.2,,320.0,,,56.0,160.0,,,,7.08
DoE_SurfaceGroundWaterReport_2021_2023,river,Korotoa,Sultanganj- Gabtoli (DN),2021-08-01,2021,8,wet,,,,3.2,,,6.7,,276.0,,,50.0,138.0,,,,7.16
DoE_SurfaceGroundWaterReport_2021_2023,river,Korotoa,Sultanganj- Gabtoli (DN),2021-09-01,2021,9,wet,,,,4.1,,,5.12,,308.0,,,58.0,154.0,,,,7.04
DoE_SurfaceGroundWaterReport_2021_2023,river,Korotoa,Sultanganj- Gabtoli (DN),2021-10-01,2021,10,wet,,,,3.8,,,5.1,,328.0,,,56.0,164.0,,,,7.04
DoE_SurfaceGroundWaterReport_2021_2023,river,Korotoa,Sultanganj- Gabtoli (DN),2021-11-01,2021,11,dry,,,,4.0,,,4.88,,316.0,,,58.0,158.0,,,,7.04
DoE_SurfaceGroundWaterReport_2021_2023,river,Korotoa,Sultanganj- Gabtoli (DN),2021-12-01,2021,12,dry,,,,4.0,,,5.1,,320.0,,,56.0,160.0,,,,6.98
DoE_SurfaceGroundWaterReport_2021_2023,river,Korotoa,Sultanganj- Gabtoli (UP),2021-01-01,2021,1,dry,,,,5.8,,,3.96,,324.0,,,56.0,162.0,,,,7.04
DoE_SurfaceGroundWaterReport_2021_2023,river,Korotoa,Sultanganj- Gabtoli (UP),2021-02-01,2021,2,dry,,,,6.1,,,3.76,,348.0,,,65.0,174.0,,,,6.94
DoE_SurfaceGroundWaterReport_2021_2023,river,Korotoa,Sultanganj- Gabtoli (UP),2021-03-01,2021,3,dry,,,,6.3,,,3.48,,408.0,,,66.0,270.0,,,,6.94
DoE_SurfaceGroundWaterReport_2021_2023,river,Korotoa,Sultanganj- Gabtoli (UP),2021-04-01,2021,4,dry,,,,6.32,,,3.49,,404.0,,,64.0,202.0,,,,6.96
DoE_SurfaceGroundWaterReport_2021_2023,river,Korotoa,Sultanganj- Gabtoli (UP),2021-05-01,2021,5,wet,,,,5.84,,,3.94,,380.0,,,62.0,190.0,,,,7.08
DoE_SurfaceGroundWaterReport_2021_2023,river,Korotoa,Sultanganj- Gabtoli (UP),2021-06-01,2021,6,wet,,,,3.9,,,5.2,,320.0,,,56.0,160.0,,,,7.08
DoE_SurfaceGroundWaterReport_2021_2023,river,Korotoa,Sultanganj- Gabtoli (UP),2021-08-01,2021,8,wet,,,,3.2,,,6.7,,276.0,,,50.0,138.0,,,,7.16
DoE_SurfaceGroundWaterReport_2021_2023,river,Korotoa,Sultanganj- Gabtoli (UP),2021-09-01,2021,9,wet,,,,4.1,,,5.12,,308.0,,,58.0,154.0,,,,7.04
DoE_SurfaceGroundWaterReport_2021_2023,river,Korotoa,Sultanganj- Gabtoli (UP),2021-10-01,2021,10,wet,,,,3.8,,,5.1,,328.0,,,56.0,164.0,,,,7.04
DoE_SurfaceGroundWaterReport_2021_2023,river,Korotoa,Sultanganj- Gabtoli (UP),2021-11-01,2021,11,dry,,,,4.0,,,4.88,,316.0,,,58.0,158.0,,,,7.04
DoE_SurfaceGroundWaterReport_2021_2023,river,Korotoa,Sultanganj- Gabtoli (UP),2021-12-01,2021,12,dry,,,,4.0,,,5.1,,320.0,,,56.0,160.0,,,,6.98
DoE_SurfaceGroundWaterReport_2021_2023,river,Kushiara,Fcnchuganj Bridge Point,2021-01-01,2021,1,dry,,,,,,,,,,,,,,,,,7.3
DoE_SurfaceGroundWaterReport_2021_2023,river,Kushiara,Fcnchuganj Bridge Point,2021-02-01,2021,2,dry,,,,,,,,,,,,,,,,,7.1
DoE_SurfaceGroundWaterReport_2021_2023,river,Kushiara,Fcnchuganj Bridge Point,2021-03-01,2021,3,dry,,,,,,,,,,,,,,,,,7.2
DoE_SurfaceGroundWaterReport_2021_2023,river,Kushiara,Fcnchuganj Bridge Point,2021-04-01,2021,4,dry,,,,,,,,,,,,,,,,,7.23
DoE_SurfaceGroundWaterReport_2021_2023,river,Kushiara,Fcnchuganj Bridge Point,2021-05-01,2021,5,wet,,,,,,,,,,,,,,,,,7.18
DoE_SurfaceGroundWaterReport_2021_2023,river,Kushiara,Fcnchuganj Bridge Point,2021-06-01,2021,6,wet,,,,,,,,,,,,,,,,,7.24
DoE_SurfaceGroundWaterReport_2021_2023,river,Kushiara,Fcnchuganj Bridge Point,2021-07-01,2021,7,wet,,,,,,,,,,,,,,,,,7.21
DoE_SurfaceGroundWaterReport_2021_2023,river,Kushiara,Fcnchuganj Bridge Point,2021-08-01,2021,8,wet,,,,,,,,,,,,,,,,,7.22
DoE_SurfaceGroundWaterReport_2021_2023,river,Kushiara,Fcnchuganj Bridge Point,2021-09-01,2021,9,wet,,,,,,,,,,,,,,,,,7.26
DoE_SurfaceGroundWaterReport_2021_2023,river,Kushiara,Fcnchuganj Bridge Point,2021-10-01,2021,10,wet,,,,,,,,,,,,,,,,,7.22
DoE_SurfaceGroundWaterReport_2021_2023,river,Kushiara,Fcnchuganj Bridge Point,2021-11-01,2021,11,dry,,,,,,,,,,,,,,,,,7.02
DoE_SurfaceGroundWaterReport_2021_2023,river,Kushiara,Fcnchuganj Bridge Point,2021-12-01,2021,12,dry,,,,,,,,,,,,,,,,,6.91
DoE_SurfaceGroundWaterReport_2021_2023,river,Kushiara,Fenchuganj Bridge Point,2021-01-01,2021,1,dry,,,,2.7,15.0,,7.2,,112.6,,,,55.4,,,,
DoE_SurfaceGroundWaterReport_2021_2023,river,Kushiara,Fenchuganj Bridge Point,2021-02-01,2021,2,dry,,,,2.9,20.0,,7.3,,114.6,,,,56.4,,,,
DoE_SurfaceGroundWaterReport_2021_2023,river,Kushiara,Fenchuganj Bridge Point,2021-03-01,2021,3,dry,,,,2.9,20.0,,7.1,,118.6,,,,57.4,,,,
DoE_SurfaceGroundWaterReport_2021_2023,river,Kushiara,Fenchuganj Bridge Point,2021-04-01,2021,4,dry,,,,2.8,22.0,,7.13,,118.3,,,,58.3,,,,
DoE_SurfaceGroundWaterReport_2021_2023,river,Kushiara,Fenchuganj Bridge Point,2021-05-01,2021,5,wet,,,,3.6,16.0,,6.71,,92.6,,,,47.0,,,,
DoE_SurfaceGroundWaterReport_2021_2023,river,Kushiara,Fenchuganj Bridge Point,2021-06-01,2021,6,wet,,,,2.8,20.0,,7.14,,115.1,,,,56.0,,,,
DoE_SurfaceGroundWaterReport_2021_2023,river,Kushiara,Fenchuganj Bridge Point,2021-07-01,2021,7,wet,,,,2.5,19.0,,7.23,,115.1,,,,54.0,,,,
DoE_SurfaceGroundWaterReport_2021_2023,river,Kushiara,Fenchuganj Bridge Point,2021-08-01,2021,8,wet,,,,2.6,21.0,,7.25,,116.2,,,,54.0,,,,
DoE_SurfaceGroundWaterReport_2021_2023,river,Kushiara,Fenchuganj Bridge Point,2021-09-01,2021,9,wet,,,,3.6,18.0,,6.7,,96.8,,,,54.0,,,,
DoE_SurfaceGroundWaterReport_2021_2023,river,Kushiara,Fenchuganj Bridge Point,2021-10-01,2021,10,wet,,,,3.2,17.0,,6.71,,97.8,,,,53.0,,,,
DoE_SurfaceGroundWaterReport_2021_2023,river,Kushiara,Fenchuganj Bridge Point,2021-11-01,2021,11,dry,,,,3.1,16.0,,6.7,,98.2,,,,52.0,,,,
DoE_SurfaceGroundWaterReport_2021_2023,river,Kushiara,Fenchuganj Bridge Point,2021-12-01,2021,12,dry,,,,2.6,15.0,,7.2,,119.4,,,,59.0,,,,
DoE_SurfaceGroundWaterReport_2021_2023,river,Kushiara,Fenchuganj Bridge Point,2022-05-01,2022,5,wet,,,,2.3,15.0,,7.24,,124.0,,,,63.0,,,,6.89
DoE_SurfaceGroundWaterReport_2021_2023,river,Kushiara,Fenchuganj Bridge Point,2023-03-01,2023,3,dry,,,,2.9,16.0,,7.65,,148.0,,,,74.0,,,,7.53
DoE_SurfaceGroundWaterReport_2021_2023,river,Kushiara,Fenchuganj Bridge Point,2023-07-01,2023,7,wet,,,,2.7,14.0,,7.66,,143.0,,,,70.0,,,,7.48
DoE_SurfaceGroundWaterReport_2021_2023,river,Kushiara,Fenchuganj Fertilizer Industry,2023-03-01,2023,3,dry,,,,23.0,82.0,,8.81,,218.0,,,,111.0,,,,8.79
DoE_SurfaceGroundWaterReport_2021_2023,river,Kushiara,Fenchuganj Fertilizer Industry,2023-07-01,2023,7,wet,,,,18.0,75.0,,8.76,,213.0,,,,106.0,,,,8.72
DoE_SurfaceGroundWaterReport_2021_2023,river,Lohalia,Patuakhali L.G (M),2021-01-01,2021,1,dry,,,,,,,5.7,,302.0,,,,153.0,,,,
DoE_SurfaceGroundWaterReport_2021_2023,river,Lohalia,Patuakhali L.G (M),2021-03-01,2021,3,dry,,,,,,,5.6,,998.0,,,,499.0,,,,
DoE_SurfaceGroundWaterReport_2021_2023,river,Lohalia,Patuakhali L.G (M),2021-07-01,2021,7,wet,,,,,,,5.5,,,,,,,,,,
DoE_SurfaceGroundWaterReport_2021_2023,river,Lohalia,Patuakhali L.G (M),2021-08-01,2021,8,wet,,,,,,,,,2188.0,,,,1094.0,,,,
DoE_SurfaceGroundWaterReport_2021_2023,river,Lohalia,Patuakhali L.G (M),2021-09-01,2021,9,wet,,,,,,,5.8,,,,,,,,,,
DoE_SurfaceGroundWaterReport_2021_2023,river,Lohalia,Patuakhali L.G (M),2021-10-01,2021,10,wet,,,,,,,6.2,,1818.0,,,,910.0,,,,
DoE_SurfaceGroundWaterReport_2021_2023,river,Lohalia,Patuakhali L.G (M),2021-11-01,2021,11,dry,,,,,,,,,1228.0,,,,614.0,,,,
DoE_SurfaceGroundWaterReport_2021_2023,river,Lohalia,Patuakhali L.G (M),2021-12-01,2021,12,dry,,,,,,,5.7,,,,,,,,,,
DoE_SurfaceGroundWaterReport_2021_2023,river,Lohalia,Patuakhali L.G (M),2023-01-01,2023,1,dry,,,,,,,6.84,,234.0,,,,109.0,,,,
DoE_SurfaceGroundWaterReport_2021_2023,river,Lohalia,Patuakhali L.G (M),2023-09-01,2023,9,wet,,,,,,,6.34,,209.2,,,,96.8,,,,
DoE_SurfaceGroundWaterReport_2021_2023,river,Lohalia,Patuakhali L.G (S),2021-01-01,2021,1,dry,,,,,,,5.8,,299.0,,,,150.0,,,,
DoE_SurfaceGroundWaterReport_2021_2023,river,Lohalia,Patuakhali L.G (S),2021-03-01,2021,3,dry,,,,,,,5.4,,1022.0,,,,512.0,,,,
DoE_SurfaceGroundWaterReport_2021_2023,river,Lohalia,Patuakhali L.G (S),2021-07-01,2021,7,wet,,,,,,,5.7,,,,,,,,,,
DoE_SurfaceGroundWaterReport_2021_2023,river,Lohalia,Patuakhali L.G (S),2021-08-01,2021,8,wet,,,,,,,,,2210.0,,,,1106.0,,,,
DoE_SurfaceGroundWaterReport_2021_2023,river,Lohalia,Patuakhali L.G (S),2021-09-01,2021,9,wet,,,,,,,6.0,,,,,,,,,,
DoE_SurfaceGroundWaterReport_2021_2023,river,Lohalia,Patuakhali L.G (S),2021-10-01,2021,10,wet,,,,,,,6.0,,1736.0,,,,870.0,,,,
DoE_SurfaceGroundWaterReport_2021_2023,river,Lohalia,Patuakhali L.G (S),2021-11-01,2021,11,dry,,,,,,,,,1138.0,,,,570.0,,,,
DoE_SurfaceGroundWaterReport_2021_2023,river,Lohalia,Patuakhali L.G (S),2021-12-01,2021,12,dry,,,,,,,5.8,,,,,,,,,,
DoE_SurfaceGroundWaterReport_2021_2023,river,Lohalia,Patuakhali L.G (S),2023-01-01,2023,1,dry,,,,,,,7.0,,265.0,,,,114.0,,,,
DoE_SurfaceGroundWaterReport_2021_2023,river,Lohalia,Patuakhali L.G (S),2023-09-01,2023,9,wet,,,,,,,7.27,,204.3,,,,93.7,,,,
DoE_SurfaceGroundWaterReport_2021_2023,river,Lohalia,Patuakhali Launch Ghat (M),2021-01-01,2021,1,dry,,,,,,,,,,,,,,,,,7.9
DoE_SurfaceGroundWaterReport_2021_2023,river,Lohalia,Patuakhali Launch Ghat (M),2021-03-01,2021,3,dry,,,,,,,,,,,,,,,,,7.6
DoE_SurfaceGroundWaterReport_2021_2023,river,Lohalia,Patuakhali Launch Ghat (M),2021-08-01,2021,8,wet,,,,,,,,,,,,,,,,,8.0
DoE_SurfaceGroundWaterReport_2021_2023,river,Lohalia,Patuakhali Launch Ghat (M),2021-10-01,2021,10,wet,,,,,,,,,,,,,,,,,7.9
DoE_SurfaceGroundWaterReport_2021_2023,river,Lohalia,Patuakhali Launch Ghat (M),2021-11-01,2021,11,dry,,,,,,,,,,,,,,,,,8.26
DoE_SurfaceGroundWaterReport_2021_2023,river,Lohalia,Patuakhali Launch Ghat (M),2022-09-01,2022,9,wet,,,,,,,6.61,,,,,,,,,,
DoE_SurfaceGroundWaterReport_2021_2023,river,Lohalia,Patuakhali Launch Ghat (M),2022-10-01,2022,10,wet,,,,,,,,,206.0,,,,94.3,,,,8.62
DoE_SurfaceGroundWaterReport_2021_2023,river,Lohalia,Patuakhali Launch Ghat (M),2023-01-01,2023,1,dry,,,,,,,,,,,,,,,,,8.91
DoE_SurfaceGroundWaterReport_2021_2023,river,Lohalia,Patuakhali Launch Ghat (M),2023-09-01,2023,9,wet,,,,,,,,,,,,,,,,,8.35
DoE_SurfaceGroundWaterReport_2021_2023,river,Lohalia,Patuakhali Launch Ghat (S),2021-01-01,2021,1,dry,,,,,,,,,,,,,,,,,8.0
DoE_SurfaceGroundWaterReport_2021_2023,river,Lohalia,Patuakhali Launch Ghat (S),2021-03-01,2021,3,dry,,,,,,,,,,,,,,,,,7.8
DoE_SurfaceGroundWaterReport_2021_2023,river,Lohalia,Patuakhali Launch Ghat (S),2021-08-01,2021,8,wet,,,,,,,,,,,,,,,,,8.2
DoE_SurfaceGroundWaterReport_2021_2023,river,Lohalia,Patuakhali Launch Ghat (S),2021-10-01,2021,10,wet,,,,,,,,,,,,,,,,,8.0
DoE_SurfaceGroundWaterReport_2021_2023,river,Lohalia,Patuakhali Launch Ghat (S),2021-11-01,2021,11,dry,,,,,,,,,,,,,,,,,8.22
DoE_SurfaceGroundWaterReport_2021_2023,river,Lohalia,Patuakhali Launch Ghat (S),2022-09-01,2022,9,wet,,,,,,,7.15,,,,,,,,,,
DoE_SurfaceGroundWaterReport_2021_2023,river,Lohalia,Patuakhali Launch Ghat (S),2022-10-01,2022,10,wet,,,,,,,,,210.0,,,,94.4,,,,9.01
DoE_SurfaceGroundWaterReport_2021_2023,river,Lohalia,Patuakhali Launch Ghat (S),2023-01-01,2023,1,dry,,,,,,,,,,,,,,,,,9.03
DoE_SurfaceGroundWaterReport_2021_2023,river,Lohalia,Patuakhali Launch Ghat (S),2023-09-01,2023,9,wet,,,,,,,,,,,,,,,,,8.48
DoE_SurfaceGroundWaterReport_2021_2023,river,Mathavanga,Dorshona Railway,2021-01-01,2021,1,dry,,,,,,,,,,,,,,,44.3,,
DoE_SurfaceGroundWaterReport_2021_2023,river,Mathavanga,Dorshona Railway,2021-02-01,2021,2,dry,,,,,,,,,,,,,,,44.3,,
DoE_SurfaceGroundWaterReport_2021_2023,river,Mathavanga,Dorshona Railway,2021-03-01,2021,3,dry,,,,,,,,,,,,,,,44.3,,
DoE_SurfaceGroundWaterReport_2021_2023,river,Mathavanga,Dorshona Railway,2021-08-01,2021,8,wet,,,,,,,,,,,,,,,41.0,,
DoE_SurfaceGroundWaterReport_2021_2023,river,Mathavanga,Dorshona Railway,2021-09-01,2021,9,wet,,,,,,,,,,,,,,,41.0,,
DoE_SurfaceGroundWaterReport_2021_2023,river,Mathavanga,Dorshona Railway,2021-10-01,2021,10,wet,,,,,,,,,,,,,,,45.0,,
DoE_SurfaceGroundWaterReport_2021_2023,river,Mathavanga,Dorshona Railway,2021-11-01,2021,11,dry,,,,,,,,,,,,,,,40.0,,
DoE_SurfaceGroundWaterReport_2021_2023,river,Mathavanga,Dorshona Railway,2021-12-01,2021,12,dry,,,,,,,,,,,,,,,38.0,,
DoE_SurfaceGroundWaterReport_2021_2023,river,Mathavanga,Dorshona Railway Junction,2021-01-01,2021,1,dry,,,,,,26.0,6.28,,310.0,,0.01,,148.0,,,,8.63
DoE_SurfaceGroundWaterReport_2021_2023,river,Mathavanga,Dorshona Railway Junction,2021-02-01,2021,2,dry,,,,,,26.0,7.62,,405.0,,0.19,,194.0,,,,8.36
DoE_SurfaceGroundWaterReport_2021_2023,river,Mathavanga,Dorshona Railway Junction,2021-03-01,2021,3,dry,,,,,,29.0,5.94,,301.0,,0.14,,1439.0,,,,8.36
DoE_SurfaceGroundWaterReport_2021_2023,river,Mathavanga,Dorshona Railway Junction,2021-08-01,2021,8,wet,,,,,,29.0,6.8,,1200.0,,0.05,,1410.0,,,,7.44
DoE_SurfaceGroundWaterReport_2021_2023,river,Mathavanga,Dorshona Railway Junction,2021-09-01,2021,9,wet,,,,,,30.0,5.4,,203.0,,0.09,,96.0,,,,8.51
DoE_SurfaceGroundWaterReport_2021_2023,river,Mathavanga,Dorshona Railway Junction,2021-10-01,2021,10,wet,,,,2.2,,65.0,3.2,,163.0,,0.08,,77.0,,,,8.55
DoE_SurfaceGroundWaterReport_2021_2023,river,Mathavanga,Dorshona Railway Junction,2021-11-01,2021,11,dry,,,,2.1,,135.0,5.02,,226.0,,0.11,,110.0,,,,8.79
DoE_SurfaceGroundWaterReport_2021_2023,river,Mathavanga,Dorshona Railway Junction,2021-12-01,2021,12,dry,,,,2.7,,175.0,5.4,,304.0,,0.14,,146.0,,,,7.95
DoE_SurfaceGroundWaterReport_2021_2023,river,Mathavanga,"Pipe Ghat, (M.P)",2023-01-01,2023,1,dry,,,,2.1,,96.0,3.5,,,,,,192.0,,24.0,,7.62
DoE_SurfaceGroundWaterReport_2021_2023,river,Mathavanga,"Pipe Ghat, (M.P)",2023-02-01,2023,2,dry,,,,1.1,,117.0,2.6,,,,,,233.0,,26.0,,7.87
DoE_SurfaceGroundWaterReport_2021_2023,river,Mathavanga,"Pipe Ghat, (M.P)",2023-03-01,2023,3,dry,,,,2.08,,25.0,7.89,,,,,,50.0,,34.0,,6.84
DoE_SurfaceGroundWaterReport_2021_2023,river,Mathavanga,"Pipe Ghat, (M.P)",2023-06-01,2023,6,wet,,,,50.0,,86.0,2.45,,,,,,171.0,,54.0,,7.75
DoE_SurfaceGroundWaterReport_2021_2023,river,Mathavanga,"Pipe Ghat, (M.P)",2023-08-01,2023,8,wet,,,,47.0,,39.0,2.82,,,,,,77.0,,69.0,,7.28
DoE_SurfaceGroundWaterReport_2021_2023,river,Mathavanga,"Pipe Ghat, (M.P)",2023-09-01,2023,9,wet,,,,28.0,,98.0,2.8,,,,,,197.0,,44.0,,7.18
DoE_SurfaceGroundWaterReport_2021_2023,river,Mathavanga,"Pipe Ghat, (M.P)",2023-10-01,2023,10,wet,,,,32.0,,107.0,5.76,,,,,,216.0,,48.0,,7.22
DoE_SurfaceGroundWaterReport_2021_2023,river,Mathavanga,"Pipe Ghat, (M.P)",2023-11-01,2023,11,dry,,,,36.0,,123.0,7.78,,,,,,269.0,,42.0,,7.25
DoE_SurfaceGroundWaterReport_2021_2023,river,Mathavanga,"Pipe Ghat, (M.P)",2023-12-01,2023,12,dry,,,,42.7,,117.0,5.12,,,,,,233.0,,35.0,,7.74
DoE_SurfaceGroundWaterReport_2021_2023,river,Mathavanga,"Pipe Ghat,(M.P)",2023-01-01,2023,1,dry,,,,,,,,,384.0,,0.06,,,,,,
DoE_SurfaceGroundWaterReport_2021_2023,river,Mathavanga,"Pipe Ghat,(M.P)",2023-02-01,2023,2,dry,,,,,,,,,466.0,,0.04,,,,,,
DoE_SurfaceGroundWaterReport_2021_2023,river,Mathavanga,"Pipe Ghat,(M.P)",2023-03-01,2023,3,dry,,,,,,,,,99.0,,0.06,,,,,,
DoE_SurfaceGroundWaterReport_2021_2023,river,Mathavanga,"Pipe Ghat,(M.P)",2023-06-01,2023,6,wet,,,,,,,,,342.0,,0.15,,,,,,
DoE_SurfaceGroundWaterReport_2021_2023,river,Mathavanga,"Pipe Ghat,(M.P)",2023-08-01,2023,8,wet,,,,,,,,,154.0,,0.08,,,,,,
DoE_SurfaceGroundWaterReport_2021_2023,river,Mathavanga,"Pipe Ghat,(M.P)",2023-09-01,2023,9,wet,,,,,,,,,391.0,,0.22,,,,,,
DoE_SurfaceGroundWaterReport_2021_2023,river,Mathavanga,"Pipe Ghat,(M.P)",2023-10-01,2023,10,wet,,,,,,,,,426.0,,0.25,,,,,,
DoE_SurfaceGroundWaterReport_2021_2023,river,Mathavanga,"Pipe Ghat,(M.P)",2023-11-01,2023,11,dry,,,,,,,,,493.0,,0.27,,,,,,
DoE_SurfaceGroundWaterReport_2021_2023,river,Mathavanga,"Pipe Ghat,(M.P)",2023-12-01,2023,12,dry,,,,,,,,,466.0,,0.29,,,,,,
DoE_SurfaceGroundWaterReport_2021_2023,river,Meghna,Annando Bazar,2021-02-01,2021,2,dry,,,,8.0,,9.0,9.8,,,,,9.0,60.2,,,,6.98
DoE_SurfaceGroundWaterReport_2021_2023,river,Meghna,Annando Bazar,2021-05-01,2021,5,wet,,,,4.0,,35.0,4.3,,,,,32.0,72.0,,,,7.88
DoE_SurfaceGroundWaterReport_2021_2023,river,Meghna,Annando Bazar,2021-09-01,2021,9,wet,,,,2.0,,5.0,5.9,,,,,22.0,35.2,,,,6.48
DoE_SurfaceGroundWaterReport_2021_2023,river,Meghna,Annando Bazar,2021-12-01,2021,12,dry,,,,3.0,,7.0,7.2,,,,,9.0,48.0,,,,7.14
DoE_SurfaceGroundWaterReport_2021_2023,river,Meghna,Annondo Bazar,2023-01-01,2023,1,dry,,,,6.0,20.0,54.0,7.0,,,,,,61.0,,,,7.61
DoE_SurfaceGroundWaterReport_2021_2023,river,Meghna,Annondo Bazar,2023-03-01,2023,3,dry,,,,9.6,46.0,20.0,0.9,,,,,,258.0,,,,7.86
DoE_SurfaceGroundWaterReport_2021_2023,river,Meghna,Annondo Bazar,2023-07-01,2023,7,wet,,,,2.0,19.0,4.0,6.7,,,,,,28.7,,,,7.42
DoE_SurfaceGroundWaterReport_2021_2023,river,Meghna,Annondo Bazar,2023-09-01,2023,9,wet,,,,0.8,41.0,10.0,6.1,,,,,,29.6,,,,7.65
DoE_SurfaceGroundWaterReport_2021_2023,river,Meghna,Annondo Bazar,2023-10-01,2023,10,wet,,,,3.5,42.0,7.0,7.4,,,,,,59.6,,,,7.27
DoE_SurfaceGroundWaterReport_2021_2023,river,Meghna,Annondo Bazar,2023-11-01,2023,11,dry,,,,5.0,8.0,10.0,8.11,,,,,,53.2,,,,7.05
DoE_SurfaceGroundWaterReport_2021_2023,river,Meghna,Anondo Bazar,2022-01-01,2022,1,dry,,,,6.0,22.0,,6.2,,,,,29.0,77.0,,,,7.75
DoE_SurfaceGroundWaterReport_2021_2023,river,Meghna,Anondo Bazar,2022-03-01,2022,3,dry,,,,8.0,26.0,,3.8,,,,,12.0,196.0,,,,7.24
DoE_SurfaceGroundWaterReport_2021_2023,river,Meghna,Anondo Bazar,2022-05-01,2022,5,wet,,,,2.0,22.0,,1.8,,,,,19.0,28.0,,,,6.46
DoE_SurfaceGroundWaterReport_2021_2023,river,Meghna,Anondo Bazar,2022-07-01,2022,7,wet,,,,4.8,16.0,,6.2,,,,,19.0,168.0,,,,7.27
DoE_SurfaceGroundWaterReport_2021_2023,river,Meghna,Anondo Bazar,2022-09-01,2022,9,wet,,,,4.0,22.0,,4.2,,,,,20.0,158.0,,,,
DoE_SurfaceGroundWaterReport_2021_2023,river,Meghna,Anondo Bazar,2022-11-01,2022,11,dry,,,,6.2,58.0,,5.8,,,,,53.0,44.7,,,,7.54
DoE_SurfaceGroundWaterReport_2021_2023,river,Meghna,Anondo Bazar,2022-12-01,2022,12,dry,,,,2.2,5.0,,5.8,,,,,11.0,98.5,,,,6.49
DoE_SurfaceGroundWaterReport_2021_2023,river,Meghna,Bairob Bazar,2023-01-01,2023,1,dry,,,,4.0,30.0,7.0,7.4,,,,,,61.0,,,,7.31
DoE_SurfaceGroundWaterReport_2021_2023,river,Meghna,Bairob Bazar,2023-03-01,2023,3,dry,,,,4.0,17.0,9.0,7.2,,,,,,65.0,,,,7.24
DoE_SurfaceGroundWaterReport_2021_2023,river,Meghna,Bairob Bazar,2023-07-01,2023,7,wet,,,,5.0,51.0,4.5,5.57,,,,,,58.0,,,,6.89
DoE_SurfaceGroundWaterReport_2021_2023,river,Meghna,Bairob Bazar,2023-11-01,2023,11,dry,,,,17.0,48.0,14.0,4.2,,,,,,58.9,,,,7.41
DoE_SurfaceGroundWaterReport_2021_2023,river,Meghna,Bairob Ferry Ghat,2021-01-01,2021,1,dry,,,,3.0,,7.0,7.4,,,,,13.0,50.0,,,,7.4
DoE_SurfaceGroundWaterReport_2021_2023,river,Meghna,Bairob Ferry Ghat,2021-02-01,2021,2,dry,,,,14.0,,8.5,7.2,,,,,13.0,56.2,,,,7.71
DoE_SurfaceGroundWaterReport_2021_2023,river,Meghna,Bairob Ferry Ghat,2021-03-01,2021,3,dry,,,,8.0,,9.0,7.0,,,,,3.0,64.0,,,,7.1
DoE_SurfaceGroundWaterReport_2021_2023,river,Meghna,Bairob Ferry Ghat,2021-05-01,2021,5,wet,,,,2.0,,46.0,5.2,,,,,40.0,64.0,,,,7.32
DoE_SurfaceGroundWaterReport_2021_2023,river,Meghna,Bairob Ferry Ghat,2021-06-01,2021,6,wet,,,,8.0,,5.0,3.6,,,,,15.0,37.1,,,,7.76
DoE_SurfaceGroundWaterReport_2021_2023,river,Meghna,Bairob Ferry Ghat,2021-07-01,2021,7,wet,,,,4.0,,20.0,5.6,,,,,32.0,36.0,,,,7.12
DoE_SurfaceGroundWaterReport_2021_2023,river,Meghna,Bairob Ferry Ghat,2021-08-01,2021,8,wet,,,,10.0,,6.0,6.5,,,,,11.0,27.0,,,,7.31
DoE_SurfaceGroundWaterReport_2021_2023,river,Meghna,Bairob Ferry Ghat,2021-09-01,2021,9,wet,,,,4.0,,7.0,6.3,,,,,14.0,37.2,,,,7.42
DoE_SurfaceGroundWaterReport_2021_2023,river,Meghna,Bairob Ferry Ghat,2021-12-01,2021,12,dry,,,,3.0,,8.5,6.5,,,,,16.0,44.0,,,,6.89
DoE_SurfaceGroundWaterReport_2021_2023,river,Meghna,Bhairob Bazar,2022-01-01,2022,1,dry,,,,4.0,36.0,,7.0,,,,,23.0,60.0,,,,7.27
DoE_SurfaceGroundWaterReport_2021_2023,river,Meghna,Bhairob Bazar,2022-03-01,2022,3,dry,,,,3.2,20.0,,8.0,,,,,6.0,186.0,,,,7.63
DoE_SurfaceGroundWaterReport_2021_2023,river,Meghna,Bhairob Bazar,2022-05-01,2022,5,wet,,,,1.2,22.0,,4.0,,,,,30.0,110.0,,,,6.62
DoE_SurfaceGroundWaterReport_2021_2023,river,Meghna,Bhairob Bazar,2022-07-01,2022,7,wet,,,,4.0,26.0,,5.0,,,,,30.0,102.0,,,,6.5
DoE_SurfaceGroundWaterReport_2021_2023,river,Meghna,Bhairob Bazar,2022-09-01,2022,9,wet,,,,2.0,10.0,,5.8,,,,,28.0,26.9,,,,6.92
DoE_SurfaceGroundWaterReport_2021_2023,river,Meghna,Bhairob Bazar,2022-11-01,2022,11,dry,,,,6.7,25.0,,6.3,,,,,32.0,39.7,,,,7.56
DoE_SurfaceGroundWaterReport_2021_2023,river,Meghna,Bhairob Bazar,2022-12-01,2022,12,dry,,,,3.0,10.0,,6.2,,,,,10.0,54.0,,,,7.52
DoE_SurfaceGroundWaterReport_2021_2023,river,Meghna,Bish Nondi Ghat,2021-02-01,2021,2,dry,,,,12.0,,8.0,5.1,,,,,1.0,68.3,,,,7.36
DoE_SurfaceGroundWaterReport_2021_2023,river,Meghna,Bish Nondi Ghat,2021-04-01,2021,4,dry,,,,8.0,,21.0,0.7,,,,,5.0,83.0,,,,6.99
DoE_SurfaceGroundWaterReport_2021_2023,river,Meghna,Bish Nondi Ghat,2021-05-01,2021,5,wet,,,,8.0,,21.0,5.5,,,,,5.0,83.0,,,,6.99
DoE_SurfaceGroundWaterReport_2021_2023,river,Meghna,Bish Nondi Ghat,2021-06-01,2021,6,wet,,,,8.0,,10.0,6.2,,,,,11.0,35.7,,,,6.85
DoE_SurfaceGroundWaterReport_2021_2023,river,Meghna,Bish Nondi Ghat,2021-07-01,2021,7,wet,,,,4.0,,8.0,7.16,,,,,18.0,45.0,,,,7.76
DoE_SurfaceGroundWaterReport_2021_2023,river,Meghna,Bish Nondi Ghat,2021-08-01,2021,8,wet,,,,4.2,,6.0,7.18,,,,,20.0,30.0,,,,8.15
DoE_SurfaceGroundWaterReport_2021_2023,river,Meghna,Bish Nondi Ghat,2021-09-01,2021,9,wet,,,,10.0,,4.5,7.56,,,,,2.0,36.9,,,,6.79
DoE_SurfaceGroundWaterReport_2021_2023,river,Meghna,Bish Nondi Ghat,2021-12-01,2021,12,dry,,,,6.0,,7.0,5.8,,,,,15.0,60.0,,,,7.39
DoE_SurfaceGroundWaterReport_2021_2023,river,Meghna,Bishondi Ferry Ghat,2023-01-01,2023,1,dry,,,,6.0,18.0,8.1,5.0,,,,,,64.0,,,,7.69
DoE_SurfaceGroundWaterReport_2021_2023,river,Meghna,Bishondi Ferry Ghat,2023-03-01,2023,3,dry,,,,2.0,9.0,42.0,2.8,,,,,,128.0,,,,7.0
DoE_SurfaceGroundWaterReport_2021_2023,river,Meghna,Bishondi Ferry Ghat,2023-07-01,2023,7,wet,,,,4.0,17.0,4.0,6.4,,,,,,30.8,,,,6.75
DoE_SurfaceGroundWaterReport_2021_2023,river,Meghna,Bishondi Ferry Ghat,2023-08-01,2023,8,wet,,,,2.8,10.0,9.0,4.9,,,,,,35.0,,,,7.9
DoE_SurfaceGroundWaterReport_2021_2023,river,Meghna,Bishondi Ferry Ghat,2023-09-01,2023,9,wet,,,,0.6,37.0,4.5,6.7,,,,,,37.4,,,,7.74
DoE_SurfaceGroundWaterReport_2021_2023,river,Meghna,Bishondi Ferry Ghat,2023-10-01,2023,10,wet,,,,1.8,7.0,6.0,6.7,,,,,,31.2,,,,7.65
DoE_SurfaceGroundWaterReport_2021_2023,river,Meghna,Bishondi Ferry Ghat,2023-11-01,2023,11,dry,,,,5.0,14.0,9.0,6.87,,,,,,55.9,,,,7.88
DoE_SurfaceGroundWaterReport_2021_2023,river,Meghna,Bisnondi,2022-01-01,2022,1,dry,,,,6.0,20.0,,5.0,,,,,14.0,64.0,,,,7.71
DoE_SurfaceGroundWaterReport_2021_2023,river,Meghna,Bisnondi,2022-03-01,2022,3,dry,,,,9.0,28.0,,5.56,,,,,10.0,122.0,,,,7.42
DoE_SurfaceGroundWaterReport_2021_2023,river,Meghna,Bisnondi,2022-05-01,2022,5,wet,,,,3.0,10.0,,5.0,,,,,10.0,26.0,,,,6.55
DoE_SurfaceGroundWaterReport_2021_2023,river,Meghna,Bisnondi,2022-07-01,2022,7,wet,,,,3.0,8.0,,5.0,,,,,18.0,64.0,,,,6.55
DoE_SurfaceGroundWaterReport_2021_2023,river,Meghna,Bisnondi,2022-09-01,2022,9,wet,,,,5.0,34.0,,5.0,,,,,18.0,29.0,,,,7.28
DoE_SurfaceGroundWaterReport_2021_2023,river,Meghna,Bisnondi,2022-11-01,2022,11,dry,,,,6.2,51.0,,5.4,,,,,22.0,49.3,,,,7.57
DoE_SurfaceGroundWaterReport_2021_2023,river,Meghna,Bisnondi,2022-12-01,2022,12,dry,,,,3.5,5.0,,6.4,,,,,34.0,59.2,,,,7.6
DoE_SurfaceGroundWaterReport_2021_2023,river,Meghna,Meghna Ghat,2021-01-01,2021,1,dry,,,,3.0,,16.0,5.0,,,,,38.0,70.4,,,,7.9
DoE_SurfaceGroundWaterReport_2021_2023,river,Meghna,Meghna Ghat,2021-02-01,2021,2,dry,,,,16.0,,21.5,5.2,,,,,4.0,80.7,,,,6.42
DoE_SurfaceGroundWaterReport_2021_2023,river,Meghna,Meghna Ghat,2021-03-01,2021,3,dry,,,,6.0,,20.0,5.2,,,,,29.0,92.0,,,,7.18
DoE_SurfaceGroundWaterReport_2021_2023,river,Meghna,Meghna Ghat,2021-05-01,2021,5,wet,,,,8.0,,42.0,4.5,,,,,35.0,60.0,,,,7.12
DoE_SurfaceGroundWaterReport_2021_2023,river,Meghna,Meghna Ghat,2021-07-01,2021,7,wet,,,,5.0,,9.0,6.2,,,,,17.0,28.3,,,,7.65
DoE_SurfaceGroundWaterReport_2021_2023,river,Meghna,Meghna Ghat,2021-08-01,2021,8,wet,,,,10.0,,5.0,7.2,,,,,12.0,23.0,,,,7.36
DoE_SurfaceGroundWaterReport_2021_2023,river,Meghna,Meghna Ghat,2021-09-01,2021,9,wet,,,,8.0,,9.0,4.5,,,,,19.0,43.8,,,,6.41
DoE_SurfaceGroundWaterReport_2021_2023,river,Meghna,Meghna Ghat,2021-12-01,2021,12,dry,,,,3.0,,10.0,6.0,,,,,18.0,66.0,,,,7.23
DoE_SurfaceGroundWaterReport_2021_2023,river,Meghna,Meghna Ghat,2022-01-01,2022,1,dry,,,,4.0,12.0,,5.2,,,,,11.0,68.0,,,,7.28
DoE_SurfaceGroundWaterReport_2021_2023,river,Meghna,Meghna Ghat,2022-03-01,2022,3,dry,,,,5.4,24.0,,4.7,,,,,8.0,130.0,,,,7.18
DoE_SurfaceGroundWaterReport_2021_2023,river,Meghna,Meghna Ghat,2022-04-01,2022,4,dry,,,,5.4,,,,,,,,,,,,,
DoE_SurfaceGroundWaterReport_2021_2023,river,Meghna,Meghna Ghat,2022-05-01,2022,5,wet,,,,6.0,20.0,,6.0,,,,,50.0,40.0,,,,6.8
DoE_SurfaceGroundWaterReport_2021_2023,river,Meghna,Meghna Ghat,2022-07-01,2022,7,wet,,,,6.0,19.0,,5.8,,,,,24.0,27.0,,,,6.62
DoE_SurfaceGroundWaterReport_2021_2023,river,Meghna,Meghna Ghat,2022-09-01,2022,9,wet,,,,2.0,24.0,,7.0,,,,,22.0,30.0,,,,6.69
DoE_SurfaceGroundWaterReport_2021_2023,river,Meghna,Meghna Ghat,2022-11-01,2022,11,dry,,,,2.0,8.0,,5.1,,,,,25.0,41.7,,,,7.7
DoE_SurfaceGroundWaterReport_2021_2023,river,Meghna,Meghna Ghat,2022-12-01,2022,12,dry,,,,2.4,17.0,,4.9,,,,,17.0,77.5,,,,6.99
DoE_SurfaceGroundWaterReport_2021_2023,river,Meghna,Meghna Ghat,2023-01-01,2023,1,dry,,,,5.0,14.0,13.0,5.4,,,,,,65.0,,,,7.26
DoE_SurfaceGroundWaterReport_2021_2023,river,Meghna,Meghna Ghat,2023-03-01,2023,3,dry,,,,9.9,17.0,46.0,0.5,,,,,,153.0,,,,6.79
DoE_SurfaceGroundWaterReport_2021_2023,river,Meghna,Meghna Ghat,2023-07-01,2023,7,wet,,,,1.0,29.0,4.5,5.7,,,,,,33.1,,,,7.25
DoE_SurfaceGroundWaterReport_2021_2023,river,Meghna,Meghna Ghat,2023-09-01,2023,9,wet,,,,1.2,40.0,10.5,5.9,,,,,,38.0,,,,6.88
DoE_SurfaceGroundWaterReport_2021_2023,river,Meghna,Meghna Ghat,2023-10-01,2023,10,wet,,,,4.5,30.0,8.0,5.6,,,,,,36.6,,,,7.31
DoE_SurfaceGroundWaterReport_2021_2023,river,Meghna,Meghna Ghat,2023-11-01,2023,11,dry,,,,5.0,19.0,10.0,6.59,,,,,,62.5,,,,7.46
DoE_SurfaceGroundWaterReport_2021_2023,river,Meghna,Narshingdi Launch Ghat,2021-01-01,2021,1,dry,,,,23.0,,25.0,1.5,,,,,16.0,177.0,,,,7.82
DoE_SurfaceGroundWaterReport_2021_2023,river,Meghna,Narshingdi Launch Ghat,2021-02-01,2021,2,dry,,,,3.0,,34.5,2.1,,,,,20.0,237.0,,,,8.65
DoE_SurfaceGroundWaterReport_2021_2023,river,Meghna,Narshingdi Launch Ghat,2021-04-01,2021,4,dry,,,,6.0,,44.5,5.5,,,,,8.0,209.0,,,,7.98
DoE_SurfaceGroundWaterReport_2021_2023,river,Meghna,Narshingdi Launch Ghat,2021-05-01,2021,5,wet,,,,16.0,,45.0,0.7,,,,,34.0,209.0,,,,7.98
DoE_SurfaceGroundWaterReport_2021_2023,river,Meghna,Narshingdi Launch Ghat,2021-06-01,2021,6,wet,,,,7.0,,11.5,1.0,,,,,100.0,55.9,,,,6.74
DoE_SurfaceGroundWaterReport_2021_2023,river,Meghna,Narshingdi Launch Ghat,2021-08-01,2021,8,wet,,,,4.2,,11.0,5.7,,,,,20.0,44.0,,,,7.51
DoE_SurfaceGroundWaterReport_2021_2023,river,Meghna,Narshingdi Launch Ghat,2023-01-01,2023,1,dry,,,,3.0,15.0,17.0,2.9,,,,,,220.0,,,,7.34
DoE_SurfaceGroundWaterReport_2021_2023,river,Meghna,Narshingdi Launch Ghat,2023-03-01,2023,3,dry,,,,1.0,,17.0,0.9,,,,,,220.0,,,,7.34
DoE_SurfaceGroundWaterReport_2021_2023,river,Meghna,Narshingdi Launch Ghat,2023-07-01,2023,7,wet,,,,4.0,100.0,5.0,4.1,,,,,,47.5,,,,6.73
DoE_SurfaceGroundWaterReport_2021_2023,river,Meghna,Narshingdi Launch Ghat,2023-09-01,2023,9,wet,,,,2.2,6.0,6.5,5.1,,,,,,43.4,,,,8.17
DoE_SurfaceGroundWaterReport_2021_2023,river,Meghna,Narshingdi Launch Ghat,2023-10-01,2023,10,wet,,,,3.1,0.9,6.0,7.4,,,,,,77.9,,,,6.35
DoE_SurfaceGroundWaterReport_2021_2023,river,Meghna,Narshingdi Launch Ghat,2023-11-01,2023,11,dry,,,,6.0,31.0,22.0,2.3,,,,,,92.6,,,,7.48
DoE_SurfaceGroundWaterReport_2021_2023,river,Meghna,Norsingdi Launch Terminal,2022-01-01,2022,1,dry,,,,4.0,14.0,,5.0,,,,,32.0,193.0,,,,7.56
DoE_SurfaceGroundWaterReport_2021_2023,river,Meghna,Norsingdi Launch Terminal,2022-03-01,2022,3,dry,,,,22.0,64.0,,0.5,,,,,29.0,246.0,,,,8.01
DoE_SurfaceGroundWaterReport_2021_2023,river,Meghna,Norsingdi Launch Terminal,2022-05-01,2022,5,wet,,,,8.0,22.0,,4.5,,,,,84.0,51.0,,,,7.26
DoE_SurfaceGroundWaterReport_2021_2023,river,Meghna,Norsingdi Launch Terminal,2022-07-01,2022,7,wet,,,,4.0,12.0,,5.0,,,,,13.0,33.0,,,,7.39
DoE_SurfaceGroundWaterReport_2021_2023,river,Meghna,Norsingdi Launch Terminal,2022-09-01,2022,9,wet,,,,2.0,10.0,,4.1,,,,,11.0,42.6,,,,6.65
DoE_SurfaceGroundWaterReport_2021_2023,river,Meghna,Norsingdi Launch Terminal,2022-11-01,2022,11,dry,,,,6.2,14.0,,5.8,,,,,10.0,75.7,,,,7.58
DoE_SurfaceGroundWaterReport_2021_2023,river,Meghna,Norsingdi Launch Terminal,2022-12-01,2022,12,dry,,,,2.3,12.0,,6.0,,,,,12.0,52.0,,,,7.41
DoE_SurfaceGroundWaterReport_2021_2023,river,Meghna,Shajalal Paper,2021-01-01,2021,1,dry,,,,20.0,,14.5,5.9,,,,,25.0,64.5,,,,7.53
DoE_SurfaceGroundWaterReport_2021_2023,river,Modhumoti,Dhalaitala,2021-01-01,2021,1,dry,,,,,,28.0,6.1,,176.0,,,58.0,84.0,,30.6,,7.59
DoE_SurfaceGroundWaterReport_2021_2023,river,Modhumoti,Dhalaitala,2021-02-01,2021,2,dry,,,,,,28.0,6.1,,912.0,,,58.0,84.0,,30.6,,8.21
DoE_SurfaceGroundWaterReport_2021_2023,river,Modhumoti,Dhalaitala,2021-03-01,2021,3,dry,,,,,,202.0,0.0,,4810.0,,,56.0,2330.0,,30.6,,8.57
DoE_SurfaceGroundWaterReport_2021_2023,river,Modhumoti,Dhalaitala,2021-10-01,2021,10,wet,,,,3.9,,28.0,4.5,,176.0,,,42.0,155.0,,55.0,,7.49
DoE_SurfaceGroundWaterReport_2021_2023,river,Modhumoti,Dhalaitala,2021-11-01,2021,11,dry,,,,3.1,,50.0,4.8,,174.0,,,48.0,86.0,,52.1,,7.45
DoE_SurfaceGroundWaterReport_2021_2023,river,Modhumoti,Dhalaitala,2023-01-01,2023,1,dry,,,,2.4,,179.0,5.2,,718.0,,,48.0,359.0,,42.0,,6.23
DoE_SurfaceGroundWaterReport_2021_2023,river,Modhumoti,Dhalaitala,2023-02-01,2023,2,dry,,,,3.6,,204.0,6.34,,816.0,,,52.0,408.0,,47.0,,8.07
DoE_SurfaceGroundWaterReport_2021_2023,river,Modhumoti,Dhalaitala,2023-03-01,2023,3,dry,,,,2.04,,43.0,7.18,,171.0,,,41.0,86.0,,32.0,,7.11
DoE_SurfaceGroundWaterReport_2021_2023,river,Modhumoti,Dhalaitala,2023-06-01,2023,6,wet,,,,4.6,,236.0,7.8,,942.0,,,65.0,471.0,,56.0,,6.45
DoE_SurfaceGroundWaterReport_2021_2023,river,Modhumoti,Dhalaitala,2023-08-01,2023,8,wet,,,,4.8,,79.0,6.4,,316.0,,,57.0,158.0,,26.0,,7.47
DoE_SurfaceGroundWaterReport_2021_2023,river,Modhumoti,Dhalaitala,2023-09-01,2023,9,wet,,,,5.7,,219.0,6.9,,874.0,,,58.0,437.0,,58.0,,6.77
DoE_SurfaceGroundWaterReport_2021_2023,river,Modhumoti,Dhalaitala,2023-10-01,2023,10,wet,,,,6.7,,164.0,6.7,,660.0,,,38.0,330.0,,28.0,,6.52
DoE_SurfaceGroundWaterReport_2021_2023,river,Modhumoti,Dhalaitala,2023-11-01,2023,11,dry,,,,6.7,,164.0,6.7,,660.0,,,38.0,330.0,,28.0,,6.52
DoE_SurfaceGroundWaterReport_2021_2023,river,Moyuri,Buro Moulavir Darga,2021-01-01,2021,1,dry,,,,,,88.0,0.81,,3620.0,,1.77,,1866.0,,57.0,,7.77
DoE_SurfaceGroundWaterReport_2021_2023,river,Moyuri,Buro Moulavir Darga,2021-02-01,2021,2,dry,,,,,,89.0,1.0,,792.0,,1.4,,409.0,,57.7,,7.97
DoE_SurfaceGroundWaterReport_2021_2023,river,Moyuri,Buro Moulavir Darga,2021-08-01,2021,8,wet,,,,,,150.0,0.0,,327.0,,0.25,,255.0,,50.1,,7.6
DoE_SurfaceGroundWaterReport_2021_2023,river,Moyuri,Buro Moulavir Darga,2021-09-01,2021,9,wet,,,,,,152.0,6.2,,442.0,,0.22,,221.0,,50.2,,7.66
DoE_SurfaceGroundWaterReport_2021_2023,river,Moyuri,Buro Moulavir Darga,2021-10-01,2021,10,wet,,,,88.0,,155.0,0.3,,522.0,,0.23,,235.0,,49.0,,8.01
DoE_SurfaceGroundWaterReport_2021_2023,river,Moyuri,Buro Moulavir Darga,2021-11-01,2021,11,dry,,,,26.0,,325.0,3.91,,540.0,,0.26,,257.0,,49.2,,8.03
DoE_SurfaceGroundWaterReport_2021_2023,river,Moyuri,Buro Moulavir Darga,2023-01-01,2023,1,dry,,,,1.2,,46.0,0.0,,186.0,,0.02,,93.0,,11.0,,7.64
DoE_SurfaceGroundWaterReport_2021_2023,river,Moyuri,Buro Moulavir Darga,2023-02-01,2023,2,dry,,,,1.3,,61.0,0.0,,244.0,,0.06,,122.0,,21.0,,7.82
DoE_SurfaceGroundWaterReport_2021_2023,river,Moyuri,Buro Moulavir Darga,2023-03-01,2023,3,dry,,,,0.05,,81.0,0.0,,326.0,,0.03,,163.0,,12.0,,5.72
DoE_SurfaceGroundWaterReport_2021_2023,river,Moyuri,Buro Moulavir Darga,2023-05-01,2023,5,wet,,,,26.4,,96.0,0.0,,384.0,,0.08,,38.0,,22.0,,5.42
DoE_SurfaceGroundWaterReport_2021_2023,river,Moyuri,Buro Moulavir Darga,2023-06-01,2023,6,wet,,,,26.4,,189.0,0.0,,756.0,,0.08,,370.0,,35.0,,5.14
DoE_SurfaceGroundWaterReport_2021_2023,river,Moyuri,Buro Moulavir Darga,2023-09-01,2023,9,wet,,,,26.4,,156.0,0.0,,756.0,,0.08,,470.0,,35.0,,5.14
DoE_SurfaceGroundWaterReport_2021_2023,river,Moyuri,Buro Moulavir Darga,2023-10-01,2023,10,wet,,,,25.4,,194.0,0.0,,776.0,,0.08,,388.0,,35.0,,5.36
DoE_SurfaceGroundWaterReport_2021_2023,river,Moyuri,Buro Moulavir Darga,2023-11-01,2023,11,dry,,,,23.9,,107.0,0.0,,426.0,,0.06,,213.0,,25.0,,5.38
DoE_SurfaceGroundWaterReport_2021_2023,river,Moyuri,Buro Moulavir Darga,2023-12-01,2023,12,dry,,,,25.5,,87.0,0.0,,348.0,,0.02,,174.0,,62.0,,4.19
DoE_SurfaceGroundWaterReport_2021_2023,river,Moyuri,Buro Moulavir Darga (M),2022-05-01,2022,5,wet,,,,,,2164.0,0.7,,2474.0,,1.95,112.0,1234.0,,20.0,,7.52
DoE_SurfaceGroundWaterReport_2021_2023,river,Moyuri,Dosh Gate Jalma (M),2022-05-01,2022,5,wet,,,,,,7830.0,5.4,,11010.0,,6.21,98.0,5842.0,,68.0,,7.46
DoE_SurfaceGroundWaterReport_2021_2023,river,Moyuri,Doshgate Jalma,2021-01-01,2021,1,dry,,,,,,93.0,6.67,,5630.0,,2.84,,2815.0,,56.0,,7.85
DoE_SurfaceGroundWaterReport_2021_2023,river,Moyuri,Doshgate Jalma,2021-02-01,2021,2,dry,,,,,,95.0,6.47,,3220.0,,1.68,,1658.0,,56.2,,8.36
DoE_SurfaceGroundWaterReport_2021_2023,river,Moyuri,Doshgate Jalma,2021-08-01,2021,8,wet,,,,,,1410.0,6.6,,5540.0,,1.25,,2820.0,,52.2,,7.2
DoE_SurfaceGroundWaterReport_2021_2023,river,Moyuri,Doshgate Jalma,2021-09-01,2021,9,wet,,,,,,141.0,0.2,,131.0,,0.6,,63.0,,52.0,,8.2
DoE_SurfaceGroundWaterReport_2021_2023,river,Moyuri,Doshgate Jalma,2021-10-01,2021,10,wet,,,,38.0,,269.0,2.6,,339.0,,0.15,,151.0,,51.4,,7.66
DoE_SurfaceGroundWaterReport_2021_2023,river,Moyuri,Doshgate Jalma,2021-11-01,2021,11,dry,,,,34.0,,225.0,2.56,,350.0,,0.18,,180.0,,51.1,,7.7
DoE_SurfaceGroundWaterReport_2021_2023,river,Moyuri,Doshgate Jalma,2023-01-01,2023,1,dry,,,,1.7,,189.0,2.27,,754.0,,0.08,,377.0,,17.0,,6.52
DoE_SurfaceGroundWaterReport_2021_2023,river,Moyuri,Doshgate Jalma,2023-02-01,2023,2,dry,,,,1.9,,461.0,4.32,,1845.0,,0.09,,923.0,,37.0,,7.64
DoE_SurfaceGroundWaterReport_2021_2023,river,Moyuri,Doshgate Jalma,2023-03-01,2023,3,dry,,,,1.3,,213.0,2.04,,852.0,,2.12,,426.0,,24.0,,5.42
DoE_SurfaceGroundWaterReport_2021_2023,river,Moyuri,Doshgate Jalma,2023-05-01,2023,5,wet,,,,21.5,,372.0,5.8,,1486.0,,4.1,,68.0,,32.0,,7.64
DoE_SurfaceGroundWaterReport_2021_2023,river,Moyuri,Doshgate Jalma,2023-06-01,2023,6,wet,,,,37.8,,224.0,2.3,,896.0,,4.1,,448.0,,37.0,,7.05
DoE_SurfaceGroundWaterReport_2021_2023,river,Moyuri,Doshgate Jalma,2023-09-01,2023,9,wet,,,,37.8,,225.0,2.3,,896.0,,4.1,,548.0,,35.0,,7.05
DoE_SurfaceGroundWaterReport_2021_2023,river,Moyuri,Doshgate Jalma,2023-10-01,2023,10,wet,,,,37.7,,299.0,2.3,,1196.0,,0.15,,598.0,,35.0,,7.05
DoE_SurfaceGroundWaterReport_2021_2023,river,Moyuri,Doshgate Jalma,2023-11-01,2023,11,dry,,,,42.8,,212.0,3.17,,846.0,,0.17,,423.0,,36.0,,7.44
DoE_SurfaceGroundWaterReport_2021_2023,river,Moyuri,Doshgate Jalma,2023-12-01,2023,12,dry,,,,32.2,,198.0,5.34,,796.0,,0.24,,398.0,,27.0,,7.65
DoE_SurfaceGroundWaterReport_2021_2023,river,Moyuri,Shoshan Ghat,2021-01-01,2021,1,dry,,,,,,88.0,0.64,,1635.0,,0.76,,762.0,,57.1,,7.81
DoE_SurfaceGroundWaterReport_2021_2023,river,Moyuri,Shoshan Ghat,2021-02-01,2021,2,dry,,,,,,87.0,0.64,,979.0,,0.5,,502.0,,58.6,,7.98
DoE_SurfaceGroundWaterReport_2021_2023,river,Moyuri,Shoshan Ghat,2021-08-01,2021,8,wet,,,,,,260.0,3.2,,304.0,,0.24,,244.0,,52.0,,7.82
DoE_SurfaceGroundWaterReport_2021_2023,river,Moyuri,Shoshan Ghat,2021-09-01,2021,9,wet,,,,,,262.0,5.3,,497.0,,0.24,,240.0,,52.5,,7.9
DoE_SurfaceGroundWaterReport_2021_2023,river,Moyuri,Shoshan Ghat,2021-10-01,2021,10,wet,,,,1.6,,269.0,4.1,,368.0,,0.16,,164.0,,51.4,,7.94
DoE_SurfaceGroundWaterReport_2021_2023,river,Moyuri,Shoshan Ghat,2021-11-01,2021,11,dry,,,,14.0,,325.0,2.65,,540.0,,0.26,,257.0,,50.2,,8.05
DoE_SurfaceGroundWaterReport_2021_2023,river,Moyuri,Shoshan Ghat,2023-01-01,2023,1,dry,,,,1.1,,48.0,0.0,,192.0,,0.04,,96.0,,13.0,,7.74
DoE_SurfaceGroundWaterReport_2021_2023,river,Moyuri,Shoshan Ghat,2023-02-01,2023,2,dry,,,,1.2,,54.0,0.0,,216.0,,0.08,,108.0,,24.0,,7.95
DoE_SurfaceGroundWaterReport_2021_2023,river,Moyuri,Shoshan Ghat,2023-03-01,2023,3,dry,,,,1.1,,156.0,0.0,,625.0,,0.05,,313.0,,16.0,,6.45
DoE_SurfaceGroundWaterReport_2021_2023,river,Moyuri,Shoshan Ghat,2023-05-01,2023,5,wet,,,,28.6,,107.0,0.0,,428.0,,0.09,,42.0,,25.0,,5.35
DoE_SurfaceGroundWaterReport_2021_2023,river,Moyuri,Shoshan Ghat,2023-06-01,2023,6,wet,,,,28.6,,107.0,0.0,,957.0,,36.4,,214.0,,39.0,,7.0
DoE_SurfaceGroundWaterReport_2021_2023,river,Moyuri,Shoshan Ghat,2023-07-01,2023,7,wet,,,,35.6,,62.0,0.0,,248.0,,2.4,,124.0,,36.0,,5.46
DoE_SurfaceGroundWaterReport_2021_2023,river,Moyuri,Shoshan Ghat,2023-08-01,2023,8,wet,,,,45.6,,186.0,0.0,,742.0,,1.04,,371.0,,76.0,,4.46
DoE_SurfaceGroundWaterReport_2021_2023,river,Moyuri,Shoshan Ghat,2023-09-01,2023,9,wet,,,,28.6,,109.0,0.0,,957.0,,36.4,,314.0,,40.0,,7.0
DoE_SurfaceGroundWaterReport_2021_2023,river,Moyuri,Shoshan Ghat,2023-10-01,2023,10,wet,,,,8.9,,306.0,1.11,,1222.0,,0.62,,611.0,,35.0,,6.96
DoE_SurfaceGroundWaterReport_2021_2023,river,Moyuri,Shoshan Ghat,2023-11-01,2023,11,dry,,,,24.4,,234.0,0.0,,936.0,,0.08,,4.68,,27.0,,5.88
DoE_SurfaceGroundWaterReport_2021_2023,river,Moyuri,Shoshan Ghat,2023-12-01,2023,12,dry,,,,29.2,,79.0,0.0,,316.0,,0.02,,158.0,,64.0,,4.14
DoE_SurfaceGroundWaterReport_2021_2023,river,Moyuri,Shoshan Ghat (M),2022-05-01,2022,5,wet,,,,,,408.0,0.4,,712.0,,3.1,92.0,348.0,,24.0,,7.6
DoE_SurfaceGroundWaterReport_2021_2023,river,Padma,Barha Ghat,2021-06-01,2021,6,wet,,,,13.0,,,8.0,,122.9,,,393.0,64.6,,,,7.35
DoE_SurfaceGroundWaterReport_2021_2023,river,Padma,Barha Ghat,2021-07-01,2021,7,wet,,,,7.0,,,8.7,,271.0,,,25.0,147.0,,,,7.28
DoE_SurfaceGroundWaterReport_2021_2023,river,Padma,Barha Ghat,2021-08-01,2021,8,wet,,,,8.0,,,5.0,,138.0,,,103.0,77.0,,,,7.78
DoE_SurfaceGroundWaterReport_2021_2023,river,Padma,Barha Ghat,2021-12-01,2021,12,dry,,,,4.0,,,6.6,,207.0,,,93.0,111.0,,,,8.01
DoE_SurfaceGroundWaterReport_2021_2023,river,Padma,Barha Ghat,2022-02-01,2022,2,dry,,,,10.0,,,7.8,,236.0,,,37.0,128.0,,,,8.5
DoE_SurfaceGroundWaterReport_2021_2023,river,Padma,Barha Ghat,2022-03-01,2022,3,dry,,,,12.0,,,6.9,,244.0,,,34.0,132.0,,,,7.38
DoE_SurfaceGroundWaterReport_2021_2023,river,Padma,Barha Ghat,2022-06-01,2022,6,wet,,,,8.4,,,7.3,,98.0,,,620.0,51.0,,,,7.9
DoE_SurfaceGroundWaterReport_2021_2023,river,Padma,Barha Ghat,2022-09-01,2022,9,wet,,,,4.0,,,7.53,,,,,,88.0,,,,7.88
DoE_SurfaceGroundWaterReport_2021_2023,river,Padma,Barha Ghat,2022-11-01,2022,11,dry,,,,2.0,,,8.0,,134.0,,,148.0,74.0,,,,7.58
DoE_SurfaceGroundWaterReport_2021_2023,river,Padma,Barha Ghat,2022-12-01,2022,12,dry,,,,0.7,,,8.07,,196.9,,,66.0,109.4,,,,
DoE_SurfaceGroundWaterReport_2021_2023,river,Padma,Barha Ghat,2023-01-01,2023,1,dry,,,,10.0,,,6.9,,244.0,,,7.38,132.0,,,,7.38
DoE_SurfaceGroundWaterReport_2021_2023,river,Padma,Barha Ghat,2023-03-01,2023,3,dry,,,,1.0,,,8.8,,172.7,,,17.0,101.0,,,,8.06
DoE_SurfaceGroundWaterReport_2021_2023,river,Padma,Barha Ghat,2023-09-01,2023,9,wet,,,,1.1,,,6.78,,174.2,,,377.0,93.3,,,,7.43
DoE_SurfaceGroundWaterReport_2021_2023,river,Padma,Barha Ghat,2023-12-01,2023,12,dry,,,,2.0,,,7.8,,183.9,,,35.0,100.2,,,,6.66
DoE_SurfaceGroundWaterReport_2021_2023,river,Padma,Gordhor Bazar,2021-01-01,2021,1,dry,,,,2.0,,,6.8,,179.0,,,14.0,103.0,,,,8.02
DoE_SurfaceGroundWaterReport_2021_2023,river,Padma,Josldia,2021-01-01,2021,1,dry,,,,5.0,,,6.1,,166.0,,,,96.0,,,,7.75
DoE_SurfaceGroundWaterReport_2021_2023,river,Padma,Kandipara,2021-01-01,2021,1,dry,,,,4.0,,,6.3,,175.0,,,12.0,101.0,,,,7.84
DoE_SurfaceGroundWaterReport_2021_2023,river,Padma,Khoiria,2021-01-01,2021,1,dry,,,,4.0,,,6.9,,179.0,,,12.0,103.0,,,,7.94
DoE_SurfaceGroundWaterReport_2021_2023,river,Padma,Mawa Ghat,2022-02-01,2022,2,dry,,,,8.0,,,10.0,,245.0,,,55.0,133.0,,,,8.25
DoE_SurfaceGroundWaterReport_2021_2023,river,Padma,Mawa Ghat,2022-03-01,2022,3,dry,,,,10.0,,,7.2,,179.0,,,173.0,88.0,,,,8.08
DoE_SurfaceGroundWaterReport_2021_2023,river,Padma,Mawa Ghat,2022-06-01,2022,6,wet,,,,6.4,,,7.0,,143.0,,,331.0,76.0,,,,7.79
DoE_SurfaceGroundWaterReport_2021_2023,river,Padma,Mawa Ghat,2022-09-01,2022,9,wet,,,,3.0,,,7.45,,,,,,93.0,,,,7.7
DoE_SurfaceGroundWaterReport_2021_2023,river,Padma,Mawa Ghat,2022-11-01,2022,11,dry,,,,2.0,,,8.0,,138.0,,,89.0,75.0,,,,7.42
DoE_SurfaceGroundWaterReport_2021_2023,river,Padma,Mawa Ghat,2022-12-01,2022,12,dry,,,,3.0,,,7.56,,202.0,,,68.0,110.0,,,,
DoE_SurfaceGroundWaterReport_2021_2023,river,Padma,Mawa Ghat,2023-01-01,2023,1,dry,,,,4.0,,,8.9,,189.0,,,7.98,106.0,,,,7.98
DoE_SurfaceGroundWaterReport_2021_2023,river,Padma,Mawa Ghat,2023-03-01,2023,3,dry,,,,1.0,,,8.7,,173.2,,,13.0,100.3,,,,8.04
DoE_SurfaceGroundWaterReport_2021_2023,river,Padma,Mawa Ghat,2023-09-01,2023,9,wet,,,,0.9,,,7.05,,172.4,,,184.0,92.0,,,,7.6
DoE_SurfaceGroundWaterReport_2021_2023,river,Padma,Mawa Ghat,2023-10-01,2023,10,wet,,,,3.1,,,7.4,,147.0,,,103.0,77.9,,,,6.35
DoE_SurfaceGroundWaterReport_2021_2023,river,Padma,Mawa Ghat,2023-12-01,2023,12,dry,,,,2.0,,,7.6,,183.3,,,48.0,98.5,,,,7.19
DoE_SurfaceGroundWaterReport_2021_2023,river,Padma,Mawa ferry Ghat,2021-01-01,2021,1,dry,,,,4.0,,,6.4,,257.0,,,20.0,148.0,,,,8.17
DoE_SurfaceGroundWaterReport_2021_2023,river,Padma,Mawa ferry Ghat,2021-03-01,2021,3,dry,,,,4.0,,,9.2,,193.0,,,31.0,109.0,,,,7.62
DoE_SurfaceGroundWaterReport_2021_2023,river,Padma,Mawa ferry Ghat,2021-05-01,2021,5,wet,,,,12.0,,,6.2,,128.0,,,70.0,66.0,,,,6.89
DoE_SurfaceGroundWaterReport_2021_2023,river,Padma,Mawa ferry Ghat,2021-06-01,2021,6,wet,,,,30.0,,,6.5,,123.2,,,355.0,62.4,,,,6.35
DoE_SurfaceGroundWaterReport_2021_2023,river,Padma,Mawa ferry Ghat,2021-07-01,2021,7,wet,,,,16.0,,,5.2,,157.0,,,4.0,40.0,,,,6.42
DoE_SurfaceGroundWaterReport_2021_2023,river,Padma,Mawa ferry Ghat,2021-12-01,2021,12,dry,,,,3.0,,,8.6,,240.0,,,67.0,128.0,,,,7.74
DoE_SurfaceGroundWaterReport_2021_2023,river,Padma,Shimolia,2021-01-01,2021,1,dry,,,,1.0,,,6.2,,178.0,,,17.0,102.0,,,,7.99
DoE_SurfaceGroundWaterReport_2021_2023,river,Padma,Sitardor,2021-01-01,2021,1,dry,,,,4.0,,,6.2,,175.0,,,14.0,101.0,,,,7.8
DoE_SurfaceGroundWaterReport_2021_2023,river,Pashur,Banishanta,2021-01-01,2021,1,dry,,,,,,96.0,7.74,,1616.0,,,,802.0,,60.4,,8.15
DoE_SurfaceGroundWaterReport_2021_2023,river,Pashur,Banishanta,2021-02-01,2021,2,dry,,,,,,627.0,6.01,,2540.0,,,,1292.0,,59.5,,8.36
DoE_SurfaceGroundWaterReport_2021_2023,river,Pashur,Banishanta,2021-03-01,2021,3,dry,,,,,,234.0,6.57,,7610.0,,,,3810.0,,68.4,,8.09
DoE_SurfaceGroundWaterReport_2021_2023,river,Pashur,Banishanta,2021-04-01,2021,4,dry,,,,1.72,,2675.0,4.2,,10700.0,,,,5860.0,,78.3,,7.87
DoE_SurfaceGroundWaterReport_2021_2023,river,Pashur,Banishanta,2021-08-01,2021,8,wet,,,,,,2573.0,6.2,,298.0,,,,3701.0,,76.3,,7.97
DoE_SurfaceGroundWaterReport_2021_2023,river,Pashur,Banishanta,2021-09-01,2021,9,wet,,,,,,256.0,5.95,,134.0,,,,85.0,,75.3,,8.19
DoE_SurfaceGroundWaterReport_2021_2023,river,Pashur,Banishanta,2021-10-01,2021,10,wet,,,,2.0,,256.0,5.95,,178.0,,,,85.0,,75.3,,8.25
DoE_SurfaceGroundWaterReport_2021_2023,river,Pashur,Banishanta,2021-11-01,2021,11,dry,,,,1.5,,113.0,6.97,,178.0,,,,67.5,,75.8,,8.57
DoE_SurfaceGroundWaterReport_2021_2023,river,Pashur,Banishanta,2021-12-01,2021,12,dry,,,,3.2,,138.0,6.0,,244.0,,,,116.0,,78.8,,7.85
DoE_SurfaceGroundWaterReport_2021_2023,river,Pashur,Banishanta,2023-01-01,2023,1,dry,,,,5.6,,460.0,7.53,,1842.0,,,,921.0,,67.0,,6.44
DoE_SurfaceGroundWaterReport_2021_2023,river,Pashur,Banishanta,2023-02-01,2023,2,dry,,,,3.6,,481.0,5.51,,1924.0,,,,962.0,,72.0,,7.54
DoE_SurfaceGroundWaterReport_2021_2023,river,Pashur,Banishanta,2023-03-01,2023,3,dry,,,,2.3,,2435.0,7.4,,9740.0,,,,4870.0,,27.0,,6.41
DoE_SurfaceGroundWaterReport_2021_2023,river,Pashur,Banishanta,2023-06-01,2023,6,wet,,,,22.4,,3062.0,6.7,,12246.0,,,,6123.0,,66.0,,7.35
DoE_SurfaceGroundWaterReport_2021_2023,river,Pashur,Banishanta,2023-07-01,2023,7,wet,,,,27.9,,363.0,6.9,,1452.0,,,,726.0,,87.0,,7.68
DoE_SurfaceGroundWaterReport_2021_2023,river,Pashur,Banishanta,2023-08-01,2023,8,wet,,,,22.4,,675.0,5.92,,2700.0,,,,1350.0,,92.0,,7.61
DoE_SurfaceGroundWaterReport_2021_2023,river,Pashur,Banishanta,2023-09-01,2023,9,wet,,,,,,2306.0,6.7,,12246.0,,,,6123.0,,63.0,,7.35
DoE_SurfaceGroundWaterReport_2021_2023,river,Pashur,Banishanta,2023-10-01,2023,10,wet,,,,18.2,,31.0,6.99,,161.6,,,,61.0,,35.0,,7.04
DoE_SurfaceGroundWaterReport_2021_2023,river,Pashur,Banishanta,2023-11-01,2023,11,dry,,,,15.5,,397.0,5.74,,1586.0,,,,793.0,,54.0,,7.55
DoE_SurfaceGroundWaterReport_2021_2023,river,Pashur,Banishanta,2023-12-01,2023,12,dry,,,,11.19,,160.0,7.72,,641.0,,,,321.0,,42.0,,7.11
DoE_SurfaceGroundWaterReport_2021_2023,river,Pashur,"Banishanta, Mongla",2021-01-01,2021,1,dry,,,,,,,,,,,1.5,,,,,,
DoE_SurfaceGroundWaterReport_2021_2023,river,Pashur,"Banishanta, Mongla",2021-02-01,2021,2,dry,,,,,,,,,,,1.32,,,,,,
DoE_SurfaceGroundWaterReport_2021_2023,river,Pashur,"Banishanta, Mongla",2021-03-01,2021,3,dry,,,,,,,,,,,3.91,,,,,,
DoE_SurfaceGroundWaterReport_2021_2023,river,Pashur,"Banishanta, Mongla",2021-04-01,2021,4,dry,,,,,,,,,,,6.04,,,,,,
DoE_SurfaceGroundWaterReport_2021_2023,river,Pashur,"Banishanta, Mongla",2021-08-01,2021,8,wet,,,,,,,,,,,3.13,,,,,,
DoE_SurfaceGroundWaterReport_2021_2023,river,Pashur,"Banishanta, Mongla",2021-09-01,2021,9,wet,,,,,,,,,,,0.08,,,,,,
DoE_SurfaceGroundWaterReport_2021_2023,river,Pashur,"Banishanta, Mongla",2021-10-01,2021,10,wet,,,,,,,,,,,0.08,,,,,,
DoE_SurfaceGroundWaterReport_2021_2023,river,Pashur,"Banishanta, Mongla",2021-11-01,2021,11,dry,,,,,,,,,,,0.09,,,,,,
DoE_SurfaceGroundWaterReport_2021_2023,river,Pashur,"Banishanta, Mongla",2021-12-01,2021,12,dry,,,,,,,,,,,0.11,,,,,,
DoE_SurfaceGroundWaterReport_2021_2023,river,Pashur,"Banishanta, Mongla",2023-01-01,2023,1,dry,,,,,,,,,,,,82.0,,,,,
DoE_SurfaceGroundWaterReport_2021_2023,river,Pashur,"Banishanta, Mongla",2023-02-01,2023,2,dry,,,,,,,,,,,,63.0,,,,,
DoE_SurfaceGroundWaterReport_2021_2023,river,Pashur,"Banishanta, Mongla",2023-03-01,2023,3,dry,,,,,,,,,,,,54.0,,,,,
DoE_SurfaceGroundWaterReport_2021_2023,river,Pashur,"Banishanta, Mongla",2023-06-01,2023,6,wet,,,,,,,,,,,,57.0,,,,,
DoE_SurfaceGroundWaterReport_2021_2023,river,Pashur,"Banishanta, Mongla",2023-07-01,2023,7,wet,,,,,,,,,,,,75.0,,,,,
DoE_SurfaceGroundWaterReport_2021_2023,river,Pashur,"Banishanta, Mongla",2023-08-01,2023,8,wet,,,,,,,,,,,,68.0,,,,,
DoE_SurfaceGroundWaterReport_2021_2023,river,Pashur,"Banishanta, Mongla",2023-09-01,2023,9,wet,,,,,,,,,,,,57.0,,,,,
DoE_SurfaceGroundWaterReport_2021_2023,river,Pashur,"Banishanta, Mongla",2023-10-01,2023,10,wet,,,,,,,,,,,,57.0,,,,,
DoE_SurfaceGroundWaterReport_2021_2023,river,Pashur,"Banishanta, Mongla",2023-11-01,2023,11,dry,,,,,,,,,,,,46.0,,,,,
DoE_SurfaceGroundWaterReport_2021_2023,river,Pashur,"Banishanta, Mongla",2023-12-01,2023,12,dry,,,,,,,,,,,,65.0,,,,,
DoE_SurfaceGroundWaterReport_2021_2023,river,Pashur,"Batia Ghat, By Pass (M)",2022-05-01,2022,5,wet,,,,1.2,,13705.0,5.9,,18120.0,,12.02,,9060.0,,130.0,,7.65
DoE_SurfaceGroundWaterReport_2021_2023,river,Pashur,Batiaghata By Pass,2021-01-01,2021,1,dry,,,,,,88.0,8.35,,576.0,,1.2,,276.0,,58.2,,8.23
DoE_SurfaceGroundWaterReport_2021_2023,river,Pashur,Batiaghata By Pass,2021-02-01,2021,2,dry,,,,,,235.0,8.05,,930.0,,2.56,,2049.0,,68.4,,8.47
DoE_SurfaceGroundWaterReport_2021_2023,river,Pashur,Batiaghata By Pass,2021-03-01,2021,3,dry,,,,,,610.0,5.86,,7670.0,,4.21,,4120.0,,59.4,,7.98
DoE_SurfaceGroundWaterReport_2021_2023,river,Pashur,Batiaghata By Pass,2021-08-01,2021,8,wet,,,,,,2524.0,5.24,,225.0,,4.1,,4012.0,,65.1,,8.1
DoE_SurfaceGroundWaterReport_2021_2023,river,Pashur,Batiaghata By Pass,2021-09-01,2021,9,wet,,,,,,252.0,6.1,,178.0,,0.06,,64.0,,64.1,,8.25
DoE_SurfaceGroundWaterReport_2021_2023,river,Pashur,Batiaghata By Pass,2021-10-01,2021,10,wet,,,,2.7,,249.0,5.6,,237.0,,0.1,,105.0,,63.1,,8.4
DoE_SurfaceGroundWaterReport_2021_2023,river,Pashur,Batiaghata By Pass,2021-11-01,2021,11,dry,,,,2.5,,250.0,5.09,,415.0,,0.2,,196.0,,61.2,,8.1
DoE_SurfaceGroundWaterReport_2021_2023,river,Pashur,Batiaghata By Pass,2023-01-01,2023,1,dry,,,,3.9,,182.0,6.45,,728.0,,,87.0,96.0,,46.0,,7.53
DoE_SurfaceGroundWaterReport_2021_2023,river,Pashur,Batiaghata By Pass,2023-02-01,2023,2,dry,,,,4.8,,311.0,7.5,,1245.0,,,76.0,623.0,,42.0,,7.72
DoE_SurfaceGroundWaterReport_2021_2023,river,Pashur,Batiaghata By Pass,2023-03-01,2023,3,dry,,,,2.4,,182.0,5.5,,728.0,,,65.0,364.0,,52.0,,6.04
DoE_SurfaceGroundWaterReport_2021_2023,river,Pashur,Batiaghata By Pass,2023-05-01,2023,5,wet,,,,9.8,,258.0,6.64,,1032.0,,,55.0,516.0,,77.0,,7.64
DoE_SurfaceGroundWaterReport_2021_2023,river,Pashur,Batiaghata By Pass,2023-06-01,2023,6,wet,,,,9.8,,258.0,6.64,,1032.0,,,55.0,516.0,,77.0,,7.64
DoE_SurfaceGroundWaterReport_2021_2023,river,Pashur,Batiaghata By Pass,2023-09-01,2023,9,wet,,,,9.8,,354.0,6.64,,1032.0,,,55.0,616.0,,71.0,,7.64
DoE_SurfaceGroundWaterReport_2021_2023,river,Pashur,Batiaghata By Pass,2023-10-01,2023,10,wet,,,,9.9,,284.0,6.64,,1035.0,,,48.0,568.0,,65.0,,7.62
DoE_SurfaceGroundWaterReport_2021_2023,river,Pashur,Batiaghata By Pass,2023-11-01,2023,11,dry,,,,9.18,,388.0,7.25,,1550.0,,,27.0,897.0,,24.0,,7.22
DoE_SurfaceGroundWaterReport_2021_2023,river,Pashur,Batiaghata By Pass,2023-12-01,2023,12,dry,,,,12.6,,206.0,7.13,,822.0,,,23.0,411.0,,16.0,,7.34
DoE_SurfaceGroundWaterReport_2021_2023,river,Pashur,Rampal Power Plant,2021-01-01,2021,1,dry,,,,,,96.0,7.76,,1640.0,,1.6,,818.0,,68.5,,8.18
DoE_SurfaceGroundWaterReport_2021_2023,river,Pashur,Rampal Power Plant,2021-02-01,2021,2,dry,,,,,,98.0,7.48,,927.0,,2.46,,2400.0,,68.9,,8.45
DoE_SurfaceGroundWaterReport_2021_2023,river,Pashur,Rampal Power Plant,2021-03-01,2021,3,dry,,,,,,99.0,6.7,,7550.0,,3.87,,3770.0,,68.1,,7.9
DoE_SurfaceGroundWaterReport_2021_2023,river,Pashur,Rampal Power Plant,2021-04-01,2021,4,dry,,,,1.78,,920.0,6.97,,3680.0,,1.97,,1938.0,,75.4,,7.78
DoE_SurfaceGroundWaterReport_2021_2023,river,Pashur,Rampal Power Plant,2021-08-01,2021,8,wet,,,,,,922.0,5.79,,501.0,,0.24,,241.0,,75.3,,8.15
DoE_SurfaceGroundWaterReport_2021_2023,river,Pashur,Rampal Power Plant,2021-09-01,2021,9,wet,,,,,,725.0,5.94,,180.0,,0.07,,84.0,,74.3,,8.18
DoE_SurfaceGroundWaterReport_2021_2023,river,Pashur,Rampal Power Plant,2021-10-01,2021,10,wet,,,,1.9,,725.0,5.94,,180.0,,0.07,,84.0,,74.3,,8.18
DoE_SurfaceGroundWaterReport_2021_2023,river,Pashur,Rampal Power Plant,2021-11-01,2021,11,dry,,,,1.1,,88.0,5.82,,,,0.07,,90.0,,74.0,,8.22
DoE_SurfaceGroundWaterReport_2021_2023,river,Pashur,Rampal Power Plant,2021-12-01,2021,12,dry,,,,1.9,,150.0,4.8,,238.0,,0.12,,118.4,,74.0,,8.64
DoE_SurfaceGroundWaterReport_2021_2023,river,Pashur,Rampal Power Plant,2023-01-01,2023,1,dry,,,,4.8,,387.0,7.62,,1546.0,,,74.0,773.0,,57.0,,6.75
DoE_SurfaceGroundWaterReport_2021_2023,river,Pashur,Rampal Power Plant,2023-02-01,2023,2,dry,,,,4.3,,429.0,5.54,,1714.0,,,67.0,857.0,,59.0,,7.87
DoE_SurfaceGroundWaterReport_2021_2023,river,Pashur,Rampal Power Plant,2023-03-01,2023,3,dry,,,,2.7,,2407.0,7.37,,9626.0,,,52.0,4813.0,,32.0,,6.47
DoE_SurfaceGroundWaterReport_2021_2023,river,Pashur,Rampal Power Plant,2023-06-01,2023,6,wet,,,,20.7,,3050.0,6.5,,12210.0,,,72.0,6105.0,,64.0,,7.27
DoE_SurfaceGroundWaterReport_2021_2023,river,Pashur,Rampal Power Plant,2023-07-01,2023,7,wet,,,,25.2,,342.0,6.8,,1366.0,,,83.0,683.0,,68.0,,7.47
DoE_SurfaceGroundWaterReport_2021_2023,river,Pashur,Rampal Power Plant,2023-08-01,2023,8,wet,,,,21.1,,638.0,5.57,,2550.0,,,63.0,1275.0,,97.0,,7.65
DoE_SurfaceGroundWaterReport_2021_2023,river,Pashur,Rampal Power Plant,2023-09-01,2023,9,wet,,,,6.7,,86.0,6.5,,342.0,,,65.0,171.0,,70.0,,7.58
DoE_SurfaceGroundWaterReport_2021_2023,river,Pashur,Rampal Power Plant,2023-10-01,2023,10,wet,,,,12.2,,54.0,6.7,,216.0,,,52.0,108.0,,32.0,,7.8
DoE_SurfaceGroundWaterReport_2021_2023,river,Pashur,Rampal Power Plant,2023-11-01,2023,11,dry,,,,8.14,,357.0,7.26,,1426.0,,,66.0,713.0,,45.0,,7.43
DoE_SurfaceGroundWaterReport_2021_2023,river,Pashur,Rampal Power Plant,2023-12-01,2023,12,dry,,,,9.19,,120.0,7.6,,480.0,,,62.0,239.0,,36.0,,7.21
DoE_SurfaceGroundWaterReport_2021_2023,river,Rupsa,Charer Hat (M),2022-05-01,2022,5,wet,,,,1.3,,4142.0,5.1,,1945.0,,3.3,136.0,,,98.0,,8.06
DoE_SurfaceGroundWaterReport_2021_2023,river,Rupsa,"Charer Hat, Sulpur Aijgati",2023-01-01,2023,1,dry,,,,,,216.0,,,,,,,,,,,
DoE_SurfaceGroundWaterReport_2021_2023,river,Rupsa,"Charer Hat, Sulpur Aijgati",2023-02-01,2023,2,dry,,,,,,221.0,,,,,,,,,,,
DoE_SurfaceGroundWaterReport_2021_2023,river,Rupsa,"Charer Hat, Sulpur Aijgati",2023-03-01,2023,3,dry,,,,,,1259.0,,,,,,,,,,,
DoE_SurfaceGroundWaterReport_2021_2023,river,Rupsa,"Charer Hat, Sulpur Aijgati",2023-05-01,2023,5,wet,,,,,,332.0,,,,,,,,,,,
DoE_SurfaceGroundWaterReport_2021_2023,river,Rupsa,"Charer Hat, Sulpur Aijgati",2023-06-01,2023,6,wet,,,,,,288.0,,,,,,,,,,,
DoE_SurfaceGroundWaterReport_2021_2023,river,Rupsa,"Charer Hat, Sulpur Aijgati",2023-07-01,2023,7,wet,,,,,,130.0,,,,,,,,,,,
DoE_SurfaceGroundWaterReport_2021_2023,river,Rupsa,"Charer Hat, Sulpur Aijgati",2023-08-01,2023,8,wet,,,,,,344.0,,,,,,,,,,,
DoE_SurfaceGroundWaterReport_2021_2023,river,Rupsa,"Charer Hat, Sulpur Aijgati",2023-09-01,2023,9,wet,,,,,,286.0,,,,,,,,,,,
DoE_SurfaceGroundWaterReport_2021_2023,river,Rupsa,"Charer Hat, Sulpur Aijgati",2023-10-01,2023,10,wet,,,,,,163.0,,,,,,,,,,,
DoE_SurfaceGroundWaterReport_2021_2023,river,Rupsa,"Charer Hat, Sulpur Aijgati",2023-11-01,2023,11,dry,,,,,,232.0,,,,,,,,,,,
DoE_SurfaceGroundWaterReport_2021_2023,river,Rupsa,"Charer Hat, Sulpur Aijgati",2023-12-01,2023,12,dry,,,,,,107.0,,,,,,,,,,,
DoE_SurfaceGroundWaterReport_2021_2023,river,Rupsa,"Charer Hat, Sulpur Aijgati (M)",2021-01-01,2021,1,dry,,,,,,70.0,7.24,,330.0,,0.15,62.0,,,67.3,,8.78
DoE_SurfaceGroundWaterReport_2021_2023,river,Rupsa,"Charer Hat, Sulpur Aijgati (M)",2021-02-01,2021,2,dry,,,,,,72.0,4.88,,912.0,,0.56,64.0,,,69.3,,8.16
DoE_SurfaceGroundWaterReport_2021_2023,river,Rupsa,"Charer Hat, Sulpur Aijgati (M)",2021-03-01,2021,3,dry,,,,,,72.0,6.72,,3520.0,,1.85,66.0,,,69.3,,8.16
DoE_SurfaceGroundWaterReport_2021_2023,river,Rupsa,"Charer Hat, Sulpur Aijgati (M)",2021-09-01,2021,9,wet,,,,,,370.0,5.9,,130.0,,0.06,64.0,,,71.04,,8.41
DoE_SurfaceGroundWaterReport_2021_2023,river,Rupsa,"Charer Hat, Sulpur Aijgati (M)",2021-10-01,2021,10,wet,,,,3.3,,372.0,5.0,,164.0,,0.07,65.0,,,71.04,,8.59
DoE_SurfaceGroundWaterReport_2021_2023,river,Rupsa,"Charer Hat, Sulpur Aijgati (M)",2021-11-01,2021,11,dry,,,,0.2,,123.0,7.01,,205.6,,0.1,65.0,,,71.04,,8.15
DoE_SurfaceGroundWaterReport_2021_2023,river,Rupsa,"Charer Hat, Sulpur Aijgati (M)",2023-01-01,2023,1,dry,,,,3.4,,,5.43,,864.0,,0.08,132.0,,,47.0,,7.68
DoE_SurfaceGroundWaterReport_2021_2023,river,Rupsa,"Charer Hat, Sulpur Aijgati (M)",2023-02-01,2023,2,dry,,,,1.9,,,6.75,,884.0,,0.18,138.0,,,49.0,,8.72
DoE_SurfaceGroundWaterReport_2021_2023,river,Rupsa,"Charer Hat, Sulpur Aijgati (M)",2023-03-01,2023,3,dry,,,,3.4,,,6.54,,5036.0,,3.66,78.0,,,51.0,,6.24
DoE_SurfaceGroundWaterReport_2021_2023,river,Rupsa,"Charer Hat, Sulpur Aijgati (M)",2023-05-01,2023,5,wet,,,,13.2,,,6.58,,1328.0,,12.7,67.0,,,78.0,,7.21
DoE_SurfaceGroundWaterReport_2021_2023,river,Rupsa,"Charer Hat, Sulpur Aijgati (M)",2023-06-01,2023,6,wet,,,,13.2,,,6.3,,1153.0,,90.9,68.0,,,87.0,,6.93
DoE_SurfaceGroundWaterReport_2021_2023,river,Rupsa,"Charer Hat, Sulpur Aijgati (M)",2023-07-01,2023,7,wet,,,,17.6,,,6.78,,518.0,,0.23,83.0,,,92.0,,7.89
DoE_SurfaceGroundWaterReport_2021_2023,river,Rupsa,"Charer Hat, Sulpur Aijgati (M)",2023-08-01,2023,8,wet,,,,19.8,,,6.67,,1376.0,,0.06,46.0,,,66.0,,7.54
DoE_SurfaceGroundWaterReport_2021_2023,river,Rupsa,"Charer Hat, Sulpur Aijgati (M)",2023-09-01,2023,9,wet,,,,13.2,,,6.3,,1153.0,,9.9,68.0,,,85.0,,6.55
DoE_SurfaceGroundWaterReport_2021_2023,river,Rupsa,"Charer Hat, Sulpur Aijgati (M)",2023-10-01,2023,10,wet,,,,9.2,,,6.35,,653.0,,0.09,38.0,,,65.0,,6.59
DoE_SurfaceGroundWaterReport_2021_2023,river,Rupsa,"Charer Hat, Sulpur Aijgati (M)",2023-11-01,2023,11,dry,,,,8.9,,,6.74,,518.0,,0.27,36.0,,,47.0,,7.39
DoE_SurfaceGroundWaterReport_2021_2023,river,Rupsa,"Charer Hat, Sulpur Aijgati (M)",2023-12-01,2023,12,dry,,,,9.17,,,5.11,,428.0,,0.29,27.0,,,47.0,,7.44
DoE_SurfaceGroundWaterReport_2021_2023,river,Rupsa,Gilatala,2022-05-01,2022,5,wet,,,,1.4,,3640.0,5.9,,1221.0,,3.1,86.0,,,82.0,,8.01
DoE_SurfaceGroundWaterReport_2021_2023,river,Rupsa,"Gilatola , Nadan Pratap (M)",2023-01-01,2023,1,dry,,,,3.7,,136.0,5.9,,542.0,,0.08,37.0,,,27.0,,6.42
DoE_SurfaceGroundWaterReport_2021_2023,river,Rupsa,"Gilatola , Nadan Pratap (M)",2023-02-01,2023,2,dry,,,,2.4,,182.0,6.8,,728.0,,0.15,42.0,,,36.0,,7.82
DoE_SurfaceGroundWaterReport_2021_2023,river,Rupsa,"Gilatola , Nadan Pratap (M)",2023-03-01,2023,3,dry,,,,4.02,,1000.0,6.05,,4038.0,,2.89,43.0,,,28.0,,6.34
DoE_SurfaceGroundWaterReport_2021_2023,river,Rupsa,"Gilatola , Nadan Pratap (M)",2023-05-01,2023,5,wet,,,,9.2,,286.0,6.8,,1142.0,,8.13,47.0,,,42.0,,7.75
DoE_SurfaceGroundWaterReport_2021_2023,river,Rupsa,"Gilatola , Nadan Pratap (M)",2023-06-01,2023,6,wet,,,,9.2,,298.0,5.68,,1151.0,,79.7,47.0,,,42.0,,7.04
DoE_SurfaceGroundWaterReport_2021_2023,river,Rupsa,"Gilatola , Nadan Pratap (M)",2023-09-01,2023,9,wet,,,,9.2,,295.0,5.68,,1151.0,,7.7,17.0,,,40.0,,6.04
DoE_SurfaceGroundWaterReport_2021_2023,river,Rupsa,"Gilatola , Nadan Pratap (M)",2023-10-01,2023,10,wet,,,,8.2,,74.0,3.55,,295.0,,0.13,37.0,,,10.0,,7.35
DoE_SurfaceGroundWaterReport_2021_2023,river,Rupsa,"Gilatola , Nadan Pratap (M)",2023-11-01,2023,11,dry,,,,5.24,,81.0,5.19,,324.0,,0.18,28.0,,,13.0,,7.64
DoE_SurfaceGroundWaterReport_2021_2023,river,Rupsa,"Gilatola , Nadan Pratap (M)",2023-12-01,2023,12,dry,,,,6.65,,79.0,4.28,,316.0,,0.24,32.0,,,10.0,,7.74
DoE_SurfaceGroundWaterReport_2021_2023,river,Rupsa,"Gilatola, Nadan Pratap (M)",2021-01-01,2021,1,dry,,,,,,66.0,8.25,,330.0,,0.16,70.0,,,68.9,,8.75
DoE_SurfaceGroundWaterReport_2021_2023,river,Rupsa,"Gilatola, Nadan Pratap (M)",2021-02-01,2021,2,dry,,,,,,69.0,4.91,,1102.0,,0.52,72.0,,,67.8,,8.13
DoE_SurfaceGroundWaterReport_2021_2023,river,Rupsa,"Gilatola, Nadan Pratap (M)",2021-03-01,2021,3,dry,,,,,,69.0,6.46,,3870.0,,2.04,70.0,,,67.8,,8.03
DoE_SurfaceGroundWaterReport_2021_2023,river,Rupsa,"Gilatola, Nadan Pratap (M)",2021-04-01,2021,4,dry,,,,0.68,,928.0,6.4,,3712.0,,5.34,78.0,,,72.6,,7.25
DoE_SurfaceGroundWaterReport_2021_2023,river,Rupsa,"Gilatola, Nadan Pratap (M)",2021-10-01,2021,10,wet,,,,1.8,,66.0,3.5,,182.0,,0.08,75.0,,,70.4,,8.56
DoE_SurfaceGroundWaterReport_2021_2023,river,Rupsa,"Gilatola, Nadan Pratap (M)",2021-11-01,2021,11,dry,,,,1.0,,123.0,6.02,,204.0,,0.1,72.0,,,70.1,,8.8
DoE_SurfaceGroundWaterReport_2021_2023,river,Rupsa,"Gilatola, Nadan Pratap (M)",2021-12-01,2021,12,dry,,,,2.8,,125.0,5.2,,212.5,,0.1,68.0,,,75.4,,7.21
DoE_SurfaceGroundWaterReport_2021_2023,river,Rupsa,Kalibari Ghat (M),2021-01-01,2021,1,dry,,,,,,66.0,7.16,,324.0,,0.14,66.0,,,66.2,,8.76
DoE_SurfaceGroundWaterReport_2021_2023,river,Rupsa,Kalibari Ghat (M),2021-02-01,2021,2,dry,,,,,,67.0,4.93,,1112.0,,0.57,77.0,,,69.6,,8.11
DoE_SurfaceGroundWaterReport_2021_2023,river,Rupsa,Kalibari Ghat (M),2021-03-01,2021,3,dry,,,,,,68.0,6.42,,3740.0,,1.85,76.0,,,68.2,,7.15
DoE_SurfaceGroundWaterReport_2021_2023,river,Rupsa,Kalibari Ghat (M),2021-08-01,2021,8,wet,,,,,,980.0,5.3,,198.0,,0.09,72.0,,,74.4,,8.08
DoE_SurfaceGroundWaterReport_2021_2023,river,Rupsa,Kalibari Ghat (M),2021-09-01,2021,9,wet,,,,,,380.0,5.8,,129.0,,0.06,60.0,,,73.4,,8.52
DoE_SurfaceGroundWaterReport_2021_2023,river,Rupsa,Kalibari Ghat (M),2021-10-01,2021,10,wet,,,,3.0,,368.0,5.3,,126.0,,0.06,59.0,,,75.4,,8.73
DoE_SurfaceGroundWaterReport_2021_2023,river,Rupsa,Kalibari Ghat (M),2021-11-01,2021,11,dry,,,,3.0,,124.0,5.0,,136.0,,0.1,61.0,,,75.4,,8.23
DoE_SurfaceGroundWaterReport_2021_2023,river,Rupsa,Kalibari Ghat (M),2021-12-01,2021,12,dry,,,,3.1,,87.5,5.4,,141.0,,0.07,65.0,,,74.4,,7.17
DoE_SurfaceGroundWaterReport_2021_2023,river,Rupsa,Kalibari Ghat (M),2022-05-01,2022,5,wet,,,,2.1,,655.0,3.9,,768.0,,4.55,135.0,,,80.0,,8.09
DoE_SurfaceGroundWaterReport_2021_2023,river,Rupsa,Kalibari Ghat (M),2023-01-01,2023,1,dry,,,,2.2,,246.0,4.15,,984.0,,0.12,125.0,,,52.0,,7.61
DoE_SurfaceGroundWaterReport_2021_2023,river,Rupsa,Kalibari Ghat (M),2023-02-01,2023,2,dry,,,,2.26,,246.0,6.19,,984.0,,0.14,128.0,,,64.0,,8.04
DoE_SurfaceGroundWaterReport_2021_2023,river,Rupsa,Kalibari Ghat (M),2023-03-01,2023,3,dry,,,,2.28,,1714.0,6.85,,6854.0,,3.75,68.0,,,48.0,,6.62
DoE_SurfaceGroundWaterReport_2021_2023,river,Rupsa,Kalibari Ghat (M),2023-05-01,2023,5,wet,,,,11.12,,462.0,5.1,,1846.0,,11.45,74.0,,,58.0,,7.55
DoE_SurfaceGroundWaterReport_2021_2023,river,Rupsa,Kalibari Ghat (M),2023-06-01,2023,6,wet,,,,35.2,,294.0,6.8,,1174.0,,36.5,64.0,,,78.0,,6.47
DoE_SurfaceGroundWaterReport_2021_2023,river,Rupsa,Kalibari Ghat (M),2023-07-01,2023,7,wet,,,,33.7,,230.0,6.4,,918.0,,0.3,67.0,,,85.0,,7.55
DoE_SurfaceGroundWaterReport_2021_2023,river,Rupsa,Kalibari Ghat (M),2023-08-01,2023,8,wet,,,,26.9,,370.0,7.22,,1478.0,,8.72,55.0,,,74.0,,6.87
DoE_SurfaceGroundWaterReport_2021_2023,river,Rupsa,Kalibari Ghat (M),2023-09-01,2023,9,wet,,,,35.2,,293.0,6.8,,1174.0,,9.5,64.0,,,75.0,,6.45
DoE_SurfaceGroundWaterReport_2021_2023,river,Rupsa,Kalibari Ghat (M),2023-10-01,2023,10,wet,,,,32.2,,145.0,6.9,,574.0,,0.05,44.0,,,55.0,,6.74
DoE_SurfaceGroundWaterReport_2021_2023,river,Rupsa,Kalibari Ghat (M),2023-11-01,2023,11,dry,,,,25.6,,212.0,5.13,,846.0,,0.08,36.0,,,27.0,,7.18
DoE_SurfaceGroundWaterReport_2021_2023,river,Rupsa,Kalibari Ghat (M),2023-12-01,2023,12,dry,,,,18.2,,162.0,4.19,,648.0,,0.32,24.0,,,14.0,,7.26
DoE_SurfaceGroundWaterReport_2021_2023,river,Rupsa,Rupsa Ghat (M),2021-01-01,2021,1,dry,,,,,,68.0,8.15,,349.0,,0.17,76.0,,,68.4,,8.65
DoE_SurfaceGroundWaterReport_2021_2023,river,Rupsa,Rupsa Ghat (M),2021-02-01,2021,2,dry,,,,,,68.0,7.2,,1925.0,,1.02,76.0,,,68.4,,8.08
DoE_SurfaceGroundWaterReport_2021_2023,river,Rupsa,Rupsa Ghat (M),2021-03-01,2021,3,dry,,,,,,69.0,6.17,,4250.0,,2.13,74.0,,,68.2,,7.68
DoE_SurfaceGroundWaterReport_2021_2023,river,Rupsa,Rupsa Ghat (M),2021-08-01,2021,8,wet,,,,,,1212.0,4.2,,111.0,,1.91,75.0,,,72.3,,8.53
DoE_SurfaceGroundWaterReport_2021_2023,river,Rupsa,Rupsa Ghat (M),2021-09-01,2021,9,wet,,,,,,385.0,4.8,,215.0,,0.1,63.0,,,72.0,,8.22
DoE_SurfaceGroundWaterReport_2021_2023,river,Rupsa,Rupsa Ghat (M),2021-10-01,2021,10,wet,,,,3.1,,386.0,5.2,,137.0,,0.06,62.0,,,75.0,,8.79
DoE_SurfaceGroundWaterReport_2021_2023,river,Rupsa,Rupsa Ghat (M),2021-11-01,2021,11,dry,,,,2.1,,138.0,4.5,,131.4,,0.11,61.0,,,75.0,,8.26
DoE_SurfaceGroundWaterReport_2021_2023,river,Rupsa,Rupsa Ghat (M),2021-12-01,2021,12,dry,,,,2.5,,75.0,5.5,,136.0,,0.06,57.0,,,70.8,,8.1
DoE_SurfaceGroundWaterReport_2021_2023,river,Rupsa,Rupsa Ghat (M),2022-05-01,2022,5,wet,,,,7.5,,570.0,3.8,,678.0,,0.75,145.0,,,69.0,,8.11
DoE_SurfaceGroundWaterReport_2021_2023,river,Rupsa,Rupsa Ghat (M),2023-01-01,2023,1,dry,,,,2.4,,208.0,5.35,,832.0,,0.13,136.0,,,53.0,,7.56
DoE_SurfaceGroundWaterReport_2021_2023,river,Rupsa,Rupsa Ghat (M),2023-02-01,2023,2,dry,,,,4.8,,305.0,6.48,,1218.0,,0.22,144.0,,,87.0,,8.65
DoE_SurfaceGroundWaterReport_2021_2023,river,Rupsa,Rupsa Ghat (M),2023-03-01,2023,3,dry,,,,4.07,,1755.0,6.9,,7020.0,,3.69,82.0,,,54.0,,6.53
DoE_SurfaceGroundWaterReport_2021_2023,river,Rupsa,Rupsa Ghat (M),2023-05-01,2023,5,wet,,,,32.5,,406.0,7.66,,1624.0,,15.7,105.0,,,74.0,,7.65
DoE_SurfaceGroundWaterReport_2021_2023,river,Rupsa,Rupsa Ghat (M),2023-06-01,2023,6,wet,,,,37.8,,287.0,6.6,,1148.0,,38.5,125.0,,,82.0,,6.55
DoE_SurfaceGroundWaterReport_2021_2023,river,Rupsa,Rupsa Ghat (M),2023-07-01,2023,7,wet,,,,37.8,,80.0,6.65,,319.0,,0.4,138.0,,,97.0,,8.09
DoE_SurfaceGroundWaterReport_2021_2023,river,Rupsa,Rupsa Ghat (M),2023-08-01,2023,8,wet,,,,42.8,,437.0,7.32,,1747.0,,0.08,54.0,,,74.0,,7.66
DoE_SurfaceGroundWaterReport_2021_2023,river,Rupsa,Rupsa Ghat (M),2023-09-01,2023,9,wet,,,,37.8,,282.0,6.6,,1148.0,,8.5,125.0,,,80.0,,7.55
DoE_SurfaceGroundWaterReport_2021_2023,river,Rupsa,Rupsa Ghat (M),2023-10-01,2023,10,wet,,,,37.8,,282.0,6.61,,127.0,,0.05,125.0,,,72.0,,7.39
DoE_SurfaceGroundWaterReport_2021_2023,river,Rupsa,Rupsa Ghat (M),2023-11-01,2023,11,dry,,,,27.3,,87.0,6.52,,348.0,,0.29,125.0,,,64.0,,7.66
DoE_SurfaceGroundWaterReport_2021_2023,river,Rupsa,Rupsa Ghat (M),2023-12-01,2023,12,dry,,,,29.7,,130.0,5.23,,518.0,,0.45,57.0,,,75.0,,7.37
DoE_SurfaceGroundWaterReport_2021_2023,river,Shitalakhya,Gorashal,2021-01-01,2021,1,dry,,,,12.0,54.0,10.5,5.8,,251.0,,,7.0,158.0,61.0,,,7.48
DoE_SurfaceGroundWaterReport_2021_2023,river,Shitalakhya,Gorashal,2021-02-01,2021,2,dry,,,,6.0,28.0,14.0,5.2,,277.0,,,11.0,164.0,63.0,,,7.21
DoE_SurfaceGroundWaterReport_2021_2023,river,Shitalakhya,Gorashal,2021-06-01,2021,6,wet,,,,7.0,19.0,11.0,2.4,,156.7,,,78.0,79.4,11.0,,,7.02
DoE_SurfaceGroundWaterReport_2021_2023,river,Shitalakhya,Gorashal,2021-08-01,2021,8,wet,,,,16.0,34.0,12.0,3.6,,126.0,,,35.0,64.0,56.0,,,6.54
DoE_SurfaceGroundWaterReport_2021_2023,river,Shitalakhya,Gorashal,2021-09-01,2021,9,wet,,,,4.0,12.0,16.0,6.4,,389.0,,,12.0,79.0,73.0,,,7.21
DoE_SurfaceGroundWaterReport_2021_2023,river,Shitalakhya,Gorashal,2021-12-01,2021,12,dry,,,,8.0,29.0,14.0,4.5,,331.0,,,29.0,185.0,76.0,,,7.68
DoE_SurfaceGroundWaterReport_2021_2023,river,Shitalakhya,Gorashal,2023-01-01,2023,1,dry,,,,5.0,18.0,16.0,3.4,,367.0,,,38.0,197.0,81.0,,,7.16
DoE_SurfaceGroundWaterReport_2021_2023,river,Shitalakhya,Gorashal,2023-02-01,2023,2,dry,,,,7.0,20.0,17.0,3.2,,380.0,,,38.0,200.0,85.0,,,7.1
DoE_SurfaceGroundWaterReport_2021_2023,river,Shitalakhya,Gorashal,2023-03-01,2023,3,dry,,,,,22.0,18.0,3.1,,370.0,,,33.0,189.0,88.0,,,7.34
DoE_SurfaceGroundWaterReport_2021_2023,river,Shitalakhya,Gorashal,2023-07-01,2023,7,wet,,,,7.0,15.0,9.0,5.1,,144.0,,,50.0,64.0,29.0,,,7.69
DoE_SurfaceGroundWaterReport_2021_2023,river,Shitalakhya,Gorashal,2023-08-01,2023,8,wet,,,,1.8,18.0,11.0,4.5,,186.0,,,70.0,97.0,30.0,,,8.38
DoE_SurfaceGroundWaterReport_2021_2023,river,Shitalakhya,Gorashal,2023-10-01,2023,10,wet,,,,7.0,39.0,8.5,3.2,,120.0,,,22.0,63.0,10.0,,,7.05
DoE_SurfaceGroundWaterReport_2021_2023,river,Shitalakhya,Gorashal,2023-11-01,2023,11,dry,,,,1.0,4.0,22.0,4.7,,298.0,,,35.0,158.8,36.0,,,7.96
DoE_SurfaceGroundWaterReport_2021_2023,river,Shitalakhya,Gorashal,2023-12-01,2023,12,dry,,,,2.0,6.0,13.0,6.4,,306.0,,,37.0,159.0,21.0,,,7.96
DoE_SurfaceGroundWaterReport_2021_2023,river,Shitalakhya,Gorashal Fertilizer,2022-01-01,2022,1,dry,,,,8.0,18.0,16.0,3.4,,367.0,,,18.0,197.0,81.0,,,7.16
DoE_SurfaceGroundWaterReport_2021_2023,river,Shitalakhya,Gorashal Fertilizer,2022-02-01,2022,2,dry,,,,8.6,20.0,22.0,5.0,,230.0,,,20.0,135.0,102.0,,,6.76
DoE_SurfaceGroundWaterReport_2021_2023,river,Shitalakhya,Gorashal Fertilizer,2022-03-01,2022,3,dry,,,,14.0,44.0,58.0,3.23,,457.0,,,17.0,232.0,204.0,,,7.95
DoE_SurfaceGroundWaterReport_2021_2023,river,Shitalakhya,Gorashal Fertilizer,2022-04-01,2022,4,dry,,,,5.0,20.0,23.0,5.0,,395.0,,,12.0,219.0,178.0,,,7.25
DoE_SurfaceGroundWaterReport_2021_2023,river,Shitalakhya,Gorashal Fertilizer,2022-05-01,2022,5,wet,,,,3.0,10.0,72.5,4.0,,298.0,,,33.0,179.0,126.0,,,7.61
DoE_SurfaceGroundWaterReport_2021_2023,river,Shitalakhya,Gorashal Fertilizer,2022-06-01,2022,6,wet,,,,4.0,10.0,10.0,5.4,,130.0,,,20.0,66.0,29.0,,,7.65
DoE_SurfaceGroundWaterReport_2021_2023,river,Shitalakhya,Gorashal Fertilizer,2022-07-01,2022,7,wet,,,,3.0,8.0,43.0,5.2,,123.0,,,19.0,64.0,43.0,,,7.47
DoE_SurfaceGroundWaterReport_2021_2023,river,Shitalakhya,Gorashal Fertilizer,2022-08-01,2022,8,wet,,,,8.0,22.0,12.4,4.21,,65.2,,,8.0,65.2,22.0,,,6.76
DoE_SurfaceGroundWaterReport_2021_2023,river,Shitalakhya,Gorashal Fertilizer,2022-09-01,2022,9,wet,,,,4.0,24.0,10.0,6.2,,184.0,,,36.0,88.0,45.0,,,7.57
DoE_SurfaceGroundWaterReport_2021_2023,river,Shitalakhya,Gorashal Fertilizer,2022-10-01,2022,10,wet,,,,4.0,10.0,8.0,4.9,,182.5,,,35.0,96.0,40.0,,,7.47
DoE_SurfaceGroundWaterReport_2021_2023,river,Shitalakhya,Gorashal Fertilizer,2022-11-01,2022,11,dry,,,,3.0,10.0,44.0,7.9,,227.0,,,14.0,123.6,44.0,,,7.78
DoE_SurfaceGroundWaterReport_2021_2023,river,Shitalakhya,Gorashal Fertilizer,2022-12-01,2022,12,dry,,,,4.0,12.0,16.0,4.2,,224.2,,,36.0,114.5,28.0,,,7.68
DoE_SurfaceGroundWaterReport_2021_2023,river,Shitalakhya,Majhira Demra Ghat,2022-01-01,2022,1,dry,,,,12.0,42.0,48.0,1.2,,643.0,,,54.0,345.0,32.0,,,7.34
DoE_SurfaceGroundWaterReport_2021_2023,river,Shitalakhya,Majhira Demra Ghat,2022-02-01,2022,2,dry,,,,14.4,78.0,109.0,1.39,,677.0,,,121.0,383.0,211.0,,,7.47
DoE_SurfaceGroundWaterReport_2021_2023,river,Shitalakhya,Majhira Demra Ghat,2022-03-01,2022,3,dry,,,,16.0,82.0,110.0,0.43,,680.0,,,122.0,389.0,213.0,,,7.77
DoE_SurfaceGroundWaterReport_2021_2023,river,Shitalakhya,Majhira Demra Ghat,2022-04-01,2022,4,dry,,,,20.0,71.0,140.0,0.0,,,,,109.0,528.0,320.0,,,7.72
DoE_SurfaceGroundWaterReport_2021_2023,river,Shitalakhya,Majhira Demra Ghat,2022-05-01,2022,5,wet,,,,6.0,24.0,74.0,1.6,,167.0,,,46.0,63.0,118.0,,,7.24
DoE_SurfaceGroundWaterReport_2021_2023,river,Shitalakhya,Majhira Demra Ghat,2022-06-01,2022,6,wet,,,,8.0,24.0,10.0,1.39,,99.0,,,144.0,52.0,22.0,,,7.37
DoE_SurfaceGroundWaterReport_2021_2023,river,Shitalakhya,Majhira Demra Ghat,2022-07-01,2022,7,wet,,,,8.0,29.0,11.0,4.6,,147.0,,,30.0,73.0,11.0,,,6.34
DoE_SurfaceGroundWaterReport_2021_2023,river,Shitalakhya,Majhira Demra Ghat,2022-08-01,2022,8,wet,,,,10.0,58.0,12.5,3.25,,106.0,,,68.0,106.0,22.0,,,7.2
DoE_SurfaceGroundWaterReport_2021_2023,river,Shitalakhya,Majhira Demra Ghat,2022-09-01,2022,9,wet,,,,6.0,39.0,9.0,5.3,,166.0,,,34.0,81.0,32.0,,,7.4
DoE_SurfaceGroundWaterReport_2021_2023,river,Shitalakhya,Majhira Demra Ghat,2022-10-01,2022,10,wet,,,,8.4,34.0,9.0,4.2,,157.5,,,43.0,82.0,31.0,,,7.23
DoE_SurfaceGroundWaterReport_2021_2023,river,Shitalakhya,Majhira Demra Ghat,2022-11-01,2022,11,dry,,,,6.1,17.0,24.0,5.4,,289.0,,,23.0,162.9,24.0,,,7.37
DoE_SurfaceGroundWaterReport_2021_2023,river,Shitalakhya,Majhira Demra Ghat,2022-12-01,2022,12,dry,,,,8.0,35.0,14.0,2.0,,216.0,,,42.0,110.3,42.0,,,7.35
DoE_SurfaceGroundWaterReport_2021_2023,river,Shitalakhya,Majira Demra Ghat,2021-01-01,2021,1,dry,,,,4.5,20.0,39.0,0.4,,429.0,,,26.0,247.0,112.0,,,7.06
DoE_SurfaceGroundWaterReport_2021_2023,river,Shitalakhya,Majira Demra Ghat,2021-02-01,2021,2,dry,,,,32.4,80.0,51.0,0.0,,584.0,,,26.0,338.0,196.0,,,7.34
DoE_SurfaceGroundWaterReport_2021_2023,river,Shitalakhya,Majira Demra Ghat,2021-04-01,2021,4,dry,,,,14.0,36.0,65.0,0.0,,919.0,,,57.0,445.0,227.0,,,7.07
DoE_SurfaceGroundWaterReport_2021_2023,river,Shitalakhya,Majira Demra Ghat,2021-05-01,2021,5,wet,,,,10.0,58.0,45.0,0.0,,611.0,,,6.0,320.0,186.0,,,6.93
DoE_SurfaceGroundWaterReport_2021_2023,river,Shitalakhya,Majira Demra Ghat,2021-06-01,2021,6,wet,,,,14.0,46.0,34.5,2.6,,263.0,,,6.0,134.0,138.0,,,7.09
DoE_SurfaceGroundWaterReport_2021_2023,river,Shitalakhya,Majira Demra Ghat,2021-07-01,2021,7,wet,,,,12.0,37.0,15.5,4.69,,109.1,,,120.0,58.1,47.0,,,6.83
DoE_SurfaceGroundWaterReport_2021_2023,river,Shitalakhya,Majira Demra Ghat,2021-08-01,2021,8,wet,,,,18.0,38.0,14.0,5.9,,131.0,,,29.0,70.0,20.0,,,7.84
DoE_SurfaceGroundWaterReport_2021_2023,river,Shitalakhya,Majira Demra Ghat,2021-09-01,2021,9,wet,,,,8.0,24.0,9.0,6.1,,156.6,,,38.0,82.5,29.0,,,6.57
DoE_SurfaceGroundWaterReport_2021_2023,river,Shitalakhya,Majira Demra Ghat,2021-12-01,2021,12,dry,,,,12.0,34.0,15.0,3.0,,431.0,,,33.0,242.0,39.0,,,7.28
DoE_SurfaceGroundWaterReport_2021_2023,river,Shitalakhya,Majira Demra Ghat,2023-01-01,2023,1,dry,,,,12.0,42.0,48.0,1.2,,643.0,,,54.0,345.0,32.0,,,7.34
DoE_SurfaceGroundWaterReport_2021_2023,river,Shitalakhya,Majira Demra Ghat,2023-02-01,2023,2,dry,,,,37.0,59.0,66.0,0.1,,775.0,,,94.0,440.0,212.0,,,7.18
DoE_SurfaceGroundWaterReport_2021_2023,river,Shitalakhya,Majira Demra Ghat,2023-03-01,2023,3,dry,,,,36.0,71.0,68.0,0.1,,879.0,,,86.0,478.0,234.0,,,7.41
DoE_SurfaceGroundWaterReport_2021_2023,river,Shitalakhya,Majira Demra Ghat,2023-07-01,2023,7,wet,,,,4.0,24.0,15.0,3.4,,148.0,,,40.0,80.0,35.0,,,6.94
DoE_SurfaceGroundWaterReport_2021_2023,river,Shitalakhya,Majira Demra Ghat,2023-08-01,2023,8,wet,,,,3.0,22.0,18.0,3.39,,189.0,,,52.0,104.0,41.0,,,7.32
DoE_SurfaceGroundWaterReport_2021_2023,river,Shitalakhya,Majira Demra Ghat,2023-09-01,2023,9,wet,,,,3.0,31.0,14.0,1.8,,201.4,,,47.0,108.7,23.0,,,6.57
DoE_SurfaceGroundWaterReport_2021_2023,river,Shitalakhya,Majira Demra Ghat,2023-10-01,2023,10,wet,,,,6.0,7.0,44.5,2.9,,112.4,,,37.0,59.1,8.0,,,6.75
DoE_SurfaceGroundWaterReport_2021_2023,river,Shitalakhya,Majira Demra Ghat,2023-11-01,2023,11,dry,,,,11.0,30.0,26.0,3.54,,520.0,,,24.0,242.0,26.0,,,7.0
DoE_SurfaceGroundWaterReport_2021_2023,river,Shitalakhya,Majira Demra Ghat,2023-12-01,2023,12,dry,,,,19.0,42.0,77.0,0.0,,628.0,,,63.0,345.0,60.0,,,6.88
DoE_SurfaceGroundWaterReport_2021_2023,river,Shitalakhya,Murapara (Rupganj),2022-01-01,2022,1,dry,,,,10.0,40.0,42.0,1.8,,626.0,,,50.0,320.0,54.0,,,7.4
DoE_SurfaceGroundWaterReport_2021_2023,river,Shitalakhya,Murapara (Rupganj),2022-02-01,2022,2,dry,,,,13.2,37.0,26.0,4.88,,393.0,,,14.0,216.0,190.0,,,7.75
DoE_SurfaceGroundWaterReport_2021_2023,river,Shitalakhya,Murapara (Rupganj),2022-03-01,2022,3,dry,,,,14.0,40.0,29.0,3.21,,397.0,,,16.0,220.0,192.0,,,7.79
DoE_SurfaceGroundWaterReport_2021_2023,river,Shitalakhya,Murapara (Rupganj),2022-04-01,2022,4,dry,,,,17.0,34.0,95.0,3.0,,647.0,,,22.0,349.0,229.0,,,7.8
DoE_SurfaceGroundWaterReport_2021_2023,river,Shitalakhya,Murapara (Rupganj),2022-05-01,2022,5,wet,,,,4.0,15.0,76.0,3.4,,184.0,,,45.0,92.0,102.0,,,7.38
DoE_SurfaceGroundWaterReport_2021_2023,river,Shitalakhya,Murapara (Rupganj),2022-06-01,2022,6,wet,,,,10.0,36.0,11.0,4.88,,160.0,,,181.0,57.0,15.0,,,7.1
DoE_SurfaceGroundWaterReport_2021_2023,river,Shitalakhya,Murapara (Rupganj),2022-07-01,2022,7,wet,,,,8.0,34.0,12.0,5.0,,1138.0,,,35.0,72.0,12.0,,,7.34
DoE_SurfaceGroundWaterReport_2021_2023,river,Shitalakhya,Murapara (Rupganj),2022-08-01,2022,8,wet,,,,8.0,37.0,10.5,3.65,,83.4,,,7.0,83.4,18.0,,,7.31
DoE_SurfaceGroundWaterReport_2021_2023,river,Shitalakhya,Murapara (Rupganj),2022-09-01,2022,9,wet,,,,4.0,36.0,14.0,4.3,,176.0,,,39.0,90.0,32.0,,,7.29
DoE_SurfaceGroundWaterReport_2021_2023,river,Shitalakhya,Murapara (Rupganj),2022-10-01,2022,10,wet,,,,6.0,41.0,18.0,3.8,,450.0,,,97.0,246.0,37.0,,,7.04
DoE_SurfaceGroundWaterReport_2021_2023,river,Shitalakhya,Murapara (Rupganj),2022-11-01,2022,11,dry,,,,3.6,27.0,35.0,5.8,,215.0,,,30.0,113.2,35.0,,,7.31
DoE_SurfaceGroundWaterReport_2021_2023,river,Shitalakhya,Murapara (Rupganj),2022-12-01,2022,12,dry,,,,10.0,41.0,10.0,4.7,,214.0,,,86.0,112.0,36.0,,,7.32
DoE_SurfaceGroundWaterReport_2021_2023,river,Shitalakhya,Murapara (Rupgonj),2021-01-01,2021,1,dry,,,,4.6,32.0,37.0,0.0,,407.0,,,59.0,235.0,164.0,,,7.26
DoE_SurfaceGroundWaterReport_2021_2023,river,Shitalakhya,Murapara (Rupgonj),2021-02-01,2021,2,dry,,,,6.0,27.0,41.0,4.1,,489.0,,,94.0,274.0,166.0,,,7.44
DoE_SurfaceGroundWaterReport_2021_2023,river,Shitalakhya,Murapara (Rupgonj),2021-04-01,2021,4,dry,,,,6.4,18.0,52.0,4.2,,610.0,,,5.0,299.0,192.0,,,7.38
DoE_SurfaceGroundWaterReport_2021_2023,river,Shitalakhya,Murapara (Rupgonj),2021-05-01,2021,5,wet,,,,8.0,21.0,37.0,1.3,,501.0,,,9.0,259.0,252.0,,,7.13
DoE_SurfaceGroundWaterReport_2021_2023,river,Shitalakhya,Murapara (Rupgonj),2021-06-01,2021,6,wet,,,,12.0,44.0,19.0,1.4,,318.0,,,12.0,167.4,19.0,,,7.07
DoE_SurfaceGroundWaterReport_2021_2023,river,Shitalakhya,Murapara (Rupgonj),2021-07-01,2021,7,wet,,,,12.0,60.0,6.0,4.99,,101.5,,,143.0,54.9,49.0,,,6.91
DoE_SurfaceGroundWaterReport_2021_2023,river,Shitalakhya,Murapara (Rupgonj),2021-08-01,2021,8,wet,,,,17.0,36.0,29.0,5.5,,452.0,,,28.0,246.0,54.0,,,7.54
DoE_SurfaceGroundWaterReport_2021_2023,river,Shitalakhya,Murapara (Rupgonj),2021-09-01,2021,9,wet,,,,12.0,46.0,8.5,6.5,,142.6,,,138.0,75.9,50.0,,,6.58
DoE_SurfaceGroundWaterReport_2021_2023,river,Shitalakhya,Murapara (Rupgonj),2021-12-01,2021,12,dry,,,,8.0,30.0,20.0,4.0,,510.0,,,36.0,222.0,82.0,,,7.56
DoE_SurfaceGroundWaterReport_2021_2023,river,Shitalakhya,Murapara (Rupgonj),2023-01-01,2023,1,dry,,,,11.0,44.0,19.0,4.6,,372.0,,,34.0,214.0,50.0,,,7.4
DoE_SurfaceGroundWaterReport_2021_2023,river,Shitalakhya,Murapara (Rupgonj),2023-02-01,2023,2,dry,,,,38.0,61.0,43.0,0.1,,544.0,,,83.0,300.0,191.0,,,6.99
DoE_SurfaceGroundWaterReport_2021_2023,river,Shitalakhya,Murapara (Rupgonj),2023-03-01,2023,3,dry,,,,287.0,59.0,49.0,1.2,,656.0,,,84.0,359.0,212.0,,,7.47
DoE_SurfaceGroundWaterReport_2021_2023,river,Shitalakhya,Murapara (Rupgonj),2023-07-01,2023,7,wet,,,,1.0,24.0,22.0,4.6,,380.0,,,55.0,198.0,57.0,,,7.41
DoE_SurfaceGroundWaterReport_2021_2023,river,Shitalakhya,Murapara (Rupgonj),2023-08-01,2023,8,wet,,,,2.3,3.0,14.0,4.1,,281.0,,,56.0,123.0,49.0,,,7.75
DoE_SurfaceGroundWaterReport_2021_2023,river,Shitalakhya,Murapara (Rupgonj),2023-10-01,2023,10,wet,,,,4.0,13.0,11.5,3.4,,175.1,,,57.0,88.9,11.0,,,6.42
DoE_SurfaceGroundWaterReport_2021_2023,river,Shitalakhya,Murapara (Rupgonj),2023-11-01,2023,11,dry,,,,5.0,13.0,68.5,4.79,,535.0,,,25.0,243.0,28.0,,,7.02
DoE_SurfaceGroundWaterReport_2021_2023,river,Shitalakhya,Murapara (Rupgonj),2023-12-01,2023,12,dry,,,,5.0,7.0,72.0,3.2,,450.0,,,26.0,246.0,39.0,,,7.21
DoE_SurfaceGroundWaterReport_2021_2023,river,Shitalakhya,Port Road,2021-02-01,2021,2,dry,,,,49.2,166.0,70.0,0.0,,634.0,,,65.0,354.0,262.0,,,6.97
DoE_SurfaceGroundWaterReport_2021_2023,river,Shitalakhya,Port Road,2021-05-01,2021,5,wet,,,,12.0,70.0,42.0,1.2,,598.0,,,10.0,285.0,251.0,,,7.35
DoE_SurfaceGroundWaterReport_2021_2023,river,Shitalakhya,Port Road,2021-06-01,2021,6,wet,,,,14.0,42.0,30.5,3.0,,364.0,,,28.0,186.0,149.0,,,7.29
DoE_SurfaceGroundWaterReport_2021_2023,river,Shitalakhya,Port Road,2021-07-01,2021,7,wet,,,,14.0,38.0,35.0,4.51,,264.0,,,26.0,134.0,88.0,,,7.19
DoE_SurfaceGroundWaterReport_2021_2023,river,Shitalakhya,Port Road,2021-08-01,2021,8,wet,,,,12.0,32.0,19.0,2.8,,154.0,,,37.0,83.0,74.0,,,7.31
DoE_SurfaceGroundWaterReport_2021_2023,river,Shitalakhya,Port Road,2021-09-01,2021,9,wet,,,,10.0,30.0,19.0,4.5,,422.0,,,16.0,158.0,84.0,,,6.98
DoE_SurfaceGroundWaterReport_2021_2023,river,Shitalakhya,Port Road,2021-12-01,2021,12,dry,,,,10.0,32.0,24.0,3.4,,550.0,,,38.0,296.0,102.0,,,7.31
DoE_SurfaceGroundWaterReport_2021_2023,river,Shitalakhya,Port Road,2022-01-01,2022,1,dry,,,,12.0,48.0,41.0,1.8,,607.0,,,42.0,349.0,94.0,,,7.72
DoE_SurfaceGroundWaterReport_2021_2023,river,Shitalakhya,Port Road,2022-02-01,2022,2,dry,,,,24.0,32.0,72.5,1.0,,585.0,,,33.0,329.0,126.0,,,7.61
DoE_SurfaceGroundWaterReport_2021_2023,river,Shitalakhya,Port Road,2022-03-01,2022,3,dry,,,,24.0,34.0,73.0,0.54,,590.0,,,34.0,333.0,127.0,,,7.67
DoE_SurfaceGroundWaterReport_2021_2023,river,Shitalakhya,Port Road,2022-04-01,2022,4,dry,,,,10.0,34.0,28.0,3.0,,580.0,,,40.0,310.0,104.0,,,7.11
DoE_SurfaceGroundWaterReport_2021_2023,river,Shitalakhya,Port Road,2022-05-01,2022,5,wet,,,,4.0,27.0,76.0,2.2,,271.0,,,83.0,134.0,152.0,,,7.21
DoE_SurfaceGroundWaterReport_2021_2023,river,Shitalakhya,Port Road,2022-06-01,2022,6,wet,,,,8.0,27.0,16.0,1.0,,149.0,,,156.0,74.0,23.0,,,7.03
DoE_SurfaceGroundWaterReport_2021_2023,river,Shitalakhya,Port Road,2022-07-01,2022,7,wet,,,,8.0,35.0,14.0,3.9,,150.0,,,42.0,87.0,14.0,,,6.64
DoE_SurfaceGroundWaterReport_2021_2023,river,Shitalakhya,Port Road,2022-08-01,2022,8,wet,,,,8.0,42.0,18.9,2.85,,229.0,,,22.0,112.0,32.0,,,7.61
DoE_SurfaceGroundWaterReport_2021_2023,river,Shitalakhya,Port Road,2022-09-01,2022,9,wet,,,,6.0,40.0,19.0,1.8,,235.0,,,28.0,122.0,34.0,,,7.69
DoE_SurfaceGroundWaterReport_2021_2023,river,Shitalakhya,Port Road,2022-10-01,2022,10,wet,,,,8.6,42.0,20.0,3.2,,265.0,,,25.0,138.0,37.0,,,7.18
DoE_SurfaceGroundWaterReport_2021_2023,river,Shitalakhya,Port Road,2022-11-01,2022,11,dry,,,,5.6,14.0,12.0,6.5,,225.0,,,28.0,122.5,34.0,,,7.49
DoE_SurfaceGroundWaterReport_2021_2023,river,Shitalakhya,Port Road,2022-12-01,2022,12,dry,,,,6.0,40.0,12.0,4.0,,228.0,,,24.0,116.2,40.0,,,7.4
DoE_SurfaceGroundWaterReport_2021_2023,river,Shitalakhya,Port Road,2023-01-01,2023,1,dry,,,,12.0,48.0,41.0,1.8,,607.0,,,42.0,349.0,94.0,,,7.72
DoE_SurfaceGroundWaterReport_2021_2023,river,Shitalakhya,Port Road,2023-02-01,2023,2,dry,,,,20.0,39.0,80.0,1.0,,667.0,,,70.0,352.0,240.0,,,7.36
DoE_SurfaceGroundWaterReport_2021_2023,river,Shitalakhya,Port Road,2023-03-01,2023,3,dry,,,,22.0,61.0,101.0,0.2,,864.0,,,96.0,437.0,276.0,,,7.48
DoE_SurfaceGroundWaterReport_2021_2023,river,Shitalakhya,Port Road,2023-07-01,2023,7,wet,,,,7.0,83.0,21.0,3.73,,216.0,,,28.0,114.0,57.0,,,6.81
DoE_SurfaceGroundWaterReport_2021_2023,river,Shitalakhya,Port Road,2023-08-01,2023,8,wet,,,,4.2,24.0,12.0,2.6,,209.0,,,69.0,108.0,9.0,,,6.3
DoE_SurfaceGroundWaterReport_2021_2023,river,Shitalakhya,Port Road,2023-09-01,2023,9,wet,,,,6.0,54.0,12.0,1.2,,230.0,,,46.0,123.3,11.0,,,7.41
DoE_SurfaceGroundWaterReport_2021_2023,river,Shitalakhya,Port Road,2023-10-01,2023,10,wet,,,,6.0,22.0,39.5,0.2,,341.0,,,29.0,180.6,14.0,,,7.57
DoE_SurfaceGroundWaterReport_2021_2023,river,Shitalakhya,Port Road,2023-11-01,2023,11,dry,,,,9.0,43.0,38.0,1.1,,503.0,,,30.0,225.0,24.0,,,7.03
DoE_SurfaceGroundWaterReport_2021_2023,river,Shitalakhya,Port Road,2023-12-01,2023,12,dry,,,,7.0,10.0,73.0,4.0,,578.0,,,15.0,325.0,57.0,,,7.02
DoE_SurfaceGroundWaterReport_2021_2023,river,Sughanda,Gabkhan Lounch Terminal (M),2022-06-01,2022,6,wet,,,,,109.0,,7.5,,151.3,,,,69.6,,,,9.1
DoE_SurfaceGroundWaterReport_2021_2023,river,Sughanda,Gabkhan Lounch Terminal (M),2022-08-01,2022,8,wet,,,,,6.46,,6.46,,184.5,,,,79.7,,,,9.39
DoE_SurfaceGroundWaterReport_2021_2023,river,Sughanda,Gabkhan Lounch Terminal (S),2022-06-01,2022,6,wet,,,,,105.0,,7.35,,192.1,,,,86.3,,,,9.38
DoE_SurfaceGroundWaterReport_2021_2023,river,Sughanda,Gabkhan Lounch Terminal (S),2022-08-01,2022,8,wet,,,,,6.14,,6.14,,182.4,,,,79.4,,,,8.36
DoE_SurfaceGroundWaterReport_2021_2023,river,Surma,Chhatak,2021-01-01,2021,1,dry,,,,3.8,16.0,,6.81,,132.0,,,,65.0,,,,7.2
DoE_SurfaceGroundWaterReport_2021_2023,river,Surma,Chhatak,2021-02-01,2021,2,dry,,,,2.4,16.0,,4.97,,117.2,,,,51.6,,,,6.51
DoE_SurfaceGroundWaterReport_2021_2023,river,Surma,Chhatak,2021-03-01,2021,3,dry,,,,2.7,16.0,,7.12,,128.4,,,,53.6,,,,6.72
DoE_SurfaceGroundWaterReport_2021_2023,river,Surma,Chhatak,2021-04-01,2021,4,dry,,,,2.8,22.0,,7.09,,128.6,,,,52.9,,,,6.69
DoE_SurfaceGroundWaterReport_2021_2023,river,Surma,Chhatak,2021-05-01,2021,5,wet,,,,2.6,21.0,,7.19,,127.6,,,,53.0,,,,6.71
DoE_SurfaceGroundWaterReport_2021_2023,river,Surma,Chhatak,2021-06-01,2021,6,wet,,,,2.8,22.0,,7.27,,133.4,,,,54.0,,,,6.78
DoE_SurfaceGroundWaterReport_2021_2023,river,Surma,Chhatak,2021-07-01,2021,7,wet,,,,2.7,21.0,,7.26,,133.4,,,,53.0,,,,6.72
DoE_SurfaceGroundWaterReport_2021_2023,river,Surma,Chhatak,2021-08-01,2021,8,wet,,,,2.9,24.0,,7.25,,132.8,,,,58.0,,,,6.76
DoE_SurfaceGroundWaterReport_2021_2023,river,Surma,Chhatak,2021-09-01,2021,9,wet,,,,2.4,15.0,,7.28,,132.2,,,,56.0,,,,6.79
DoE_SurfaceGroundWaterReport_2021_2023,river,Surma,Chhatak,2021-10-01,2021,10,wet,,,,2.6,15.0,,7.26,,133.2,,,,54.0,,,,7.76
DoE_SurfaceGroundWaterReport_2021_2023,river,Surma,Chhatak,2021-11-01,2021,11,dry,,,,2.5,14.0,,7.23,,133.2,,,,53.0,,,,6.79
DoE_SurfaceGroundWaterReport_2021_2023,river,Surma,Chhatak,2021-12-01,2021,12,dry,,,,2.3,14.0,,7.19,,134.3,,,,52.0,,,,6.76
DoE_SurfaceGroundWaterReport_2021_2023,river,Surma,Chhatak,2022-05-01,2022,5,wet,,,,2.5,10.0,,6.98,,86.0,,,,49.0,,,,6.84
DoE_SurfaceGroundWaterReport_2021_2023,river,Surma,Chhatak,2023-03-01,2023,3,dry,,,,2.9,,,8.27,,172.0,,,58.0,85.0,,,,7.69
DoE_SurfaceGroundWaterReport_2021_2023,river,Surma,Chhatak,2023-07-01,2023,7,wet,,,,3.1,,,7.21,,226.0,,,52.0,112.0,,,,7.14
DoE_SurfaceGroundWaterReport_2021_2023,river,Surma,Kin Bridge Point,2021-01-01,2021,1,dry,,,,1.7,12.0,,7.0,,122.6,,,,47.0,,,,6.61
DoE_SurfaceGroundWaterReport_2021_2023,river,Surma,Kin Bridge Point,2022-05-01,2022,5,wet,,,,2.3,13.0,,6.92,,118.0,,,,66.0,,,,6.68
DoE_SurfaceGroundWaterReport_2021_2023,river,Surma,Kin Bridge Point,2023-03-01,2023,3,dry,,,,3.1,,,7.27,,302.0,,,66.0,151.0,,,,7.36
DoE_SurfaceGroundWaterReport_2021_2023,river,Surma,Kin Bridge Point,2023-07-01,2023,7,wet,,,,3.4,,,7.19,,222.0,,,67.0,113.0,,,,7.17
DoE_SurfaceGroundWaterReport_2021_2023,river,Surma,Mendibag Point,2021-01-01,2021,1,dry,,,,1.9,14.0,,6.9,,120.1,,,,44.0,,,,6.56
DoE_SurfaceGroundWaterReport_2021_2023,river,Surma,Mendibag Point,2021-02-01,2021,2,dry,,,,2.3,18.0,,6.8,,122.3,,,,48.0,,,,6.57
DoE_SurfaceGroundWaterReport_2021_2023,river,Surma,Mendibag Point,2021-03-01,2021,3,dry,,,,2.8,15.0,,6.9,,126.9,,,,48.6,,,,6.62
DoE_SurfaceGroundWaterReport_2021_2023,river,Surma,Mendibag Point,2021-04-01,2021,4,dry,,,,2.6,17.0,,6.8,,128.9,,,,49.7,,,,6.61
DoE_SurfaceGroundWaterReport_2021_2023,river,Surma,Mendibag Point,2021-05-01,2021,5,wet,,,,2.7,16.0,,6.81,,126.9,,,,49.8,,,,6.62
DoE_SurfaceGroundWaterReport_2021_2023,river,Surma,Mendibag Point,2021-06-01,2021,6,wet,,,,3.3,17.0,,6.88,,127.8,,,,49.0,,,,6.69
DoE_SurfaceGroundWaterReport_2021_2023,river,Surma,Mendibag Point,2021-07-01,2021,7,wet,,,,3.2,19.0,,6.81,,127.8,,,,47.0,,,,6.68
DoE_SurfaceGroundWaterReport_2021_2023,river,Surma,Mendibag Point,2021-08-01,2021,8,wet,,,,3.3,23.0,,6.83,,127.2,,,,49.0,,,,6.69
DoE_SurfaceGroundWaterReport_2021_2023,river,Surma,Mendibag Point,2021-09-01,2021,9,wet,,,,2.2,13.0,,6.81,,126.4,,,,51.0,,,,6.68
DoE_SurfaceGroundWaterReport_2021_2023,river,Surma,Mendibag Point,2021-10-01,2021,10,wet,,,,2.4,14.0,,6.89,,128.1,,,,52.0,,,,6.79
DoE_SurfaceGroundWaterReport_2021_2023,river,Surma,Mendibag Point,2021-11-01,2021,11,dry,,,,2.3,13.0,,6.88,,128.0,,,,50.0,,,,6.76
DoE_SurfaceGroundWaterReport_2021_2023,river,Surma,Mendibag Point,2021-12-01,2021,12,dry,,,,2.9,16.0,,8.55,,127.7,,,,68.4,,,,6.88
DoE_SurfaceGroundWaterReport_2021_2023,river,Surma,Mendibag Point,2022-05-01,2022,5,wet,,,,2.1,11.0,,7.02,,122.0,,,,64.0,,,,6.61
DoE_SurfaceGroundWaterReport_2021_2023,river,Surma,Mendibag Point,2023-03-01,2023,3,dry,,,,2.6,,,7.24,,296.0,,,64.0,144.0,,,,7.33
DoE_SurfaceGroundWaterReport_2021_2023,river,Surma,Mendibag Point,2023-07-01,2023,7,wet,,,,2.3,,,7.13,,218.0,,,64.0,108.0,,,,7.12
DoE_SurfaceGroundWaterReport_2021_2023,river,Surma,Sheaik Ghat,2021-01-01,2021,1,dry,,,,2.1,13.0,,7.1,,127.3,,,,49.0,,,,6.7
DoE_SurfaceGroundWaterReport_2021_2023,river,Surma,Sheaik Ghat,2021-02-01,2021,2,dry,,,,2.5,21.0,,6.9,,126.2,,,,53.0,,,,6.62
DoE_SurfaceGroundWaterReport_2021_2023,river,Surma,Sheaik Ghat,2021-03-01,2021,3,dry,,,,2.9,19.0,,7.1,,128.2,,,,51.9,,,,6.68
DoE_SurfaceGroundWaterReport_2021_2023,river,Surma,Sheaik Ghat,2021-04-01,2021,4,dry,,,,2.7,19.0,,7.2,,129.2,,,,51.8,,,,6.67
DoE_SurfaceGroundWaterReport_2021_2023,river,Surma,Sheaik Ghat,2021-05-01,2021,5,wet,,,,2.9,20.0,,7.09,,128.2,,,,51.9,,,,6.69
DoE_SurfaceGroundWaterReport_2021_2023,river,Surma,Sheaik Ghat,2021-06-01,2021,6,wet,,,,3.2,19.0,,7.19,,131.6,,,,52.0,,,,6.75
DoE_SurfaceGroundWaterReport_2021_2023,river,Surma,Sheaik Ghat,2021-07-01,2021,7,wet,,,,3.1,23.0,,7.18,,131.6,,,,51.0,,,,6.77
DoE_SurfaceGroundWaterReport_2021_2023,river,Surma,Sheaik Ghat,2021-08-01,2021,8,wet,,,,3.2,22.0,,7.17,,129.6,,,,54.0,,,,6.75
DoE_SurfaceGroundWaterReport_2021_2023,river,Surma,Sheaik Ghat,2021-09-01,2021,9,wet,,,,2.7,18.0,,7.13,,129.3,,,,54.0,,,,6.72
DoE_SurfaceGroundWaterReport_2021_2023,river,Surma,Sheaik Ghat,2021-10-01,2021,10,wet,,,,2.8,16.0,,7.21,,131.9,,,,56.0,,,,6.71
DoE_SurfaceGroundWaterReport_2021_2023,river,Surma,Sheaik Ghat,2021-11-01,2021,11,dry,,,,2.7,15.0,,7.2,,131.7,,,,54.0,,,,6.72
DoE_SurfaceGroundWaterReport_2021_2023,river,Surma,Sheaik Ghat,2021-12-01,2021,12,dry,,,,2.8,18.0,,8.23,,132.9,,,,69.2,,,,6.92
DoE_SurfaceGroundWaterReport_2021_2023,river,Surma,Sheaik Ghat,2022-05-01,2022,5,wet,,,,2.8,15.0,,7.06,,120.0,,,,68.0,,,,6.67
DoE_SurfaceGroundWaterReport_2021_2023,river,Surma,Sheaik Ghat,2023-03-01,2023,3,dry,,,,3.6,,,7.3,,306.0,,,69.0,149.0,,,,7.41
DoE_SurfaceGroundWaterReport_2021_2023,river,Surma,Sheaik Ghat,2023-07-01,2023,7,wet,,,,3.2,,,7.18,,234.0,,,72.0,118.0,,,,7.19
DoE_SurfaceGroundWaterReport_2021_2023,river,Teesta,Kanchan Park (Down),2023-01-01,2023,1,dry,,,,2.3,,10.0,7.6,,,,,42.0,130.0,,,,7.62
DoE_SurfaceGroundWaterReport_2021_2023,river,Teesta,Kanchan Park (Down),2023-02-01,2023,2,dry,,,,2.3,,10.0,7.6,,,,,42.0,130.0,,,,7.6
DoE_SurfaceGroundWaterReport_2021_2023,river,Teesta,Kanchan Park (Down),2023-04-01,2023,4,dry,,,,2.3,,10.0,7.4,,,,,42.0,133.0,,,,7.55
DoE_SurfaceGroundWaterReport_2021_2023,river,Teesta,Kanchan Park (Down),2023-05-01,2023,5,wet,,,,2.4,,10.0,7.42,,,,,42.0,135.0,,,,7.56
DoE_SurfaceGroundWaterReport_2021_2023,river,Teesta,Kanchan Park (Down),2023-06-01,2023,6,wet,,,,2.3,,12.0,7.4,,,,,42.0,135.0,,,,7.5
DoE_SurfaceGroundWaterReport_2021_2023,river,Teesta,Kanchan Park (Down),2023-07-01,2023,7,wet,,,,2.3,,12.0,7.46,,,,,45.0,135.0,,,,7.42
DoE_SurfaceGroundWaterReport_2021_2023,river,Teesta,Kanchan Park (Down),2023-08-01,2023,8,wet,,,,2.3,,12.0,7.44,,,,,45.0,136.0,,,,7.44
DoE_SurfaceGroundWaterReport_2021_2023,river,Teesta,Kanchan Park (Down),2023-09-01,2023,9,wet,,,,2.4,,12.0,7.44,,,,,45.0,170.0,,,,7.46
DoE_SurfaceGroundWaterReport_2021_2023,river,Teesta,Kanchan Park (Down),2023-10-01,2023,10,wet,,,,2.3,,12.0,7.4,,,,,45.0,140.0,,,,7.45
DoE_SurfaceGroundWaterReport_2021_2023,river,Teesta,Kanchan Park (Down),2023-11-01,2023,11,dry,,,,2.4,,12.0,7.42,,,,,45.0,155.0,,,,7.46
DoE_SurfaceGroundWaterReport_2021_2023,river,Teesta,Kanchan Park (Down),2023-12-01,2023,12,dry,,,,2.3,,12.0,7.4,,,,,45.0,155.0,,,,7.48
DoE_SurfaceGroundWaterReport_2021_2023,river,Teesta,Kanchan Park (Up),2023-01-01,2023,1,dry,,,,2.3,,10.0,7.6,,,,,42.0,130.0,,,,7.62
DoE_SurfaceGroundWaterReport_2021_2023,river,Teesta,Kanchan Park (Up),2023-02-01,2023,2,dry,,,,2.3,,10.0,7.6,,,,,42.0,130.0,,,,7.6
DoE_SurfaceGroundWaterReport_2021_2023,river,Teesta,Kanchan Park (Up),2023-04-01,2023,4,dry,,,,2.3,,10.0,7.4,,,,,42.0,133.0,,,,7.55
DoE_SurfaceGroundWaterReport_2021_2023,river,Teesta,Kanchan Park (Up),2023-05-01,2023,5,wet,,,,2.4,,10.0,7.42,,,,,42.0,135.0,,,,7.56
DoE_SurfaceGroundWaterReport_2021_2023,river,Teesta,Kanchan Park (Up),2023-06-01,2023,6,wet,,,,2.3,,12.0,7.4,,,,,42.0,135.0,,,,7.5
DoE_SurfaceGroundWaterReport_2021_2023,river,Teesta,Kanchan Park (Up),2023-07-01,2023,7,wet,,,,2.3,,12.0,7.46,,,,,45.0,135.0,,,,7.42
DoE_SurfaceGroundWaterReport_2021_2023,river,Teesta,Kanchan Park (Up),2023-08-01,2023,8,wet,,,,2.3,,12.0,7.44,,,,,45.0,136.0,,,,7.44
DoE_SurfaceGroundWaterReport_2021_2023,river,Teesta,Kanchan Park (Up),2023-09-01,2023,9,wet,,,,2.4,,12.0,7.44,,,,,45.0,170.0,,,,7.46
DoE_SurfaceGroundWaterReport_2021_2023,river,Teesta,Kanchan Park (Up),2023-10-01,2023,10,wet,,,,2.3,,12.0,7.4,,,,,45.0,140.0,,,,7.45
DoE_SurfaceGroundWaterReport_2021_2023,river,Teesta,Kanchan Park (Up),2023-11-01,2023,11,dry,,,,2.4,,12.0,7.42,,,,,45.0,155.0,,,,7.46
DoE_SurfaceGroundWaterReport_2021_2023,river,Teesta,Kanchan Park (Up),2023-12-01,2023,12,dry,,,,2.3,,12.0,7.4,,,,,45.0,155.0,,,,7.48
DoE_SurfaceGroundWaterReport_2021_2023,river,Teesta,Nohali Sapmari (Dn),2021-01-01,2021,1,dry,,,,2.3,,10.0,8.07,,,,,40.0,128.0,,,,8.12
DoE_SurfaceGroundWaterReport_2021_2023,river,Teesta,Nohali Sapmari (Dn),2021-02-01,2021,2,dry,,,,2.3,,10.0,8.03,,,,,44.0,131.0,,,,8.1
DoE_SurfaceGroundWaterReport_2021_2023,river,Teesta,Nohali Sapmari (Dn),2021-03-01,2021,3,dry,,,,2.2,,10.0,7.7,,,,,32.0,118.0,,,,7.66
DoE_SurfaceGroundWaterReport_2021_2023,river,Teesta,Nohali Sapmari (Dn),2021-04-01,2021,4,dry,,,,2.2,,10.0,7.72,,,,,34.0,118.0,,,,7.64
DoE_SurfaceGroundWaterReport_2021_2023,river,Teesta,Nohali Sapmari (Dn),2021-05-01,2021,5,wet,,,,2.2,,10.0,7.76,,,,,36.0,121.0,,,,7.64
DoE_SurfaceGroundWaterReport_2021_2023,river,Teesta,Nohali Sapmari (Dn),2021-06-01,2021,6,wet,,,,2.2,,10.0,7.68,,,,,38.0,123.0,,,,7.6
DoE_SurfaceGroundWaterReport_2021_2023,river,Teesta,Nohali Sapmari (Dn),2021-08-01,2021,8,wet,,,,2.2,,10.0,7.64,,,,,38.0,124.0,,,,7.72
DoE_SurfaceGroundWaterReport_2021_2023,river,Teesta,Nohali Sapmari (Dn),2021-09-01,2021,9,wet,,,,2.2,,10.0,7.68,,,,,38.0,123.0,,,,7.56
DoE_SurfaceGroundWaterReport_2021_2023,river,Teesta,Nohali Sapmari (Dn),2021-10-01,2021,10,wet,,,,2.2,,10.0,7.66,,,,,44.0,125.0,,,,7.68
DoE_SurfaceGroundWaterReport_2021_2023,river,Teesta,Nohali Sapmari (Dn),2021-11-01,2021,11,dry,,,,2.2,,10.0,7.66,,,,,38.0,129.0,,,,7.62
DoE_SurfaceGroundWaterReport_2021_2023,river,Teesta,Nohali Sapmari (Dn),2021-12-01,2021,12,dry,,,,2.2,,10.0,7.68,,,,,37.0,123.0,,,,7.62
DoE_SurfaceGroundWaterReport_2021_2023,river,Teesta,Nohali Sapmari (Up),2021-01-01,2021,1,dry,,,,2.3,,10.0,8.07,,,,,40.0,128.0,,,,8.12
DoE_SurfaceGroundWaterReport_2021_2023,river,Teesta,Nohali Sapmari (Up),2021-02-01,2021,2,dry,,,,2.3,,10.0,8.03,,,,,44.0,131.0,,,,8.1
DoE_SurfaceGroundWaterReport_2021_2023,river,Teesta,Nohali Sapmari (Up),2021-03-01,2021,3,dry,,,,2.2,,10.0,7.7,,,,,32.0,118.0,,,,7.66
DoE_SurfaceGroundWaterReport_2021_2023,river,Teesta,Nohali Sapmari (Up),2021-04-01,2021,4,dry,,,,2.2,,10.0,7.72,,,,,34.0,118.0,,,,7.64
DoE_SurfaceGroundWaterReport_2021_2023,river,Teesta,Nohali Sapmari (Up),2021-05-01,2021,5,wet,,,,2.2,,10.0,7.76,,,,,36.0,121.0,,,,7.64
DoE_SurfaceGroundWaterReport_2021_2023,river,Teesta,Nohali Sapmari (Up),2021-06-01,2021,6,wet,,,,2.2,,10.0,7.68,,,,,38.0,123.0,,,,7.6
DoE_SurfaceGroundWaterReport_2021_2023,river,Teesta,Nohali Sapmari (Up),2021-08-01,2021,8,wet,,,,2.2,,10.0,7.64,,,,,38.0,124.0,,,,7.72
DoE_SurfaceGroundWaterReport_2021_2023,river,Teesta,Nohali Sapmari (Up),2021-09-01,2021,9,wet,,,,2.2,,10.0,7.68,,,,,38.0,123.0,,,,7.56
DoE_SurfaceGroundWaterReport_2021_2023,river,Teesta,Nohali Sapmari (Up),2021-10-01,2021,10,wet,,,,2.2,,10.0,7.66,,,,,44.0,125.0,,,,7.68
DoE_SurfaceGroundWaterReport_2021_2023,river,Teesta,Nohali Sapmari (Up),2021-11-01,2021,11,dry,,,,2.2,,10.0,7.66,,,,,38.0,129.0,,,,7.62
DoE_SurfaceGroundWaterReport_2021_2023,river,Teesta,Nohali Sapmari (Up),2021-12-01,2021,12,dry,,,,2.2,,10.0,7.68,,,,,37.0,123.0,,,,7.62
DoE_SurfaceGroundWaterReport_2021_2023,river,Teesta,Nurullapur (Down),2023-01-01,2023,1,dry,,,,2.4,,10.0,7.62,,,,,37.0,127.0,,,,7.56
DoE_SurfaceGroundWaterReport_2021_2023,river,Teesta,Nurullapur (Down),2023-02-01,2023,2,dry,,,,2.4,,10.0,7.62,,,,,37.0,131.0,,,,7.56
DoE_SurfaceGroundWaterReport_2021_2023,river,Teesta,Nurullapur (Down),2023-04-01,2023,4,dry,,,,2.2,,10.0,7.62,,,,,37.0,130.0,,,,7.52
DoE_SurfaceGroundWaterReport_2021_2023,river,Teesta,Nurullapur (Down),2023-05-01,2023,5,wet,,,,2.1,,10.0,7.6,,,,,37.0,135.0,,,,7.5
DoE_SurfaceGroundWaterReport_2021_2023,river,Teesta,Nurullapur (Down),2023-06-01,2023,6,wet,,,,2.2,,13.0,7.62,,,,,37.0,138.0,,,,7.4
DoE_SurfaceGroundWaterReport_2021_2023,river,Teesta,Nurullapur (Down),2023-07-01,2023,7,wet,,,,2.1,,13.0,7.6,,,,,38.0,138.0,,,,7.42
DoE_SurfaceGroundWaterReport_2021_2023,river,Teesta,Nurullapur (Down),2023-08-01,2023,8,wet,,,,2.2,,14.0,7.62,,,,,38.0,138.0,,,,7.4
DoE_SurfaceGroundWaterReport_2021_2023,river,Teesta,Nurullapur (Down),2023-09-01,2023,9,wet,,,,2.2,,14.0,7.62,,,,,38.0,160.0,,,,7.42
DoE_SurfaceGroundWaterReport_2021_2023,river,Teesta,Nurullapur (Down),2023-10-01,2023,10,wet,,,,2.4,,14.0,7.6,,,,,38.0,145.0,,,,7.38
DoE_SurfaceGroundWaterReport_2021_2023,river,Teesta,Nurullapur (Down),2023-11-01,2023,11,dry,,,,2.5,,14.0,7.5,,,,,38.0,145.0,,,,7.44
DoE_SurfaceGroundWaterReport_2021_2023,river,Teesta,Nurullapur (Down),2023-12-01,2023,12,dry,,,,2.5,,14.0,7.45,,,,,38.0,140.0,,,,7.45
DoE_SurfaceGroundWaterReport_2021_2023,river,Teesta,Nurullapur (Up),2023-01-01,2023,1,dry,,,,2.4,,10.0,7.62,,,,,37.0,127.0,,,,7.56
DoE_SurfaceGroundWaterReport_2021_2023,river,Teesta,Nurullapur (Up),2023-02-01,2023,2,dry,,,,2.4,,10.0,7.62,,,,,37.0,131.0,,,,7.56
DoE_SurfaceGroundWaterReport_2021_2023,river,Teesta,Nurullapur (Up),2023-04-01,2023,4,dry,,,,2.2,,10.0,7.62,,,,,37.0,130.0,,,,7.52
DoE_SurfaceGroundWaterReport_2021_2023,river,Teesta,Nurullapur (Up),2023-05-01,2023,5,wet,,,,2.1,,10.0,7.6,,,,,37.0,135.0,,,,7.5
DoE_SurfaceGroundWaterReport_2021_2023,river,Teesta,Nurullapur (Up),2023-06-01,2023,6,wet,,,,2.2,,13.0,7.62,,,,,37.0,138.0,,,,7.4
DoE_SurfaceGroundWaterReport_2021_2023,river,Teesta,Nurullapur (Up),2023-07-01,2023,7,wet,,,,2.1,,13.0,7.6,,,,,38.0,138.0,,,,7.42
DoE_SurfaceGroundWaterReport_2021_2023,river,Teesta,Nurullapur (Up),2023-08-01,2023,8,wet,,,,2.2,,14.0,7.62,,,,,38.0,138.0,,,,7.4
DoE_SurfaceGroundWaterReport_2021_2023,river,Teesta,Nurullapur (Up),2023-09-01,2023,9,wet,,,,2.2,,14.0,7.62,,,,,38.0,160.0,,,,7.42
DoE_SurfaceGroundWaterReport_2021_2023,river,Teesta,Nurullapur (Up),2023-10-01,2023,10,wet,,,,2.4,,14.0,7.6,,,,,38.0,145.0,,,,7.38
DoE_SurfaceGroundWaterReport_2021_2023,river,Teesta,Nurullapur (Up),2023-11-01,2023,11,dry,,,,2.5,,14.0,7.5,,,,,38.0,145.0,,,,7.44
DoE_SurfaceGroundWaterReport_2021_2023,river,Teesta,Nurullapur (Up),2023-12-01,2023,12,dry,,,,2.5,,14.0,7.45,,,,,38.0,140.0,,,,7.45
DoE_SurfaceGroundWaterReport_2021_2023,river,Teesta,Sardah (Down),2023-01-01,2023,1,dry,,,,2.4,,10.0,7.6,,,,,44.0,130.0,,,,7.56
DoE_SurfaceGroundWaterReport_2021_2023,river,Teesta,Sardah (Down),2023-02-01,2023,2,dry,,,,2.5,,10.0,7.6,,,,,44.0,130.0,,,,7.54
DoE_SurfaceGroundWaterReport_2021_2023,river,Teesta,Sardah (Down),2023-04-01,2023,4,dry,,,,2.4,,10.0,7.58,,,,,44.0,135.0,,,,7.45
DoE_SurfaceGroundWaterReport_2021_2023,river,Teesta,Sardah (Down),2023-05-01,2023,5,wet,,,,2.5,,10.0,7.56,,,,,44.0,140.0,,,,7.4
DoE_SurfaceGroundWaterReport_2021_2023,river,Teesta,Sardah (Down),2023-06-01,2023,6,wet,,,,2.2,,12.0,7.52,,,,,44.0,145.0,,,,7.42
DoE_SurfaceGroundWaterReport_2021_2023,river,Teesta,Sardah (Down),2023-07-01,2023,7,wet,,,,2.4,,12.0,7.5,,,,,45.0,141.0,,,,7.4
DoE_SurfaceGroundWaterReport_2021_2023,river,Teesta,Sardah (Down),2023-08-01,2023,8,wet,,,,2.3,,11.0,7.52,,,,,45.0,141.0,,,,7.38
DoE_SurfaceGroundWaterReport_2021_2023,river,Teesta,Sardah (Down),2023-09-01,2023,9,wet,,,,2.4,,11.0,7.52,,,,,45.0,175.0,,,,7.39
DoE_SurfaceGroundWaterReport_2021_2023,river,Teesta,Sardah (Down),2023-10-01,2023,10,wet,,,,2.3,,11.0,7.4,,,,,45.0,143.0,,,,7.42
DoE_SurfaceGroundWaterReport_2021_2023,river,Teesta,Sardah (Down),2023-11-01,2023,11,dry,,,,2.3,,11.0,7.4,,,,,45.0,150.0,,,,7.52
DoE_SurfaceGroundWaterReport_2021_2023,river,Teesta,Sardah (Down),2023-12-01,2023,12,dry,,,,2.4,,11.0,7.4,,,,,45.0,150.0,,,,7.5
DoE_SurfaceGroundWaterReport_2021_2023,river,Teesta,Sardah (Up),2023-01-01,2023,1,dry,,,,2.4,,10.0,7.6,,,,,44.0,130.0,,,,7.56
DoE_SurfaceGroundWaterReport_2021_2023,river,Teesta,Sardah (Up),2023-02-01,2023,2,dry,,,,2.5,,10.0,7.6,,,,,44.0,130.0,,,,7.54
DoE_SurfaceGroundWaterReport_2021_2023,river,Teesta,Sardah (Up),2023-04-01,2023,4,dry,,,,2.4,,10.0,7.58,,,,,44.0,135.0,,,,7.45
DoE_SurfaceGroundWaterReport_2021_2023,river,Teesta,Sardah (Up),2023-05-01,2023,5,wet,,,,2.5,,10.0,7.56,,,,,44.0,140.0,,,,7.4
DoE_SurfaceGroundWaterReport_2021_2023,river,Teesta,Sardah (Up),2023-06-01,2023,6,wet,,,,2.2,,12.0,7.52,,,,,44.0,145.0,,,,7.42
DoE_SurfaceGroundWaterReport_2021_2023,river,Teesta,Sardah (Up),2023-07-01,2023,7,wet,,,,2.4,,12.0,7.5,,,,,45.0,141.0,,,,7.4
DoE_SurfaceGroundWaterReport_2021_2023,river,Teesta,Sardah (Up),2023-08-01,2023,8,wet,,,,2.3,,11.0,7.52,,,,,45.0,141.0,,,,7.38
DoE_SurfaceGroundWaterReport_2021_2023,river,Teesta,Sardah (Up),2023-09-01,2023,9,wet,,,,2.4,,11.0,7.52,,,,,45.0,175.0,,,,7.39
DoE_SurfaceGroundWaterReport_2021_2023,river,Teesta,Sardah (Up),2023-10-01,2023,10,wet,,,,2.3,,11.0,7.4,,,,,45.0,143.0,,,,7.42
DoE_SurfaceGroundWaterReport_2021_2023,river,Teesta,Sardah (Up),2023-11-01,2023,11,dry,,,,2.3,,11.0,7.4,,,,,45.0,150.0,,,,7.52
DoE_SurfaceGroundWaterReport_2021_2023,river,Teesta,Sardah (Up),2023-12-01,2023,12,dry,,,,2.4,,11.0,7.4,,,,,45.0,150.0,,,,7.5
DoE_SurfaceGroundWaterReport_2021_2023,river,Teesta,Teesta Barrage (Dn),2021-01-01,2021,1,dry,,,,2.3,,10.0,8.14,,,,,36.0,124.0,,,,8.16
DoE_SurfaceGroundWaterReport_2021_2023,river,Teesta,Teesta Barrage (Dn),2021-02-01,2021,2,dry,,,,2.3,,10.0,8.14,,,,,37.0,126.0,,,,8.15
DoE_SurfaceGroundWaterReport_2021_2023,river,Teesta,Teesta Barrage (Dn),2021-03-01,2021,3,dry,,,,2.2,,10.0,7.68,,,,,36.0,114.0,,,,7.67
DoE_SurfaceGroundWaterReport_2021_2023,river,Teesta,Teesta Barrage (Dn),2021-04-01,2021,4,dry,,,,2.2,,10.0,7.66,,,,,36.0,116.0,,,,7.65
DoE_SurfaceGroundWaterReport_2021_2023,river,Teesta,Teesta Barrage (Dn),2021-05-01,2021,5,wet,,,,2.2,,10.0,7.98,,,,,40.0,128.0,,,,8.06
DoE_SurfaceGroundWaterReport_2021_2023,river,Teesta,Teesta Barrage (Dn),2021-06-01,2021,6,wet,,,,2.3,,10.0,7.9,,,,,42.0,128.0,,,,9.96
DoE_SurfaceGroundWaterReport_2021_2023,river,Teesta,Teesta Barrage (Dn),2021-08-01,2021,8,wet,,,,2.3,,10.0,7.7,,,,,40.0,128.0,,,,7.78
DoE_SurfaceGroundWaterReport_2021_2023,river,Teesta,Teesta Barrage (Dn),2021-09-01,2021,9,wet,,,,2.3,,10.0,7.88,,,,,40.0,128.0,,,,7.96
DoE_SurfaceGroundWaterReport_2021_2023,river,Teesta,Teesta Barrage (Dn),2021-10-01,2021,10,wet,,,,2.3,,10.0,7.84,,,,,42.0,127.0,,,,8.02
DoE_SurfaceGroundWaterReport_2021_2023,river,Teesta,Teesta Barrage (Dn),2021-11-01,2021,11,dry,,,,2.3,,10.0,7.92,,,,,42.0,138.0,,,,7.82
DoE_SurfaceGroundWaterReport_2021_2023,river,Teesta,Teesta Barrage (Dn),2021-12-01,2021,12,dry,,,,2.3,,10.0,7.9,,,,,42.0,128.0,,,,7.8
DoE_SurfaceGroundWaterReport_2021_2023,river,Teesta,Teesta Barrage (Up),2021-01-01,2021,1,dry,,,,2.3,,10.0,8.14,,,,,36.0,124.0,,,,8.16
DoE_SurfaceGroundWaterReport_2021_2023,river,Teesta,Teesta Barrage (Up),2021-02-01,2021,2,dry,,,,2.3,,10.0,8.14,,,,,37.0,126.0,,,,8.15
DoE_SurfaceGroundWaterReport_2021_2023,river,Teesta,Teesta Barrage (Up),2021-03-01,2021,3,dry,,,,2.2,,10.0,7.68,,,,,36.0,114.0,,,,7.67
DoE_SurfaceGroundWaterReport_2021_2023,river,Teesta,Teesta Barrage (Up),2021-04-01,2021,4,dry,,,,2.2,,10.0,7.66,,,,,36.0,116.0,,,,7.65
DoE_SurfaceGroundWaterReport_2021_2023,river,Teesta,Teesta Barrage (Up),2021-05-01,2021,5,wet,,,,2.2,,10.0,7.98,,,,,40.0,128.0,,,,8.06
DoE_SurfaceGroundWaterReport_2021_2023,river,Teesta,Teesta Barrage (Up),2021-06-01,2021,6,wet,,,,2.3,,10.0,7.9,,,,,42.0,128.0,,,,9.96
DoE_SurfaceGroundWaterReport_2021_2023,river,Teesta,Teesta Barrage (Up),2021-08-01,2021,8,wet,,,,2.3,,10.0,7.7,,,,,40.0,128.0,,,,7.78
DoE_SurfaceGroundWaterReport_2021_2023,river,Teesta,Teesta Barrage (Up),2021-09-01,2021,9,wet,,,,2.3,,10.0,7.88,,,,,40.0,128.0,,,,7.96
DoE_SurfaceGroundWaterReport_2021_2023,river,Teesta,Teesta Barrage (Up),2021-10-01,2021,10,wet,,,,2.3,,10.0,7.84,,,,,42.0,127.0,,,,8.02
DoE_SurfaceGroundWaterReport_2021_2023,river,Teesta,Teesta Barrage (Up),2021-11-01,2021,11,dry,,,,2.3,,10.0,7.92,,,,,42.0,138.0,,,,7.82
DoE_SurfaceGroundWaterReport_2021_2023,river,Teesta,Teesta Barrage (Up),2021-12-01,2021,12,dry,,,,2.3,,10.0,7.9,,,,,42.0,128.0,,,,7.8
DoE_SurfaceGroundWaterReport_2021_2023,river,Teesta,Teesta Bridge (Dn),2021-01-01,2021,1,dry,,,,2.2,,10.0,7.84,,,,,40.0,126.0,,,,7.94
DoE_SurfaceGroundWaterReport_2021_2023,river,Teesta,Teesta Bridge (Dn),2021-02-01,2021,2,dry,,,,2.2,,10.0,7.86,,,,,40.0,127.0,,,,7.93
DoE_SurfaceGroundWaterReport_2021_2023,river,Teesta,Teesta Bridge (Dn),2021-03-01,2021,3,dry,,,,2.2,,10.0,8.02,,,,,44.0,136.0,,,,8.08
DoE_SurfaceGroundWaterReport_2021_2023,river,Teesta,Teesta Bridge (Dn),2021-04-01,2021,4,dry,,,,2.2,,10.0,8.04,,,,,46.0,134.0,,,,8.06
DoE_SurfaceGroundWaterReport_2021_2023,river,Teesta,Teesta Bridge (Dn),2021-05-01,2021,5,wet,,,,2.2,,10.0,7.94,,,,,42.0,132.0,,,,8.02
DoE_SurfaceGroundWaterReport_2021_2023,river,Teesta,Teesta Bridge (Dn),2021-06-01,2021,6,wet,,,,2.3,,10.0,7.88,,,,,44.0,130.0,,,,7.94
DoE_SurfaceGroundWaterReport_2021_2023,river,Teesta,Teesta Bridge (Dn),2021-08-01,2021,8,wet,,,,2.3,,10.0,7.72,,,,,40.0,129.0,,,,7.8
DoE_SurfaceGroundWaterReport_2021_2023,river,Teesta,Teesta Bridge (Dn),2021-09-01,2021,9,wet,,,,2.3,,10.0,7.84,,,,,42.0,132.0,,,,7.9
DoE_SurfaceGroundWaterReport_2021_2023,river,Teesta,Teesta Bridge (Dn),2021-10-01,2021,10,wet,,,,2.3,,10.0,7.86,,,,,40.0,132.0,,,,7.9
DoE_SurfaceGroundWaterReport_2021_2023,river,Teesta,Teesta Bridge (Dn),2021-11-01,2021,11,dry,,,,2.3,,10.0,7.9,,,,,44.0,130.0,,,,7.86
DoE_SurfaceGroundWaterReport_2021_2023,river,Teesta,Teesta Bridge (Dn),2021-12-01,2021,12,dry,,,,2.3,,10.0,7.88,,,,,44.0,132.0,,,,
DoE_SurfaceGroundWaterReport_2021_2023,river,Teesta,Teesta Bridge (Up),2021-01-01,2021,1,dry,,,,2.2,,10.0,7.84,,,,,40.0,126.0,,,,7.94
DoE_SurfaceGroundWaterReport_2021_2023,river,Teesta,Teesta Bridge (Up),2021-02-01,2021,2,dry,,,,2.2,,10.0,7.86,,,,,40.0,127.0,,,,7.93
DoE_SurfaceGroundWaterReport_2021_2023,river,Teesta,Teesta Bridge (Up),2021-03-01,2021,3,dry,,,,2.2,,10.0,8.02,,,,,44.0,136.0,,,,8.08
DoE_SurfaceGroundWaterReport_2021_2023,river,Teesta,Teesta Bridge (Up),2021-04-01,2021,4,dry,,,,2.2,,10.0,8.04,,,,,46.0,134.0,,,,8.06
DoE_SurfaceGroundWaterReport_2021_2023,river,Teesta,Teesta Bridge (Up),2021-05-01,2021,5,wet,,,,2.2,,10.0,7.94,,,,,42.0,132.0,,,,8.02
DoE_SurfaceGroundWaterReport_2021_2023,river,Teesta,Teesta Bridge (Up),2021-06-01,2021,6,wet,,,,2.3,,10.0,7.88,,,,,44.0,130.0,,,,7.94
DoE_SurfaceGroundWaterReport_2021_2023,river,Teesta,Teesta Bridge (Up),2021-08-01,2021,8,wet,,,,2.3,,10.0,7.72,,,,,40.0,129.0,,,,7.8
DoE_SurfaceGroundWaterReport_2021_2023,river,Teesta,Teesta Bridge (Up),2021-09-01,2021,9,wet,,,,2.3,,10.0,7.84,,,,,42.0,132.0,,,,7.9
DoE_SurfaceGroundWaterReport_2021_2023,river,Teesta,Teesta Bridge (Up),2021-10-01,2021,10,wet,,,,2.3,,10.0,7.86,,,,,40.0,132.0,,,,7.9
DoE_SurfaceGroundWaterReport_2021_2023,river,Teesta,Teesta Bridge (Up),2021-11-01,2021,11,dry,,,,2.3,,10.0,7.9,,,,,44.0,130.0,,,,7.86
DoE_SurfaceGroundWaterReport_2021_2023,river,Teesta,Teesta Bridge (Up),2021-12-01,2021,12,dry,,,,2.3,,10.0,7.88,,,,,44.0,132.0,,,,7.9
DoE_SurfaceGroundWaterReport_2021_2023,river,Tetulia,Vadura Launch Ghat (M),2021-01-01,2021,1,dry,,,,,,,6.1,,308.0,,,,155.0,,,,8.0
DoE_SurfaceGroundWaterReport_2021_2023,river,Tetulia,Vadura Launch Ghat (M),2021-03-01,2021,3,dry,,,,,,,5.1,,638.0,,,,322.0,,,,7.8
DoE_SurfaceGroundWaterReport_2021_2023,river,Tetulia,Vadura Launch Ghat (M),2021-10-01,2021,10,wet,,,,,,,6.1,,1240.0,,,,622.0,,,,7.8
DoE_SurfaceGroundWaterReport_2021_2023,river,Tetulia,Vadura Launch Ghat (M),2021-11-01,2021,11,dry,,,,,,,6.2,,1402.0,,,,702.0,,,,8.24
DoE_SurfaceGroundWaterReport_2021_2023,river,Tetulia,Vadura Launch Ghat (M),2022-07-01,2022,7,wet,,,,,112.0,,5.06,,,,,,73.5,,,,8.43
DoE_SurfaceGroundWaterReport_2021_2023,river,Tetulia,Vadura Launch Ghat (M),2023-01-01,2023,1,dry,,,,,,,6.05,,155.4,,,,67.3,,,,8.16
DoE_SurfaceGroundWaterReport_2021_2023,river,Tetulia,Vadura Launch Ghat (M),2023-12-01,2023,12,dry,,,,,,,6.02,,241.0,,,,229.0,,,,8.49
DoE_SurfaceGroundWaterReport_2021_2023,river,Tetulia,Vadura Launch Ghat (S),2021-01-01,2021,1,dry,,,,,,,5.8,,311.0,,,,156.0,,,,7.7
DoE_SurfaceGroundWaterReport_2021_2023,river,Tetulia,Vadura Launch Ghat (S),2021-03-01,2021,3,dry,,,,,,,5.0,,622.0,,,,313.0,,,,7.9
DoE_SurfaceGroundWaterReport_2021_2023,river,Tetulia,Vadura Launch Ghat (S),2021-10-01,2021,10,wet,,,,,,,6.4,,1210.0,,,,607.0,,,,7.9
DoE_SurfaceGroundWaterReport_2021_2023,river,Tetulia,Vadura Launch Ghat (S),2021-11-01,2021,11,dry,,,,,,,6.4,,1388.0,,,,695.0,,,,8.16
DoE_SurfaceGroundWaterReport_2021_2023,river,Tetulia,Vadura Launch Ghat (S),2022-07-01,2022,7,wet,,,,,128.0,,6.3,,,,,,75.6,,,,8.77
DoE_SurfaceGroundWaterReport_2021_2023,river,Tetulia,Vadura Launch Ghat (S),2023-01-01,2023,1,dry,,,,,,,6.1,,165.5,,,,70.3,,,,8.52
DoE_SurfaceGroundWaterReport_2021_2023,river,Tetulia,Vadura Launch Ghat (S),2023-12-01,2023,12,dry,,,,,,,7.87,,257.0,,,,123.0,,,,8.38
DoE_SurfaceGroundWaterReport_2021_2023,river,Turag,Ashulia,2021-02-01,2021,2,dry,,,,6.2,28.0,62.0,0.0,,916.0,,,86.0,525.0,206.0,,,7.5
DoE_SurfaceGroundWaterReport_2021_2023,river,Turag,Ashulia,2021-03-01,2021,3,dry,,,,30.0,129.0,71.0,0.0,,916.0,,,396.0,525.0,286.0,,,7.5
DoE_SurfaceGroundWaterReport_2021_2023,river,Turag,Ashulia,2021-04-01,2021,4,dry,,,,18.0,70.0,66.0,0.0,,1296.0,,,78.0,791.0,267.0,,,7.6
DoE_SurfaceGroundWaterReport_2021_2023,river,Turag,Ashulia,2021-05-01,2021,5,wet,,,,8.2,24.0,26.0,2.9,,399.0,,,1.0,211.0,120.0,,,7.32
DoE_SurfaceGroundWaterReport_2021_2023,river,Turag,Ashulia,2021-06-01,2021,6,wet,,,,18.0,44.0,18.0,3.1,,188.8,,,42.0,96.3,97.0,,,7.48
DoE_SurfaceGroundWaterReport_2021_2023,river,Turag,Ashulia,2021-07-01,2021,7,wet,,,,15.6,29.0,13.0,5.1,,164.0,,,115.0,92.3,55.0,,,6.8
DoE_SurfaceGroundWaterReport_2021_2023,river,Turag,Ashulia,2021-08-01,2021,8,wet,,,,28.0,56.0,14.0,6.45,,161.0,,,67.0,82.0,60.0,,,6.42
DoE_SurfaceGroundWaterReport_2021_2023,river,Turag,Ashulia,2021-09-01,2021,9,wet,,,,14.0,50.0,13.0,5.35,,166.0,,,64.0,82.0,63.0,,,7.11
DoE_SurfaceGroundWaterReport_2021_2023,river,Turag,Ashulia,2021-12-01,2021,12,dry,,,,8.0,22.0,34.5,0.5,,455.0,,,27.0,257.0,100.0,,,7.28
DoE_SurfaceGroundWaterReport_2021_2023,river,Turag,Ashulia,2022-01-01,2022,1,dry,,,,14.0,48.0,24.0,1.6,,699.0,,,32.0,394.0,164.0,,,7.34
DoE_SurfaceGroundWaterReport_2021_2023,river,Turag,Ashulia,2022-02-01,2022,2,dry,,,,32.0,72.0,90.0,0.23,,1134.0,,,98.0,641.0,253.0,,,7.63
DoE_SurfaceGroundWaterReport_2021_2023,river,Turag,Ashulia,2022-03-01,2022,3,dry,,,,12.0,68.0,6.0,0.21,,1847.0,,,140.0,837.0,340.0,,,7.82
DoE_SurfaceGroundWaterReport_2021_2023,river,Turag,Ashulia,2022-04-01,2022,4,dry,,,,26.0,72.0,21.0,1.4,,706.0,,,30.0,367.0,162.0,,,7.83
DoE_SurfaceGroundWaterReport_2021_2023,river,Turag,Ashulia,2022-05-01,2022,5,wet,,,,32.0,92.0,50.0,5.0,,172.0,,,234.0,88.0,114.0,,,7.29
DoE_SurfaceGroundWaterReport_2021_2023,river,Turag,Ashulia,2022-06-01,2022,6,wet,,,,6.0,18.0,90.0,5.5,,1134.0,,,137.0,641.0,253.0,,,7.63
DoE_SurfaceGroundWaterReport_2021_2023,river,Turag,Ashulia,2022-07-01,2022,7,wet,,,,8.2,32.0,12.0,3.6,,149.0,,,62.0,80.0,24.0,,,7.12
DoE_SurfaceGroundWaterReport_2021_2023,river,Turag,Ashulia,2022-08-01,2022,8,wet,,,,8.0,17.0,9.0,5.4,,170.2,,,54.0,86.0,30.0,,,8.09
DoE_SurfaceGroundWaterReport_2021_2023,river,Turag,Ashulia,2022-09-01,2022,9,wet,,,,4.0,40.0,5.2,4.7,,121.0,,,58.0,80.0,23.0,,,7.08
DoE_SurfaceGroundWaterReport_2021_2023,river,Turag,Ashulia,2022-10-01,2022,10,wet,,,,10.0,63.0,4.0,5.0,,136.4,,,52.0,74.7,28.0,,,6.88
DoE_SurfaceGroundWaterReport_2021_2023,river,Turag,Ashulia,2022-11-01,2022,11,dry,,,,3.0,10.0,4.0,6.2,,141.3,,,12.0,77.5,29.0,,,7.41
DoE_SurfaceGroundWaterReport_2021_2023,river,Turag,Ashulia,2022-12-01,2022,12,dry,,,,3.4,12.0,10.0,5.1,,280.0,,,16.0,148.4,90.0,,,7.59
DoE_SurfaceGroundWaterReport_2021_2023,river,Turag,Ashulia,2023-01-01,2023,1,dry,,,,24.0,38.0,34.0,0.6,,599.0,,,42.0,395.0,194.0,,,7.34
DoE_SurfaceGroundWaterReport_2021_2023,river,Turag,Ashulia,2023-02-01,2023,2,dry,,,,26.0,41.0,50.0,0.2,,731.0,,,54.0,413.0,232.0,,,7.41
DoE_SurfaceGroundWaterReport_2021_2023,river,Turag,Ashulia,2023-03-01,2023,3,dry,,,,28.0,46.0,64.0,0.2,,703.0,,,73.0,381.0,194.0,,,7.44
DoE_SurfaceGroundWaterReport_2021_2023,river,Turag,Ashulia,2023-07-01,2023,7,wet,,,,5.0,32.0,11.0,5.71,,183.0,,,86.0,97.0,31.0,,,6.83
DoE_SurfaceGroundWaterReport_2021_2023,river,Turag,Ashulia,2023-08-01,2023,8,wet,,,,1.8,0.87,11.0,6.17,,158.0,,,65.0,81.5,32.0,,,7.58
DoE_SurfaceGroundWaterReport_2021_2023,river,Turag,Ashulia,2023-10-01,2023,10,wet,,,,5.0,10.0,6.0,5.2,,171.2,,,58.0,87.0,10.0,,,7.03
DoE_SurfaceGroundWaterReport_2021_2023,river,Turag,Ashulia,2023-11-01,2023,11,dry,,,,6.0,21.0,16.5,2.5,,353.0,,,19.0,189.6,30.0,,,8.1
DoE_SurfaceGroundWaterReport_2021_2023,river,Turag,Ashulia,2023-12-01,2023,12,dry,,,,3.0,20.0,29.0,1.69,,446.0,,,24.0,245.0,49.0,,,7.3
DoE_SurfaceGroundWaterReport_2021_2023,river,Turag,Kaliakoir,2021-02-01,2021,2,dry,,,,6.2,23.0,50.0,4.9,,327.0,,,1.0,195.0,159.0,,,7.05
DoE_SurfaceGroundWaterReport_2021_2023,river,Turag,Kaliakoir,2021-03-01,2021,3,dry,,,,8.0,30.0,26.0,1.8,,527.0,,,29.0,301.0,162.0,,,7.38
DoE_SurfaceGroundWaterReport_2021_2023,river,Turag,Kaliakoir,2021-04-01,2021,4,dry,,,,30.0,59.0,72.0,1.6,,895.0,,,38.0,534.0,152.0,,,7.51
DoE_SurfaceGroundWaterReport_2021_2023,river,Turag,Kaliakoir,2021-05-01,2021,5,wet,,,,6.2,10.0,20.5,4.9,,163.0,,,2.0,86.0,49.0,,,7.46
DoE_SurfaceGroundWaterReport_2021_2023,river,Turag,Kaliakoir,2021-06-01,2021,6,wet,,,,18.0,51.0,16.0,7.6,,148.2,,,213.0,75.1,51.0,,,7.5
DoE_SurfaceGroundWaterReport_2021_2023,river,Turag,Kaliakoir,2021-07-01,2021,7,wet,,,,16.8,54.0,9.0,7.49,,93.4,,,316.0,53.6,47.0,,,6.91
DoE_SurfaceGroundWaterReport_2021_2023,river,Turag,Kaliakoir,2021-08-01,2021,8,wet,,,,22.0,48.0,12.0,6.95,,135.0,,,307.0,68.0,55.0,,,6.5
DoE_SurfaceGroundWaterReport_2021_2023,river,Turag,Kaliakoir,2021-09-01,2021,9,wet,,,,10.0,32.0,14.0,5.1,,176.0,,,322.0,94.0,62.0,,,6.98
DoE_SurfaceGroundWaterReport_2021_2023,river,Turag,Kaliakoir,2021-12-01,2021,12,dry,,,,12.0,36.0,12.0,2.1,,296.0,,,13.0,160.0,86.0,,,7.6
DoE_SurfaceGroundWaterReport_2021_2023,river,Turag,Kaliakoir,2022-01-01,2022,1,dry,,,,8.0,18.0,12.0,4.9,,320.0,,,15.0,177.0,102.0,,,7.55
DoE_SurfaceGroundWaterReport_2021_2023,river,Turag,Kaliakoir,2022-02-01,2022,2,dry,,,,12.0,36.0,31.0,3.68,,464.0,,,9.0,257.0,169.0,,,7.62
DoE_SurfaceGroundWaterReport_2021_2023,river,Turag,Kaliakoir,2022-03-01,2022,3,dry,,,,6.0,40.0,36.0,4.3,,664.0,,,16.0,375.0,356.0,,,7.29
DoE_SurfaceGroundWaterReport_2021_2023,river,Turag,Kaliakoir,2022-04-01,2022,4,dry,,,,6.0,46.0,78.0,1.4,,996.0,,,18.0,517.0,262.0,,,7.77
DoE_SurfaceGroundWaterReport_2021_2023,river,Turag,Kaliakoir,2022-05-01,2022,5,wet,,,,5.0,56.0,11.0,6.8,,100.0,,,288.0,51.0,49.0,,,7.41
DoE_SurfaceGroundWaterReport_2021_2023,river,Turag,Kaliakoir,2022-06-01,2022,6,wet,,,,6.0,26.0,31.0,6.0,,464.0,,,318.0,257.0,169.0,,,7.62
DoE_SurfaceGroundWaterReport_2021_2023,river,Turag,Kaliakoir,2022-07-01,2022,7,wet,,,,8.2,48.0,28.0,6.4,,287.0,,,163.0,144.0,28.0,,,7.21
DoE_SurfaceGroundWaterReport_2021_2023,river,Turag,Kaliakoir,2022-08-01,2022,8,wet,,,,8.0,15.0,3.0,6.6,,130.2,,,168.0,65.9,20.0,,,8.47
DoE_SurfaceGroundWaterReport_2021_2023,river,Turag,Kaliakoir,2022-09-01,2022,9,wet,,,,8.0,97.0,4.0,6.3,,134.0,,,325.0,64.0,31.0,,,7.52
DoE_SurfaceGroundWaterReport_2021_2023,river,Turag,Kaliakoir,2022-10-01,2022,10,wet,,,,4.0,10.0,17.0,5.8,,124.9,,,229.0,67.6,32.0,,,7.84
DoE_SurfaceGroundWaterReport_2021_2023,river,Turag,Kaliakoir,2022-11-01,2022,11,dry,,,,6.0,22.0,17.0,3.8,,116.4,,,113.0,64.2,22.0,,,7.02
DoE_SurfaceGroundWaterReport_2021_2023,river,Turag,Kaliakoir,2022-12-01,2022,12,dry,,,,3.2,24.0,8.0,8.7,,214.7,,,28.0,124.6,90.0,,,7.68
DoE_SurfaceGroundWaterReport_2021_2023,river,Turag,Kaliakoir,2023-01-01,2023,1,dry,,,,10.0,28.0,10.0,4.7,,280.0,,,10.0,127.0,90.0,,,7.45
DoE_SurfaceGroundWaterReport_2021_2023,river,Turag,Kaliakoir,2023-02-01,2023,2,dry,,,,19.0,7.0,31.0,3.68,,464.0,,,9.0,257.0,169.0,,,7.62
DoE_SurfaceGroundWaterReport_2021_2023,river,Turag,Kaliakoir,2023-03-01,2023,3,dry,,,,4.0,10.0,32.0,3.5,,470.0,,,18.0,244.0,170.0,,,7.38
DoE_SurfaceGroundWaterReport_2021_2023,river,Turag,Kaliakoir,2023-07-01,2023,7,wet,,,,2.0,46.0,9.0,6.64,,143.0,,,141.0,80.0,21.0,,,7.56
DoE_SurfaceGroundWaterReport_2021_2023,river,Turag,Kaliakoir,2023-08-01,2023,8,wet,,,,2.1,11.0,8.0,6.0,,180.0,,,183.0,72.0,19.0,,,8.27
DoE_SurfaceGroundWaterReport_2021_2023,river,Turag,Kaliakoir,2023-09-01,2023,9,wet,,,,0.9,31.0,7.0,5.7,,141.3,,,82.0,74.7,21.0,,,7.61
DoE_SurfaceGroundWaterReport_2021_2023,river,Turag,Kaliakoir,2023-10-01,2023,10,wet,,,,1.5,20.0,9.0,5.9,,131.2,,,120.0,66.5,11.0,,,7.11
DoE_SurfaceGroundWaterReport_2021_2023,river,Turag,Kaliakoir,2023-11-01,2023,11,dry,,,,1.0,4.0,10.0,6.4,,221.0,,,30.0,118.2,18.0,,,8.08
DoE_SurfaceGroundWaterReport_2021_2023,river,Turag,Kaliakoir,2023-12-01,2023,12,dry,,,,6.0,27.0,18.0,8.12,,298.0,,,33.0,146.0,39.0,,,7.67
DoE_SurfaceGroundWaterReport_2021_2023,river,Turag,Nama Bazar,2021-02-01,2021,2,dry,,,,16.0,78.0,83.0,0.0,,726.0,,,65.0,449.0,156.0,,,7.19
DoE_SurfaceGroundWaterReport_2021_2023,river,Turag,Nama Bazar,2021-03-01,2021,3,dry,,,,12.0,49.0,112.0,0.0,,1363.0,,,59.0,721.0,233.0,,,7.36
DoE_SurfaceGroundWaterReport_2021_2023,river,Turag,Nama Bazar,2021-04-01,2021,4,dry,,,,30.0,126.0,71.0,1.0,,1165.0,,,37.0,705.0,220.0,,,7.58
DoE_SurfaceGroundWaterReport_2021_2023,river,Turag,Nama Bazar,2021-05-01,2021,5,wet,,,,8.4,34.0,25.0,2.9,,322.0,,,1.0,170.0,92.0,,,7.27
DoE_SurfaceGroundWaterReport_2021_2023,river,Turag,Nama Bazar,2021-06-01,2021,6,wet,,,,8.0,22.0,6.0,4.5,,131.2,,,235.0,69.6,54.0,,,6.9
DoE_SurfaceGroundWaterReport_2021_2023,river,Turag,Nama Bazar,2021-07-01,2021,7,wet,,,,20.4,41.0,7.0,6.96,,115.2,,,266.0,64.6,51.0,,,6.88
DoE_SurfaceGroundWaterReport_2021_2023,river,Turag,Nama Bazar,2021-08-01,2021,8,wet,,,,23.0,66.0,14.0,6.8,,164.0,,,156.0,83.0,61.0,,,6.43
DoE_SurfaceGroundWaterReport_2021_2023,river,Turag,Nama Bazar,2021-09-01,2021,9,wet,,,,10.0,32.0,12.0,6.21,,154.0,,,123.0,76.0,58.0,,,7.12
DoE_SurfaceGroundWaterReport_2021_2023,river,Turag,Nama Bazar,2021-12-01,2021,12,dry,,,,8.0,28.0,31.0,1.2,,560.0,,,22.0,319.0,109.0,,,7.53
DoE_SurfaceGroundWaterReport_2021_2023,river,Turag,Nama Bazar,2022-01-01,2022,1,dry,,,,16.0,61.0,21.0,2.4,,653.0,,,34.0,373.0,184.0,,,7.49
DoE_SurfaceGroundWaterReport_2021_2023,river,Turag,Nama Bazar,2022-02-01,2022,2,dry,,,,34.0,44.0,104.5,0.28,,1197.0,,,69.0,683.0,267.0,,,7.47
DoE_SurfaceGroundWaterReport_2021_2023,river,Turag,Nama Bazar,2022-03-01,2022,3,dry,,,,12.0,38.0,16.0,0.3,,1199.0,,,70.0,688.0,296.0,,,7.57
DoE_SurfaceGroundWaterReport_2021_2023,river,Turag,Nama Bazar,2022-04-01,2022,4,dry,,,,12.0,44.0,13.0,5.2,,192.0,,,87.0,105.2,64.0,,,7.52
DoE_SurfaceGroundWaterReport_2021_2023,river,Turag,Nama Bazar,2022-05-01,2022,5,wet,,,,9.0,34.0,45.0,7.2,,125.0,,,372.0,61.0,70.0,,,7.38
DoE_SurfaceGroundWaterReport_2021_2023,river,Turag,Nama Bazar,2022-06-01,2022,6,wet,,,,6.0,22.0,18.0,5.2,,116.0,,,148.0,65.0,72.0,,,7.26
DoE_SurfaceGroundWaterReport_2021_2023,river,Turag,Nama Bazar,2022-07-01,2022,7,wet,,,,8.2,12.0,30.0,5.4,,224.0,,,140.0,114.0,30.0,,,7.22
DoE_SurfaceGroundWaterReport_2021_2023,river,Turag,Nama Bazar,2022-08-01,2022,8,wet,,,,8.0,58.0,7.5,5.0,,124.4,,,126.0,63.4,25.0,,,7.16
DoE_SurfaceGroundWaterReport_2021_2023,river,Turag,Nama Bazar,2022-09-01,2022,9,wet,,,,8.0,73.0,4.0,7.8,,133.0,,,192.0,68.0,26.0,,,7.36
DoE_SurfaceGroundWaterReport_2021_2023,river,Turag,Nama Bazar,2022-10-01,2022,10,wet,,,,7.0,15.0,6.0,4.9,,195.6,,,235.0,90.6,29.0,,,7.54
DoE_SurfaceGroundWaterReport_2021_2023,river,Turag,Nama Bazar,2022-11-01,2022,11,dry,,,,3.0,10.0,6.0,5.2,,150.5,,,82.0,79.9,28.0,,,7.64
DoE_SurfaceGroundWaterReport_2021_2023,river,Turag,Nama Bazar,2022-12-01,2022,12,dry,,,,3.2,10.0,11.0,5.2,,296.0,,,19.0,156.4,95.0,,,7.64
DoE_SurfaceGroundWaterReport_2021_2023,river,Turag,Nama Bazar,2023-01-01,2023,1,dry,,,,12.0,51.0,21.0,0.4,,633.0,,,24.0,370.0,84.0,,,7.4
DoE_SurfaceGroundWaterReport_2021_2023,river,Turag,Nama Bazar,2023-02-01,2023,2,dry,,,,21.0,65.0,42.0,0.2,,688.0,,,15.0,377.0,78.0,,,7.34
DoE_SurfaceGroundWaterReport_2021_2023,river,Turag,Nama Bazar,2023-03-01,2023,3,dry,,,,22.0,64.0,32.0,0.2,,688.0,,,20.0,377.0,78.0,,,7.34
DoE_SurfaceGroundWaterReport_2021_2023,river,Turag,Nama Bazar,2023-07-01,2023,7,wet,,,,4.0,41.0,16.0,7.2,,168.0,,,195.0,91.0,28.0,,,6.75
DoE_SurfaceGroundWaterReport_2021_2023,river,Turag,Nama Bazar,2023-08-01,2023,8,wet,,,,1.8,16.0,10.0,6.0,,183.0,,,133.0,95.0,21.0,,,7.81
DoE_SurfaceGroundWaterReport_2021_2023,river,Turag,Nama Bazar,2023-09-01,2023,9,wet,,,,2.9,7.5,10.0,5.2,,163.0,,,90.0,84.2,21.0,,,6.87
DoE_SurfaceGroundWaterReport_2021_2023,river,Turag,Nama Bazar,2023-10-01,2023,10,wet,,,,8.0,8.0,7.0,5.6,,155.0,,,48.0,79.0,9.0,,,7.57
DoE_SurfaceGroundWaterReport_2021_2023,river,Turag,Nama Bazar,2023-11-01,2023,11,dry,,,,10.0,13.0,16.0,3.5,,335.0,,,21.0,180.0,24.0,,,7.91
DoE_SurfaceGroundWaterReport_2021_2023,river,Turag,Nama Bazar,2023-12-01,2023,12,dry,,,,3.0,17.0,32.0,1.31,,442.0,,,25.0,242.0,30.0,,,7.2
DoE_SurfaceGroundWaterReport_2021_2023,river,Turag,Turag Bridge,2021-02-01,2021,2,dry,,,,6.4,24.0,62.0,0.0,,867.0,,,57.0,498.0,226.0,,,7.41
DoE_SurfaceGroundWaterReport_2021_2023,river,Turag,Turag Bridge,2021-03-01,2021,3,dry,,,,30.0,124.0,82.0,0.0,,876.0,,,86.0,498.0,230.0,,,7.41
DoE_SurfaceGroundWaterReport_2021_2023,river,Turag,Turag Bridge,2021-04-01,2021,4,dry,,,,32.0,128.0,85.0,0.6,,1106.0,,,128.0,670.0,272.0,,,7.98
DoE_SurfaceGroundWaterReport_2021_2023,river,Turag,Turag Bridge,2021-05-01,2021,5,wet,,,,12.0,39.0,44.5,2.8,,868.0,,,4.0,472.0,203.0,,,7.27
DoE_SurfaceGroundWaterReport_2021_2023,river,Turag,Turag Bridge,2021-06-01,2021,6,wet,,,,9.0,41.0,18.0,3.4,,195.9,,,23.0,99.4,102.0,,,7.8
DoE_SurfaceGroundWaterReport_2021_2023,river,Turag,Turag Bridge,2021-07-01,2021,7,wet,,,,16.8,61.0,12.0,5.6,,120.9,,,96.0,68.0,49.0,,,6.86
DoE_SurfaceGroundWaterReport_2021_2023,river,Turag,Turag Bridge,2021-08-01,2021,8,wet,,,,25.0,57.0,13.0,6.25,,155.0,,,67.0,79.0,58.0,,,6.5
DoE_SurfaceGroundWaterReport_2021_2023,river,Turag,Turag Bridge,2021-09-01,2021,9,wet,,,,12.0,48.0,14.0,5.21,,165.0,,,60.0,84.0,55.0,,,7.08
DoE_SurfaceGroundWaterReport_2021_2023,river,Turag,Turag Bridge,2021-12-01,2021,12,dry,,,,18.0,51.0,36.0,2.3,,422.0,,,20.0,240.0,104.0,,,7.14
DoE_SurfaceGroundWaterReport_2021_2023,river,Turag,Turag Bridge,2022-01-01,2022,1,dry,,,,12.0,46.0,23.0,1.9,,649.0,,,56.0,369.0,180.0,,,7.52
DoE_SurfaceGroundWaterReport_2021_2023,river,Turag,Turag Bridge,2022-02-01,2022,2,dry,,,,28.0,58.0,91.5,2.12,,1161.0,,,74.0,652.0,264.0,,,8.03
DoE_SurfaceGroundWaterReport_2021_2023,river,Turag,Turag Bridge,2022-03-01,2022,3,dry,,,,12.0,64.0,106.0,0.59,,1839.0,,,56.0,815.0,400.0,,,7.87
DoE_SurfaceGroundWaterReport_2021_2023,river,Turag,Turag Bridge,2022-04-01,2022,4,dry,,,,24.0,68.0,22.0,1.8,,749.0,,,52.0,356.0,180.0,,,7.86
DoE_SurfaceGroundWaterReport_2021_2023,river,Turag,Turag Bridge,2022-05-01,2022,5,wet,,,,8.0,31.0,53.0,3.2,,139.0,,,78.0,72.0,125.0,,,7.34
DoE_SurfaceGroundWaterReport_2021_2023,river,Turag,Turag Bridge,2022-06-01,2022,6,wet,,,,6.0,27.0,91.5,4.7,,1161.0,,,83.0,652.0,264.0,,,8.03
DoE_SurfaceGroundWaterReport_2021_2023,river,Turag,Turag Bridge,2022-07-01,2022,7,wet,,,,8.0,34.0,10.0,3.9,,159.0,,,72.0,78.0,28.0,,,7.06
DoE_SurfaceGroundWaterReport_2021_2023,river,Turag,Turag Bridge,2022-08-01,2022,8,wet,,,,10.0,76.0,8.0,5.0,,148.9,,,56.0,75.1,27.0,,,7.81
DoE_SurfaceGroundWaterReport_2021_2023,river,Turag,Turag Bridge,2022-09-01,2022,9,wet,,,,8.0,44.0,5.5,4.8,,171.0,,,62.0,84.0,24.0,,,7.2
DoE_SurfaceGroundWaterReport_2021_2023,river,Turag,Turag Bridge,2022-10-01,2022,10,wet,,,,12.0,60.0,10.0,5.2,,185.0,,,50.8,74.7,67.6,,,7.54
DoE_SurfaceGroundWaterReport_2021_2023,river,Turag,Turag Bridge,2022-11-01,2022,11,dry,,,,3.0,14.0,9.0,5.8,,159.8,,,22.0,82.0,27.0,,,7.42
DoE_SurfaceGroundWaterReport_2021_2023,river,Turag,Turag Bridge,2022-12-01,2022,12,dry,,,,5.4,22.0,9.0,6.0,,274.0,,,5.0,145.9,93.0,,,7.69
DoE_SurfaceGroundWaterReport_2021_2023,river,Turag,Turag Bridge,2023-01-01,2023,1,dry,,,,22.0,48.0,20.0,2.9,,449.0,,,15.0,260.0,110.0,,,7.52
DoE_SurfaceGroundWaterReport_2021_2023,river,Turag,Turag Bridge,2023-02-01,2023,2,dry,,,,27.0,61.0,48.0,0.1,,697.0,,,154.0,391.0,264.0,,,7.33
DoE_SurfaceGroundWaterReport_2021_2023,river,Turag,Turag Bridge,2023-03-01,2023,3,dry,,,,29.0,75.0,56.0,0.3,,788.0,,,105.0,433.0,168.0,,,7.5
DoE_SurfaceGroundWaterReport_2021_2023,river,Turag,Turag Bridge,2023-08-01,2023,8,wet,,,,1.5,1.74,14.0,6.29,,148.0,,,59.0,76.8,41.0,,,7.7
DoE_SurfaceGroundWaterReport_2021_2023,river,Turag,Turag Bridge,2023-10-01,2023,10,wet,,,,4.0,8.0,7.5,5.7,,168.4,,,149.0,85.0,12.0,,,7.12
DoE_SurfaceGroundWaterReport_2021_2023,river,Turag,Turag Bridge,2023-11-01,2023,11,dry,,,,7.0,17.0,15.0,2.9,,346.0,,,23.0,185.6,26.0,,,8.16
DoE_SurfaceGroundWaterReport_2021_2023,river,Turag,Turag Bridge,2023-12-01,2023,12,dry,,,,8.0,22.0,33.0,1.38,,460.0,,,40.0,250.0,40.0,,,7.35
DoE_SurfaceGroundWaterReport_2021_2023,river,Turag,Vawal,2021-02-01,2021,2,dry,,,,36.0,120.0,110.0,0.0,,124.1,,,81.0,67.0,116.0,,,7.0
DoE_SurfaceGroundWaterReport_2021_2023,river,Turag,Vawal,2021-03-01,2021,3,dry,,,,18.0,88.0,95.0,0.0,,1372.0,,,64.0,732.0,358.0,,,7.34
DoE_SurfaceGroundWaterReport_2021_2023,river,Turag,Vawal,2021-04-01,2021,4,dry,,,,32.0,100.0,76.0,1.2,,1338.0,,,46.0,813.0,302.0,,,7.55
DoE_SurfaceGroundWaterReport_2021_2023,river,Turag,Vawal,2021-05-01,2021,5,wet,,,,6.2,51.0,24.5,4.9,,322.0,,,4.0,168.0,89.0,,,7.26
DoE_SurfaceGroundWaterReport_2021_2023,river,Turag,Vawal,2021-06-01,2021,6,wet,,,,13.0,20.0,14.5,6.0,,147.8,,,155.0,76.9,50.0,,,7.25
DoE_SurfaceGroundWaterReport_2021_2023,river,Turag,Vawal,2021-07-01,2021,7,wet,,,,18.0,49.0,10.0,6.86,,110.0,,,205.0,63.2,46.0,,,6.94
DoE_SurfaceGroundWaterReport_2021_2023,river,Turag,Vawal,2021-08-01,2021,8,wet,,,,16.0,44.0,14.0,6.83,,165.0,,,158.0,83.0,59.0,,,6.66
DoE_SurfaceGroundWaterReport_2021_2023,river,Turag,Vawal,2021-09-01,2021,9,wet,,,,12.0,56.0,14.0,5.44,,176.0,,,146.0,97.0,68.0,,,7.32
DoE_SurfaceGroundWaterReport_2021_2023,river,Turag,Vawal,2021-12-01,2021,12,dry,,,,8.0,28.0,14.0,3.2,,300.0,,,13.0,162.0,86.0,,,7.12
DoE_SurfaceGroundWaterReport_2021_2023,river,Turag,Vawal,2022-01-01,2022,1,dry,,,,8.0,39.0,20.0,3.2,,532.0,,,38.0,299.0,106.0,,,7.49
DoE_SurfaceGroundWaterReport_2021_2023,river,Turag,Vawal,2022-02-01,2022,2,dry,,,,14.0,32.0,82.5,3.9,,1110.0,,,22.0,623.0,186.0,,,7.74
DoE_SurfaceGroundWaterReport_2021_2023,river,Turag,Vawal,2022-03-01,2022,3,dry,,,,4.0,38.0,83.0,0.4,,1554.0,,,76.0,819.0,321.0,,,7.79
DoE_SurfaceGroundWaterReport_2021_2023,river,Turag,Vawal,2022-04-01,2022,4,dry,,,,4.0,42.0,20.0,3.2,,532.0,,,38.0,299.0,106.0,,,7.49
DoE_SurfaceGroundWaterReport_2021_2023,river,Turag,Vawal,2022-05-01,2022,5,wet,,,,3.0,10.0,36.0,6.1,,172.0,,,144.0,92.0,81.0,,,7.75
DoE_SurfaceGroundWaterReport_2021_2023,river,Turag,Vawal,2022-06-01,2022,6,wet,,,,4.0,12.0,20.0,5.4,,119.0,,,139.0,67.0,82.0,,,7.04
DoE_SurfaceGroundWaterReport_2021_2023,river,Turag,Vawal,2022-07-01,2022,7,wet,,,,8.2,32.0,28.0,5.2,,126.0,,,138.0,64.0,26.0,,,7.23
DoE_SurfaceGroundWaterReport_2021_2023,river,Turag,Vawal,2022-08-01,2022,8,wet,,,,8.0,71.0,7.5,5.2,,128.2,,,81.0,64.9,25.0,,,7.04
DoE_SurfaceGroundWaterReport_2021_2023,river,Turag,Vawal,2022-09-01,2022,9,wet,,,,4.0,39.0,3.0,7.1,,134.0,,,229.0,67.0,32.0,,,7.32
DoE_SurfaceGroundWaterReport_2021_2023,river,Turag,Vawal,2022-10-01,2022,10,wet,,,,2.0,17.0,9.0,6.0,,141.4,,,63.0,76.2,30.0,,,7.46
DoE_SurfaceGroundWaterReport_2021_2023,river,Turag,Vawal,2022-11-01,2022,11,dry,,,,4.0,10.0,11.0,4.9,,669.0,,,49.0,334.0,39.0,,,6.69
DoE_SurfaceGroundWaterReport_2021_2023,river,Turag,Vawal,2022-12-01,2022,12,dry,,,,2.2,30.0,10.0,6.1,,544.0,,,13.0,313.0,36.0,,,7.02
DoE_SurfaceGroundWaterReport_2021_2023,river,Turag,Vawal,2023-01-01,2023,1,dry,,,,9.0,29.0,20.0,3.0,,432.0,,,28.0,270.0,70.0,,,7.4
DoE_SurfaceGroundWaterReport_2021_2023,river,Turag,Vawal,2023-02-01,2023,2,dry,,,,14.0,27.0,16.0,3.7,,476.0,,,13.0,285.0,57.0,,,7.34
DoE_SurfaceGroundWaterReport_2021_2023,river,Turag,Vawal,2023-03-01,2023,3,dry,,,,15.0,44.0,16.0,1.1,,538.0,,,23.0,293.0,59.0,,,7.33
DoE_SurfaceGroundWaterReport_2021_2023,river,Turag,Vawal,2023-07-01,2023,7,wet,,,,1.0,17.0,8.0,7.0,,147.0,,,186.0,76.0,28.0,,,6.5
DoE_SurfaceGroundWaterReport_2021_2023,river,Turag,Vawal,2023-08-01,2023,8,wet,,,,2.4,13.0,11.0,5.0,,209.0,,,83.0,109.0,27.0,,,7.93
DoE_SurfaceGroundWaterReport_2021_2023,river,Turag,Vawal,2023-09-01,2023,9,wet,,,,4.0,27.0,10.0,5.3,,184.0,,,78.0,99.3,19.0,,,6.58
DoE_SurfaceGroundWaterReport_2021_2023,river,Turag,Vawal,2023-10-01,2023,10,wet,,,,1.4,12.0,11.0,5.5,,200.7,,,69.0,107.6,12.0,,,6.34
DoE_SurfaceGroundWaterReport_2021_2023,river,Turag,Vawal,2023-11-01,2023,11,dry,,,,3.7,13.0,18.5,5.1,,349.0,,,28.0,187.6,21.0,,,7.96
DoE_SurfaceGroundWaterReport_2021_2023,river,Turag,Vawal,2023-12-01,2023,12,dry,,,,5.0,14.0,21.0,7.73,,277.0,,,31.0,150.0,49.0,,,7.57
DoE_SurfaceGroundWaterReport_2021_2023,urban_lake,Dhanmondi Lake,8 No. Road Bridge,2021-01-01,2021,1,dry,,,,7.0,21.0,39.5,2.8,,255.0,,,18.0,150.0,126.0,65.2,,7.3
DoE_SurfaceGroundWaterReport_2021_2023,urban_lake,Dhanmondi Lake,8 No. Road Bridge,2021-02-01,2021,2,dry,,,,10.0,30.0,39.5,6.2,,243.0,,,18.0,128.2,128.0,65.2,,7.12
DoE_SurfaceGroundWaterReport_2021_2023,urban_lake,Dhanmondi Lake,8 No. Road Bridge,2021-03-01,2021,3,dry,,,,8.0,27.0,56.0,5.2,,266.0,,,23.0,135.0,133.0,62.0,,7.46
DoE_SurfaceGroundWaterReport_2021_2023,urban_lake,Dhanmondi Lake,8 No. Road Bridge,2021-04-01,2021,4,dry,,,,8.0,41.0,52.0,5.21,,250.0,,,4.0,145.0,112.0,47.0,,7.43
DoE_SurfaceGroundWaterReport_2021_2023,urban_lake,Dhanmondi Lake,8 No. Road Bridge,2021-06-01,2021,6,wet,,,,4.0,16.0,34.5,8.37,,266.0,,,9.0,131.7,95.0,50.8,,7.46
DoE_SurfaceGroundWaterReport_2021_2023,urban_lake,Dhanmondi Lake,8 No. Road Bridge,2021-07-01,2021,7,wet,,,,6.0,18.0,33.0,8.54,,278.0,,,10.0,132.0,96.0,,,7.23
DoE_SurfaceGroundWaterReport_2021_2023,urban_lake,Dhanmondi Lake,8 No. Road Bridge,2021-08-01,2021,8,wet,,,,6.0,10.0,34.0,5.0,,235.0,,,8.0,122.0,93.0,,,6.96
DoE_SurfaceGroundWaterReport_2021_2023,urban_lake,Dhanmondi Lake,8 No. Road Bridge,2021-09-01,2021,9,wet,,,,8.0,54.0,26.0,2.9,,274.0,,,4.0,145.9,89.0,2.25,,6.54
DoE_SurfaceGroundWaterReport_2021_2023,urban_lake,Dhanmondi Lake,8 No. Road Bridge,2021-12-01,2021,12,dry,,,,28.0,58.0,28.0,3.0,,324.0,,,28.0,162.2,88.0,4.5,,6.85
DoE_SurfaceGroundWaterReport_2021_2023,urban_lake,Dhanmondi Lake,8 No. Road Bridge,2022-02-01,2022,2,dry,,,,6.0,27.0,,5.27,,251.0,,,9.0,138.0,86.0,5.6,,7.49
DoE_SurfaceGroundWaterReport_2021_2023,urban_lake,Dhanmondi Lake,8 No. Road Bridge,2022-05-01,2022,5,wet,,,,4.0,26.0,,4.5,,277.0,,,42.0,142.0,101.0,5.33,,7.35
DoE_SurfaceGroundWaterReport_2021_2023,urban_lake,Dhanmondi Lake,8 No. Road Bridge,2022-08-01,2022,8,wet,,,,8.0,34.0,,5.86,,302.0,,,12.0,132.0,89.0,1.6,,7.46
DoE_SurfaceGroundWaterReport_2021_2023,urban_lake,Dhanmondi Lake,8 No. Road Bridge,2022-11-01,2022,11,dry,,,,2.8,30.0,,4.3,,222.0,,,48.0,121.7,89.0,56.0,,7.62
DoE_SurfaceGroundWaterReport_2021_2023,urban_lake,Dhanmondi Lake,8 No. Road Bridge,2023-02-01,2023,2,dry,,,,14.0,12.0,33.0,5.37,,305.0,,,18.0,159.0,112.0,8.41,,7.7
DoE_SurfaceGroundWaterReport_2021_2023,urban_lake,Dhanmondi Lake,8 No. Road Bridge,2023-08-01,2023,8,wet,,,,2.1,26.0,47.0,1.66,,297.0,,,1.0,131.0,90.0,2.01,,7.82
DoE_SurfaceGroundWaterReport_2021_2023,urban_lake,Dhanmondi Lake,8 No. Road Bridge,2023-11-01,2023,11,dry,,,,7.0,23.0,36.0,3.39,,242.0,,,13.0,113.4,24.0,5.23,,7.56
DoE_SurfaceGroundWaterReport_2021_2023,urban_lake,Dhanmondi Lake,Near Dhanmondi- Road No 28,2021-01-01,2021,1,dry,,,,10.0,26.0,44.5,5.1,,207.0,,,11.0,122.0,179.0,47.6,,7.37
DoE_SurfaceGroundWaterReport_2021_2023,urban_lake,Dhanmondi Lake,Near Dhanmondi- Road No 28,2021-02-01,2021,2,dry,,,,8.0,24.0,44.5,9.2,,295.0,,,8.0,160.1,182.0,47.6,,7.31
DoE_SurfaceGroundWaterReport_2021_2023,urban_lake,Dhanmondi Lake,Near Dhanmondi- Road No 28,2021-03-01,2021,3,dry,,,,8.0,24.0,50.5,5.2,,230.0,,,15.0,125.0,133.0,44.0,,7.55
DoE_SurfaceGroundWaterReport_2021_2023,urban_lake,Dhanmondi Lake,Near Dhanmondi- Road No 28,2021-04-01,2021,4,dry,,,,14.0,66.0,47.0,5.14,,297.0,,,3.0,172.0,144.0,48.0,,7.45
DoE_SurfaceGroundWaterReport_2021_2023,urban_lake,Dhanmondi Lake,Near Dhanmondi- Road No 28,2021-06-01,2021,6,wet,,,,6.0,20.0,39.0,5.53,,332.0,,,8.0,164.8,101.0,41.8,,7.36
DoE_SurfaceGroundWaterReport_2021_2023,urban_lake,Dhanmondi Lake,Near Dhanmondi- Road No 28,2021-07-01,2021,7,wet,,,,8.0,22.0,40.0,6.23,,349.0,,,11.0,164.0,106.0,,,7.76
DoE_SurfaceGroundWaterReport_2021_2023,urban_lake,Dhanmondi Lake,Near Dhanmondi- Road No 28,2021-08-01,2021,8,wet,,,,6.0,12.0,29.0,5.5,,285.0,,,6.0,149.0,99.0,,,6.87
DoE_SurfaceGroundWaterReport_2021_2023,urban_lake,Dhanmondi Lake,Near Dhanmondi- Road No 28,2021-09-01,2021,9,wet,,,,6.0,27.0,20.5,3.8,,235.0,,,1.0,120.9,72.0,7.35,,6.73
DoE_SurfaceGroundWaterReport_2021_2023,urban_lake,Dhanmondi Lake,Near Dhanmondi- Road No 28,2021-12-01,2021,12,dry,,,,10.0,63.0,38.0,4.3,,260.0,,,10.0,130.2,84.0,8.7,,7.16
DoE_SurfaceGroundWaterReport_2021_2023,urban_lake,Dhanmondi Lake,Near Dhanmondi- Road No 28,2023-02-01,2023,2,dry,,,,14.0,22.0,63.0,5.27,,500.0,,,17.0,263.0,168.0,8.11,,7.76
DoE_SurfaceGroundWaterReport_2021_2023,urban_lake,Dhanmondi Lake,Near Dhanmondi- Road No 28,2023-08-01,2023,8,wet,,,,2.4,14.0,54.0,2.19,,664.0,,,1.0,299.0,149.0,1.59,,7.28
DoE_SurfaceGroundWaterReport_2021_2023,urban_lake,Dhanmondi Lake,Near Dhanmondi- Road No 28,2023-11-01,2023,11,dry,,,,5.0,9.0,35.0,3.48,,463.0,,,32.0,221.0,36.0,3.2,,7.23
DoE_SurfaceGroundWaterReport_2021_2023,urban_lake,Dhanmondi Lake,Near Dhanmondi-32 Bridge,2021-01-01,2021,1,dry,,,,8.0,24.0,47.0,4.0,,237.0,,,17.0,134.0,102.0,46.2,,7.28
DoE_SurfaceGroundWaterReport_2021_2023,urban_lake,Dhanmondi Lake,Near Dhanmondi-32 Bridge,2021-02-01,2021,2,dry,,,,6.0,18.0,47.0,8.9,,263.0,,,6.0,141.5,146.0,46.2,,7.14
DoE_SurfaceGroundWaterReport_2021_2023,urban_lake,Dhanmondi Lake,Near Dhanmondi-32 Bridge,2021-03-01,2021,3,dry,,,,6.0,24.0,56.0,5.1,,295.0,,,29.0,160.0,182.0,75.0,,7.31
DoE_SurfaceGroundWaterReport_2021_2023,urban_lake,Dhanmondi Lake,Near Dhanmondi-32 Bridge,2021-04-01,2021,4,dry,,,,12.0,46.0,55.0,7.87,,264.0,,,5.0,156.0,135.0,52.0,,7.5
DoE_SurfaceGroundWaterReport_2021_2023,urban_lake,Dhanmondi Lake,Near Dhanmondi-32 Bridge,2021-06-01,2021,6,wet,,,,6.0,22.0,35.0,7.52,,292.0,,,17.0,144.5,89.0,43.3,,7.4
DoE_SurfaceGroundWaterReport_2021_2023,urban_lake,Dhanmondi Lake,Near Dhanmondi-32 Bridge,2021-07-01,2021,7,wet,,,,6.0,20.0,36.0,8.22,,321.0,,,18.0,144.0,92.0,,,7.43
DoE_SurfaceGroundWaterReport_2021_2023,urban_lake,Dhanmondi Lake,Near Dhanmondi-32 Bridge,2021-08-01,2021,8,wet,,,,6.0,14.0,32.0,6.0,,253.0,,,11.0,133.0,90.0,,,6.9
DoE_SurfaceGroundWaterReport_2021_2023,urban_lake,Dhanmondi Lake,Near Dhanmondi-32 Bridge,2021-09-01,2021,9,wet,,,,8.0,48.0,23.5,,,249.0,,,1.0,129.8,86.0,5.37,,6.64
DoE_SurfaceGroundWaterReport_2021_2023,urban_lake,Dhanmondi Lake,Near Dhanmondi-32 Bridge,2021-12-01,2021,12,dry,,,,16.0,86.0,26.0,3.6,,294.0,,,16.0,148.0,86.0,9.0,,7.23
DoE_SurfaceGroundWaterReport_2021_2023,urban_lake,Dhanmondi Lake,Near Dhanmondi-32 Bridge,2023-02-01,2023,2,dry,,,,13.0,7.0,42.0,6.18,,375.0,,,18.0,196.0,140.0,9.0,,7.96
DoE_SurfaceGroundWaterReport_2021_2023,urban_lake,Dhanmondi Lake,Near Dhanmondi-32 Bridge,2023-08-01,2023,8,wet,,,,2.4,64.0,49.0,2.97,,467.0,,,4.0,212.0,101.0,3.28,,7.3
DoE_SurfaceGroundWaterReport_2021_2023,urban_lake,Dhanmondi Lake,Near Dhanmondi-32 Bridge,2023-11-01,2023,11,dry,,,,5.0,54.0,34.0,6.54,,314.0,,,17.0,148.5,32.0,6.85,,7.43
DoE_SurfaceGroundWaterReport_2021_2023,urban_lake,Dhanmondi Lake,Near Gigatola Pilkhana More,2021-01-01,2021,1,dry,,,,6.0,24.0,49.0,6.1,,207.0,,,8.0,122.0,120.0,39.0,,7.41
DoE_SurfaceGroundWaterReport_2021_2023,urban_lake,Dhanmondi Lake,Near Gigatola Pilkhana More,2021-02-01,2021,2,dry,,,,8.0,24.0,49.0,9.6,,230.0,,,8.0,124.6,133.0,39.0,,7.55
DoE_SurfaceGroundWaterReport_2021_2023,urban_lake,Dhanmondi Lake,Near Gigatola Pilkhana More,2021-03-01,2021,3,dry,,,,10.0,26.0,52.0,5.0,,276.0,,,27.0,142.0,180.0,56.0,,7.41
DoE_SurfaceGroundWaterReport_2021_2023,urban_lake,Dhanmondi Lake,Near Gigatola Pilkhana More,2021-04-01,2021,4,dry,,,,10.0,42.0,56.0,7.94,,235.0,,,7.0,137.0,132.0,50.0,,7.57
DoE_SurfaceGroundWaterReport_2021_2023,urban_lake,Dhanmondi Lake,Near Gigatola Pilkhana More,2021-06-01,2021,6,wet,,,,7.0,17.0,34.0,7.54,,268.0,,,23.0,132.1,91.0,53.2,,7.41
DoE_SurfaceGroundWaterReport_2021_2023,urban_lake,Dhanmondi Lake,Near Gigatola Pilkhana More,2021-07-01,2021,7,wet,,,,8.0,20.0,34.0,8.14,,275.0,,,25.0,136.0,93.0,,,7.45
DoE_SurfaceGroundWaterReport_2021_2023,urban_lake,Dhanmondi Lake,Near Gigatola Pilkhana More,2021-08-01,2021,8,wet,,,,8.0,22.0,30.0,8.2,,309.0,,,9.0,159.0,92.0,,,7.09
DoE_SurfaceGroundWaterReport_2021_2023,urban_lake,Dhanmondi Lake,Near Gigatola Pilkhana More,2021-09-01,2021,9,wet,,,,12.0,90.0,20.0,4.5,,229.0,,,3.0,121.0,87.0,6.05,,6.7
DoE_SurfaceGroundWaterReport_2021_2023,urban_lake,Dhanmondi Lake,Near Gigatola Pilkhana More,2021-12-01,2021,12,dry,,,,14.0,56.0,24.0,4.2,,255.0,,,14.0,128.0,85.0,6.6,,7.22
DoE_SurfaceGroundWaterReport_2021_2023,urban_lake,Dhanmondi Lake,Near Gigatola Pilkhana More,2023-02-01,2023,2,dry,,,,13.0,39.0,35.0,5.65,,299.0,,,16.0,156.0,120.0,8.09,,7.55
DoE_SurfaceGroundWaterReport_2021_2023,urban_lake,Dhanmondi Lake,Near Gigatola Pilkhana More,2023-08-01,2023,8,wet,,,,1.8,66.0,50.0,2.64,,288.0,,,4.0,128.0,91.0,5.32,,7.6
DoE_SurfaceGroundWaterReport_2021_2023,urban_lake,Dhanmondi Lake,Near Gigatola Pilkhana More,2023-11-01,2023,11,dry,,,,5.0,19.0,39.0,3.84,,257.0,,,14.0,120.8,24.0,3.2,,7.59
DoE_SurfaceGroundWaterReport_2021_2023,urban_lake,Dhanmondi Lake,Road No 28 at the end,2022-02-01,2022,2,dry,,,,,,24.0,,,331.0,,,8.0,185.0,90.0,4.2,,
DoE_SurfaceGroundWaterReport_2021_2023,urban_lake,Dhanmondi Lake,Road No 28 at the end,2022-05-01,2022,5,wet,,,,,,45.0,,,387.0,,,39.0,201.0,94.0,4.5,,
DoE_SurfaceGroundWaterReport_2021_2023,urban_lake,Dhanmondi Lake,Road No 28 at the end,2022-08-01,2022,8,wet,,,,,,40.0,,,345.0,,,17.0,175.0,98.0,2.1,,
DoE_SurfaceGroundWaterReport_2021_2023,urban_lake,Dhanmondi Lake,Road No 28 at the end,2022-11-01,2022,11,dry,,,,,,39.0,,,362.0,,,5.0,199.5,112.0,8.0,,
DoE_SurfaceGroundWaterReport_2021_2023,urban_lake,Dhanmondi Lake,Road No 28 at the end of,2022-02-01,2022,2,dry,,,,6.0,51.0,,5.17,,,,,,,,,,7.43
DoE_SurfaceGroundWaterReport_2021_2023,urban_lake,Dhanmondi Lake,Road No 28 at the end of,2022-05-01,2022,5,wet,,,,6.0,29.0,,1.5,,,,,,,,,,7.41
DoE_SurfaceGroundWaterReport_2021_2023,urban_lake,Dhanmondi Lake,Road No 28 at the end of,2022-08-01,2022,8,wet,,,,6.0,19.0,,5.29,,,,,,,,,,7.49
DoE_SurfaceGroundWaterReport_2021_2023,urban_lake,Dhanmondi Lake,Road No 28 at the end of,2022-11-01,2022,11,dry,,,,2.2,16.0,,2.2,,,,,,,,,,7.52
DoE_SurfaceGroundWaterReport_2021_2023,urban_lake,Gulshan Lake,Baridhara Lake,2022-01-01,2022,1,dry,,,,,,,,,461.0,,,,,,,,
DoE_SurfaceGroundWaterReport_2021_2023,urban_lake,Gulshan Lake,Baridhara Lake,2022-02-01,2022,2,dry,,,,,,,,,491.0,,,,,,,,
DoE_SurfaceGroundWaterReport_2021_2023,urban_lake,Gulshan Lake,Baridhara Lake,2022-03-01,2022,3,dry,,,,,,,,,541.0,,,,,,,,
DoE_SurfaceGroundWaterReport_2021_2023,urban_lake,Gulshan Lake,Baridhara Lake,2022-04-01,2022,4,dry,,,,,,,,,476.0,,,,,,,,
DoE_SurfaceGroundWaterReport_2021_2023,urban_lake,Gulshan Lake,Baridhara Lake,2022-05-01,2022,5,wet,,,,,,,,,420.0,,,,,,,,
DoE_SurfaceGroundWaterReport_2021_2023,urban_lake,Gulshan Lake,Baridhara Lake,2022-07-01,2022,7,wet,,,,,,,,,248.0,,,,,,,,
DoE_SurfaceGroundWaterReport_2021_2023,urban_lake,Gulshan Lake,Baridhara Lake,2022-08-01,2022,8,wet,,,,,,,,,446.0,,,,,,,,
DoE_SurfaceGroundWaterReport_2021_2023,urban_lake,Gulshan Lake,Baridhara Lake,2022-09-01,2022,9,wet,,,,,,,,,364.0,,,,,,,,
DoE_SurfaceGroundWaterReport_2021_2023,urban_lake,Gulshan Lake,Baridhara Lake,2022-10-01,2022,10,wet,,,,,,,,,436.0,,,,,,,,
DoE_SurfaceGroundWaterReport_2021_2023,urban_lake,Gulshan Lake,Baridhara Lake,2022-11-01,2022,11,dry,,,,,,,,,360.0,,,,,,,,
DoE_SurfaceGroundWaterReport_2021_2023,urban_lake,Gulshan Lake,Baridhara Lake,2022-12-01,2022,12,dry,,,,,,,,,528.0,,,,,,,,
DoE_SurfaceGroundWaterReport_2021_2023,urban_lake,Gulshan Lake,"Complex, South Side",2022-01-01,2022,1,dry,,,,,,,,,462.0,,,,,,,,
DoE_SurfaceGroundWaterReport_2021_2023,urban_lake,Gulshan Lake,"Complex, South Side",2022-02-01,2022,2,dry,,,,,,,,,524.0,,,,,,,,
DoE_SurfaceGroundWaterReport_2021_2023,urban_lake,Gulshan Lake,"Complex, South Side",2022-03-01,2022,3,dry,,,,,,,,,588.0,,,,,,,,
DoE_SurfaceGroundWaterReport_2021_2023,urban_lake,Gulshan Lake,"Complex, South Side",2022-04-01,2022,4,dry,,,,,,,,,466.0,,,,,,,,
DoE_SurfaceGroundWaterReport_2021_2023,urban_lake,Gulshan Lake,"Complex, South Side",2022-05-01,2022,5,wet,,,,,,,,,440.0,,,,,,,,
DoE_SurfaceGroundWaterReport_2021_2023,urban_lake,Gulshan Lake,"Complex, South Side",2022-07-01,2022,7,wet,,,,,,,,,254.0,,,,,,,,
DoE_SurfaceGroundWaterReport_2021_2023,urban_lake,Gulshan Lake,"Complex, South Side",2022-08-01,2022,8,wet,,,,,,,,,430.0,,,,,,,,
DoE_SurfaceGroundWaterReport_2021_2023,urban_lake,Gulshan Lake,"Complex, South Side",2022-09-01,2022,9,wet,,,,,,,,,423.0,,,,,,,,
DoE_SurfaceGroundWaterReport_2021_2023,urban_lake,Gulshan Lake,"Complex, South Side",2022-10-01,2022,10,wet,,,,,,,,,403.0,,,,,,,,
DoE_SurfaceGroundWaterReport_2021_2023,urban_lake,Gulshan Lake,"Complex, South Side",2022-11-01,2022,11,dry,,,,,,,,,365.0,,,,,,,,
DoE_SurfaceGroundWaterReport_2021_2023,urban_lake,Gulshan Lake,"Complex, South Side",2022-12-01,2022,12,dry,,,,,,,,,484.0,,,,,,,,
DoE_SurfaceGroundWaterReport_2021_2023,urban_lake,Gulshan Lake,Kalachadpur Bridge,2022-01-01,2022,1,dry,,,,,,,,,418.0,,,,,,,,
DoE_SurfaceGroundWaterReport_2021_2023,urban_lake,Gulshan Lake,Kalachadpur Bridge,2022-02-01,2022,2,dry,,,,,,,,,484.0,,,,,,,,
DoE_SurfaceGroundWaterReport_2021_2023,urban_lake,Gulshan Lake,Kalachadpur Bridge,2022-03-01,2022,3,dry,,,,,,,,,488.0,,,,,,,,
DoE_SurfaceGroundWaterReport_2021_2023,urban_lake,Gulshan Lake,Kalachadpur Bridge,2022-04-01,2022,4,dry,,,,,,,,,588.0,,,,,,,,
DoE_SurfaceGroundWaterReport_2021_2023,urban_lake,Gulshan Lake,Kalachadpur Bridge,2022-05-01,2022,5,wet,,,,,,,,,388.0,,,,,,,,
DoE_SurfaceGroundWaterReport_2021_2023,urban_lake,Gulshan Lake,Kalachadpur Bridge,2022-07-01,2022,7,wet,,,,,,,,,264.0,,,,,,,,
DoE_SurfaceGroundWaterReport_2021_2023,urban_lake,Gulshan Lake,Kalachadpur Bridge,2022-08-01,2022,8,wet,,,,,,,,,415.0,,,,,,,,
DoE_SurfaceGroundWaterReport_2021_2023,urban_lake,Gulshan Lake,Kalachadpur Bridge,2022-09-01,2022,9,wet,,,,,,,,,365.0,,,,,,,,
DoE_SurfaceGroundWaterReport_2021_2023,urban_lake,Gulshan Lake,Kalachadpur Bridge,2022-10-01,2022,10,wet,,,,,,,,,449.0,,,,,,,,
DoE_SurfaceGroundWaterReport_2021_2023,urban_lake,Gulshan Lake,Kalachadpur Bridge,2022-11-01,2022,11,dry,,,,,,,,,360.0,,,,,,,,
DoE_SurfaceGroundWaterReport_2021_2023,urban_lake,Gulshan Lake,Kalachadpur Bridge,2022-12-01,2022,12,dry,,,,,,,,,449.0,,,,,,,,
DoE_SurfaceGroundWaterReport_2021_2023,urban_lake,Gulshan Lake,Lake View Clinic,2021-01-01,2021,1,dry,,,,40.8,122.0,30.5,3.9,,403.0,,,165.0,249.0,249.0,461.0,,7.43
DoE_SurfaceGroundWaterReport_2021_2023,urban_lake,Gulshan Lake,Lake View Clinic,2021-02-01,2021,2,dry,,,,42.0,120.0,39.0,1.4,,425.0,,,19.0,249.0,232.0,86.3,,7.26
DoE_SurfaceGroundWaterReport_2021_2023,urban_lake,Gulshan Lake,Lake View Clinic,2021-03-01,2021,3,dry,,,,32.0,136.0,39.0,6.3,,425.0,,,19.0,249.0,232.0,87.0,,7.26
DoE_SurfaceGroundWaterReport_2021_2023,urban_lake,Gulshan Lake,Lake View Clinic,2021-04-01,2021,4,dry,,,,34.0,146.0,42.0,8.64,,402.0,,,190.0,222.0,245.0,223.0,,7.19
DoE_SurfaceGroundWaterReport_2021_2023,urban_lake,Gulshan Lake,Lake View Clinic,2021-06-01,2021,6,wet,,,,32.0,95.0,29.5,3.4,,337.0,,,96.0,166.3,149.0,220.0,,7.47
DoE_SurfaceGroundWaterReport_2021_2023,urban_lake,Gulshan Lake,Lake View Clinic,2021-07-01,2021,7,wet,,,,26.0,86.0,28.0,3.8,,333.0,,,105.0,165.0,138.0,,,7.13
DoE_SurfaceGroundWaterReport_2021_2023,urban_lake,Gulshan Lake,Lake View Clinic,2021-08-01,2021,8,wet,,,,18.0,78.0,31.0,4.1,,378.0,,,102.0,198.3,149.0,,,6.96
DoE_SurfaceGroundWaterReport_2021_2023,urban_lake,Gulshan Lake,Lake View Clinic,2021-09-01,2021,9,wet,,,,32.0,110.0,33.5,3.0,,393.0,,,104.0,206.8,120.0,40.2,,6.94
DoE_SurfaceGroundWaterReport_2021_2023,urban_lake,Gulshan Lake,Lake View Clinic,2021-12-01,2021,12,dry,,,,50.0,149.0,54.0,7.68,,654.0,,,146.0,352.0,148.0,52.4,,7.33
DoE_SurfaceGroundWaterReport_2021_2023,urban_lake,Gulshan Lake,Lake View Clinic,2023-02-01,2023,2,dry,,,,37.0,68.0,52.0,6.78,,562.0,,,241.0,302.0,276.0,107.0,,7.19
DoE_SurfaceGroundWaterReport_2021_2023,urban_lake,Gulshan Lake,Lake View Clinic,2023-08-01,2023,8,wet,,,,14.1,62.0,42.0,1.59,,477.0,,,65.0,215.0,142.0,34.5,,7.43
DoE_SurfaceGroundWaterReport_2021_2023,urban_lake,Gulshan Lake,Lake View Clinic,2023-11-01,2023,11,dry,,,,25.5,138.0,45.5,9.48,,555.0,,,163.0,261.0,36.0,61.7,,7.15
DoE_SurfaceGroundWaterReport_2021_2023,urban_lake,Gulshan Lake,Near Lake View Clinic,2022-01-01,2022,1,dry,,,,,,,,,462.0,,,,,,,,
DoE_SurfaceGroundWaterReport_2021_2023,urban_lake,Gulshan Lake,Near Lake View Clinic,2022-02-01,2022,2,dry,,,,32.0,122.0,42.0,5.47,,486.0,,,159.0,280.0,189.0,61.4,,7.32
DoE_SurfaceGroundWaterReport_2021_2023,urban_lake,Gulshan Lake,Near Lake View Clinic,2022-03-01,2022,3,dry,,,,,,,,,491.0,,,,,,,,
DoE_SurfaceGroundWaterReport_2021_2023,urban_lake,Gulshan Lake,Near Lake View Clinic,2022-04-01,2022,4,dry,,,,,,,,,526.0,,,,,,,,
DoE_SurfaceGroundWaterReport_2021_2023,urban_lake,Gulshan Lake,Near Lake View Clinic,2022-05-01,2022,5,wet,,,,35.0,129.0,33.0,9.4,,394.0,,,199.0,201.0,198.0,54.5,,7.41
DoE_SurfaceGroundWaterReport_2021_2023,urban_lake,Gulshan Lake,Near Lake View Clinic,2022-07-01,2022,7,wet,,,,,,,,,256.0,,,,,,,,
DoE_SurfaceGroundWaterReport_2021_2023,urban_lake,Gulshan Lake,Near Lake View Clinic,2022-08-01,2022,8,wet,,,,22.0,75.0,41.0,2.1,,443.0,,,77.0,41.0,162.0,37.1,,7.12
DoE_SurfaceGroundWaterReport_2021_2023,urban_lake,Gulshan Lake,Near Lake View Clinic,2022-09-01,2022,9,wet,,,,,,,,,362.0,,,,,,,,
DoE_SurfaceGroundWaterReport_2021_2023,urban_lake,Gulshan Lake,Near Lake View Clinic,2022-10-01,2022,10,wet,,,,,,,,,376.0,,,,,,,,
DoE_SurfaceGroundWaterReport_2021_2023,urban_lake,Gulshan Lake,Near Lake View Clinic,2022-11-01,2022,11,dry,,,,38.0,78.0,44.0,5.0,,356.0,,,159.0,269.0,158.0,61.4,,7.32
DoE_SurfaceGroundWaterReport_2021_2023,urban_lake,Gulshan Lake,Near Lake View Clinic,2022-12-01,2022,12,dry,,,,,,,,,446.0,,,,,,,,
DoE_SurfaceGroundWaterReport_2021_2023,urban_lake,Gulshan Lake,South Bridge,2021-01-01,2021,1,dry,,,,39.6,127.0,34.3,3.8,,430.0,,,171.0,272.0,238.0,522.0,,7.65
DoE_SurfaceGroundWaterReport_2021_2023,urban_lake,Gulshan Lake,South Bridge,2021-02-01,2021,2,dry,,,,38.0,180.0,39.5,1.6,,430.0,,,54.0,246.0,239.0,131.0,,7.23
DoE_SurfaceGroundWaterReport_2021_2023,urban_lake,Gulshan Lake,South Bridge,2021-03-01,2021,3,dry,,,,34.0,138.0,39.5,6.2,,430.0,,,54.0,246.0,239.0,131.0,,7.23
DoE_SurfaceGroundWaterReport_2021_2023,urban_lake,Gulshan Lake,South Bridge,2021-04-01,2021,4,dry,,,,32.0,139.0,31.0,12.0,,390.0,,,200.0,224.0,200.0,184.0,,7.32
DoE_SurfaceGroundWaterReport_2021_2023,urban_lake,Gulshan Lake,South Bridge,2021-06-01,2021,6,wet,,,,40.0,137.0,30.0,7.77,,378.0,,,67.0,186.0,148.0,129.0,,7.55
DoE_SurfaceGroundWaterReport_2021_2023,urban_lake,Gulshan Lake,South Bridge,2021-07-01,2021,7,wet,,,,28.0,94.0,27.0,3.8,,348.0,,,114.0,169.0,136.0,,,7.14
DoE_SurfaceGroundWaterReport_2021_2023,urban_lake,Gulshan Lake,South Bridge,2021-08-01,2021,8,wet,,,,20.0,46.0,29.0,4.4,,375.0,,,105.0,198.0,111.0,,,6.97
DoE_SurfaceGroundWaterReport_2021_2023,urban_lake,Gulshan Lake,South Bridge,2021-09-01,2021,9,wet,,,,30.0,97.0,32.5,4.8,,389.0,,,110.0,204.4,89.0,41.0,,6.96
DoE_SurfaceGroundWaterReport_2021_2023,urban_lake,Gulshan Lake,South Bridge,2021-12-01,2021,12,dry,,,,36.0,107.0,41.0,12.04,,440.0,,,152.0,241.0,148.0,58.9,,7.41
DoE_SurfaceGroundWaterReport_2021_2023,urban_lake,Gulshan Lake,South Bridge,2023-02-01,2023,2,dry,,,,25.0,58.0,58.0,7.08,,559.0,,,202.0,304.0,240.0,78.0,,7.33
DoE_SurfaceGroundWaterReport_2021_2023,urban_lake,Gulshan Lake,South Bridge,2023-08-01,2023,8,wet,,,,11.1,65.0,43.0,1.3,,508.0,,,17.0,227.0,131.0,16.9,,7.69
DoE_SurfaceGroundWaterReport_2021_2023,urban_lake,Gulshan Lake,South Bridge,2023-11-01,2023,11,dry,,,,33.0,133.0,47.0,2.66,,510.0,,,151.0,266.0,48.0,62.3,,7.19
DoE_SurfaceGroundWaterReport_2021_2023,urban_lake,Gulshan Lake,Taltola Shooting Complex,2021-07-01,2021,7,wet,,,,30.0,140.0,27.0,3.5,,365.0,,,93.0,174.0,143.0,,,7.24
DoE_SurfaceGroundWaterReport_2021_2023,urban_lake,Gulshan Lake,Taltola Shooting Complex,2021-08-01,2021,8,wet,,,,18.0,63.0,30.0,3.4,,437.0,,,52.0,229.0,150.0,,,6.94
DoE_SurfaceGroundWaterReport_2021_2023,urban_lake,Gulshan Lake,Taltola Shooting Complex,2021-09-01,2021,9,wet,,,,25.0,78.0,36.0,3.7,,439.0,,,40.0,236.0,83.0,19.4,,6.85
DoE_SurfaceGroundWaterReport_2021_2023,urban_lake,Gulshan Lake,Taltola Shooting Complex,2021-12-01,2021,12,dry,,,,30.0,88.0,48.0,7.76,,551.0,,,114.0,302.0,130.0,50.2,,7.39
DoE_SurfaceGroundWaterReport_2021_2023,urban_lake,Gulshan Lake,Taltola Shooting Complex,2023-02-01,2023,2,dry,,,,24.0,51.0,66.0,5.32,,665.0,,,122.0,358.0,280.0,52.0,,7.32
DoE_SurfaceGroundWaterReport_2021_2023,urban_lake,Gulshan Lake,Taltola Shooting Complex,2023-08-01,2023,8,wet,,,,11.4,71.0,48.0,4.67,,534.0,,,20.0,240.0,138.0,18.4,,7.56
DoE_SurfaceGroundWaterReport_2021_2023,urban_lake,Gulshan Lake,Taltola Shooting Complex,2023-11-01,2023,11,dry,,,,22.5,122.0,45.0,1.39,,568.0,,,154.0,265.0,52.0,61.0,,7.2
DoE_SurfaceGroundWaterReport_2021_2023,urban_lake,Gulshan Lake,United Hospital,2021-01-01,2021,1,dry,,,,48.0,141.0,32.1,3.8,,406.0,,,181.0,252.0,252.0,462.0,,7.54
DoE_SurfaceGroundWaterReport_2021_2023,urban_lake,Gulshan Lake,United Hospital,2021-02-01,2021,2,dry,,,,35.0,146.0,40.0,0.8,,439.0,,,32.0,252.0,256.0,112.0,,7.33
DoE_SurfaceGroundWaterReport_2021_2023,urban_lake,Gulshan Lake,United Hospital,2021-03-01,2021,3,dry,,,,32.0,135.0,40.0,2.3,,439.0,,,32.0,252.0,256.0,112.0,,7.33
DoE_SurfaceGroundWaterReport_2021_2023,urban_lake,Gulshan Lake,United Hospital,2021-04-01,2021,4,dry,,,,30.0,103.0,40.0,0.94,,390.0,,,39.0,230.0,199.0,209.0,,7.12
DoE_SurfaceGroundWaterReport_2021_2023,urban_lake,Gulshan Lake,United Hospital,2021-06-01,2021,6,wet,,,,35.0,124.0,24.0,2.19,,355.0,,,107.0,173.8,142.0,144.0,,7.67
DoE_SurfaceGroundWaterReport_2021_2023,urban_lake,Gulshan Lake,United Hospital,2021-07-01,2021,7,wet,,,,30.0,100.0,23.0,3.3,,342.0,,,98.0,176.0,138.0,,,7.21
DoE_SurfaceGroundWaterReport_2021_2023,urban_lake,Gulshan Lake,United Hospital,2021-08-01,2021,8,wet,,,,22.0,49.0,25.0,3.5,,378.0,,,95.0,198.4,144.0,,,6.97
DoE_SurfaceGroundWaterReport_2021_2023,urban_lake,Gulshan Lake,United Hospital,2021-09-01,2021,9,wet,,,,32.0,120.0,33.5,3.8,,394.0,,,119.0,206.7,81.0,43.0,,6.92
DoE_SurfaceGroundWaterReport_2021_2023,urban_lake,Gulshan Lake,United Hospital,2021-12-01,2021,12,dry,,,,38.0,115.0,40.0,4.13,,454.0,,,140.0,247.0,143.0,56.9,,7.28
DoE_SurfaceGroundWaterReport_2021_2023,urban_lake,Gulshan Lake,United Hospital,2023-02-01,2023,2,dry,,,,25.0,54.0,54.0,6.96,,540.0,,,194.0,286.0,212.0,92.0,,7.1
DoE_SurfaceGroundWaterReport_2021_2023,urban_lake,Gulshan Lake,United Hospital,2023-08-01,2023,8,wet,,,,16.2,73.0,40.0,2.72,,483.0,,,14.0,215.0,110.0,15.8,,7.62
DoE_SurfaceGroundWaterReport_2021_2023,urban_lake,Gulshan Lake,United Hospital,2023-11-01,2023,11,dry,,,,22.5,153.0,44.5,6.63,,590.0,,,165.0,255.0,48.0,64.4,,7.54
DoE_SurfaceGroundWaterReport_2021_2023,urban_lake,Hatir Jheel,FDC More Bridge,2021-01-01,2021,1,dry,,,,12.0,60.0,62.0,2.7,,527.0,,,13.0,314.0,252.0,68.8,,7.46
DoE_SurfaceGroundWaterReport_2021_2023,urban_lake,Hatir Jheel,FDC More Bridge,2021-02-01,2021,2,dry,,,,20.0,51.0,63.0,6.0,,530.0,,,13.0,313.0,260.0,64.0,,7.7
DoE_SurfaceGroundWaterReport_2021_2023,urban_lake,Hatir Jheel,FDC More Bridge,2021-03-01,2021,3,dry,,,,28.0,110.0,40.0,4.5,,530.0,,,3.0,313.0,260.0,25.0,,7.7
DoE_SurfaceGroundWaterReport_2021_2023,urban_lake,Hatir Jheel,FDC More Bridge,2021-04-01,2021,4,dry,,,,22.0,93.0,62.0,18.68,,441.0,,,30.0,260.0,240.0,339.0,,8.42
DoE_SurfaceGroundWaterReport_2021_2023,urban_lake,Hatir Jheel,FDC More Bridge,2021-06-01,2021,6,wet,,,,6.0,22.0,46.0,2.02,,514.0,,,41.0,298.0,149.0,95.0,,7.3
DoE_SurfaceGroundWaterReport_2021_2023,urban_lake,Hatir Jheel,FDC More Bridge,2021-07-01,2021,7,wet,,,,8.0,28.0,44.0,5.02,,469.0,,,44.0,243.0,143.0,106.0,,7.12
DoE_SurfaceGroundWaterReport_2021_2023,urban_lake,Hatir Jheel,FDC More Bridge,2021-08-01,2021,8,wet,,,,15.0,46.0,40.0,0.0,,514.0,,,72.0,274.0,193.0,,,6.74
DoE_SurfaceGroundWaterReport_2021_2023,urban_lake,Hatir Jheel,FDC More Bridge,2021-09-01,2021,9,wet,,,,12.0,46.0,41.5,0.0,,498.0,,,58.0,267.0,174.0,32.0,,6.64
DoE_SurfaceGroundWaterReport_2021_2023,urban_lake,Hatir Jheel,FDC More Bridge,2021-12-01,2021,12,dry,,,,24.0,68.0,44.0,1.68,,471.0,,,48.0,259.0,108.0,50.7,,7.71
DoE_SurfaceGroundWaterReport_2021_2023,urban_lake,Hatir Jheel,FDC More Bridge,2022-02-01,2022,2,dry,,,,30.0,80.0,44.0,2.75,,514.0,,,11.0,289.0,186.0,8.3,,7.65
DoE_SurfaceGroundWaterReport_2021_2023,urban_lake,Hatir Jheel,FDC More Bridge,2022-05-01,2022,5,wet,,,,32.0,80.0,61.0,3.9,,496.0,,,87.0,261.0,151.0,58.5,,7.34
DoE_SurfaceGroundWaterReport_2021_2023,urban_lake,Hatir Jheel,FDC More Bridge,2022-08-01,2022,8,wet,,,,22.0,58.0,48.0,8.0,,474.0,,,116.0,150.0,150.0,72.2,,7.4
DoE_SurfaceGroundWaterReport_2021_2023,urban_lake,Hatir Jheel,FDC More Bridge,2022-11-01,2022,11,dry,,,,26.0,115.0,66.0,2.1,,555.0,,,116.0,284.0,218.0,123.0,,7.72
DoE_SurfaceGroundWaterReport_2021_2023,urban_lake,Hatir Jheel,FDC More Bridge,2023-02-01,2023,2,dry,,,,13.0,24.0,63.0,6.42,,580.0,,,33.0,313.0,208.0,17.3,,7.5
DoE_SurfaceGroundWaterReport_2021_2023,urban_lake,Hatir Jheel,FDC More Bridge,2023-08-01,2023,8,wet,,,,18.6,73.0,61.0,1.3,,611.0,,,7.0,276.0,183.0,2.52,,7.59
DoE_SurfaceGroundWaterReport_2021_2023,urban_lake,Hatir Jheel,FDC More Bridge,2023-11-01,2023,11,dry,,,,9.0,62.0,50.0,10.98,,511.0,,,24.0,230.0,44.0,23.9,,7.7
DoE_SurfaceGroundWaterReport_2021_2023,urban_lake,Hatir Jheel,Raampura Bridge,2021-01-01,2021,1,dry,,,,22.0,117.0,45.5,5.0,,505.0,,,82.0,301.0,189.0,214.0,,7.45
DoE_SurfaceGroundWaterReport_2021_2023,urban_lake,Hatir Jheel,Raampura Bridge,2021-02-01,2021,2,dry,,,,22.0,120.0,65.5,1.9,,545.0,,,82.0,313.0,220.0,214.0,,7.38
DoE_SurfaceGroundWaterReport_2021_2023,urban_lake,Hatir Jheel,Raampura Bridge,2021-03-01,2021,3,dry,,,,30.0,120.0,42.0,1.9,,545.0,,,20.0,313.0,220.0,88.0,,7.38
DoE_SurfaceGroundWaterReport_2021_2023,urban_lake,Hatir Jheel,Raampura Bridge,2021-04-01,2021,4,dry,,,,22.0,98.0,57.0,16.3,,430.0,,,30.0,254.0,230.0,687.0,,8.02
DoE_SurfaceGroundWaterReport_2021_2023,urban_lake,Hatir Jheel,Raampura Bridge,2021-06-01,2021,6,wet,,,,22.0,78.0,42.0,8.54,,427.0,,,74.0,286.7,137.0,112.0,,7.38
DoE_SurfaceGroundWaterReport_2021_2023,urban_lake,Hatir Jheel,Raampura Bridge,2021-07-01,2021,7,wet,,,,16.0,108.0,40.0,8.54,,417.0,,,80.0,205.0,127.0,211.0,,7.28
DoE_SurfaceGroundWaterReport_2021_2023,urban_lake,Hatir Jheel,Raampura Bridge,2021-08-01,2021,8,wet,,,,10.0,44.0,39.0,1.1,,494.0,,,64.0,259.0,184.0,,,6.82
DoE_SurfaceGroundWaterReport_2021_2023,urban_lake,Hatir Jheel,Raampura Bridge,2021-09-01,2021,9,wet,,,,30.0,149.0,40.5,0.0,,497.0,,,56.0,267.0,104.0,33.0,,6.86
DoE_SurfaceGroundWaterReport_2021_2023,urban_lake,Hatir Jheel,Raampura Bridge,2021-12-01,2021,12,dry,,,,28.0,83.0,46.0,3.22,,531.0,,,86.0,294.0,128.0,29.9,,7.57
DoE_SurfaceGroundWaterReport_2021_2023,urban_lake,Hatir Jheel,Raampura Bridge,2022-02-01,2022,2,dry,,,,25.0,117.0,47.0,4.0,,559.0,,,58.0,315.0,226.0,26.1,,7.92
DoE_SurfaceGroundWaterReport_2021_2023,urban_lake,Hatir Jheel,Raampura Bridge,2022-05-01,2022,5,wet,,,,23.0,95.0,46.0,1.5,,517.0,,,121.0,273.0,175.0,67.8,,7.34
DoE_SurfaceGroundWaterReport_2021_2023,urban_lake,Hatir Jheel,Raampura Bridge,2022-08-01,2022,8,wet,,,,22.0,63.0,44.0,3.65,,497.0,,,110.0,162.0,162.0,67.6,,7.3
DoE_SurfaceGroundWaterReport_2021_2023,urban_lake,Hatir Jheel,Raampura Bridge,2022-11-01,2022,11,dry,,,,21.0,39.0,45.0,5.5,,426.0,,,29.0,235.0,189.0,35.0,,7.92
DoE_SurfaceGroundWaterReport_2021_2023,urban_lake,Hatir Jheel,Raampura Bridge,2023-02-01,2023,2,dry,,,,34.0,63.0,75.0,2.37,,667.0,,,83.0,366.0,252.0,33.0,,7.45
DoE_SurfaceGroundWaterReport_2021_2023,urban_lake,Hatir Jheel,Raampura Bridge,2023-08-01,2023,8,wet,,,,16.8,70.0,48.0,2.24,,519.0,,,14.0,230.0,131.0,3.91,,7.68
DoE_SurfaceGroundWaterReport_2021_2023,urban_lake,Hatir Jheel,Raampura Bridge,2023-11-01,2023,11,dry,,,,13.0,74.0,47.0,3.58,,590.0,,,63.0,264.0,36.0,28.7,,7.59
REACH-Dhaka_2017-2021,canal,Bashundhara Canal,u/s (800m) of outfall in Balu,2018-07-15,2018,7,wet,23.809755,90.477012,3.48,,,147.0,2.48,56000.0,316.0,1.9,,29.0,131.4,,7.27,31.0,7.02
REACH-Dhaka_2017-2021,canal,Bashundhara Canal,u/s (800m) of outfall in Balu,2018-11-19,2018,11,dry,23.809755,90.477012,22.35,,,430.0,0.15,,694.0,3.1,,330.0,317.0,205.0,76.6,24.8,7.56
REACH-Dhaka_2017-2021,canal,Bashundhara Canal,u/s (800m) of outfall in Balu,2019-02-12,2019,2,dry,23.809755,90.477012,30.3,,,875.0,0.07,,939.0,8.0,,157.0,425.0,260.0,53.8,22.9,7.27
REACH-Dhaka_2017-2021,canal,Bashundhara Canal,u/s (800m) of outfall in Balu,2020-02-16,2020,2,dry,23.809755,90.477012,26.25,,,220.0,0.05,1040000.0,938.0,13.4,,403.0,476.0,335.0,94.6,23.3,7.04
REACH-Dhaka_2017-2021,canal,Bashundhara Canal,u/s (800m) of outfall in Balu,2020-08-23,2020,8,wet,23.809755,90.477012,3.3000000000000003,,,120.0,2.35,12000.0,339.0,6.0,,13.0,148.6,130.0,10.11,29.7,6.94
REACH-Dhaka_2017-2021,canal,Bashundhara Canal,u/s (800m) of outfall in Balu,2020-10-11,2020,10,wet,23.809755,90.477012,7.15,,,220.0,2.05,6000.0,508.0,10.1,,42.0,212.5,125.0,24.3,32.2,6.96
REACH-Dhaka_2017-2021,canal,Bashundhara Canal,u/s (800m) of outfall in Balu,2020-12-12,2020,12,dry,23.809755,90.477012,12.5,,,29.730999999999995,3.1,280000.0,623.0,5.6,,150.0,325.0,255.0,46.9,21.7,6.87
REACH-Dhaka_2017-2021,canal,Bashundhara Canal,u/s (800m) of outfall in Balu,2021-02-13,2021,2,dry,23.809755,90.477012,34.0,,,321.374,0.32,90000.0,866.0,23.479,,125.0,426.0,295.0,36.7,25.9,7.22
REACH-Dhaka_2017-2021,canal,Bashundhara Canal,u/s (800m) of outfall in Balu,2021-05-23,2021,5,wet,23.809755,90.477012,15.4,,,122.5,0.02,,999.0,10.9,,91.0,426.0,295.0,40.1,32.6,7.28
REACH-Dhaka_2017-2021,canal,Bashundhara Canal,u/s (800m) of outfall in Balu,2021-07-15,2021,7,wet,23.809755,90.477012,0.65,,,114.71999999999996,10.03,3000.0,319.0,14.4,,18.0,132.1,70.0,7.73,32.7,7.63
REACH-Dhaka_2017-2021,canal,Begunbari Canal,d/s of Dasherkandi WWTP,2018-07-15,2018,7,wet,23.760385,90.479743,1.66,,,127.0,0.42,,234.0,2.1,,28.0,98.2,,12.05,31.1,7.09
REACH-Dhaka_2017-2021,canal,Begunbari Canal,d/s of Dasherkandi WWTP,2018-08-12,2018,8,wet,23.760385,90.479743,5.47,,,,0.32,120000.0,344.0,3.987,,27.0,144.4,142.0,29.7,31.3,7.31
REACH-Dhaka_2017-2021,canal,Begunbari Canal,d/s of Dasherkandi WWTP,2018-10-14,2018,10,wet,23.760385,90.479743,0.21,,,253.54999999999995,0.18,38000.0,757.0,0.8,,87.0,311.0,215.0,28.0,27.4,7.18
REACH-Dhaka_2017-2021,canal,Begunbari Canal,d/s of Dasherkandi WWTP,2018-11-19,2018,11,dry,23.760385,90.479743,21.65,,,420.0,0.2,,927.0,5.1,,197.0,409.0,255.0,56.5,26.9,7.28
REACH-Dhaka_2017-2021,canal,Begunbari Canal,d/s of Dasherkandi WWTP,2018-12-12,2018,12,dry,23.760385,90.479743,19.0,,,194.0,0.03,,857.0,11.1,,175.0,390.0,265.0,55.4,25.2,7.05
REACH-Dhaka_2017-2021,canal,Begunbari Canal,d/s of Dasherkandi WWTP,2019-02-12,2019,2,dry,23.760385,90.479743,28.9,,,900.0,0.05,,1055.0,11.5,,132.0,489.0,250.0,46.2,25.2,7.24
REACH-Dhaka_2017-2021,canal,Begunbari Canal,d/s of Dasherkandi WWTP,2019-03-12,2019,3,dry,23.760385,90.479743,4.15,,,,0.11,,1186.0,33.3,,108.0,474.4,255.0,43.7,27.1,6.84
REACH-Dhaka_2017-2021,canal,Begunbari Canal,d/s of Dasherkandi WWTP,2019-04-22,2019,4,dry,23.760385,90.479743,22.6,,,495.0,0.13,,769.0,0.6,,113.0,307.6,200.0,56.2,30.5,7.22
REACH-Dhaka_2017-2021,canal,Begunbari Canal,d/s of Dasherkandi WWTP,2019-05-13,2019,5,wet,23.760385,90.479743,2.5,,,425.0,0.18,,922.0,3.1,,119.0,401.0,240.0,35.6,31.2,7.04
REACH-Dhaka_2017-2021,canal,Begunbari Canal,d/s of Dasherkandi WWTP,2019-06-17,2019,6,wet,23.760385,90.479743,17.7,,,290.0,0.17,,788.0,12.3,,77.0,344.0,200.0,25.3,30.8,6.91
REACH-Dhaka_2017-2021,canal,Begunbari Canal,d/s of Dasherkandi WWTP,2019-07-14,2019,7,wet,23.760385,90.479743,,,,130.0,0.16,35000.0,495.0,3.0,,59.0,225.0,110.0,62.3,28.2,7.18
REACH-Dhaka_2017-2021,canal,Begunbari Canal,d/s of Dasherkandi WWTP,2019-08-19,2019,8,wet,23.760385,90.479743,6.4,,,180.0,0.66,7000.0,175.0,15.0,,52.0,175.0,110.0,33.0,30.6,7.42
REACH-Dhaka_2017-2021,canal,Begunbari Canal,d/s of Dasherkandi WWTP,2019-09-16,2019,9,wet,23.760385,90.479743,3.27,,,160.0,0.23,38000.0,286.0,3.2,,19.0,143.5,95.0,13.29,31.2,7.43
REACH-Dhaka_2017-2021,canal,Begunbari Canal,d/s of Dasherkandi WWTP,2019-10-14,2019,10,wet,23.760385,90.479743,15.9,,,180.0,2.0,16000.0,571.0,6.3,,55.0,309.0,220.0,26.3,29.6,7.17
REACH-Dhaka_2017-2021,canal,Begunbari Canal,d/s of Dasherkandi WWTP,2019-11-19,2019,11,dry,23.760385,90.479743,20.0,,,220.0,0.06,0.0,757.0,29.8,,100.0,374.0,170.0,27.1,26.7,6.94
REACH-Dhaka_2017-2021,canal,Begunbari Canal,d/s of Dasherkandi WWTP,2019-12-15,2019,12,dry,23.760385,90.479743,20.5,,,170.0,0.13,,794.0,,,91.0,398.0,255.0,33.5,24.3,7.04
REACH-Dhaka_2017-2021,canal,Begunbari Canal,d/s of Dasherkandi WWTP,2020-01-20,2020,1,dry,23.760385,90.479743,23.700000000000003,,,630.0,0.17,110000.0,852.0,0.2,,69.0,442.0,320.0,55.4,22.7,7.1
REACH-Dhaka_2017-2021,canal,Begunbari Canal,d/s of Dasherkandi WWTP,2020-02-16,2020,2,dry,23.760385,90.479743,19.5,,,230.0,0.07,920000.0,995.0,8.3,,119.0,500.0,320.0,49.0,24.1,7.07
REACH-Dhaka_2017-2021,canal,Begunbari Canal,d/s of Dasherkandi WWTP,2020-08-23,2020,8,wet,23.760385,90.479743,11.8,,,190.0,0.23,9000.0,563.0,6.9,,61.0,254.0,185.0,29.4,28.6,6.59
REACH-Dhaka_2017-2021,canal,Begunbari Canal,d/s of Dasherkandi WWTP,2020-10-11,2020,10,wet,23.760385,90.479743,7.3,,,320.0,1.26,13000.0,528.0,14.6,,54.0,230.0,100.0,47.8,31.6,6.95
REACH-Dhaka_2017-2021,canal,Begunbari Canal,d/s of Dasherkandi WWTP,2020-12-12,2020,12,dry,23.760385,90.479743,21.8,,,79.786,3.24,410000.0,780.0,7.0,,159.0,392.0,290.0,41.5,23.9,6.65
REACH-Dhaka_2017-2021,canal,Begunbari Canal,d/s of Dasherkandi WWTP,2021-02-13,2021,2,dry,23.760385,90.479743,36.0,,,341.396,0.28,1730000.0,916.0,25.694,,123.0,458.0,235.0,51.0,24.1,7.08
REACH-Dhaka_2017-2021,canal,Begunbari Canal,d/s of Dasherkandi WWTP,2021-05-23,2021,5,wet,23.760385,90.479743,20.3,,,62.5,0.02,,962.0,19.3,,70.0,409.0,285.0,25.1,32.2,7.07
REACH-Dhaka_2017-2021,canal,Begunbari Canal,d/s of Dasherkandi WWTP,2021-07-15,2021,7,wet,23.760385,90.479743,9.2,,,94.69799999999998,0.09,610000.0,610.0,15.6,,39.0,262.0,150.0,13.12,31.2,6.98
REACH-Dhaka_2017-2021,canal,Pagar Canal,Steel bridge at Pagar Canal,2018-07-15,2018,7,wet,23.900657,90.432582,3.38,,,157.0,1.41,37000.0,379.0,9.5,,54.0,161.8,,23.6,30.4,6.92
REACH-Dhaka_2017-2021,canal,Pagar Canal,Steel bridge at Pagar Canal,2018-08-12,2018,8,wet,23.900657,90.432582,2.59,,,,0.32,28000.0,320.0,2.658,,12.0,133.8,133.0,55.2,31.3,7.36
REACH-Dhaka_2017-2021,canal,Pagar Canal,Steel bridge at Pagar Canal,2018-09-16,2018,9,wet,23.900657,90.432582,4.8,,,153.0,0.93,13000.0,985.0,7.973999999999999,,31.0,395.0,275.0,16.36,32.6,7.26
REACH-Dhaka_2017-2021,canal,Pagar Canal,Steel bridge at Pagar Canal,2018-10-14,2018,10,wet,23.900657,90.432582,5.1,,,333.6379999999999,0.19,47000.0,999.0,0.1,,49.0,437.0,255.0,30.4,26.4,7.39
REACH-Dhaka_2017-2021,canal,Pagar Canal,Steel bridge at Pagar Canal,2018-11-19,2018,11,dry,23.900657,90.432582,22.6,,,410.0,0.19,,1315.0,13.9,,146.0,574.0,330.0,36.2,25.1,7.71
REACH-Dhaka_2017-2021,canal,Pagar Canal,Steel bridge at Pagar Canal,2018-12-12,2018,12,dry,23.900657,90.432582,20.1,,,144.0,0.22,,1330.0,10.2,,146.0,631.0,415.0,34.1,24.4,6.98
REACH-Dhaka_2017-2021,canal,Pagar Canal,Steel bridge at Pagar Canal,2019-07-14,2019,7,wet,23.900657,90.432582,,,,190.0,0.11,39000.0,795.0,1.9,,12.0,364.0,190.0,18.11,28.3,7.44
REACH-Dhaka_2017-2021,canal,Pagar Canal,Steel bridge at Pagar Canal,2019-10-14,2019,10,wet,23.900657,90.432582,9.05,,,170.0,0.12,0.0,705.0,2.1,,34.0,382.0,230.0,24.6,30.2,7.58
REACH-Dhaka_2017-2021,canal,Pagar Canal,Steel bridge at Pagar Canal,2020-02-16,2020,2,dry,23.900657,90.432582,22.25,,,150.0,0.04,900000.0,1649.0,11.0,,238.0,831.0,440.0,46.0,24.5,7.29
REACH-Dhaka_2017-2021,canal,Pagar Canal,Steel bridge at Pagar Canal,2020-08-23,2020,8,wet,23.900657,90.432582,7.0,,,200.0,0.67,39000.0,716.0,3.3,,13.0,324.0,120.0,20.8,28.7,7.14
REACH-Dhaka_2017-2021,canal,Pagar Canal,Steel bridge at Pagar Canal,2020-10-11,2020,10,wet,23.900657,90.432582,11.35,,,410.0,1.78,9000.0,988.0,9.8,,35.0,428.0,200.0,38.8,31.2,7.49
REACH-Dhaka_2017-2021,canal,Pagar Canal,Steel bridge at Pagar Canal,2020-12-12,2020,12,dry,23.900657,90.432582,29.0,,,199.91799999999995,3.0,350000.0,1537.0,4.0,,203.0,813.0,450.0,39.3,22.6,7.11
REACH-Dhaka_2017-2021,canal,Pagar Canal,Steel bridge at Pagar Canal,2021-02-13,2021,2,dry,23.900657,90.432582,42.5,,,451.517,0.39,750000.0,1703.0,22.15,,169.0,890.0,270.0,54.3,23.3,7.41
REACH-Dhaka_2017-2021,canal,Pagar Canal,Steel bridge at Pagar Canal,2021-05-23,2021,5,wet,23.900657,90.432582,15.4,,,132.5,0.01,,1674.0,23.0,,99.0,725.0,415.0,28.1,32.3,7.39
REACH-Dhaka_2017-2021,canal,Pagar Canal,Steel bridge at Pagar Canal,2021-07-15,2021,7,wet,23.900657,90.432582,5.324999999999999,,,64.66499999999999,0.11,40000.0,747.0,9.4,,20.0,320.0,175.0,10.36,31.1,7.0
REACH-Dhaka_2017-2021,canal,Tongi Khal,Mausaid (d/s Pagar Canal),2017-02-27,2017,2,dry,23.899183,90.436553,21.35,,135.0,220.0,0.36,520000.0,1588.0,3.5,,155.0,712.0,420.0,59.5,21.3,8.02
REACH-Dhaka_2017-2021,canal,Tongi Khal,Mausaid (d/s Pagar Canal),2017-03-08,2017,3,dry,23.899183,90.436553,19.0,,115.0,,0.24,,1194.0,3.1,,125.0,572.0,275.0,52.9,26.0,7.61
REACH-Dhaka_2017-2021,canal,Tongi Khal,Mausaid (d/s Pagar Canal),2017-03-18,2017,3,dry,23.899183,90.436553,,,209.0,240.0,0.21,1240000.0,1501.0,6.2,,200.0,738.0,369.0,51.8,25.5,7.79
REACH-Dhaka_2017-2021,canal,Tongi Khal,Mausaid (d/s Pagar Canal),2017-03-29,2017,3,dry,23.899183,90.436553,,,155.0,220.0,0.23,,1519.0,,,94.0,721.0,555.0,92.0,27.4,7.6
REACH-Dhaka_2017-2021,canal,Tongi Khal,Mausaid (d/s Pagar Canal),2017-04-18,2017,4,dry,23.899183,90.436553,,,152.0,160.0,0.19,1360000.0,1383.0,7.5,,99.0,617.0,350.0,120.0,30.4,7.59
REACH-Dhaka_2017-2021,canal,Tongi Khal,Mausaid (d/s Pagar Canal),2017-04-29,2017,4,dry,23.899183,90.436553,17.9,,174.0,180.0,0.17,,1149.0,,,41.0,520.0,285.0,60.6,29.2,7.9
REACH-Dhaka_2017-2021,canal,Tongi Khal,Mausaid (d/s Pagar Canal),2017-05-13,2017,5,wet,23.899183,90.436553,16.0,,75.0,210.0,0.28,36000.0,1297.0,21.3,,89.0,568.0,330.0,18.7,31.2,7.76
REACH-Dhaka_2017-2021,canal,Tongi Khal,Mausaid (d/s Pagar Canal),2017-05-27,2017,5,wet,23.899183,90.436553,8.75,,217.0,190.0,0.2,,790.0,3.5,,53.0,268.0,160.0,19.29,32.2,7.65
REACH-Dhaka_2017-2021,canal,Tongi Khal,Mausaid (d/s Pagar Canal),2017-06-18,2017,6,wet,23.899183,90.436553,3.5,,,70.0,0.22,20000.0,302.0,3.1,,35.0,133.2,70.0,31.3,29.3,7.14
REACH-Dhaka_2017-2021,canal,Tongi Khal,Mausaid (d/s Pagar Canal),2017-07-15,2017,7,wet,23.899183,90.436553,0.6,,,100.0,4.26,9000.0,146.0,5.8,,96.0,63.4,60.0,76.7,29.2,7.61
REACH-Dhaka_2017-2021,canal,Tongi Khal,Mausaid (d/s Pagar Canal),2017-07-29,2017,7,wet,23.899183,90.436553,0.53,,180.0,50.0,3.84,,158.1,28.8,,28.0,68.1,55.0,37.8,29.7,7.47
REACH-Dhaka_2017-2021,canal,Tongi Khal,Mausaid (d/s Pagar Canal),2017-08-12,2017,8,wet,23.899183,90.436553,0.37,,,210.0,4.82,30100.0,148.1,5.6,,37.0,63.8,90.0,49.7,29.3,7.76
REACH-Dhaka_2017-2021,canal,Tongi Khal,Mausaid (d/s Pagar Canal),2017-08-25,2017,8,wet,23.899183,90.436553,0.09,,,200.0,3.94,,168.8,6.3,,33.0,69.6,85.0,26.6,31.0,7.76
REACH-Dhaka_2017-2021,canal,Tongi Khal,Mausaid (d/s Pagar Canal),2017-09-16,2017,9,wet,23.899183,90.436553,0.55,,,270.0,3.68,65000.0,168.1,19.9,,28.0,71.3,90.0,38.2,30.6,7.76
REACH-Dhaka_2017-2021,canal,Tongi Khal,Mausaid (d/s Pagar Canal),2017-09-28,2017,9,wet,23.899183,90.436553,6.89,,,210.0,3.45,,195.7,1.9,,5.0,82.5,100.0,22.6,30.9,6.88
REACH-Dhaka_2017-2021,canal,Tongi Khal,Mausaid (d/s Pagar Canal),2017-10-15,2017,10,wet,23.899183,90.436553,0.38,,,130.0,3.21,145000.0,176.2,4.8,,14.0,75.1,120.0,30.0,30.4,6.98
REACH-Dhaka_2017-2021,canal,Tongi Khal,Mausaid (d/s Pagar Canal),2017-10-28,2017,10,wet,23.899183,90.436553,0.32,,,60.0,3.1,,196.3,7.6,,17.0,88.1,20.0,25.1,27.8,7.15
REACH-Dhaka_2017-2021,canal,Tongi Khal,Mausaid (d/s Pagar Canal),2017-11-11,2017,11,dry,23.899183,90.436553,1.95,,,160.0,0.33,45000.0,345.0,1.9,,30.0,155.0,75.0,20.9,28.2,7.4
REACH-Dhaka_2017-2021,canal,Tongi Khal,Mausaid (d/s Pagar Canal),2017-11-20,2017,11,dry,23.899183,90.436553,2.67,,,300.0,0.35,,645.0,12.3,,28.0,295.0,80.0,19.1,28.1,7.41
REACH-Dhaka_2017-2021,canal,Tongi Khal,Mausaid (d/s Pagar Canal),2017-12-17,2017,12,dry,23.899183,90.436553,8.4,,,250.0,0.33,120000.0,650.0,0.8,,24.0,321.0,100.0,22.7,23.8,7.56
REACH-Dhaka_2017-2021,canal,Tongi Khal,Mausaid (d/s Pagar Canal),2018-01-24,2018,1,dry,23.899183,90.436553,,,,174.0,0.25,390000.0,1051.0,4.3,,57.0,540.0,290.0,36.7,23.5,7.7
REACH-Dhaka_2017-2021,canal,Tongi Khal,Mausaid (d/s Pagar Canal),2018-02-25,2018,2,dry,23.899183,90.436553,18.7,,,133.92899999999997,0.26,,1260.0,13.5,,227.0,585.0,275.0,26.5,26.8,7.67
REACH-Dhaka_2017-2021,canal,Tongi Khal,Mausaid (d/s Pagar Canal),2018-03-18,2018,3,dry,23.899183,90.436553,28.0,,,152.0,0.27,510000.0,1419.0,5.314285714285714,,95.0,653.0,420.0,34.8,29.2,7.29
REACH-Dhaka_2017-2021,canal,Tongi Khal,Mausaid (d/s Pagar Canal),2018-04-22,2018,4,dry,23.899183,90.436553,4.4,,,420.0,0.24,410000.0,832.0,5.0,,173.0,387.0,245.0,51.1,27.1,7.42
REACH-Dhaka_2017-2021,canal,Tongi Khal,Mausaid (d/s Pagar Canal),2018-05-13,2018,5,wet,23.899183,90.436553,10.4,,0.225,640.0,0.09,440000.0,494.0,6.201999999999999,,49.0,223.0,150.0,24.9,28.9,7.11
REACH-Dhaka_2017-2021,canal,Tongi Khal,Mausaid (d/s Pagar Canal),2018-06-24,2018,6,wet,23.899183,90.436553,0.08,,,390.0,1.26,32000.0,186.6,7.973999999999999,,64.0,77.0,65.0,43.9,30.7,7.04
REACH-Dhaka_2017-2021,canal,Tongi Khal,Mausaid (d/s Pagar Canal),2018-07-15,2018,7,wet,23.899183,90.436553,0.25,,,430.0,3.41,19000.0,169.2,1.8,,59.0,71.8,20.0,85.0,30.2,6.96
REACH-Dhaka_2017-2021,canal,Tongi Khal,Mausaid (d/s Pagar Canal),2018-08-12,2018,8,wet,23.899183,90.436553,0.11,,,,3.78,80000.0,177.6,3.1009999999999995,,58.0,75.0,75.0,128.0,30.8,7.73
REACH-Dhaka_2017-2021,canal,Tongi Khal,Mausaid (d/s Pagar Canal),2018-09-16,2018,9,wet,23.899183,90.436553,0.36,,,184.0,3.95,45000.0,546.0,2.658,,155.0,212.0,50.0,89.0,30.7,7.37
REACH-Dhaka_2017-2021,canal,Tongi Khal,Mausaid (d/s Pagar Canal),2018-10-14,2018,10,wet,23.899183,90.436553,0.39,,,223.517,2.66,63000.0,311.0,0.8,,23.0,132.5,15.0,21.9,27.1,7.6
REACH-Dhaka_2017-2021,canal,Tongi Khal,Mausaid (d/s Pagar Canal),2018-11-19,2018,11,dry,23.899183,90.436553,15.25,,,370.0,0.17,,1240.0,4.5,,81.0,528.0,260.0,32.0,26.2,8.04
REACH-Dhaka_2017-2021,canal,Tongi Khal,Mausaid (d/s Pagar Canal),2018-12-12,2018,12,dry,23.899183,90.436553,7.1,,,113.0,0.09,,830.0,5.7,,98.0,388.0,270.0,37.7,24.5,7.37
REACH-Dhaka_2017-2021,canal,Tongi Khal,Mausaid (d/s Pagar Canal),2019-01-14,2019,1,dry,23.899183,90.436553,12.0,,,1093.08,0.01,,1279.0,5.1,,116.0,619.0,315.0,42.2,23.3,7.23
REACH-Dhaka_2017-2021,canal,Tongi Khal,Mausaid (d/s Pagar Canal),2019-02-12,2019,2,dry,23.899183,90.436553,22.3,,,750.0,0.08,,1548.0,33.5,,150.0,663.0,345.0,42.8,24.6,7.76
REACH-Dhaka_2017-2021,canal,Tongi Khal,Mausaid (d/s Pagar Canal),2019-07-14,2019,7,wet,23.899183,90.436553,0.85,,,170.0,1.04,39000.0,308.0,4.8,,38.0,140.0,45.0,37.7,28.6,7.46
REACH-Dhaka_2017-2021,canal,Tongi Khal,Mausaid (d/s Pagar Canal),2019-10-14,2019,10,wet,23.899183,90.436553,0.5,,,130.0,3.52,1000.0,184.3,2.7,,21.0,99.0,75.0,28.3,29.6,7.39
REACH-Dhaka_2017-2021,canal,Tongi Khal,Mausaid (d/s Pagar Canal),2020-02-16,2020,2,dry,23.899183,90.436553,21.25,,,260.0,0.05,160000.0,1377.0,12.6,,116.0,688.0,420.0,31.1,25.0,7.75
REACH-Dhaka_2017-2021,canal,Tongi Khal,Mausaid (d/s Pagar Canal),2020-08-23,2020,8,wet,23.899183,90.436553,0.3,,,80.0,4.53,38000.0,164.5,6.5,,39.0,72.3,20.0,29.2,28.9,7.02
REACH-Dhaka_2017-2021,canal,Tongi Khal,Mausaid (d/s Pagar Canal),2020-10-11,2020,10,wet,23.899183,90.436553,0.3,,,180.0,3.52,10000.0,191.1,2.8,,39.0,80.1,20.0,26.8,31.2,7.11
REACH-Dhaka_2017-2021,canal,Tongi Khal,Mausaid (d/s Pagar Canal),2020-12-12,2020,12,dry,23.899183,90.436553,9.6,,,139.85,3.23,220000.0,851.0,6.4,,81.0,430.0,245.0,29.9,23.6,7.32
REACH-Dhaka_2017-2021,canal,Tongi Khal,Mausaid (d/s Pagar Canal),2021-02-13,2021,2,dry,23.899183,90.436553,27.9,,,341.396,0.37,20000.0,1580.0,12.403999999999998,,104.0,796.0,285.0,32.3,24.8,7.9
REACH-Dhaka_2017-2021,canal,Tongi Khal,Mausaid (d/s Pagar Canal),2021-05-23,2021,5,wet,23.899183,90.436553,3.9,,,42.5,0.01,,873.0,7.1,,32.0,365.0,200.0,12.12,32.5,7.49
REACH-Dhaka_2017-2021,canal,Tongi Khal,Mausaid (d/s Pagar Canal),2021-07-15,2021,7,wet,23.899183,90.436553,0.4,,,104.70899999999996,3.09,30000.0,200.6,8.8,,89.0,85.7,40.0,51.4,30.4,7.0
REACH-Dhaka_2017-2021,canal,Tongi Khal,d/s Ashulia Landing station,2017-02-27,2017,2,dry,23.89441,90.364777,7.0,,80.0,260.0,0.22,80000.0,1550.0,0.9,,228.0,736.0,290.0,179.0,25.8,8.29
REACH-Dhaka_2017-2021,canal,Tongi Khal,d/s Ashulia Landing station,2017-03-08,2017,3,dry,23.89441,90.364777,6.65,,67.0,,0.31,,1496.0,4.9,,196.0,730.0,240.0,137.0,25.9,7.93
REACH-Dhaka_2017-2021,canal,Tongi Khal,d/s Ashulia Landing station,2017-03-18,2017,3,dry,23.89441,90.364777,,,110.0,370.0,0.25,105000.0,1563.0,5.8,,169.0,770.0,289.0,102.0,25.7,7.9
REACH-Dhaka_2017-2021,canal,Tongi Khal,d/s Ashulia Landing station,2017-03-29,2017,3,dry,23.89441,90.364777,,,111.0,260.0,0.22,,1120.0,,,107.0,575.0,395.0,63.5,27.1,7.6
REACH-Dhaka_2017-2021,canal,Tongi Khal,d/s Ashulia Landing station,2017-04-18,2017,4,dry,23.89441,90.364777,,,80.0,170.0,0.19,75000.0,1421.0,14.2,,158.0,643.0,295.0,130.0,29.6,7.66
REACH-Dhaka_2017-2021,canal,Tongi Khal,d/s Ashulia Landing station,2017-04-29,2017,4,dry,23.89441,90.364777,1.85,,61.0,110.0,0.25,,1022.0,,,37.0,458.0,175.0,43.9,29.5,7.37
REACH-Dhaka_2017-2021,canal,Tongi Khal,d/s Ashulia Landing station,2017-05-13,2017,5,wet,23.89441,90.364777,12.15,,110.0,160.0,0.22,6000.0,822.0,4.0,,58.0,361.0,255.0,19.12,30.3,7.21
REACH-Dhaka_2017-2021,canal,Tongi Khal,d/s Ashulia Landing station,2017-05-27,2017,5,wet,23.89441,90.364777,0.75,,78.0,200.0,0.8,,417.0,7.5,,27.0,176.0,90.0,21.3,31.5,7.22
REACH-Dhaka_2017-2021,canal,Tongi Khal,d/s Ashulia Landing station,2017-06-18,2017,6,wet,23.89441,90.364777,0.43,,,130.0,3.27,0.0,170.0,4.9,,49.0,74.2,35.0,44.3,29.3,7.44
REACH-Dhaka_2017-2021,canal,Tongi Khal,d/s Ashulia Landing station,2017-07-15,2017,7,wet,23.89441,90.364777,1.2,,,120.0,5.42,0.0,133.0,6.6,,159.0,58.1,85.0,85.7,28.8,8.01
REACH-Dhaka_2017-2021,canal,Tongi Khal,d/s Ashulia Landing station,2017-07-29,2017,7,wet,23.89441,90.364777,0.53,,190.0,70.0,5.08,,147.8,5.8,,49.0,63.9,30.0,47.5,29.6,8.13
REACH-Dhaka_2017-2021,canal,Tongi Khal,d/s Ashulia Landing station,2017-08-12,2017,8,wet,23.89441,90.364777,0.38,,,200.0,6.25,6300.0,128.4,3.3,,62.0,56.1,70.0,61.8,29.0,8.3
REACH-Dhaka_2017-2021,canal,Tongi Khal,d/s Ashulia Landing station,2017-08-25,2017,8,wet,23.89441,90.364777,0.29,,,310.0,4.87,,155.4,34.7,,10.0,65.0,55.0,25.2,31.4,7.94
REACH-Dhaka_2017-2021,canal,Tongi Khal,d/s Ashulia Landing station,2017-09-16,2017,9,wet,23.89441,90.364777,0.4,,,250.0,4.99,20000.0,146.1,6.6,,18.0,62.1,40.0,36.1,30.1,8.07
REACH-Dhaka_2017-2021,canal,Tongi Khal,d/s Ashulia Landing station,2017-09-28,2017,9,wet,23.89441,90.364777,2.31,,,100.0,5.17,,176.9,4.9,,3.0,74.6,50.0,28.5,30.7,6.52
REACH-Dhaka_2017-2021,canal,Tongi Khal,d/s Ashulia Landing station,2017-10-15,2017,10,wet,23.89441,90.364777,0.3,,,200.0,5.38,206000.0,157.6,24.5,,28.0,67.3,105.0,37.3,30.2,6.66
REACH-Dhaka_2017-2021,canal,Tongi Khal,d/s Ashulia Landing station,2017-10-28,2017,10,wet,23.89441,90.364777,0.29,,,100.0,5.32,,141.5,17.1,,21.0,63.4,15.0,31.1,27.5,7.08
REACH-Dhaka_2017-2021,canal,Tongi Khal,d/s Ashulia Landing station,2017-11-11,2017,11,dry,23.89441,90.364777,0.17,,,160.0,4.04,7000.0,224.0,14.2,,46.0,103.1,80.0,34.6,26.5,7.45
REACH-Dhaka_2017-2021,canal,Tongi Khal,d/s Ashulia Landing station,2017-11-20,2017,11,dry,23.89441,90.364777,0.35,,,110.0,1.31,,344.0,13.3,,14.0,183.4,10.0,30.8,26.7,7.68
REACH-Dhaka_2017-2021,canal,Tongi Khal,d/s Ashulia Landing station,2017-12-17,2017,12,dry,23.89441,90.364777,1.04,,,,1.93,60000.0,491.0,1.6,,33.0,244.0,57.0,33.3,22.5,7.66
REACH-Dhaka_2017-2021,canal,Tongi Khal,d/s Ashulia Landing station,2018-01-24,2018,1,dry,23.89441,90.364777,2.76,,,184.0,0.23,50000.0,857.0,1.3,,24.0,450.0,250.0,85.9,20.3,7.68
REACH-Dhaka_2017-2021,canal,Tongi Khal,d/s Ashulia Landing station,2018-02-25,2018,2,dry,23.89441,90.364777,5.35,,,254.061,0.22,,1129.0,15.5,,304.0,535.0,270.0,140.0,25.7,8.25
REACH-Dhaka_2017-2021,canal,Tongi Khal,d/s Ashulia Landing station,2018-03-18,2018,3,dry,23.89441,90.364777,4.3,,,206.0,0.24,260000.0,1392.0,3.1,,162.0,643.0,285.0,118.0,28.5,7.03
REACH-Dhaka_2017-2021,canal,Tongi Khal,d/s Ashulia Landing station,2018-04-22,2018,4,dry,23.89441,90.364777,2.6,,,200.0,0.29,30000.0,1232.0,5.3,,114.0,560.0,170.0,84.5,28.7,7.77
REACH-Dhaka_2017-2021,canal,Tongi Khal,d/s Ashulia Landing station,2018-05-13,2018,5,wet,23.89441,90.364777,5.0,,0.286,360.0,0.43,21000.0,326.0,6.645,,30.0,136.4,50.0,22.5,28.7,6.37
REACH-Dhaka_2017-2021,canal,Tongi Khal,d/s Ashulia Landing station,2018-06-24,2018,6,wet,23.89441,90.364777,0.17,,,360.0,3.54,6000.0,141.7,14.618999999999998,,68.0,61.7,50.0,58.7,30.3,7.09
REACH-Dhaka_2017-2021,canal,Tongi Khal,d/s Ashulia Landing station,2018-07-15,2018,7,wet,23.89441,90.364777,0.08,,,350.0,4.99,56000.0,150.4,1.0,,50.0,63.1,,81.5,30.1,7.03
REACH-Dhaka_2017-2021,canal,Tongi Khal,d/s Ashulia Landing station,2018-08-12,2018,8,wet,23.89441,90.364777,0.06,,,,5.04,47000.0,151.5,0.443,,81.0,64.0,45.0,137.0,30.5,7.56
REACH-Dhaka_2017-2021,canal,Tongi Khal,d/s Ashulia Landing station,2018-09-16,2018,9,wet,23.89441,90.364777,0.26,,,104.0,5.48,2000.0,211.7,34.997,,252.0,90.1,60.0,129.0,29.6,7.07
REACH-Dhaka_2017-2021,canal,Tongi Khal,d/s Ashulia Landing station,2018-10-14,2018,10,wet,23.89441,90.364777,0.22,,,203.49499999999995,4.81,12000.0,317.0,0.6,,20.0,132.1,60.0,25.5,26.6,7.07
REACH-Dhaka_2017-2021,canal,Tongi Khal,d/s Ashulia Landing station,2018-11-19,2018,11,dry,23.89441,90.364777,1.5,,,450.0,0.4,,542.0,2.3,,98.0,240.0,90.0,49.5,29.5,7.77
REACH-Dhaka_2017-2021,canal,Tongi Khal,d/s Ashulia Landing station,2018-12-12,2018,12,dry,23.89441,90.364777,1.7000000000000002,,,184.0,0.23,,744.0,5.6,,103.0,262.0,175.0,48.6,23.3,7.25
REACH-Dhaka_2017-2021,canal,Tongi Khal,d/s Ashulia Landing station,2019-01-14,2019,1,dry,23.89441,90.364777,4.4,,,492.4199999999999,0.06,,325.0,7.4,,158.0,409.0,190.0,61.1,20.4,7.29
REACH-Dhaka_2017-2021,canal,Tongi Khal,d/s Ashulia Landing station,2019-02-11,2019,2,dry,23.89441,90.364777,4.4,,,795.0,0.04,,1330.0,8.9,,99.0,595.0,265.0,92.4,22.5,7.39
REACH-Dhaka_2017-2021,canal,Tongi Khal,d/s Ashulia Landing station,2019-07-14,2019,7,wet,23.89441,90.364777,0.25,,,210.0,4.18,13000.0,172.8,5.4,,70.0,76.4,20.0,49.2,28.6,7.52
REACH-Dhaka_2017-2021,canal,Tongi Khal,d/s Ashulia Landing station,2019-10-14,2019,10,wet,23.89441,90.364777,0.13,,,150.0,6.01,2000.0,159.5,3.1,,40.0,84.8,50.0,31.5,29.0,7.62
REACH-Dhaka_2017-2021,canal,Tongi Khal,d/s Ashulia Landing station,2020-02-16,2020,2,dry,23.89441,90.364777,7.0,,,330.0,0.05,130000.0,1478.0,3.9,,110.0,771.0,350.0,53.1,23.2,8.35
REACH-Dhaka_2017-2021,canal,Tongi Khal,d/s Ashulia Landing station,2020-08-23,2020,8,wet,23.89441,90.364777,0.08,,,270.0,5.59,11000.0,149.0,5.9,,49.0,65.5,30.0,35.7,28.8,7.01
REACH-Dhaka_2017-2021,canal,Tongi Khal,d/s Ashulia Landing station,2020-10-11,2020,10,wet,23.89441,90.364777,0.2,,,180.0,5.33,2000.0,144.0,26.8,,45.0,71.1,40.0,28.5,30.9,7.38
REACH-Dhaka_2017-2021,canal,Tongi Khal,d/s Ashulia Landing station,2020-12-12,2020,12,dry,23.89441,90.364777,5.7,,,29.730999999999995,5.62,10000.0,571.0,2.2,,47.0,294.0,200.0,24.6,22.3,7.19
REACH-Dhaka_2017-2021,canal,Tongi Khal,d/s Ashulia Landing station,2021-02-13,2021,2,dry,23.89441,90.364777,8.6,,,151.18699999999998,0.61,20000.0,1147.0,24.808,,92.0,599.0,215.0,46.2,22.6,7.82
REACH-Dhaka_2017-2021,canal,Tongi Khal,d/s Ashulia Landing station,2021-05-23,2021,5,wet,23.89441,90.364777,1.1,,,22.5,0.66,,435.0,3.0,,16.0,179.9,120.0,9.71,32.9,7.32
REACH-Dhaka_2017-2021,canal,Tongi Khal,d/s Ashulia Landing station,2021-07-15,2021,7,wet,23.89441,90.364777,0.375,,,24.620999999999995,5.45,20000.0,171.9,10.0,,145.0,73.5,55.0,72.9,30.3,6.65
REACH-Dhaka_2017-2021,canal,Tongi Khal,d/s Railway Bridge,2017-02-27,2017,2,dry,23.881789,90.40636,21.0,,138.0,210.0,0.23,1020000.0,1099.0,3.1,,142.0,516.0,325.0,62.1,27.4,7.44
REACH-Dhaka_2017-2021,canal,Tongi Khal,d/s Railway Bridge,2017-03-08,2017,3,dry,23.881789,90.40636,9.45,,8.0,,0.21,,1205.0,4.0,,42.0,582.0,335.0,34.0,25.5,7.61
REACH-Dhaka_2017-2021,canal,Tongi Khal,d/s Railway Bridge,2017-03-18,2017,3,dry,23.881789,90.40636,,,99.0,260.0,0.26,1040000.0,913.0,11.1,,92.0,446.0,224.0,43.4,25.2,7.28
REACH-Dhaka_2017-2021,canal,Tongi Khal,d/s Railway Bridge,2017-03-29,2017,3,dry,23.881789,90.40636,,,192.0,260.0,0.21,,1359.0,,,90.0,643.0,410.0,34.2,27.2,7.5
REACH-Dhaka_2017-2021,canal,Tongi Khal,d/s Railway Bridge,2017-04-18,2017,4,dry,23.881789,90.40636,,,83.0,210.0,0.2,530000.0,1200.0,4.4,,79.0,530.0,270.0,82.9,30.3,7.88
REACH-Dhaka_2017-2021,canal,Tongi Khal,d/s Railway Bridge,2017-04-29,2017,4,dry,23.881789,90.40636,8.05,,108.0,180.0,0.18,,1038.0,,,400.0,466.0,245.0,422.0,29.0,7.87
REACH-Dhaka_2017-2021,canal,Tongi Khal,d/s Railway Bridge,2017-05-13,2017,5,wet,23.881789,90.40636,19.1,,121.0,220.0,0.26,64000.0,1331.0,7.1,,97.0,584.0,370.0,29.6,30.7,7.71
REACH-Dhaka_2017-2021,canal,Tongi Khal,d/s Railway Bridge,2017-05-27,2017,5,wet,23.881789,90.40636,2.45,,41.0,190.0,0.18,,538.0,10.2,,32.0,226.0,110.0,41.3,32.1,7.38
REACH-Dhaka_2017-2021,canal,Tongi Khal,d/s Railway Bridge,2017-06-18,2017,6,wet,23.881789,90.40636,0.9,,,90.0,1.4,21000.0,206.8,4.9,,31.0,90.1,25.0,30.2,29.4,7.15
REACH-Dhaka_2017-2021,canal,Tongi Khal,d/s Railway Bridge,2017-07-15,2017,7,wet,23.881789,90.40636,0.67,,,110.0,5.01,12000.0,141.5,13.7,,117.0,59.4,65.0,86.4,29.2,7.67
REACH-Dhaka_2017-2021,canal,Tongi Khal,d/s Railway Bridge,2017-07-29,2017,7,wet,23.881789,90.40636,0.54,,180.0,70.0,4.62,,144.2,8.4,,27.0,64.5,55.0,38.2,29.5,7.6
REACH-Dhaka_2017-2021,canal,Tongi Khal,d/s Railway Bridge,2017-08-12,2017,8,wet,23.881789,90.40636,0.35,,,230.0,5.73,34000.0,132.8,4.6,,30.0,57.7,100.0,53.6,29.0,7.92
REACH-Dhaka_2017-2021,canal,Tongi Khal,d/s Railway Bridge,2017-08-25,2017,8,wet,23.881789,90.40636,0.99,,,310.0,4.45,,160.3,42.1,,40.0,67.3,50.0,25.7,31.0,7.76
REACH-Dhaka_2017-2021,canal,Tongi Khal,d/s Railway Bridge,2017-09-16,2017,9,wet,23.881789,90.40636,0.46,,,170.0,4.6,60000.0,149.2,9.1,,27.0,63.4,45.0,34.0,30.4,7.81
REACH-Dhaka_2017-2021,canal,Tongi Khal,d/s Railway Bridge,2017-09-28,2017,9,wet,23.881789,90.40636,0.51,,,160.0,4.56,,178.2,1.5,,6.0,75.1,105.0,24.5,30.8,6.56
REACH-Dhaka_2017-2021,canal,Tongi Khal,d/s Railway Bridge,2017-10-15,2017,10,wet,23.881789,90.40636,0.17,,,160.0,4.91,259000.0,163.6,30.1,,38.0,69.8,95.0,30.6,30.4,6.84
REACH-Dhaka_2017-2021,canal,Tongi Khal,d/s Railway Bridge,2017-10-28,2017,10,wet,23.881789,90.40636,0.25,,,110.0,4.47,,150.3,26.1,,17.0,67.3,25.0,23.8,27.5,7.09
REACH-Dhaka_2017-2021,canal,Tongi Khal,d/s Railway Bridge,2017-11-11,2017,11,dry,23.881789,90.40636,0.54,,,90.0,1.67,19000.0,253.0,6.2,,36.0,114.2,30.0,20.7,28.5,7.49
REACH-Dhaka_2017-2021,canal,Tongi Khal,d/s Railway Bridge,2017-11-20,2017,11,dry,23.881789,90.40636,1.67,,,230.0,0.35,,344.0,12.8,,11.0,184.7,35.0,20.8,26.7,7.38
REACH-Dhaka_2017-2021,canal,Tongi Khal,d/s Railway Bridge,2017-12-17,2017,12,dry,23.881789,90.40636,2.16,,,240.0,0.42,250000.0,568.0,2.4,,21.0,282.0,200.0,26.7,23.2,7.67
REACH-Dhaka_2017-2021,canal,Tongi Khal,d/s Railway Bridge,2018-01-24,2018,1,dry,23.881789,90.40636,,,,154.0,0.2,90000.0,878.0,2.3,,57.0,456.0,250.0,42.4,22.3,7.73
REACH-Dhaka_2017-2021,canal,Tongi Khal,d/s Railway Bridge,2018-02-25,2018,2,dry,23.881789,90.40636,16.4,,,244.04999999999995,0.26,,934.0,17.0,,73.0,444.0,285.0,31.5,25.8,7.83
REACH-Dhaka_2017-2021,canal,Tongi Khal,d/s Railway Bridge,2018-03-18,2018,3,dry,23.881789,90.40636,26.9,,,196.0,0.26,320000.0,873.0,3.985714285714286,,74.0,405.0,290.0,31.7,27.3,7.23
REACH-Dhaka_2017-2021,canal,Tongi Khal,d/s Railway Bridge,2018-04-22,2018,4,dry,23.881789,90.40636,7.9,,,300.0,0.14,740000.0,777.0,8.0,,90.0,355.0,265.0,57.4,27.4,7.62
REACH-Dhaka_2017-2021,canal,Tongi Khal,d/s Railway Bridge,2018-05-13,2018,5,wet,23.881789,90.40636,6.9,,0.278,350.0,0.1,83000.0,411.0,7.088,,34.0,186.0,70.0,25.0,28.9,6.8
REACH-Dhaka_2017-2021,canal,Tongi Khal,d/s Railway Bridge,2018-06-24,2018,6,wet,23.881789,90.40636,0.16,,,260.0,2.85,6000.0,149.5,12.403999999999998,,78.0,66.7,50.0,49.9,32.2,7.11
REACH-Dhaka_2017-2021,canal,Tongi Khal,d/s Railway Bridge,2018-07-15,2018,7,wet,23.881789,90.40636,0.1,,,340.0,4.34,21000.0,157.3,15.7,,55.0,66.4,20.0,81.9,30.1,7.13
REACH-Dhaka_2017-2021,canal,Tongi Khal,d/s Railway Bridge,2018-08-12,2018,8,wet,23.881789,90.40636,0.09,,,,4.58,34000.0,160.0,3.1009999999999995,,76.0,67.9,55.0,124.0,30.2,7.48
REACH-Dhaka_2017-2021,canal,Tongi Khal,d/s Railway Bridge,2018-09-16,2018,9,wet,23.881789,90.40636,0.26,,,174.0,5.81,74000.0,224.0,0.886,,243.0,95.0,50.0,109.0,30.9,7.22
REACH-Dhaka_2017-2021,canal,Tongi Khal,d/s Railway Bridge,2018-10-14,2018,10,wet,23.881789,90.40636,0.21,,,223.517,3.29,60000.0,319.0,0.5,,36.0,134.4,55.0,20.8,26.7,7.1
REACH-Dhaka_2017-2021,canal,Tongi Khal,d/s Railway Bridge,2018-11-19,2018,11,dry,23.881789,90.40636,9.35,,,280.0,0.12,,612.0,4.8,,77.0,262.0,135.0,34.7,26.5,7.54
REACH-Dhaka_2017-2021,canal,Tongi Khal,d/s Railway Bridge,2018-12-12,2018,12,dry,23.881789,90.40636,5.0,,,174.0,0.1,,820.0,5.4,,60.0,299.0,220.0,43.2,23.3,7.23
REACH-Dhaka_2017-2021,canal,Tongi Khal,d/s Railway Bridge,2019-01-14,2019,1,dry,23.881789,90.40636,5.7,,,492.4199999999999,0.02,,895.0,13.2,,142.0,437.0,190.0,55.2,20.9,7.17
REACH-Dhaka_2017-2021,canal,Tongi Khal,d/s Railway Bridge,2019-02-12,2019,2,dry,23.881789,90.40636,27.2,,,820.0,0.01,,1018.0,51.8,,162.0,413.0,225.0,44.4,23.8,7.46
REACH-Dhaka_2017-2021,canal,Tongi Khal,d/s Railway Bridge,2019-07-14,2019,7,wet,23.881789,90.40636,0.42,,,170.0,2.68,40000.0,191.2,1.2,,70.0,84.6,50.0,47.9,28.6,7.44
REACH-Dhaka_2017-2021,canal,Tongi Khal,d/s Railway Bridge,2019-10-14,2019,10,wet,23.881789,90.40636,0.29,,,120.0,4.97,0.0,165.9,3.4,,25.0,88.3,60.0,26.9,29.2,7.53
REACH-Dhaka_2017-2021,canal,Tongi Khal,d/s Railway Bridge,2020-02-16,2020,2,dry,23.881789,90.40636,20.5,,,190.0,0.04,150000.0,969.0,8.1,,120.0,498.0,315.0,35.6,23.1,7.09
REACH-Dhaka_2017-2021,canal,Tongi Khal,d/s Railway Bridge,2020-08-23,2020,8,wet,23.881789,90.40636,0.16,,,220.0,6.41,34000.0,157.0,3.1,,41.0,69.0,60.0,40.2,28.2,7.14
REACH-Dhaka_2017-2021,canal,Tongi Khal,d/s Railway Bridge,2020-10-11,2020,10,wet,23.881789,90.40636,0.07,,,220.0,4.57,5000.0,172.3,4.2,,36.0,72.7,45.0,26.4,31.0,7.17
REACH-Dhaka_2017-2021,canal,Tongi Khal,d/s Railway Bridge,2020-12-12,2020,12,dry,23.881789,90.40636,7.5,,,29.730999999999995,3.74,60000.0,659.0,3.7,,49.0,339.0,205.0,24.7,22.6,7.14
REACH-Dhaka_2017-2021,canal,Tongi Khal,d/s Railway Bridge,2021-02-13,2021,2,dry,23.881789,90.40636,20.6,,,221.264,0.52,260000.0,1151.0,17.72,,96.0,597.0,210.0,25.9,22.9,7.43
REACH-Dhaka_2017-2021,canal,Tongi Khal,d/s Railway Bridge,2021-05-23,2021,5,wet,23.881789,90.40636,2.7,,,72.5,0.08,,579.0,2.0,,18.0,241.0,150.0,9.72,32.8,7.15
REACH-Dhaka_2017-2021,canal,Tongi Khal,d/s Railway Bridge,2021-07-15,2021,7,wet,23.881789,90.40636,0.475,,,114.71999999999996,4.35,310000.0,183.2,8.5,,110.0,78.4,60.0,69.0,30.3,6.86
REACH-Dhaka_2017-2021,canal,Tongi Khal,d/s of Hussein Dyeing,2017-02-27,2017,2,dry,23.889253,90.423154,24.45,,152.0,180.0,0.4,980000.0,1448.0,0.4,,135.0,696.0,350.0,55.1,26.3,8.09
REACH-Dhaka_2017-2021,canal,Tongi Khal,d/s of Hussein Dyeing,2017-03-08,2017,3,dry,23.889253,90.423154,7.25,,38.0,,0.19,,1122.0,7.1,,17.0,527.0,140.0,14.76,25.4,7.53
REACH-Dhaka_2017-2021,canal,Tongi Khal,d/s of Hussein Dyeing,2017-03-18,2017,3,dry,23.889253,90.423154,,,224.0,250.0,0.3,415000.0,2016.0,15.6,,164.0,912.0,369.0,68.2,26.0,9.12
REACH-Dhaka_2017-2021,canal,Tongi Khal,d/s of Hussein Dyeing,2017-03-29,2017,3,dry,23.889253,90.423154,,,205.0,240.0,0.16,,1985.0,,,134.0,923.0,550.0,58.5,29.0,8.74
REACH-Dhaka_2017-2021,canal,Tongi Khal,d/s of Hussein Dyeing,2017-04-18,2017,4,dry,23.889253,90.423154,,,134.0,170.0,0.18,1000000.0,1292.0,5.8,,103.0,570.0,295.0,73.0,30.9,8.41
REACH-Dhaka_2017-2021,canal,Tongi Khal,d/s of Hussein Dyeing,2017-04-29,2017,4,dry,23.889253,90.423154,8.05,,80.0,180.0,0.17,,1224.0,,,51.0,553.0,275.0,62.2,29.0,7.87
REACH-Dhaka_2017-2021,canal,Tongi Khal,d/s of Hussein Dyeing,2017-05-13,2017,5,wet,23.889253,90.423154,18.15,,156.0,230.0,0.19,54000.0,1700.0,9.3,,85.0,723.0,420.0,24.9,30.9,8.28
REACH-Dhaka_2017-2021,canal,Tongi Khal,d/s of Hussein Dyeing,2017-05-27,2017,5,wet,23.889253,90.423154,6.25,,84.0,180.0,0.18,,715.0,5.8,,40.0,336.0,165.0,23.1,32.2,8.44
REACH-Dhaka_2017-2021,canal,Tongi Khal,d/s of Hussein Dyeing,2017-06-18,2017,6,wet,23.889253,90.423154,2.9,,5.0,70.0,0.15,39000.0,238.0,2.7,,34.0,103.8,85.0,28.7,29.3,7.1
REACH-Dhaka_2017-2021,canal,Tongi Khal,d/s of Hussein Dyeing,2017-07-15,2017,7,wet,23.889253,90.423154,0.71,,,140.0,4.46,8000.0,141.5,8.0,,94.0,61.5,110.0,85.2,29.3,7.59
REACH-Dhaka_2017-2021,canal,Tongi Khal,d/s of Hussein Dyeing,2017-07-29,2017,7,wet,23.889253,90.423154,0.71,,220.0,60.0,4.25,,154.4,10.6,,37.0,67.0,60.0,36.1,29.6,7.49
REACH-Dhaka_2017-2021,canal,Tongi Khal,d/s of Hussein Dyeing,2017-08-12,2017,8,wet,23.889253,90.423154,0.33,,,150.0,5.21,52300.0,148.2,7.2,,43.0,64.6,105.0,53.6,29.0,7.81
REACH-Dhaka_2017-2021,canal,Tongi Khal,d/s of Hussein Dyeing,2017-08-25,2017,8,wet,23.889253,90.423154,0.09,,,270.0,4.17,,165.1,63.3,,34.0,69.1,70.0,27.9,31.1,7.81
REACH-Dhaka_2017-2021,canal,Tongi Khal,d/s of Hussein Dyeing,2017-09-16,2017,9,wet,23.889253,90.423154,0.85,,,200.0,4.01,22000.0,166.6,2.6,,26.0,70.6,30.0,39.2,30.4,7.89
REACH-Dhaka_2017-2021,canal,Tongi Khal,d/s of Hussein Dyeing,2017-09-28,2017,9,wet,23.889253,90.423154,2.75,,,180.0,3.9,,187.2,1.4,,3.0,79.0,90.0,26.0,30.9,6.88
REACH-Dhaka_2017-2021,canal,Tongi Khal,d/s of Hussein Dyeing,2017-10-15,2017,10,wet,23.889253,90.423154,0.33,,,100.0,4.15,90000.0,190.2,4.6,,14.0,85.1,130.0,33.3,30.2,6.94
REACH-Dhaka_2017-2021,canal,Tongi Khal,d/s of Hussein Dyeing,2017-10-28,2017,10,wet,23.889253,90.423154,0.31,,,50.0,2.98,,199.8,4.4,,17.0,89.9,30.0,25.2,27.7,7.2
REACH-Dhaka_2017-2021,canal,Tongi Khal,d/s of Hussein Dyeing,2017-11-11,2017,11,dry,23.889253,90.423154,1.52,,,150.0,0.52,48000.0,177.0,30.6,,38.0,79.0,45.0,20.9,28.1,7.54
REACH-Dhaka_2017-2021,canal,Tongi Khal,d/s of Hussein Dyeing,2017-11-20,2017,11,dry,23.889253,90.423154,2.31,,,180.0,0.3,,472.0,8.2,,20.0,216.6,85.0,20.7,27.6,7.49
REACH-Dhaka_2017-2021,canal,Tongi Khal,d/s of Hussein Dyeing,2017-12-17,2017,12,dry,23.889253,90.423154,2.21,,,180.0,0.34,360000.0,612.0,4.3,,47.0,303.0,110.0,25.0,24.2,7.76
REACH-Dhaka_2017-2021,canal,Tongi Khal,d/s of Hussein Dyeing,2018-01-24,2018,1,dry,23.889253,90.423154,,,,204.0,0.19,450000.0,972.0,0.9,,76.0,499.0,335.0,34.3,23.4,7.78
REACH-Dhaka_2017-2021,canal,Tongi Khal,d/s of Hussein Dyeing,2018-02-25,2018,2,dry,23.889253,90.423154,17.5,,,113.90699999999998,0.3,,1308.0,18.5,,92.0,597.0,375.0,26.5,26.1,7.6
REACH-Dhaka_2017-2021,canal,Tongi Khal,d/s of Hussein Dyeing,2018-03-18,2018,3,dry,23.889253,90.423154,21.0,,,294.0,0.4,240000.0,2012.0,18.6,,145.0,885.0,260.0,53.1,32.1,7.23
REACH-Dhaka_2017-2021,canal,Tongi Khal,d/s of Hussein Dyeing,2018-04-22,2018,4,dry,23.889253,90.423154,5.5,,,250.0,0.4,240000.0,824.0,10.4,,110.0,382.0,110.0,63.1,29.8,7.52
REACH-Dhaka_2017-2021,canal,Tongi Khal,d/s of Hussein Dyeing,2018-05-13,2018,5,wet,23.889253,90.423154,7.5,,0.291,350.0,0.28,360000.0,603.0,1.772,,29.0,259.0,120.0,21.8,29.6,7.01
REACH-Dhaka_2017-2021,canal,Tongi Khal,d/s of Hussein Dyeing,2018-06-24,2018,6,wet,23.889253,90.423154,0.12,,,410.0,2.27,48000.0,177.8,10.632,,66.0,75.0,70.0,45.8,30.4,6.96
REACH-Dhaka_2017-2021,canal,Tongi Khal,d/s of Hussein Dyeing,2018-07-15,2018,7,wet,23.889253,90.423154,0.17,,,410.0,3.69,51000.0,173.1,0.8,,70.0,74.2,15.0,80.6,30.2,7.23
REACH-Dhaka_2017-2021,canal,Tongi Khal,d/s of Hussein Dyeing,2018-08-12,2018,8,wet,23.889253,90.423154,0.11,,,,4.15,80000.0,168.9,1.329,,59.0,71.3,50.0,129.0,30.7,7.69
REACH-Dhaka_2017-2021,canal,Tongi Khal,d/s of Hussein Dyeing,2018-09-16,2018,9,wet,23.889253,90.423154,0.41,,,94.0,4.48,58000.0,230.0,3.987,,231.0,97.5,60.0,108.0,29.6,7.38
REACH-Dhaka_2017-2021,canal,Tongi Khal,d/s of Hussein Dyeing,2018-10-14,2018,10,wet,23.889253,90.423154,0.47,,,133.41799999999995,3.04,61000.0,328.0,0.7,,19.0,138.5,65.0,19.7,26.8,7.28
REACH-Dhaka_2017-2021,canal,Tongi Khal,d/s of Hussein Dyeing,2018-11-19,2018,11,dry,23.889253,90.423154,9.6,,,350.0,0.14,,882.0,5.8,,97.0,375.0,155.0,29.9,28.1,7.36
REACH-Dhaka_2017-2021,canal,Tongi Khal,d/s of Hussein Dyeing,2018-12-12,2018,12,dry,23.889253,90.423154,6.800000000000001,,,123.0,0.11,,871.0,8.3,,92.0,322.0,240.0,40.2,24.7,7.57
REACH-Dhaka_2017-2021,canal,Tongi Khal,d/s of Hussein Dyeing,2019-01-14,2019,1,dry,23.889253,90.423154,5.2,,,592.5299999999999,0.04,,923.0,14.2,,121.0,424.0,175.0,46.2,21.8,7.6
REACH-Dhaka_2017-2021,canal,Tongi Khal,d/s of Hussein Dyeing,2019-02-12,2019,2,dry,23.889253,90.423154,20.2,,,900.0,0.02,,1116.0,16.1,,181.0,432.0,240.0,59.0,24.5,7.36
REACH-Dhaka_2017-2021,canal,Tongi Khal,d/s of Hussein Dyeing,2019-07-14,2019,7,wet,23.889253,90.423154,0.82,,,200.0,1.73,34000.0,220.6,1.7,,3.0,105.6,50.0,39.0,28.5,7.42
REACH-Dhaka_2017-2021,canal,Tongi Khal,d/s of Hussein Dyeing,2019-10-14,2019,10,wet,23.889253,90.423154,0.49,,,110.0,4.12,2000.0,179.3,2.9,,39.0,95.6,65.0,29.4,29.3,7.49
REACH-Dhaka_2017-2021,canal,Tongi Khal,d/s of Hussein Dyeing,2020-02-16,2020,2,dry,23.889253,90.423154,12.5,,,220.0,0.04,200000.0,1209.0,18.0,,108.0,606.0,315.0,34.4,24.2,7.23
REACH-Dhaka_2017-2021,canal,Tongi Khal,d/s of Hussein Dyeing,2020-08-23,2020,8,wet,23.889253,90.423154,0.3,,,270.0,4.82,32000.0,163.8,6.3,,36.0,72.0,30.0,31.6,28.4,6.95
REACH-Dhaka_2017-2021,canal,Tongi Khal,d/s of Hussein Dyeing,2020-10-11,2020,10,wet,23.889253,90.423154,0.19,,,250.0,3.84,38000.0,190.4,51.1,,37.0,80.2,30.0,26.5,31.1,7.11
REACH-Dhaka_2017-2021,canal,Tongi Khal,d/s of Hussein Dyeing,2020-12-12,2020,12,dry,23.889253,90.423154,9.1,,,109.82,3.73,250000.0,838.0,2.2,,64.0,424.0,200.0,26.9,23.0,7.26
REACH-Dhaka_2017-2021,canal,Tongi Khal,d/s of Hussein Dyeing,2021-02-13,2021,2,dry,23.889253,90.423154,27.8,,,271.319,0.4,40000.0,1538.0,11.961,,134.0,760.0,245.0,51.7,24.7,7.59
REACH-Dhaka_2017-2021,canal,Tongi Khal,d/s of Hussein Dyeing,2021-05-23,2021,5,wet,23.889253,90.423154,2.8000000000000003,,,62.5,0.09,,604.0,1.9,,20.0,252.0,145.0,8.32,33.3,7.2
REACH-Dhaka_2017-2021,canal,Tongi Khal,d/s of Hussein Dyeing,2021-07-15,2021,7,wet,23.889253,90.423154,0.4,,,84.68699999999998,3.49,340000.0,215.6,8.0,,96.0,94.3,45.0,56.2,30.4,6.94
REACH-Dhaka_2017-2021,canal,Tongi Khal,u/s Ijtema Field,2017-02-27,2017,2,dry,23.891723,90.389887,11.15,,85.0,240.0,0.43,420000.0,1116.0,0.9,,146.0,543.0,270.0,106.0,25.6,7.59
REACH-Dhaka_2017-2021,canal,Tongi Khal,u/s Ijtema Field,2017-03-08,2017,3,dry,23.891723,90.389887,4.25,,63.0,,0.27,,1690.0,35.4,,99.0,825.0,285.0,81.2,26.1,8.54
REACH-Dhaka_2017-2021,canal,Tongi Khal,u/s Ijtema Field,2017-03-18,2017,3,dry,23.891723,90.389887,,,85.0,320.0,0.28,0.0,1130.0,3.5,,97.0,539.0,259.0,66.0,26.7,7.5
REACH-Dhaka_2017-2021,canal,Tongi Khal,u/s Ijtema Field,2017-03-29,2017,3,dry,23.891723,90.389887,,,108.0,220.0,0.17,,1006.0,,,59.0,477.0,140.0,37.0,26.7,7.29
REACH-Dhaka_2017-2021,canal,Tongi Khal,u/s Ijtema Field,2017-04-18,2017,4,dry,23.891723,90.389887,,,67.0,200.0,0.28,170000.0,1400.0,2.2,,69.0,595.0,295.0,50.6,32.9,8.03
REACH-Dhaka_2017-2021,canal,Tongi Khal,u/s Ijtema Field,2017-04-29,2017,4,dry,23.891723,90.389887,3.3,,39.0,190.0,0.23,,1085.0,,,32.0,491.0,200.0,37.7,29.2,7.66
REACH-Dhaka_2017-2021,canal,Tongi Khal,u/s Ijtema Field,2017-05-13,2017,5,wet,23.891723,90.389887,17.85,,78.0,260.0,0.12,15000.0,898.0,0.4,,90.0,394.0,225.0,26.1,30.2,7.35
REACH-Dhaka_2017-2021,canal,Tongi Khal,u/s Ijtema Field,2017-05-27,2017,5,wet,23.891723,90.389887,1.6,,43.0,220.0,0.51,,528.0,5.8,,43.0,222.0,75.0,35.6,32.0,6.85
REACH-Dhaka_2017-2021,canal,Tongi Khal,u/s Ijtema Field,2017-06-18,2017,6,wet,23.891723,90.389887,0.8,,,90.0,2.79,4000.0,179.4,1.8,,42.0,78.1,15.0,34.0,29.3,7.19
REACH-Dhaka_2017-2021,canal,Tongi Khal,u/s Ijtema Field,2017-07-15,2017,7,wet,23.891723,90.389887,0.82,,,110.0,5.08,4000.0,135.1,0.9,,119.0,58.5,95.0,86.6,28.8,7.66
REACH-Dhaka_2017-2021,canal,Tongi Khal,u/s Ijtema Field,2017-07-29,2017,7,wet,23.891723,90.389887,0.53,,180.0,80.0,4.82,,148.6,4.0,,37.0,64.3,65.0,37.7,29.3,7.68
REACH-Dhaka_2017-2021,canal,Tongi Khal,u/s Ijtema Field,2017-08-12,2017,8,wet,23.891723,90.389887,0.48,,,180.0,5.66,11900.0,133.4,16.4,,41.0,57.4,120.0,54.5,29.1,8.04
REACH-Dhaka_2017-2021,canal,Tongi Khal,u/s Ijtema Field,2017-08-25,2017,8,wet,23.891723,90.389887,0.05,,,290.0,4.48,,158.4,25.9,,33.0,65.5,60.0,21.4,31.0,7.94
REACH-Dhaka_2017-2021,canal,Tongi Khal,u/s Ijtema Field,2017-09-16,2017,9,wet,23.891723,90.389887,3.36,,,220.0,4.77,40000.0,146.6,19.8,,35.0,62.3,80.0,38.7,30.4,7.77
REACH-Dhaka_2017-2021,canal,Tongi Khal,u/s Ijtema Field,2017-09-28,2017,9,wet,23.891723,90.389887,2.3,,,160.0,4.83,,177.3,2.2,,5.0,74.6,90.0,23.0,30.9,6.62
REACH-Dhaka_2017-2021,canal,Tongi Khal,u/s Ijtema Field,2017-10-15,2017,10,wet,23.891723,90.389887,0.23,,,130.0,5.2,156000.0,160.3,71.6,,19.0,68.5,145.0,31.7,30.3,6.77
REACH-Dhaka_2017-2021,canal,Tongi Khal,u/s Ijtema Field,2017-10-28,2017,10,wet,23.891723,90.389887,0.29,,,110.0,4.48,,154.0,4.4,,16.0,69.1,20.0,24.9,27.3,7.06
REACH-Dhaka_2017-2021,canal,Tongi Khal,u/s Ijtema Field,2017-11-11,2017,11,dry,23.891723,90.389887,0.21,,,130.0,4.31,6000.0,233.0,10.8,,38.0,104.2,5.0,24.1,27.3,7.32
REACH-Dhaka_2017-2021,canal,Tongi Khal,u/s Ijtema Field,2017-11-20,2017,11,dry,23.891723,90.389887,0.64,,,360.0,1.61,,777.0,13.4,,7.0,343.0,55.0,19.0,26.7,7.4
REACH-Dhaka_2017-2021,canal,Tongi Khal,u/s Ijtema Field,2017-12-17,2017,12,dry,23.891723,90.389887,0.17,,,200.0,0.84,120000.0,679.0,36.8,,34.0,327.0,115.0,37.0,22.6,7.7
REACH-Dhaka_2017-2021,canal,Tongi Khal,u/s Ijtema Field,2018-01-24,2018,1,dry,23.891723,90.389887,3.6,,,174.0,0.19,120000.0,1109.0,0.6,,53.0,540.0,205.0,58.9,22.8,8.26
REACH-Dhaka_2017-2021,canal,Tongi Khal,u/s Ijtema Field,2018-02-25,2018,2,dry,23.891723,90.389887,5.8,,,224.028,0.19,,1103.0,15.0,,81.0,519.0,280.0,78.3,26.0,8.15
REACH-Dhaka_2017-2021,canal,Tongi Khal,u/s Ijtema Field,2018-03-18,2018,3,dry,23.891723,90.389887,19.9,,,120.0,0.25,240000.0,1023.0,2.2142857142857144,,122.0,462.0,270.0,53.7,29.3,7.13
REACH-Dhaka_2017-2021,canal,Tongi Khal,u/s Ijtema Field,2018-04-22,2018,4,dry,23.891723,90.389887,2.8000000000000003,,,260.0,0.21,90000.0,1173.0,6.7,,80.0,528.0,235.0,47.6,29.8,7.54
REACH-Dhaka_2017-2021,canal,Tongi Khal,u/s Ijtema Field,2018-05-13,2018,5,wet,23.891723,90.389887,3.9,,0.236,330.0,0.27,14000.0,327.0,7.088,,37.0,183.4,50.0,26.8,28.6,6.66
REACH-Dhaka_2017-2021,canal,Tongi Khal,u/s Ijtema Field,2018-06-24,2018,6,wet,23.891723,90.389887,0.14,,,350.0,3.1,8000.0,148.0,10.632,,56.0,67.6,45.0,54.5,30.2,7.1
REACH-Dhaka_2017-2021,canal,Tongi Khal,u/s Ijtema Field,2018-07-15,2018,7,wet,23.891723,90.389887,0.01,,,330.0,4.68,64000.0,155.0,1.1,,66.0,65.6,20.0,80.8,30.2,7.14
REACH-Dhaka_2017-2021,canal,Tongi Khal,u/s Ijtema Field,2018-08-12,2018,8,wet,23.891723,90.389887,0.04,,,,4.89,11000.0,154.8,0.443,,94.0,65.4,60.0,126.0,30.3,7.43
REACH-Dhaka_2017-2021,canal,Tongi Khal,u/s Ijtema Field,2018-09-16,2018,9,wet,23.891723,90.389887,0.14,,,124.0,5.13,9000.0,216.3,1.772,,241.0,91.5,50.0,108.0,29.2,7.75
REACH-Dhaka_2017-2021,canal,Tongi Khal,u/s Ijtema Field,2018-10-14,2018,10,wet,23.891723,90.389887,0.17,,,253.54999999999995,4.18,3000.0,308.0,0.7,,23.0,128.5,55.0,18.3,26.6,7.35
REACH-Dhaka_2017-2021,canal,Tongi Khal,u/s Ijtema Field,2018-11-19,2018,11,dry,23.891723,90.389887,1.75,,,380.0,0.34,,555.0,1.5,,77.0,238.0,150.0,32.9,30.9,7.74
REACH-Dhaka_2017-2021,canal,Tongi Khal,u/s Ijtema Field,2018-12-12,2018,12,dry,23.891723,90.389887,1.9,,,275.0,0.13,,793.0,2.5,,137.0,287.0,205.0,57.4,23.5,7.28
REACH-Dhaka_2017-2021,canal,Tongi Khal,u/s Ijtema Field,2019-01-14,2019,1,dry,23.891723,90.389887,0.4,,,592.5299999999999,0.03,,914.0,4.5,,199.0,451.0,185.0,67.9,20.7,7.6
REACH-Dhaka_2017-2021,canal,Tongi Khal,u/s Ijtema Field,2019-02-11,2019,2,dry,23.891723,90.389887,8.5,,,840.0,0.04,,1081.0,32.5,,133.0,468.0,260.0,44.1,23.1,7.08
REACH-Dhaka_2017-2021,canal,Tongi Khal,u/s Ijtema Field,2019-07-14,2019,7,wet,23.891723,90.389887,0.34,,,190.0,3.29,19000.0,189.3,2.9,,60.0,83.8,45.0,40.2,28.6,7.45
REACH-Dhaka_2017-2021,canal,Tongi Khal,u/s Ijtema Field,2019-10-14,2019,10,wet,23.891723,90.389887,0.19,,,140.0,5.37,0.0,164.1,2.7,,32.0,87.2,70.0,28.4,29.1,7.57
REACH-Dhaka_2017-2021,canal,Tongi Khal,u/s Ijtema Field,2020-02-16,2020,2,dry,23.891723,90.389887,11.85,,,140.0,0.12,210000.0,1306.0,8.3,,100.0,673.0,330.0,40.7,23.5,7.58
REACH-Dhaka_2017-2021,canal,Tongi Khal,u/s Ijtema Field,2020-08-23,2020,8,wet,23.891723,90.389887,0.13,,,130.0,4.9,21000.0,156.0,4.4,,42.0,68.5,55.0,33.2,28.9,6.89
REACH-Dhaka_2017-2021,canal,Tongi Khal,u/s Ijtema Field,2020-10-11,2020,10,wet,23.891723,90.389887,0.18,,,180.0,4.9,3000.0,169.2,9.6,,39.0,71.4,25.0,26.3,30.9,7.26
REACH-Dhaka_2017-2021,canal,Tongi Khal,u/s Ijtema Field,2020-12-12,2020,12,dry,23.891723,90.389887,6.1,,,159.87,4.03,20000.0,610.0,1.6,,45.0,314.0,230.0,18.0,22.4,7.09
REACH-Dhaka_2017-2021,canal,Tongi Khal,u/s Ijtema Field,2021-02-13,2021,2,dry,23.891723,90.389887,11.2,,,221.264,0.56,50000.0,1257.0,18.606,,110.0,652.0,235.0,38.1,23.0,7.89
REACH-Dhaka_2017-2021,canal,Tongi Khal,u/s Ijtema Field,2021-05-23,2021,5,wet,23.891723,90.389887,1.5,,,42.5,0.59,,512.0,3.5,,16.0,210.5,135.0,7.54,33.3,7.24
REACH-Dhaka_2017-2021,canal,Tongi Khal,u/s Ijtema Field,2021-07-15,2021,7,wet,23.891723,90.389887,0.175,,,104.70899999999996,4.62,10000.0,185.6,8.4,,114.0,79.4,40.0,70.1,30.3,6.86
REACH-Dhaka_2017-2021,canal,Tongi Khal,u/s of Balu Confluence,2018-02-25,2018,2,dry,23.887244,90.459946,24.0,,,163.962,0.29,,1227.0,25.5,,97.0,578.0,380.0,22.3,26.2,7.76
REACH-Dhaka_2017-2021,canal,Tongi Khal,u/s of Balu Confluence,2018-03-18,2018,3,dry,23.887244,90.459946,22.8,,,192.0,0.34,460000.0,1430.0,8.857142857142858,,78.0,639.0,415.0,34.1,28.6,7.54
REACH-Dhaka_2017-2021,canal,Tongi Khal,u/s of Balu Confluence,2018-04-22,2018,4,dry,23.887244,90.459946,10.7,,,250.0,0.22,400000.0,829.0,5.9,,111.0,384.0,170.0,40.5,27.4,7.35
REACH-Dhaka_2017-2021,canal,Tongi Khal,u/s of Balu Confluence,2018-05-13,2018,5,wet,23.887244,90.459946,11.3,,0.162,340.0,0.19,128000.0,478.0,6.645,,49.0,227.0,165.0,20.1,29.6,7.12
REACH-Dhaka_2017-2021,canal,Tongi Khal,u/s of Balu Confluence,2018-06-24,2018,6,wet,23.887244,90.459946,0.08,,,350.0,0.59,52000.0,208.7,6.201999999999999,,58.0,88.7,65.0,28.2,30.1,7.0
REACH-Dhaka_2017-2021,canal,Tongi Khal,u/s of Balu Confluence,2018-07-15,2018,7,wet,23.887244,90.459946,0.15,,,430.0,2.31,31000.0,175.3,1.4,,62.0,74.0,20.0,61.1,30.3,7.05
REACH-Dhaka_2017-2021,canal,Tongi Khal,u/s of Balu Confluence,2018-08-12,2018,8,wet,23.887244,90.459946,0.13,,,,2.73,37000.0,172.9,2.215,,28.0,73.0,40.0,84.8,30.6,7.81
REACH-Dhaka_2017-2021,canal,Tongi Khal,u/s of Balu Confluence,2018-09-16,2018,9,wet,23.887244,90.459946,0.47,,,64.0,3.01,27000.0,828.0,4.873,,114.0,305.0,65.0,75.2,39.6,7.47
REACH-Dhaka_2017-2021,canal,Tongi Khal,u/s of Balu Confluence,2018-10-14,2018,10,wet,23.887244,90.459946,0.41,,,113.39599999999996,1.01,29000.0,434.0,0.6,,31.0,173.6,140.0,20.1,27.1,7.98
REACH-Dhaka_2017-2021,canal,Tongi Khal,u/s of Balu Confluence,2018-11-19,2018,11,dry,23.887244,90.459946,9.7,,,390.0,0.15,,843.0,5.8,,71.0,368.0,195.0,26.5,26.4,7.64
REACH-Dhaka_2017-2021,canal,Tongi Khal,u/s of Balu Confluence,2018-12-12,2018,12,dry,23.887244,90.459946,8.7,,,204.0,0.07,,779.0,4.8,,96.0,362.0,255.0,32.0,23.6,7.14
REACH-Dhaka_2017-2021,canal,Tongi Khal,u/s of Balu Confluence,2019-01-14,2019,1,dry,23.887244,90.459946,11.5,,,1293.2999999999995,0.02,,1127.0,4.6,,110.0,536.0,255.0,31.7,22.4,7.55
REACH-Dhaka_2017-2021,canal,Tongi Khal,u/s of Balu Confluence,2019-02-12,2019,2,dry,23.887244,90.459946,26.1,,,835.0,0.08,,1450.0,4.4,,148.0,582.0,365.0,37.9,24.0,7.55
REACH-Dhaka_2017-2021,canal,Tongi Khal,u/s of Balu Confluence,2019-07-14,2019,7,wet,23.887244,90.459946,2.27,,,200.0,0.17,46000.0,311.0,1.5,,35.0,138.8,85.0,36.3,28.5,7.4
REACH-Dhaka_2017-2021,canal,Tongi Khal,u/s of Balu Confluence,2019-10-14,2019,10,wet,23.887244,90.459946,1.02,,,160.0,1.83,0.0,232.0,4.3,,20.0,118.6,70.0,17.53,29.7,7.37
REACH-Dhaka_2017-2021,canal,Tongi Khal,u/s of Balu Confluence,2020-02-16,2020,2,dry,23.887244,90.459946,25.0,,,210.0,0.05,180000.0,1349.0,6.1,,102.0,692.0,420.0,30.6,23.7,7.34
REACH-Dhaka_2017-2021,canal,Tongi Khal,u/s of Balu Confluence,2020-08-23,2020,8,wet,23.887244,90.459946,0.29,,,210.0,3.79,49000.0,167.8,2.5,,29.0,73.5,50.0,23.1,29.0,6.95
REACH-Dhaka_2017-2021,canal,Tongi Khal,u/s of Balu Confluence,2020-10-11,2020,10,wet,23.887244,90.459946,0.64,,,240.0,2.87,15000.0,213.8,31.4,,25.0,89.8,40.0,11.34,31.3,7.17
REACH-Dhaka_2017-2021,canal,Tongi Khal,u/s of Balu Confluence,2020-12-12,2020,12,dry,23.887244,90.459946,11.8,,,9.708999999999977,3.05,50000.0,923.0,3.1,,65.0,475.0,260.0,22.9,23.1,7.35
REACH-Dhaka_2017-2021,canal,Tongi Khal,u/s of Balu Confluence,2021-02-13,2021,2,dry,23.887244,90.459946,30.9,,,291.34099999999995,0.38,10000.0,1561.0,29.681,,118.0,802.0,255.0,31.2,23.8,7.63
REACH-Dhaka_2017-2021,canal,Tongi Khal,u/s of Balu Confluence,2021-05-23,2021,5,wet,23.887244,90.459946,8.7,,,122.5,0.03,,1025.0,12.6,,66.0,432.0,245.0,18.01,33.1,7.48
REACH-Dhaka_2017-2021,canal,Tongi Khal,u/s of Balu Confluence,2021-07-15,2021,7,wet,23.887244,90.459946,0.425,,,154.76399999999998,1.77,40000.0,219.2,7.6,,57.0,93.2,55.0,38.4,30.7,6.97
REACH-Dhaka_2017-2021,river,Balu,Beraid,2017-02-27,2017,2,dry,23.777697,90.477899,25.4,,108.0,170.0,0.63,2300000.0,1040.0,3.1,,157.0,501.0,270.0,63.7,27.7,7.32
REACH-Dhaka_2017-2021,river,Balu,Beraid,2017-03-18,2017,3,dry,23.777697,90.477899,,,146.0,290.0,0.22,1660000.0,1107.0,7.5,,544.0,525.0,379.0,180.0,26.8,7.61
REACH-Dhaka_2017-2021,river,Balu,Beraid,2017-03-29,2017,3,dry,23.777697,90.477899,,,152.0,210.0,0.27,,1125.0,,,51.0,525.0,240.0,49.7,27.7,7.48
REACH-Dhaka_2017-2021,river,Balu,Beraid,2017-04-18,2017,4,dry,23.777697,90.477899,,,67.0,100.0,0.17,1400000.0,976.0,3.1,,82.0,432.0,320.0,70.7,30.0,7.54
REACH-Dhaka_2017-2021,river,Balu,Beraid,2017-04-29,2017,4,dry,23.777697,90.477899,10.55,,71.0,220.0,0.18,,589.0,,,38.0,259.0,170.0,23.6,30.1,7.6
REACH-Dhaka_2017-2021,river,Balu,Beraid,2017-05-13,2017,5,wet,23.777697,90.477899,7.7,,52.0,180.0,0.16,48000.0,779.0,4.0,,52.0,335.0,235.0,45.3,31.2,7.55
REACH-Dhaka_2017-2021,river,Balu,Beraid,2017-05-27,2017,5,wet,23.777697,90.477899,9.05,,69.0,230.0,0.16,,573.0,11.1,,44.0,89.2,130.0,26.1,32.1,7.27
REACH-Dhaka_2017-2021,river,Balu,Beraid,2017-06-18,2017,6,wet,23.777697,90.477899,3.65,,0.0,150.0,0.58,20000.0,288.0,0.9,,22.0,125.4,50.0,16.47,29.4,7.28
REACH-Dhaka_2017-2021,river,Balu,Beraid,2017-07-15,2017,7,wet,23.777697,90.477899,1.07,,,60.0,4.5,6000.0,171.9,3.5,,38.0,73.6,60.0,11.8,30.6,7.58
REACH-Dhaka_2017-2021,river,Balu,Beraid,2017-08-12,2017,8,wet,23.777697,90.477899,0.46,,,250.0,3.15,24500.0,170.7,6.0,,46.0,74.5,100.0,14.49,29.0,7.71
REACH-Dhaka_2017-2021,river,Balu,Beraid,2017-08-25,2017,8,wet,23.777697,90.477899,0.24,,,200.0,2.66,,176.9,9.1,,22.0,74.1,60.0,15.67,31.1,7.66
REACH-Dhaka_2017-2021,river,Balu,Beraid,2017-09-16,2017,9,wet,23.777697,90.477899,1.15,,,230.0,2.48,33000.0,184.9,4.3,,12.0,78.1,70.0,11.7,31.7,7.8
REACH-Dhaka_2017-2021,river,Balu,Beraid,2017-09-28,2017,9,wet,23.777697,90.477899,3.05,,,240.0,1.87,,191.1,1.7,,4.0,80.1,90.0,13.1,31.3,7.09
REACH-Dhaka_2017-2021,river,Balu,Beraid,2017-10-15,2017,10,wet,23.777697,90.477899,0.19,,,140.0,3.02,184000.0,199.2,9.5,,26.0,81.5,165.0,19.82,30.7,7.21
REACH-Dhaka_2017-2021,river,Balu,Beraid,2017-10-28,2017,10,wet,23.777697,90.477899,0.32,,,60.0,3.45,,163.1,16.0,,12.0,72.4,15.0,14.59,28.4,7.1
REACH-Dhaka_2017-2021,river,Balu,Beraid,2017-11-11,2017,11,dry,23.777697,90.477899,0.99,,,200.0,2.29,32000.0,251.4,19.9,,47.0,96.4,15.0,28.4,28.1,7.1
REACH-Dhaka_2017-2021,river,Balu,Beraid,2017-11-20,2017,11,dry,23.777697,90.477899,2.7,,,400.0,0.29,,342.0,4.7,,19.0,157.5,60.0,35.7,27.1,7.36
REACH-Dhaka_2017-2021,river,Balu,Beraid,2017-12-17,2017,12,dry,23.777697,90.477899,6.5,,,190.0,0.3,200000.0,604.0,1.3,,42.0,298.0,145.0,34.4,24.1,7.54
REACH-Dhaka_2017-2021,river,Balu,Beraid,2018-01-24,2018,1,dry,23.777697,90.477899,,,,184.0,0.31,190000.0,989.0,4.0,,89.0,510.0,290.0,41.5,23.5,7.62
REACH-Dhaka_2017-2021,river,Balu,Beraid,2018-02-25,2018,2,dry,23.777697,90.477899,15.8,,,234.039,0.26,,1113.0,23.0,,172.0,528.0,360.0,48.8,26.5,7.87
REACH-Dhaka_2017-2021,river,Balu,Beraid,2018-03-18,2018,3,dry,23.777697,90.477899,27.9,,,184.0,0.31,150000.0,965.0,8.414285714285715,,108.0,429.0,325.0,38.7,28.5,7.35
REACH-Dhaka_2017-2021,river,Balu,Beraid,2018-04-22,2018,4,dry,23.777697,90.477899,11.2,,,230.0,0.18,750000.0,836.0,11.8,,68.0,379.0,225.0,47.2,28.9,7.3
REACH-Dhaka_2017-2021,river,Balu,Beraid,2018-05-13,2018,5,wet,23.777697,90.477899,4.5,,0.302,240.0,0.24,45000.0,449.0,2.658,,26.0,196.7,85.0,15.06,29.6,7.08
REACH-Dhaka_2017-2021,river,Balu,Beraid,2018-06-24,2018,6,wet,23.777697,90.477899,0.09,,,360.0,2.56,24000.0,196.5,7.531,,20.0,82.0,45.0,8.65,30.5,7.09
REACH-Dhaka_2017-2021,river,Balu,Beraid,2018-07-15,2018,7,wet,23.777697,90.477899,0.24,,,500.0,3.06,36000.0,187.4,1.5,,34.0,77.8,,11.65,31.5,7.12
REACH-Dhaka_2017-2021,river,Balu,Beraid,2018-08-12,2018,8,wet,23.777697,90.477899,0.26,,,,2.34,4000.0,187.3,3.987,,15.0,78.6,40.0,18.4,31.0,7.56
REACH-Dhaka_2017-2021,river,Balu,Beraid,2018-09-16,2018,9,wet,23.777697,90.477899,0.78,,,104.0,2.02,5000.0,636.0,6.645,,37.0,241.0,65.0,18.9,30.5,7.52
REACH-Dhaka_2017-2021,river,Balu,Beraid,2018-10-14,2018,10,wet,23.777697,90.477899,0.78,,,173.462,1.0,5000.0,361.0,0.3,,11.0,146.2,50.0,8.51,27.0,7.37
REACH-Dhaka_2017-2021,river,Balu,Beraid,2018-11-19,2018,11,dry,23.777697,90.477899,7.15,,,400.0,0.19,,485.0,3.8,,107.0,213.6,135.0,44.1,25.5,7.69
REACH-Dhaka_2017-2021,river,Balu,Beraid,2018-12-12,2018,12,dry,23.777697,90.477899,9.8,,,164.0,0.04,,727.0,3.9,,248.0,343.0,295.0,54.3,23.2,7.42
REACH-Dhaka_2017-2021,river,Balu,Beraid,2019-01-14,2019,1,dry,23.777697,90.477899,14.9,,,592.5299999999999,0.0,,986.0,6.3,,127.0,480.0,295.0,41.8,21.9,7.19
REACH-Dhaka_2017-2021,river,Balu,Beraid,2019-02-12,2019,2,dry,23.777697,90.477899,22.7,,,815.0,0.04,,1173.0,9.1,,223.0,556.0,345.0,66.5,23.1,7.33
REACH-Dhaka_2017-2021,river,Balu,Beraid,2019-07-14,2019,7,wet,23.777697,90.477899,2.31,,,180.0,0.51,6700.0,298.0,1.1,,24.0,132.0,70.0,14.02,28.7,7.38
REACH-Dhaka_2017-2021,river,Balu,Beraid,2019-10-14,2019,10,wet,23.777697,90.477899,1.17,,,180.0,1.45,0.0,190.6,4.1,,18.0,100.5,65.0,15.52,29.9,7.25
REACH-Dhaka_2017-2021,river,Balu,Beraid,2020-02-16,2020,2,dry,23.777697,90.477899,19.25,,,160.0,0.07,22000.0,1206.0,15.1,,171.0,635.0,415.0,49.7,22.0,7.46
REACH-Dhaka_2017-2021,river,Balu,Beraid,2020-08-23,2020,8,wet,23.777697,90.477899,0.67,,,100.0,2.5,6100.0,202.6,5.7,,13.0,89.2,45.0,9.73,28.9,6.84
REACH-Dhaka_2017-2021,river,Balu,Beraid,2020-10-11,2020,10,wet,23.777697,90.477899,0.92,,,280.0,2.7,13000.0,238.0,14.3,,27.0,99.9,35.0,14.1,31.5,6.96
REACH-Dhaka_2017-2021,river,Balu,Beraid,2020-12-12,2020,12,dry,23.777697,90.477899,13.4,,,69.77499999999998,3.01,150000.0,618.0,5.6,,148.0,317.0,230.0,45.1,22.5,6.84
REACH-Dhaka_2017-2021,river,Balu,Beraid,2021-02-13,2021,2,dry,23.777697,90.477899,31.2,,,261.308,0.26,120000.0,958.0,36.769,,184.0,488.0,245.0,48.8,23.3,7.2
REACH-Dhaka_2017-2021,river,Balu,Beraid,2021-05-23,2021,5,wet,23.777697,90.477899,11.6,,,142.5,0.0,,1150.0,5.9,,86.0,485.0,285.0,32.9,33.1,7.47
REACH-Dhaka_2017-2021,river,Balu,Beraid,2021-07-15,2021,7,wet,23.777697,90.477899,0.5,,,134.742,2.38,900.0,246.0,9.6,,20.0,104.4,55.0,10.72,31.1,6.94
REACH-Dhaka_2017-2021,river,Balu,"Daripara Bridge, Pubail",2020-08-23,2020,8,wet,23.932083,90.490815,0.35,,,130.0,4.19,10000.0,207.2,4.6,,6.0,91.2,55.0,8.33,28.9,7.02
REACH-Dhaka_2017-2021,river,Balu,"Daripara Bridge, Pubail",2020-10-11,2020,10,wet,23.932083,90.490815,0.23,,,200.0,5.04,8000.0,169.6,41.9,,12.0,70.4,30.0,7.5,31.8,7.04
REACH-Dhaka_2017-2021,river,Balu,"Daripara Bridge, Pubail",2020-12-12,2020,12,dry,23.932083,90.490815,1.8,,,49.75299999999999,3.41,0.0,281.0,5.0,,18.0,147.4,120.0,11.68,20.8,6.85
REACH-Dhaka_2017-2021,river,Balu,"Daripara Bridge, Pubail",2021-02-13,2021,2,dry,23.932083,90.490815,25.9,,,291.34099999999995,0.45,200000.0,1359.0,13.29,,99.0,712.0,155.0,31.3,22.6,7.62
REACH-Dhaka_2017-2021,river,Balu,"Daripara Bridge, Pubail",2021-05-23,2021,5,wet,23.932083,90.490815,4.5,,,132.5,0.07,,1135.0,5.3,,22.0,475.0,320.0,15.13,33.5,7.34
REACH-Dhaka_2017-2021,river,Balu,"Daripara Bridge, Pubail",2021-07-15,2021,7,wet,23.932083,90.490815,0.6,,,134.742,4.21,1800.0,253.0,21.1,,12.0,105.9,60.0,4.76,31.7,6.93
REACH-Dhaka_2017-2021,river,Balu,Demra (u/s of confluence),2017-02-27,2017,2,dry,23.727908,90.500953,16.4,,74.0,220.0,0.2,220000.0,1063.0,1.3,,163.0,503.0,305.0,146.0,27.8,7.54
REACH-Dhaka_2017-2021,river,Balu,Demra (u/s of confluence),2017-03-08,2017,3,dry,23.727908,90.500953,20.9,,55.0,,0.23,,1098.0,4.9,,138.0,520.0,230.0,146.0,26.1,7.45
REACH-Dhaka_2017-2021,river,Balu,Demra (u/s of confluence),2017-03-18,2017,3,dry,23.727908,90.500953,,,61.0,340.0,0.25,0.0,1057.0,3.5,,93.0,502.0,314.0,147.0,26.7,7.54
REACH-Dhaka_2017-2021,river,Balu,Demra (u/s of confluence),2017-03-29,2017,3,dry,23.727908,90.500953,,,123.0,160.0,0.31,,1205.0,,,35.0,547.0,375.0,28.5,29.9,7.71
REACH-Dhaka_2017-2021,river,Balu,Demra (u/s of confluence),2017-04-18,2017,4,dry,23.727908,90.500953,,,32.0,130.0,0.2,1380000.0,691.0,16.8,,35.0,303.0,155.0,29.3,30.0,7.58
REACH-Dhaka_2017-2021,river,Balu,Demra (u/s of confluence),2017-04-29,2017,4,dry,23.727908,90.500953,2.75,,50.0,180.0,0.59,,319.0,,,16.0,140.3,90.0,0.71,29.2,7.63
REACH-Dhaka_2017-2021,river,Balu,Demra (u/s of confluence),2017-05-13,2017,5,wet,23.727908,90.500953,1.9,,21.0,210.0,0.25,15000.0,266.0,3.1,,24.0,122.2,85.0,57.6,30.4,7.52
REACH-Dhaka_2017-2021,river,Balu,Demra (u/s of confluence),2017-05-27,2017,5,wet,23.727908,90.500953,0.45,,31.0,240.0,0.68,,198.7,7.5,,22.0,79.0,45.0,22.5,32.4,7.39
REACH-Dhaka_2017-2021,river,Balu,Demra (u/s of confluence),2017-06-18,2017,6,wet,23.727908,90.500953,3.5,,,90.0,0.24,4000.0,340.0,0.9,,30.0,149.0,120.0,24.3,29.4,7.17
REACH-Dhaka_2017-2021,river,Balu,Demra (u/s of confluence),2017-07-15,2017,7,wet,23.727908,90.500953,2.34,,,60.0,1.29,4000.0,215.5,5.3,,72.0,92.0,45.0,10.15,30.5,7.26
REACH-Dhaka_2017-2021,river,Balu,Demra (u/s of confluence),2017-07-29,2017,7,wet,23.727908,90.500953,2.34,,210.0,60.0,1.0,,234.0,4.9,,21.0,101.7,95.0,20.8,29.4,7.16
REACH-Dhaka_2017-2021,river,Balu,Demra (u/s of confluence),2017-08-12,2017,8,wet,23.727908,90.500953,1.47,,,210.0,7.69,10500.0,202.7,10.0,,32.0,88.6,140.0,9.59,28.3,7.45
REACH-Dhaka_2017-2021,river,Balu,Demra (u/s of confluence),2017-08-25,2017,8,wet,23.727908,90.500953,1.29,,,240.0,1.37,,204.4,17.0,,12.0,86.2,75.0,9.53,30.9,7.48
REACH-Dhaka_2017-2021,river,Balu,Demra (u/s of confluence),2017-09-16,2017,9,wet,23.727908,90.500953,1.92,,,270.0,1.3,13000.0,234.0,20.6,,12.0,98.9,65.0,30.0,30.9,7.68
REACH-Dhaka_2017-2021,river,Balu,Demra (u/s of confluence),2017-09-28,2017,9,wet,23.727908,90.500953,1.09,,,210.0,0.42,,236.0,2.9,,5.0,99.3,120.0,12.47,31.0,7.19
REACH-Dhaka_2017-2021,river,Balu,Demra (u/s of confluence),2017-10-15,2017,10,wet,23.727908,90.500953,,,,160.0,0.63,152000.0,260.0,10.0,,39.0,111.1,185.0,27.3,30.3,7.23
REACH-Dhaka_2017-2021,river,Balu,Demra (u/s of confluence),2017-10-28,2017,10,wet,23.727908,90.500953,1.61,,,60.0,1.56,,206.0,32.3,,16.0,91.8,40.0,17.6,28.2,7.15
REACH-Dhaka_2017-2021,river,Balu,Demra (u/s of confluence),2017-11-11,2017,11,dry,23.727908,90.500953,2.05,,,370.0,0.52,34000.0,258.0,17.8,,55.0,115.9,30.0,30.5,28.0,7.04
REACH-Dhaka_2017-2021,river,Balu,Demra (u/s of confluence),2017-11-20,2017,11,dry,23.727908,90.500953,1.8,,,210.0,0.5,,314.0,10.7,,7.0,142.2,80.0,17.75,27.8,7.3
REACH-Dhaka_2017-2021,river,Balu,Demra (u/s of confluence),2017-12-17,2017,12,dry,23.727908,90.500953,1.93,,,120.0,0.29,60000.0,457.0,16.6,,23.0,222.0,110.0,16.83,24.1,7.63
REACH-Dhaka_2017-2021,river,Balu,Demra (u/s of confluence),2018-01-24,2018,1,dry,23.727908,90.500953,,,,164.0,0.45,50000.0,593.0,1.5,,39.0,301.0,205.0,29.6,22.8,7.69
REACH-Dhaka_2017-2021,river,Balu,Demra (u/s of confluence),2018-02-25,2018,2,dry,23.727908,90.500953,20.7,,,364.1819999999999,0.37,,972.0,18.5,,148.0,453.0,235.0,34.5,26.1,7.43
REACH-Dhaka_2017-2021,river,Balu,Demra (u/s of confluence),2018-03-18,2018,3,dry,23.727908,90.500953,14.7,,,166.0,0.35,630000.0,977.0,3.542857142857143,,70.0,432.0,290.0,31.4,29.0,7.43
REACH-Dhaka_2017-2021,river,Balu,Demra (u/s of confluence),2018-04-22,2018,4,dry,23.727908,90.500953,12.5,,,350.0,0.31,770000.0,675.0,6.2,,33.0,303.0,140.0,31.2,28.6,7.4
REACH-Dhaka_2017-2021,river,Balu,Demra (u/s of confluence),2018-05-13,2018,5,wet,23.727908,90.500953,6.3,,0.344,220.0,0.16,33000.0,518.0,3.544,,26.0,228.0,125.0,20.9,28.4,7.04
REACH-Dhaka_2017-2021,river,Balu,Demra (u/s of confluence),2018-06-24,2018,6,wet,23.727908,90.500953,0.18,,,330.0,0.34,56000.0,259.0,4.873,,16.0,110.1,90.0,12.45,30.9,7.06
REACH-Dhaka_2017-2021,river,Balu,Demra (u/s of confluence),2018-07-15,2018,7,wet,23.727908,90.500953,0.06,,,330.0,4.61,23000.0,166.1,1.9,,66.0,68.2,,81.0,31.4,7.16
REACH-Dhaka_2017-2021,river,Balu,Demra (u/s of confluence),2018-08-12,2018,8,wet,23.727908,90.500953,1.3,,,,0.35,68000.0,223.0,3.1009999999999995,,16.0,93.9,96.0,12.2,30.5,7.38
REACH-Dhaka_2017-2021,river,Balu,Demra (u/s of confluence),2018-09-16,2018,9,wet,23.727908,90.500953,2.8,,,104.0,0.3,139000.0,717.0,5.759,,30.0,257.0,65.0,13.81,30.5,7.62
REACH-Dhaka_2017-2021,river,Balu,Demra (u/s of confluence),2018-10-14,2018,10,wet,23.727908,90.500953,2.1,,,213.506,0.23,35000.0,391.0,0.4,,20.0,156.6,80.0,12.3,27.0,7.45
REACH-Dhaka_2017-2021,river,Balu,Demra (u/s of confluence),2018-11-19,2018,11,dry,23.727908,90.500953,9.35,,,300.0,0.18,,529.0,5.1,,154.0,236.0,120.0,44.2,25.9,7.6
REACH-Dhaka_2017-2021,river,Balu,Demra (u/s of confluence),2018-12-12,2018,12,dry,23.727908,90.500953,3.6,,,164.0,0.04,,616.0,4.7,,100.0,278.0,190.0,38.5,24.4,7.55
REACH-Dhaka_2017-2021,river,Balu,Demra (u/s of confluence),2019-01-14,2019,1,dry,23.727908,90.500953,2.9,,,492.4199999999999,0.0,,678.0,11.9,,59.0,327.0,205.0,23.3,22.1,7.55
REACH-Dhaka_2017-2021,river,Balu,Demra (u/s of confluence),2019-02-12,2019,2,dry,23.727908,90.500953,13.6,,,775.0,0.02,,910.0,23.1,,122.0,438.0,210.0,37.6,23.3,7.35
REACH-Dhaka_2017-2021,river,Balu,Demra (u/s of confluence),2019-03-12,2019,3,dry,23.727908,90.500953,14.65,,,505.0,0.1,,972.0,14.9,,125.0,388.8,255.0,37.9,26.1,7.32
REACH-Dhaka_2017-2021,river,Balu,Demra (u/s of confluence),2019-04-22,2019,4,dry,23.727908,90.500953,12.7,,,465.0,0.14,,648.0,1.9,,173.0,259.2,165.0,42.9,30.7,7.27
REACH-Dhaka_2017-2021,river,Balu,Demra (u/s of confluence),2019-05-13,2019,5,wet,23.727908,90.500953,11.75,,,490.0,0.15,,879.0,3.1,,129.0,379.0,210.0,52.1,31.6,7.26
REACH-Dhaka_2017-2021,river,Balu,Demra (u/s of confluence),2019-06-17,2019,6,wet,23.727908,90.500953,,,,220.0,0.59,,166.9,4.2,,27.0,65.3,45.0,15.36,31.7,7.23
REACH-Dhaka_2017-2021,river,Balu,Demra (u/s of confluence),2019-07-14,2019,7,wet,23.727908,90.500953,,,,160.0,0.17,4300.0,343.0,1.5,,17.0,161.9,110.0,24.0,28.7,7.33
REACH-Dhaka_2017-2021,river,Balu,Demra (u/s of confluence),2019-08-19,2019,8,wet,23.727908,90.500953,1.93,,,210.0,1.03,2400.0,115.2,10.8,,23.0,115.2,65.0,15.65,30.5,7.49
REACH-Dhaka_2017-2021,river,Balu,Demra (u/s of confluence),2019-09-16,2019,9,wet,23.727908,90.500953,0.84,,,190.0,1.56,100.0,243.0,3.6,,12.0,123.2,90.0,10.17,31.5,7.53
REACH-Dhaka_2017-2021,river,Balu,Demra (u/s of confluence),2019-10-14,2019,10,wet,23.727908,90.500953,2.46,,,150.0,0.18,13000.0,242.0,3.6,,11.0,127.4,80.0,10.82,29.8,7.2
REACH-Dhaka_2017-2021,river,Balu,Demra (u/s of confluence),2019-11-19,2019,11,dry,23.727908,90.500953,4.7,,,170.0,0.17,0.0,388.0,5.3,,55.0,187.2,40.0,24.0,26.9,7.2
REACH-Dhaka_2017-2021,river,Balu,Demra (u/s of confluence),2019-12-15,2019,12,dry,23.727908,90.500953,4.3,,,100.0,0.14,,521.0,,,34.0,255.0,170.0,18.71,24.6,7.39
REACH-Dhaka_2017-2021,river,Balu,Demra (u/s of confluence),2020-01-20,2020,1,dry,23.727908,90.500953,19.950000000000003,,,500.0,0.16,10000.0,955.0,31.4,,25.0,501.0,315.0,40.3,22.3,7.23
REACH-Dhaka_2017-2021,river,Balu,Demra (u/s of confluence),2020-02-16,2020,2,dry,23.727908,90.500953,9.5,,,223.0,0.07,61000.0,695.0,7.0,,63.0,358.0,260.0,32.4,22.3,7.36
REACH-Dhaka_2017-2021,river,Balu,Demra (u/s of confluence),2020-08-23,2020,8,wet,23.727908,90.500953,2.23,,,110.0,0.78,4000.0,251.0,7.0,,14.0,111.3,80.0,11.07,28.9,6.85
REACH-Dhaka_2017-2021,river,Balu,Demra (u/s of confluence),2020-10-11,2020,10,wet,23.727908,90.500953,2.19,,,380.0,1.02,8000.0,305.0,2.3,,29.0,127.2,60.0,11.29,32.0,7.57
REACH-Dhaka_2017-2021,river,Balu,Demra (u/s of confluence),2020-12-12,2020,12,dry,23.727908,90.500953,11.0,,,69.77499999999998,3.55,70000.0,472.0,7.0,,82.0,235.0,190.0,25.4,23.9,7.1
REACH-Dhaka_2017-2021,river,Balu,Demra (u/s of confluence),2021-02-13,2021,2,dry,23.727908,90.500953,15.2,,,221.264,0.29,0.0,762.0,13.733,,114.0,388.0,220.0,39.6,23.0,7.3
REACH-Dhaka_2017-2021,river,Balu,Demra (u/s of confluence),2021-05-23,2021,5,wet,23.727908,90.500953,15.1,,,102.5,0.04,,1062.0,16.3,,113.0,450.0,285.0,39.8,32.7,7.25
REACH-Dhaka_2017-2021,river,Balu,Demra (u/s of confluence),2021-07-15,2021,7,wet,23.727908,90.500953,1.4249999999999998,,,144.753,0.97,7700.0,314.0,10.3,,23.0,132.1,70.0,14.57,31.6,7.02
REACH-Dhaka_2017-2021,river,Balu,d/s of Begunbari Canal,2017-02-27,2017,2,dry,23.759712,90.483469,18.0,,89.0,230.0,0.32,1280000.0,925.0,2.7,,191.0,447.0,305.0,79.5,26.8,7.51
REACH-Dhaka_2017-2021,river,Balu,d/s of Begunbari Canal,2017-03-18,2017,3,dry,23.759712,90.483469,,,77.0,250.0,0.23,840000.0,1016.0,0.4,,126.0,483.0,279.0,129.0,26.7,7.52
REACH-Dhaka_2017-2021,river,Balu,d/s of Begunbari Canal,2017-03-29,2017,3,dry,23.759712,90.483469,,,152.0,140.0,0.22,,1225.0,,,41.0,560.0,325.0,34.1,28.9,7.66
REACH-Dhaka_2017-2021,river,Balu,d/s of Begunbari Canal,2017-04-18,2017,4,dry,23.759712,90.483469,,,69.0,130.0,0.2,1580000.0,888.0,4.4,,85.0,391.0,280.0,70.0,30.2,7.35
REACH-Dhaka_2017-2021,river,Balu,d/s of Begunbari Canal,2017-04-29,2017,4,dry,23.759712,90.483469,6.6,,37.0,240.0,0.17,,439.0,,,33.0,193.2,145.0,54.2,29.6,7.66
REACH-Dhaka_2017-2021,river,Balu,d/s of Begunbari Canal,2017-05-13,2017,5,wet,23.759712,90.483469,7.65,,42.0,200.0,0.25,55000.0,597.0,23.0,,43.0,254.0,170.0,43.7,31.4,7.51
REACH-Dhaka_2017-2021,river,Balu,d/s of Begunbari Canal,2017-05-27,2017,5,wet,23.759712,90.483469,2.8,,42.0,170.0,0.19,,218.1,9.7,,29.0,81.2,80.0,25.0,32.5,7.33
REACH-Dhaka_2017-2021,river,Balu,d/s of Begunbari Canal,2017-06-18,2017,6,wet,23.759712,90.483469,3.35,,3.0,130.0,0.18,22000.0,337.0,0.4,,31.0,147.7,90.0,25.3,29.6,7.19
REACH-Dhaka_2017-2021,river,Balu,d/s of Begunbari Canal,2017-07-15,2017,7,wet,23.759712,90.483469,1.44,,,60.0,0.75,12000.0,219.5,4.0,,56.0,94.5,70.0,12.18,30.1,7.43
REACH-Dhaka_2017-2021,river,Balu,d/s of Begunbari Canal,2017-08-12,2017,8,wet,23.759712,90.483469,1.48,,,180.0,1.12,23400.0,207.3,5.1,,42.0,90.9,35.0,9.81,29.0,7.44
REACH-Dhaka_2017-2021,river,Balu,d/s of Begunbari Canal,2017-08-25,2017,8,wet,23.759712,90.483469,0.79,,,210.0,1.56,,203.7,13.0,,16.0,45.7,80.0,11.92,31.1,7.52
REACH-Dhaka_2017-2021,river,Balu,d/s of Begunbari Canal,2017-09-16,2017,9,wet,23.759712,90.483469,2.02,,,290.0,1.36,80000.0,230.0,13.2,,16.0,97.3,65.0,12.88,30.9,7.8
REACH-Dhaka_2017-2021,river,Balu,d/s of Begunbari Canal,2017-09-28,2017,9,wet,23.759712,90.483469,2.98,,,200.0,0.72,,232.0,1.8,,5.0,97.2,110.0,14.31,31.3,7.1
REACH-Dhaka_2017-2021,river,Balu,d/s of Begunbari Canal,2017-10-15,2017,10,wet,23.759712,90.483469,1.14,,,170.0,2.17,136000.0,254.0,86.7,,36.0,108.7,165.0,30.3,30.4,7.19
REACH-Dhaka_2017-2021,river,Balu,d/s of Begunbari Canal,2017-10-28,2017,10,wet,23.759712,90.483469,1.41,,,40.0,2.16,,203.9,34.3,,16.0,91.1,25.0,20.2,28.1,7.12
REACH-Dhaka_2017-2021,river,Balu,d/s of Begunbari Canal,2017-11-11,2017,11,dry,23.759712,90.483469,1.89,,,110.0,0.52,27000.0,258.0,15.2,,45.0,115.8,35.0,31.3,27.2,7.06
REACH-Dhaka_2017-2021,river,Balu,d/s of Begunbari Canal,2017-11-20,2017,11,dry,23.759712,90.483469,3.51,,,230.0,0.34,,349.0,25.6,,17.0,160.2,50.0,22.8,26.9,7.21
REACH-Dhaka_2017-2021,river,Balu,d/s of Begunbari Canal,2017-12-17,2017,12,dry,23.759712,90.483469,5.06,,,200.0,0.63,180000.0,664.0,1.9,,48.0,315.0,155.0,30.7,24.7,7.68
REACH-Dhaka_2017-2021,river,Balu,d/s of Begunbari Canal,2018-01-24,2018,1,dry,23.759712,90.483469,,,,104.0,0.27,260000.0,760.0,1.9,,62.0,387.0,235.0,31.7,23.1,7.6
REACH-Dhaka_2017-2021,river,Balu,d/s of Begunbari Canal,2018-02-25,2018,2,dry,23.759712,90.483469,23.2,,,204.006,0.32,,961.0,13.0,,175.0,447.0,250.0,39.7,26.8,7.73
REACH-Dhaka_2017-2021,river,Balu,d/s of Begunbari Canal,2018-03-18,2018,3,dry,23.759712,90.483469,22.0,,,118.0,0.26,100000.0,943.0,9.3,,131.0,427.0,460.0,41.5,28.9,7.21
REACH-Dhaka_2017-2021,river,Balu,d/s of Begunbari Canal,2018-04-22,2018,4,dry,23.759712,90.483469,3.6,,,290.0,0.21,10000.0,804.0,12.6,,70.0,363.0,120.0,47.5,28.7,7.33
REACH-Dhaka_2017-2021,river,Balu,d/s of Begunbari Canal,2018-05-13,2018,5,wet,23.759712,90.483469,5.2,,0.348,320.0,0.07,64000.0,519.0,5.759,,30.0,224.0,95.0,17.47,28.3,7.06
REACH-Dhaka_2017-2021,river,Balu,d/s of Begunbari Canal,2018-06-24,2018,6,wet,23.759712,90.483469,0.1,,,340.0,1.78,48000.0,190.6,5.316,,14.0,80.0,75.0,8.6,31.2,7.12
REACH-Dhaka_2017-2021,river,Balu,d/s of Begunbari Canal,2018-07-15,2018,7,wet,23.759712,90.483469,1.56,,,560.0,0.33,36000.0,232.0,0.9,,45.0,96.5,,13.3,31.2,7.08
REACH-Dhaka_2017-2021,river,Balu,d/s of Begunbari Canal,2018-08-12,2018,8,wet,23.759712,90.483469,0.37,,,,2.35,3000.0,210.2,4.43,,9.0,85.6,101.0,16.1,30.7,7.35
REACH-Dhaka_2017-2021,river,Balu,d/s of Begunbari Canal,2018-09-16,2018,9,wet,23.759712,90.483469,0.62,,,84.0,1.92,6000.0,640.0,1.772,,32.0,241.0,80.0,19.7,30.4,7.48
REACH-Dhaka_2017-2021,river,Balu,d/s of Begunbari Canal,2018-10-14,2018,10,wet,23.759712,90.483469,0.61,,,133.41799999999995,1.26,1000.0,347.0,0.3,,13.0,147.7,75.0,8.87,27.0,7.37
REACH-Dhaka_2017-2021,river,Balu,d/s of Begunbari Canal,2018-11-19,2018,11,dry,23.759712,90.483469,10.15,,,350.0,0.16,,702.0,5.4,,122.0,305.0,160.0,47.6,25.8,7.76
REACH-Dhaka_2017-2021,river,Balu,d/s of Begunbari Canal,2018-12-12,2018,12,dry,23.759712,90.483469,14.4,,,225.0,0.03,,847.0,5.2,,148.0,331.0,255.0,44.8,24.2,7.07
REACH-Dhaka_2017-2021,river,Balu,d/s of Begunbari Canal,2019-01-14,2019,1,dry,23.759712,90.483469,17.4,,,292.1999999999997,0.0,,924.0,6.8,,106.0,435.0,285.0,40.7,23.3,7.03
REACH-Dhaka_2017-2021,river,Balu,d/s of Begunbari Canal,2019-02-12,2019,2,dry,23.759712,90.483469,23.7,,,910.0,0.04,,1148.0,13.5,,459.0,558.0,295.0,84.9,23.0,7.33
REACH-Dhaka_2017-2021,river,Balu,d/s of Begunbari Canal,2019-07-14,2019,7,wet,23.759712,90.483469,2.61,,,170.0,0.16,4400.0,307.0,2.1,,31.0,136.9,80.0,18.57,28.7,7.41
REACH-Dhaka_2017-2021,river,Balu,d/s of Begunbari Canal,2019-10-14,2019,10,wet,23.759712,90.483469,1.42,,,130.0,1.38,0.0,190.4,4.2,,8.0,105.4,75.0,11.72,30.0,7.3
REACH-Dhaka_2017-2021,river,Balu,d/s of Begunbari Canal,2020-02-16,2020,2,dry,23.759712,90.483469,19.0,,,220.0,0.05,120000.0,1134.0,8.7,,321.0,594.0,370.0,66.4,22.3,7.31
REACH-Dhaka_2017-2021,river,Balu,d/s of Begunbari Canal,2020-08-23,2020,8,wet,23.759712,90.483469,0.71,,,210.0,2.65,3700.0,198.3,4.5,,14.0,87.2,80.0,12.64,29.0,6.9
REACH-Dhaka_2017-2021,river,Balu,d/s of Begunbari Canal,2020-10-11,2020,10,wet,23.759712,90.483469,1.25,,,240.0,2.35,10000.0,275.0,9.0,,24.0,115.7,40.0,16.61,31.6,6.99
REACH-Dhaka_2017-2021,river,Balu,d/s of Begunbari Canal,2020-12-12,2020,12,dry,23.759712,90.483469,18.3,,,99.808,3.66,220000.0,680.0,5.2,,140.0,347.0,255.0,40.5,23.1,6.63
REACH-Dhaka_2017-2021,river,Balu,d/s of Begunbari Canal,2021-02-13,2021,2,dry,23.759712,90.483469,33.1,,,251.297,0.29,480000.0,917.0,28.352,,175.0,464.0,270.0,51.0,23.5,7.18
REACH-Dhaka_2017-2021,river,Balu,d/s of Begunbari Canal,2021-05-23,2021,5,wet,23.759712,90.483469,12.7,,,142.5,0.01,,1123.0,12.7,,93.0,476.0,290.0,33.5,32.8,7.3
REACH-Dhaka_2017-2021,river,Balu,d/s of Begunbari Canal,2021-07-15,2021,7,wet,23.759712,90.483469,1.45,,,114.71999999999996,1.12,5100.0,304.0,10.2,,17.0,128.8,80.0,9.02,31.6,7.02
REACH-Dhaka_2017-2021,river,Balu,d/s of Purbachal (Ichhapur bridge),2017-02-27,2017,2,dry,23.827178,90.487298,21.35,,85.0,250.0,0.01,1120000.0,1093.0,0.9,,180.0,525.0,345.0,87.8,24.3,7.61
REACH-Dhaka_2017-2021,river,Balu,d/s of Purbachal (Ichhapur bridge),2017-03-08,2017,3,dry,23.827178,90.487298,23.6,,188.0,,0.35,,1095.0,57.6,,144.0,522.0,365.0,73.5,26.6,7.41
REACH-Dhaka_2017-2021,river,Balu,d/s of Purbachal (Ichhapur bridge),2017-03-18,2017,3,dry,23.827178,90.487298,,,82.0,320.0,0.23,460000.0,1093.0,6.2,,124.0,533.0,294.0,82.0,25.5,7.63
REACH-Dhaka_2017-2021,river,Balu,d/s of Purbachal (Ichhapur bridge),2017-03-29,2017,3,dry,23.827178,90.487298,,,120.0,130.0,0.16,,1046.0,,,84.0,493.0,395.0,41.6,27.2,7.49
REACH-Dhaka_2017-2021,river,Balu,d/s of Purbachal (Ichhapur bridge),2017-04-18,2017,4,dry,23.827178,90.487298,,,56.0,120.0,0.21,85000.0,1246.0,4.0,,92.0,548.0,345.0,71.8,30.5,7.69
REACH-Dhaka_2017-2021,river,Balu,d/s of Purbachal (Ichhapur bridge),2017-04-29,2017,4,dry,23.827178,90.487298,9.85,,55.0,170.0,0.49,,715.0,,,51.0,316.0,145.0,48.8,30.0,7.74
REACH-Dhaka_2017-2021,river,Balu,d/s of Purbachal (Ichhapur bridge),2017-05-13,2017,5,wet,23.827178,90.487298,5.35,,47.0,230.0,0.17,0.0,749.0,0.9,,43.0,324.0,250.0,37.4,31.2,7.69
REACH-Dhaka_2017-2021,river,Balu,d/s of Purbachal (Ichhapur bridge),2017-05-27,2017,5,wet,23.827178,90.487298,3.9,,59.0,200.0,0.31,,484.0,8.9,,51.0,241.0,105.0,33.4,32.2,7.49
REACH-Dhaka_2017-2021,river,Balu,d/s of Purbachal (Ichhapur bridge),2017-06-18,2017,6,wet,23.827178,90.487298,0.4,,,100.0,0.34,17000.0,282.0,14.2,,21.0,124.2,150.0,18.66,29.1,7.19
REACH-Dhaka_2017-2021,river,Balu,d/s of Purbachal (Ichhapur bridge),2017-07-15,2017,7,wet,23.827178,90.487298,1.01,,,50.0,2.34,12000.0,169.9,4.4,,67.0,73.1,55.0,22.6,29.9,7.34
REACH-Dhaka_2017-2021,river,Balu,d/s of Purbachal (Ichhapur bridge),2017-07-29,2017,7,wet,23.827178,90.487298,2.21,,220.0,70.0,1.38,,227.0,2.2,,16.0,98.6,85.0,15.87,29.6,7.38
REACH-Dhaka_2017-2021,river,Balu,d/s of Purbachal (Ichhapur bridge),2017-08-12,2017,8,wet,23.827178,90.487298,0.85,,,180.0,3.13,18700.0,179.6,4.3,,36.0,78.6,100.0,14.82,28.9,7.53
REACH-Dhaka_2017-2021,river,Balu,d/s of Purbachal (Ichhapur bridge),2017-08-25,2017,8,wet,23.827178,90.487298,0.28,,,210.0,2.33,,176.6,15.6,,16.0,74.0,75.0,15.05,31.3,7.57
REACH-Dhaka_2017-2021,river,Balu,d/s of Purbachal (Ichhapur bridge),2017-09-16,2017,9,wet,23.827178,90.487298,0.76,,,200.0,2.39,28000.0,166.3,2.6,,14.0,66.4,95.0,11.64,31.6,7.78
REACH-Dhaka_2017-2021,river,Balu,d/s of Purbachal (Ichhapur bridge),2017-09-28,2017,9,wet,23.827178,90.487298,3.22,,,180.0,1.87,,177.3,2.5,,3.0,74.5,85.0,8.79,31.0,7.05
REACH-Dhaka_2017-2021,river,Balu,d/s of Purbachal (Ichhapur bridge),2017-10-15,2017,10,wet,23.827178,90.487298,0.52,,,180.0,3.1,195000.0,164.4,4.6,,29.0,69.9,175.0,10.84,30.3,7.15
REACH-Dhaka_2017-2021,river,Balu,d/s of Purbachal (Ichhapur bridge),2017-10-28,2017,10,wet,23.827178,90.487298,0.3,,,40.0,4.8,,131.1,2.1,,9.0,58.5,10.0,11.5,28.2,7.17
REACH-Dhaka_2017-2021,river,Balu,d/s of Purbachal (Ichhapur bridge),2017-11-11,2017,11,dry,23.827178,90.487298,0.9,,,160.0,2.29,26000.0,144.4,15.6,,48.0,87.3,30.0,27.6,27.8,7.11
REACH-Dhaka_2017-2021,river,Balu,d/s of Purbachal (Ichhapur bridge),2017-11-20,2017,11,dry,23.827178,90.487298,2.99,,,220.0,0.33,,317.0,1.2,,15.0,146.2,35.0,21.4,26.9,7.26
REACH-Dhaka_2017-2021,river,Balu,d/s of Purbachal (Ichhapur bridge),2017-12-17,2017,12,dry,23.827178,90.487298,4.59,,,200.0,0.32,310000.0,550.0,0.3,,35.0,273.0,100.0,30.2,23.9,7.79
REACH-Dhaka_2017-2021,river,Balu,d/s of Purbachal (Ichhapur bridge),2018-01-24,2018,1,dry,23.827178,90.487298,,,,184.0,0.23,60000.0,1086.0,1.7,,90.0,560.0,335.0,34.2,24.1,7.7
REACH-Dhaka_2017-2021,river,Balu,d/s of Purbachal (Ichhapur bridge),2018-02-25,2018,2,dry,23.827178,90.487298,23.6,,,224.028,0.42,,1121.0,20.0,,257.0,533.0,325.0,32.9,25.9,7.75
REACH-Dhaka_2017-2021,river,Balu,d/s of Purbachal (Ichhapur bridge),2018-03-18,2018,3,dry,23.827178,90.487298,21.8,,,158.0,0.25,260000.0,981.0,7.085714285714286,,47.0,452.0,340.0,61.6,28.0,7.53
REACH-Dhaka_2017-2021,river,Balu,d/s of Purbachal (Ichhapur bridge),2018-04-22,2018,4,dry,23.827178,90.487298,15.2,,,290.0,0.2,100000.0,943.0,10.2,,115.0,432.0,245.0,32.4,28.4,7.31
REACH-Dhaka_2017-2021,river,Balu,d/s of Purbachal (Ichhapur bridge),2018-05-13,2018,5,wet,23.827178,90.487298,2.2,,0.26,240.0,0.14,154000.0,448.0,3.987,,19.0,194.8,90.0,14.69,29.8,7.05
REACH-Dhaka_2017-2021,river,Balu,d/s of Purbachal (Ichhapur bridge),2018-06-24,2018,6,wet,23.827178,90.487298,0.09,,,380.0,0.4,19000.0,219.3,7.531,,19.0,89.0,60.0,5.59,30.0,7.11
REACH-Dhaka_2017-2021,river,Balu,d/s of Purbachal (Ichhapur bridge),2018-07-15,2018,7,wet,23.827178,90.487298,0.24,,,490.0,1.55,32000.0,179.9,2.7,,30.0,75.8,10.0,20.3,30.5,7.08
REACH-Dhaka_2017-2021,river,Balu,d/s of Purbachal (Ichhapur bridge),2018-08-12,2018,8,wet,23.827178,90.487298,0.31,,,,1.91,10000.0,184.2,3.544,,12.0,77.6,55.0,34.3,31.1,7.36
REACH-Dhaka_2017-2021,river,Balu,d/s of Purbachal (Ichhapur bridge),2018-09-16,2018,9,wet,23.827178,90.487298,0.41,,,34.0,1.77,6000.0,697.0,1.329,,60.0,254.0,50.0,25.5,30.4,7.33
REACH-Dhaka_2017-2021,river,Balu,d/s of Purbachal (Ichhapur bridge),2018-10-14,2018,10,wet,23.827178,90.487298,0.43,,,203.49499999999995,0.94,46000.0,366.0,0.5,,16.0,147.5,60.0,10.38,26.9,7.46
REACH-Dhaka_2017-2021,river,Balu,d/s of Purbachal (Ichhapur bridge),2018-11-19,2018,11,dry,23.827178,90.487298,6.6,,,350.0,0.17,,531.0,3.9,,77.0,237.0,65.0,32.3,29.2,7.53
REACH-Dhaka_2017-2021,river,Balu,d/s of Purbachal (Ichhapur bridge),2018-12-12,2018,12,dry,23.827178,90.487298,8.7,,,245.0,0.05,,748.0,4.1,,164.0,352.0,235.0,48.2,23.3,7.4
REACH-Dhaka_2017-2021,river,Balu,d/s of Purbachal (Ichhapur bridge),2019-01-14,2019,1,dry,23.827178,90.487298,11.6,,,1493.5199999999998,0.0,,1033.0,7.2,,129.0,514.0,265.0,41.6,21.8,7.19
REACH-Dhaka_2017-2021,river,Balu,d/s of Purbachal (Ichhapur bridge),2019-02-12,2019,2,dry,23.827178,90.487298,23.0,,,770.0,0.06,,1332.0,8.8,,173.0,640.0,350.0,45.6,23.8,7.53
REACH-Dhaka_2017-2021,river,Balu,d/s of Purbachal (Ichhapur bridge),2019-07-14,2019,7,wet,23.827178,90.487298,1.59,,,180.0,1.2,48000.0,267.0,1.2,,23.0,118.0,60.0,15.41,28.5,7.41
REACH-Dhaka_2017-2021,river,Balu,d/s of Purbachal (Ichhapur bridge),2019-10-14,2019,10,wet,23.827178,90.487298,0.78,,,140.0,2.27,0.0,187.2,3.1,,9.0,99.1,75.0,11.03,29.7,7.28
REACH-Dhaka_2017-2021,river,Balu,d/s of Purbachal (Ichhapur bridge),2020-02-16,2020,2,dry,23.827178,90.487298,20.75,,,180.0,0.05,20000.0,1322.0,13.7,,115.0,692.0,395.0,32.6,22.7,7.43
REACH-Dhaka_2017-2021,river,Balu,d/s of Purbachal (Ichhapur bridge),2020-08-23,2020,8,wet,23.827178,90.487298,0.48,,,250.0,2.85,11300.0,189.9,8.3,,16.0,83.4,65.0,12.77,28.9,6.98
REACH-Dhaka_2017-2021,river,Balu,d/s of Purbachal (Ichhapur bridge),2020-10-11,2020,10,wet,23.827178,90.487298,0.74,,,310.0,2.54,3000.0,228.0,225.5,,19.0,95.7,25.0,9.02,31.4,7.02
REACH-Dhaka_2017-2021,river,Balu,d/s of Purbachal (Ichhapur bridge),2020-12-12,2020,12,dry,23.827178,90.487298,10.5,,,159.87399999999997,3.6,80000.0,668.0,3.9,,116.0,346.0,230.0,33.7,22.3,7.11
REACH-Dhaka_2017-2021,river,Balu,d/s of Purbachal (Ichhapur bridge),2021-02-13,2021,2,dry,23.827178,90.487298,28.3,,,251.297,0.38,0.0,1092.0,22.15,,199.0,568.0,220.0,57.0,22.4,7.55
REACH-Dhaka_2017-2021,river,Balu,d/s of Purbachal (Ichhapur bridge),2021-05-23,2021,5,wet,23.827178,90.487298,10.2,,,102.5,0.01,,1172.0,7.1,,141.0,495.0,310.0,48.11,33.0,7.43
REACH-Dhaka_2017-2021,river,Balu,d/s of Purbachal (Ichhapur bridge),2021-07-15,2021,7,wet,23.827178,90.487298,0.425,,,124.731,1.5,5100.0,243.0,9.7,,27.0,103.3,50.0,15.25,30.8,7.06
REACH-Dhaka_2017-2021,river,Balu,u/s of Purbachal,2017-02-27,2017,2,dry,23.862178,90.474981,20.15,,93.0,260.0,0.28,840000.0,1268.0,1.3,,157.0,621.0,400.0,82.5,25.2,7.82
REACH-Dhaka_2017-2021,river,Balu,u/s of Purbachal,2017-03-08,2017,3,dry,23.862178,90.474981,21.2,,106.0,,0.25,,1298.0,5.3,,152.0,617.0,320.0,65.4,26.4,7.73
REACH-Dhaka_2017-2021,river,Balu,u/s of Purbachal,2017-03-18,2017,3,dry,23.862178,90.474981,,,114.0,260.0,0.21,15000.0,1072.0,9.8,,182.0,526.0,289.0,70.1,25.3,7.7
REACH-Dhaka_2017-2021,river,Balu,u/s of Purbachal,2017-03-29,2017,3,dry,23.862178,90.474981,,,75.0,160.0,0.18,,1071.0,,,89.0,504.0,340.0,63.8,27.3,7.61
REACH-Dhaka_2017-2021,river,Balu,u/s of Purbachal,2017-04-18,2017,4,dry,23.862178,90.474981,,,112.0,180.0,0.26,195000.0,1318.0,5.3,,121.0,584.0,405.0,82.8,30.5,7.7
REACH-Dhaka_2017-2021,river,Balu,u/s of Purbachal,2017-04-29,2017,4,dry,23.862178,90.474981,9.35,,57.0,200.0,0.18,,973.0,,,63.0,431.0,245.0,9.14,29.7,7.74
REACH-Dhaka_2017-2021,river,Balu,u/s of Purbachal,2017-05-13,2017,5,wet,23.862178,90.474981,5.15,,47.0,200.0,0.21,2000.0,685.0,4.9,,31.0,295.0,170.0,30.5,30.8,7.79
REACH-Dhaka_2017-2021,river,Balu,u/s of Purbachal,2017-05-27,2017,5,wet,23.862178,90.474981,6.3,,106.0,230.0,0.18,,634.0,4.4,,51.0,297.0,175.0,46.0,31.7,7.57
REACH-Dhaka_2017-2021,river,Balu,u/s of Purbachal,2017-06-18,2017,6,wet,23.862178,90.474981,2.3,,1.0,120.0,0.38,16000.0,396.0,1.8,,20.0,129.9,100.0,16.18,29.3,7.19
REACH-Dhaka_2017-2021,river,Balu,u/s of Purbachal,2017-07-15,2017,7,wet,23.862178,90.474981,0.35,,,100.0,2.73,7000.0,167.3,3.5,,82.0,71.3,60.0,28.3,30.2,7.5
REACH-Dhaka_2017-2021,river,Balu,u/s of Purbachal,2017-07-29,2017,7,wet,23.862178,90.474981,0.96,,160.0,40.0,3.3,,190.6,8.0,,19.0,82.6,75.0,21.0,29.6,7.41
REACH-Dhaka_2017-2021,river,Balu,u/s of Purbachal,2017-08-12,2017,8,wet,23.862178,90.474981,0.8,,,250.0,3.11,14800.0,185.5,5.2,,48.0,81.0,130.0,20.1,28.9,7.63
REACH-Dhaka_2017-2021,river,Balu,u/s of Purbachal,2017-08-25,2017,8,wet,23.862178,90.474981,0.15,,,210.0,2.36,,174.4,58.4,,25.0,72.8,80.0,18.58,31.4,7.71
REACH-Dhaka_2017-2021,river,Balu,u/s of Purbachal,2017-09-16,2017,9,wet,23.862178,90.474981,0.54,,,250.0,3.76,35000.0,155.7,4.1,,28.0,66.1,15.0,33.1,30.5,7.82
REACH-Dhaka_2017-2021,river,Balu,u/s of Purbachal,2017-09-28,2017,9,wet,23.862178,90.474981,2.11,,,180.0,2.34,,159.4,1.8,,7.0,64.9,65.0,11.38,31.2,7.08
REACH-Dhaka_2017-2021,river,Balu,u/s of Purbachal,2017-10-15,2017,10,wet,23.862178,90.474981,0.31,,,170.0,3.72,165000.0,182.3,23.5,,23.0,77.7,125.0,31.1,30.4,6.98
REACH-Dhaka_2017-2021,river,Balu,u/s of Purbachal,2017-10-28,2017,10,wet,23.862178,90.474981,0.25,,,30.0,2.2,,178.7,6.4,,18.0,79.8,30.0,36.9,27.7,7.14
REACH-Dhaka_2017-2021,river,Balu,u/s of Purbachal,2017-11-11,2017,11,dry,23.862178,90.474981,2.33,,,340.0,0.4,23000.0,376.0,6.1,,46.0,170.8,55.0,22.8,28.3,7.69
REACH-Dhaka_2017-2021,river,Balu,u/s of Purbachal,2017-11-20,2017,11,dry,23.862178,90.474981,3.59,,,220.0,0.35,,589.0,46.8,,31.0,269.0,60.0,20.1,27.7,8.23
REACH-Dhaka_2017-2021,river,Balu,u/s of Purbachal,2017-12-17,2017,12,dry,23.862178,90.474981,4.41,,,200.0,0.35,90000.0,623.0,48.0,,41.0,307.0,155.0,24.9,24.4,7.73
REACH-Dhaka_2017-2021,river,Balu,u/s of Purbachal,2018-01-24,2018,1,dry,23.862178,90.474981,,,,204.0,0.17,180000.0,1115.0,5.8,,127.0,580.0,235.0,40.9,24.0,8.18
REACH-Dhaka_2017-2021,river,Balu,u/s of Purbachal,2018-02-25,2018,2,dry,23.862178,90.474981,18.4,,,214.017,0.35,,1192.0,35.5,,384.0,564.0,340.0,30.1,26.0,7.74
REACH-Dhaka_2017-2021,river,Balu,u/s of Purbachal,2018-03-18,2018,3,dry,23.862178,90.474981,19.2,,,172.0,0.24,100000.0,1093.0,7.971428571428572,,98.0,510.0,350.0,51.1,29.3,7.2
REACH-Dhaka_2017-2021,river,Balu,u/s of Purbachal,2018-04-22,2018,4,dry,23.862178,90.474981,11.5,,,320.0,0.39,270000.0,854.0,8.6,,113.0,394.0,240.0,40.4,27.7,7.3
REACH-Dhaka_2017-2021,river,Balu,u/s of Purbachal,2018-05-13,2018,5,wet,23.862178,90.474981,3.2,,0.264,310.0,0.14,104000.0,463.0,7.088,,17.0,200.3,65.0,13.98,29.4,7.18
REACH-Dhaka_2017-2021,river,Balu,u/s of Purbachal,2018-06-24,2018,6,wet,23.862178,90.474981,0.1,,,390.0,0.44,23000.0,212.6,4.43,,64.0,90.0,70.0,9.62,30.3,7.04
REACH-Dhaka_2017-2021,river,Balu,u/s of Purbachal,2018-07-15,2018,7,wet,23.862178,90.474981,0.11,,,440.0,1.78,46000.0,176.5,1.0,,48.0,74.2,10.0,39.0,30.4,6.99
REACH-Dhaka_2017-2021,river,Balu,u/s of Purbachal,2018-08-12,2018,8,wet,23.862178,90.474981,0.08,,,,2.08,9000.0,176.5,3.544,,26.0,74.4,40.0,53.0,31.0,7.71
REACH-Dhaka_2017-2021,river,Balu,u/s of Purbachal,2018-09-16,2018,9,wet,23.862178,90.474981,0.4,,,94.0,1.54,7000.0,665.0,3.544,,36.0,244.0,50.0,22.7,30.8,7.29
REACH-Dhaka_2017-2021,river,Balu,u/s of Purbachal,2018-10-14,2018,10,wet,23.862178,90.474981,0.42,,,253.54999999999995,1.13,20000.0,345.0,0.6,,16.0,139.4,40.0,9.83,27.0,7.51
REACH-Dhaka_2017-2021,river,Balu,u/s of Purbachal,2018-11-19,2018,11,dry,23.862178,90.474981,4.8,,,360.0,0.18,,528.0,4.9,,46.0,230.0,115.0,20.3,25.9,7.72
REACH-Dhaka_2017-2021,river,Balu,u/s of Purbachal,2018-12-12,2018,12,dry,23.862178,90.474981,8.8,,,225.0,0.06,,752.0,4.7,,102.0,357.0,270.0,30.8,23.4,7.48
REACH-Dhaka_2017-2021,river,Balu,u/s of Purbachal,2019-01-14,2019,1,dry,23.862178,90.474981,11.3,,,892.86,0.0,,1038.0,6.4,,91.0,504.0,240.0,29.0,21.6,7.05
REACH-Dhaka_2017-2021,river,Balu,u/s of Purbachal,2019-02-12,2019,2,dry,23.862178,90.474981,24.7,,,760.0,0.08,,1386.0,43.0,,155.0,667.0,355.0,33.6,23.3,7.27
REACH-Dhaka_2017-2021,river,Balu,u/s of Purbachal,2019-07-14,2019,7,wet,23.862178,90.474981,1.24,,,220.0,0.22,5100.0,252.0,1.7,,18.0,111.9,75.0,20.4,28.6,7.39
REACH-Dhaka_2017-2021,river,Balu,u/s of Purbachal,2019-10-14,2019,10,wet,23.862178,90.474981,0.37,,,170.0,2.9,0.0,169.8,3.9,,7.0,90.2,65.0,10.71,29.8,7.26
REACH-Dhaka_2017-2021,river,Balu,u/s of Purbachal,2020-02-16,2020,2,dry,23.862178,90.474981,23.25,,,240.0,0.06,44000.0,1418.0,8.4,,119.0,732.0,420.0,29.0,23.2,7.39
REACH-Dhaka_2017-2021,river,Balu,u/s of Purbachal,2020-08-23,2020,8,wet,23.862178,90.474981,0.55,,,180.0,3.12,5300.0,200.5,4.5,,12.0,88.1,50.0,11.25,29.0,6.92
REACH-Dhaka_2017-2021,river,Balu,u/s of Purbachal,2020-10-11,2020,10,wet,23.862178,90.474981,0.51,,,190.0,3.12,1000.0,219.5,4.4,,11.0,91.9,50.0,5.95,31.5,7.14
REACH-Dhaka_2017-2021,river,Balu,u/s of Purbachal,2020-12-12,2020,12,dry,23.862178,90.474981,10.3,,,129.84,3.14,30000.0,767.0,3.6,,59.0,392.0,220.0,23.3,22.7,7.18
REACH-Dhaka_2017-2021,river,Balu,u/s of Purbachal,2021-02-13,2021,2,dry,23.862178,90.474981,28.4,,,301.352,0.38,0.0,1265.0,40.75599999999999,,130.0,655.0,245.0,39.7,23.0,7.56
REACH-Dhaka_2017-2021,river,Balu,u/s of Purbachal,2021-05-23,2021,5,wet,23.862178,90.474981,9.4,,,112.5,0.01,,1093.0,9.0,,60.0,461.0,255.0,17.59,33.3,7.39
REACH-Dhaka_2017-2021,river,Balu,u/s of Purbachal,2021-07-15,2021,7,wet,23.862178,90.474981,0.375,,,64.66499999999999,1.46,1700.0,237.0,6.1,,31.0,99.9,60.0,21.0,31.0,6.98
REACH-Dhaka_2017-2021,river,Bangshi,Kaliakoir Bangshi Bridge,2019-07-08,2019,7,wet,24.06962,90.21446,0.19,,,180.0,6.98,2300.0,138.5,1.4,,13.0,60.0,30.0,295.0,29.5,7.82
REACH-Dhaka_2017-2021,river,Bangshi,Kaliakoir Bangshi Bridge,2019-08-18,2019,8,wet,24.06962,90.21446,0.49,,,180.0,6.67,0.0,153.7,49.8,,292.0,65.7,30.0,164.0,30.2,7.54
REACH-Dhaka_2017-2021,river,Bangshi,Kaliakoir Bangshi Bridge,2019-10-13,2019,10,wet,24.06962,90.21446,0.06,,,140.0,7.13,0.0,123.4,27.9,,165.0,67.7,60.0,88.2,29.2,7.62
REACH-Dhaka_2017-2021,river,Bangshi,Kaliakoir Bangshi Bridge,2020-08-22,2020,8,wet,24.06962,90.21446,0.1,,,200.0,5.97,2200.0,135.3,3.9,,31.0,59.5,30.0,61.0,28.7,7.15
REACH-Dhaka_2017-2021,river,Bangshi,Kaliakoir Bangshi Bridge,2020-10-12,2020,10,wet,24.06962,90.21446,0.06,,,240.0,5.86,6000.0,141.7,4.2,,114.0,59.7,30.0,78.2,31.0,6.93
REACH-Dhaka_2017-2021,river,Bangshi,Kaliakoir Bangshi Bridge,2020-12-13,2020,12,dry,24.06962,90.21446,1.15,,,209.929,6.38,0.0,159.9,25.4,,48.0,319.0,185.0,26.8,22.9,7.17
REACH-Dhaka_2017-2021,river,Bangshi,Kaliakoir Bangshi Bridge,2021-02-15,2021,2,dry,24.06962,90.21446,5.699999999999999,,,191.231,2.68,,2129.0,2.658,,36.0,1066.0,330.0,23.0,24.7,7.65
REACH-Dhaka_2017-2021,river,Bangshi,Kaliakoir Bangshi Bridge,2021-05-22,2021,5,wet,24.06962,90.21446,0.4,,,92.5,3.57,,213.9,6.5,,18.0,88.8,75.0,0.0,31.8,7.01
REACH-Dhaka_2017-2021,river,Bangshi,Kaliakoir Bangshi Bridge,2021-07-16,2021,7,wet,24.06962,90.21446,0.425,,,74.67599999999999,7.08,800.0,150.9,6.3,,394.0,64.5,35.0,259.0,30.2,7.19
REACH-Dhaka_2017-2021,river,Bangshi,d/s of DEPZ Canal,2019-08-18,2019,8,wet,23.942411,90.230616,0.41,,,200.0,5.58,0.0,152.1,150.2,,139.0,64.8,10.0,71.8,30.5,7.48
REACH-Dhaka_2017-2021,river,Bangshi,d/s of DEPZ Canal,2019-10-13,2019,10,wet,23.942411,90.230616,0.08,,,100.0,6.43,0.0,127.8,29.4,,123.0,69.9,60.0,71.9,29.6,7.55
REACH-Dhaka_2017-2021,river,Bangshi,d/s of DEPZ Canal,2020-02-15,2020,2,dry,23.942411,90.230616,6.5,,,210.0,0.06,72000.0,1401.0,6.3,,44.0,700.0,330.0,26.1,25.4,8.17
REACH-Dhaka_2017-2021,river,Bangshi,d/s of DEPZ Canal,2020-08-24,2020,8,wet,23.942411,90.230616,0.05,,,120.0,4.61,7000.0,144.5,6.1,,10.0,62.9,40.0,23.0,29.3,6.94
REACH-Dhaka_2017-2021,river,Bangshi,d/s of DEPZ Canal,2020-10-13,2020,10,wet,23.942411,90.230616,0.12,,,110.0,4.47,25000.0,149.9,11.9,,92.0,62.7,60.0,35.5,31.3,6.92
REACH-Dhaka_2017-2021,river,Bangshi,d/s of DEPZ Canal,2020-12-14,2020,12,dry,23.942411,90.230616,3.4000000000000004,,,300.028,0.96,560000.0,798.0,3.8,,39.0,415.0,195.0,30.9,22.2,7.58
REACH-Dhaka_2017-2021,river,Bangshi,d/s of DEPZ Canal,2021-02-16,2021,2,dry,23.942411,90.230616,10.0,,,221.264,0.51,,1581.0,10.188999999999998,,106.0,801.0,285.0,38.8,24.7,8.36
REACH-Dhaka_2017-2021,river,Bangshi,d/s of DEPZ Canal,2021-05-24,2021,5,wet,23.942411,90.230616,7.0,,,164.5,0.11,,2017.0,10.2,,59.0,861.0,305.0,16.26,33.5,7.51
REACH-Dhaka_2017-2021,river,Bangshi,d/s of DEPZ Canal,2021-07-16,2021,7,wet,23.942411,90.230616,0.2249999999999999,,,84.68699999999998,6.54,200.0,162.6,18.6,,270.0,68.7,40.0,266.0,30.9,7.19
REACH-Dhaka_2017-2021,river,Bangshi,u/s of Dhaleswari Confluence at Hazipur,2019-08-18,2019,8,wet,23.920526,90.226162,0.31,,,170.0,5.3,0.0,157.3,154.5,,113.0,67.0,10.0,69.9,30.4,7.52
REACH-Dhaka_2017-2021,river,Bangshi,u/s of Dhaleswari Confluence at Hazipur,2019-10-13,2019,10,wet,23.920526,90.226162,0.17,,,120.0,6.02,0.0,142.3,2.9,,113.0,77.4,55.0,56.6,29.6,7.55
REACH-Dhaka_2017-2021,river,Bangshi,u/s of Dhaleswari Confluence at Hazipur,2020-02-15,2020,2,dry,23.920526,90.226162,7.35,,,220.0,0.07,1000.0,1526.0,10.5,,56.0,764.0,340.0,28.9,24.9,8.47
REACH-Dhaka_2017-2021,river,Bangshi,u/s of Dhaleswari Confluence at Hazipur,2020-08-24,2020,8,wet,23.920526,90.226162,0.16,,,130.0,4.65,28000.0,146.8,5.2,,9.0,63.8,45.0,23.5,29.3,6.82
REACH-Dhaka_2017-2021,river,Bangshi,u/s of Dhaleswari Confluence at Hazipur,2020-10-13,2020,10,wet,23.920526,90.226162,0.17,,,280.0,4.34,5000.0,156.5,8.1,,68.0,65.6,40.0,39.4,31.3,6.91
REACH-Dhaka_2017-2021,river,Bangshi,u/s of Dhaleswari Confluence at Hazipur,2020-12-14,2020,12,dry,23.920526,90.226162,2.4,,,269.99499999999995,0.92,60000.0,711.0,10.4,,23.0,349.0,240.0,13.25,22.7,7.41
REACH-Dhaka_2017-2021,river,Bangshi,u/s of Dhaleswari Confluence at Hazipur,2021-02-16,2021,2,dry,23.920526,90.226162,9.75,,,191.231,0.52,,1434.0,14.618999999999998,,62.0,731.0,325.0,27.6,24.2,8.18
REACH-Dhaka_2017-2021,river,Bangshi,u/s of Dhaleswari Confluence at Hazipur,2021-05-24,2021,5,wet,23.920526,90.226162,10.9,,,204.5,0.11,,2220.0,29.9,,58.0,948.0,360.0,16.44,33.6,7.74
REACH-Dhaka_2017-2021,river,Bangshi,u/s of Dhaleswari Confluence at Hazipur,2021-07-16,2021,7,wet,23.920526,90.226162,0.275,,,164.77499999999998,5.83,100.0,172.7,3.2,,189.0,72.9,30.0,139.0,31.0,7.27
REACH-Dhaka_2017-2021,river,Bangshi-Savar,Amin Bazar Landfill,2018-10-29,2018,10,wet,23.799735,90.303025,0.69,,,,1.71,,555.0,0.8,,,231.0,145.0,11.61,26.5,7.16
REACH-Dhaka_2017-2021,river,Bangshi-Savar,Amin Bazar Landfill,2018-12-11,2018,12,dry,23.799735,90.303025,11.3,,,204.0,0.08,,1016.0,8.2,,40.0,426.0,260.0,22.0,23.7,7.34
REACH-Dhaka_2017-2021,river,Bangshi-Savar,Amin Bazar Landfill,2019-01-13,2019,1,dry,23.799735,90.303025,20.2,,,892.0,0.2,,1265.0,4.2,,202.0,566.0,400.0,75.9,21.9,8.0
REACH-Dhaka_2017-2021,river,Bangshi-Savar,Amin Bazar Landfill,2019-02-11,2019,2,dry,23.799735,90.303025,7.0,,,780.0,0.02,1000.0,1151.0,1.4,,74.0,542.0,305.0,34.3,22.5,7.27
REACH-Dhaka_2017-2021,river,Bangshi-Savar,Amin Bazar Landfill,2019-03-11,2019,3,dry,23.799735,90.303025,8.55,,,520.0,0.02,68000.0,1173.0,1.71,,253.0,476.0,280.0,82.5,24.7,7.95
REACH-Dhaka_2017-2021,river,Bangshi-Savar,Amin Bazar Landfill,2019-04-21,2019,4,dry,23.799735,90.303025,12.65,,,400.0,0.06,0.0,799.0,0.6,,85.0,319.6,170.0,20.1,30.1,7.5
REACH-Dhaka_2017-2021,river,Bangshi-Savar,Amin Bazar Landfill,2019-05-12,2019,5,wet,23.799735,90.303025,15.45,,,670.0,0.03,13000.0,1164.0,5.3,,56.0,507.0,260.0,36.1,31.5,7.57
REACH-Dhaka_2017-2021,river,Bangshi-Savar,Amin Bazar Landfill,2019-06-16,2019,6,wet,23.799735,90.303025,,,,220.0,0.1,11000.0,434.0,41.3,,27.0,186.0,165.0,16.01,30.6,7.12
REACH-Dhaka_2017-2021,river,Bangshi-Savar,Amin Bazar Landfill,2019-07-15,2019,7,wet,23.799735,90.303025,0.69,,,210.0,1.97,1100.0,167.0,2.7,,67.0,90.8,45.0,48.1,28.5,7.38
REACH-Dhaka_2017-2021,river,Bangshi-Savar,Amin Bazar Landfill,2019-08-18,2019,8,wet,23.799735,90.303025,0.11,,,240.0,4.93,400.0,170.4,21.4,,44.0,73.0,25.0,20.4,30.2,7.44
REACH-Dhaka_2017-2021,river,Bangshi-Savar,Amin Bazar Landfill,2019-09-15,2019,9,wet,23.799735,90.303025,2.63,,,160.0,1.84,0.0,233.0,3.0,,17.0,126.6,55.0,17.7,30.5,7.62
REACH-Dhaka_2017-2021,river,Bangshi-Savar,Amin Bazar Landfill,2019-10-15,2019,10,wet,23.799735,90.303025,0.39,,,140.0,2.49,100.0,175.9,3.3,,41.0,90.9,50.0,23.8,29.1,7.33
REACH-Dhaka_2017-2021,river,Bangshi-Savar,Amin Bazar Landfill,2019-11-18,2019,11,dry,23.799735,90.303025,7.5,,,160.0,1.71,0.0,456.0,2.3,,17.0,286.0,135.0,10.25,26.8,7.58
REACH-Dhaka_2017-2021,river,Bangshi-Savar,Amin Bazar Landfill,2019-12-14,2019,12,dry,23.799735,90.303025,16.95,,,160.0,0.15,,903.0,2.2,,18.0,464.0,290.0,17.18,23.1,7.68
REACH-Dhaka_2017-2021,river,Bangshi-Savar,Amin Bazar Landfill,2020-01-19,2020,1,dry,23.799735,90.303025,7.15,,,370.0,0.09,6000.0,840.0,201.6,,14.0,458.0,285.0,26.8,20.2,7.56
REACH-Dhaka_2017-2021,river,Bangshi-Savar,Amin Bazar Landfill,2020-02-15,2020,2,dry,23.799735,90.303025,8.8,,,230.0,0.04,5000.0,1061.0,4.7,,53.0,571.0,260.0,41.6,21.5,7.57
REACH-Dhaka_2017-2021,river,Bangshi-Savar,Amin Bazar Landfill,2020-08-24,2020,8,wet,23.799735,90.303025,0.5,,,50.0,3.87,3200.0,172.2,5.2,,10.0,75.2,55.0,14.91,29.2,6.85
REACH-Dhaka_2017-2021,river,Bangshi-Savar,Amin Bazar Landfill,2020-10-13,2020,10,wet,23.799735,90.303025,0.62,,,200.0,3.25,6000.0,182.6,8.4,,27.0,76.8,45.0,15.82,31.2,6.91
REACH-Dhaka_2017-2021,river,Bangshi-Savar,Amin Bazar Landfill,2020-12-14,2020,12,dry,23.799735,90.303025,21.6,,,239.962,0.88,10000.0,912.0,0.4,,36.0,477.0,265.0,17.51,22.4,7.67
REACH-Dhaka_2017-2021,river,Bangshi-Savar,Amin Bazar Landfill,2021-02-16,2021,2,dry,23.799735,90.303025,12.75,,,121.154,1.16,,982.0,3.544,,41.0,516.0,345.0,25.7,22.0,7.97
REACH-Dhaka_2017-2021,river,Bangshi-Savar,Amin Bazar Landfill,2021-05-24,2021,5,wet,23.799735,90.303025,6.4,,,54.5,1.58,,904.0,3.2,,17.0,376.0,200.0,13.43,33.4,7.61
REACH-Dhaka_2017-2021,river,Bangshi-Savar,Amin Bazar Landfill,2021-07-16,2021,7,wet,23.799735,90.303025,0.4499999999999999,,,144.753,3.32,100.0,189.3,4.3,,52.0,80.2,40.0,34.3,31.2,6.97
REACH-Dhaka_2017-2021,river,Bangshi-Savar,d/s of Turag branch outfall,2018-07-14,2018,7,wet,23.796912,90.326466,0.02,,,380.0,4.21,35000.0,184.2,6.645,,47.0,77.3,,82.9,30.3,7.03
REACH-Dhaka_2017-2021,river,Bangshi-Savar,d/s of Turag branch outfall,2018-08-11,2018,8,wet,23.796912,90.326466,0.01,,,,5.47,5000.0,158.5,0.886,,153.0,66.6,86.0,188.0,30.7,7.33
REACH-Dhaka_2017-2021,river,Bangshi-Savar,d/s of Turag branch outfall,2018-09-15,2018,9,wet,23.796912,90.326466,0.24,,,63.0,5.04,6000.0,179.6,7.531,,247.0,76.5,50.0,142.0,29.6,7.34
REACH-Dhaka_2017-2021,river,Bangshi-Savar,d/s of Turag branch outfall,2018-10-13,2018,10,wet,23.796912,90.326466,0.22,,,153.43999999999994,4.65,2000.0,357.0,3.8,,56.0,151.0,35.0,21.9,27.0,7.0
REACH-Dhaka_2017-2021,river,Bangshi-Savar,d/s of Turag branch outfall,2018-10-29,2018,10,wet,23.796912,90.326466,0.73,,,,2.3,,549.0,3.3,,,228.0,100.0,21.2,26.8,6.69
REACH-Dhaka_2017-2021,river,Bangshi-Savar,d/s of Turag branch outfall,2018-11-18,2018,11,dry,23.796912,90.326466,2.9,,,390.0,0.97,,799.0,6.5,,82.0,342.0,245.0,38.6,31.8,7.5
REACH-Dhaka_2017-2021,river,Bangshi-Savar,d/s of Turag branch outfall,2018-12-11,2018,12,dry,23.796912,90.326466,4.3,,,326.0,0.07,,850.0,2.3,,102.0,375.0,210.0,52.5,23.3,7.4
REACH-Dhaka_2017-2021,river,Bangshi-Savar,d/s of Turag branch outfall,2019-01-13,2019,1,dry,23.796912,90.326466,18.1,,,1693.0,0.0,,907.0,7.8,,161.0,417.0,230.0,68.7,24.2,7.33
REACH-Dhaka_2017-2021,river,Bangshi-Savar,d/s of Turag branch outfall,2019-02-11,2019,2,dry,23.796912,90.326466,7.5,,,860.0,0.04,85000.0,1138.0,5.0,,255.0,541.0,325.0,83.0,21.7,7.27
REACH-Dhaka_2017-2021,river,Bangshi-Savar,d/s of Turag branch outfall,2019-03-11,2019,3,dry,23.796912,90.326466,20.05,,,520.0,0.01,52000.0,1196.0,4.01,,143.0,472.0,490.0,46.9,24.3,7.7
REACH-Dhaka_2017-2021,river,Bangshi-Savar,d/s of Turag branch outfall,2019-04-21,2019,4,dry,23.796912,90.326466,7.15,,,550.0,0.06,0.0,633.0,3.4,,132.0,253.2,115.0,41.9,30.2,7.39
REACH-Dhaka_2017-2021,river,Bangshi-Savar,d/s of Turag branch outfall,2019-05-12,2019,5,wet,23.796912,90.326466,7.45,,,645.0,0.11,48000.0,1003.0,5.5,,76.0,438.0,240.0,43.5,31.2,7.53
REACH-Dhaka_2017-2021,river,Bangshi-Savar,d/s of Turag branch outfall,2019-06-16,2019,6,wet,23.796912,90.326466,2.44,,,240.0,0.09,5800.0,319.0,7.0,,26.0,136.0,200.0,15.06,30.6,7.06
REACH-Dhaka_2017-2021,river,Bangshi-Savar,d/s of Turag branch outfall,2019-07-15,2019,7,wet,23.796912,90.326466,0.11,,,180.0,3.81,2200.0,127.6,2.9,,87.0,68.9,25.0,47.2,28.4,7.43
REACH-Dhaka_2017-2021,river,Bangshi-Savar,d/s of Turag branch outfall,2019-08-18,2019,8,wet,23.796912,90.326466,0.1,,,190.0,4.93,0.0,158.7,29.7,,98.0,68.0,20.0,39.1,30.1,7.33
REACH-Dhaka_2017-2021,river,Bangshi-Savar,d/s of Turag branch outfall,2019-09-15,2019,9,wet,23.796912,90.326466,0.9,,,220.0,5.71,1200.0,161.0,8.9,,58.0,88.0,55.0,38.1,30.0,7.5
REACH-Dhaka_2017-2021,river,Bangshi-Savar,d/s of Turag branch outfall,2019-10-15,2019,10,wet,23.796912,90.326466,0.3,,,150.0,4.92,0.0,167.5,2.4,,42.0,86.4,80.0,32.8,29.3,7.43
REACH-Dhaka_2017-2021,river,Bangshi-Savar,d/s of Turag branch outfall,2019-11-18,2019,11,dry,23.796912,90.326466,2.22,,,200.0,0.45,0.0,403.0,2.4,,30.0,247.0,170.0,17.4,26.7,7.46
REACH-Dhaka_2017-2021,river,Bangshi-Savar,d/s of Turag branch outfall,2019-12-14,2019,12,dry,23.796912,90.326466,4.15,,,170.0,0.05,,719.0,1.6,,58.0,365.0,210.0,33.3,23.1,7.37
REACH-Dhaka_2017-2021,river,Bangshi-Savar,d/s of Turag branch outfall,2020-01-19,2020,1,dry,23.796912,90.326466,4.95,,,430.0,0.08,4000.0,828.0,3.0,,24.0,441.0,285.0,41.4,21.2,7.7
REACH-Dhaka_2017-2021,river,Bangshi-Savar,d/s of Turag branch outfall,2020-02-15,2020,2,dry,23.796912,90.326466,10.25,,,150.0,0.07,40000.0,1037.0,5.1,,40.0,540.0,340.0,44.1,22.3,7.42
REACH-Dhaka_2017-2021,river,Bangshi-Savar,d/s of Turag branch outfall,2020-08-24,2020,8,wet,23.796912,90.326466,0.16,,,180.0,4.01,2100.0,150.1,4.8,,10.0,65.6,10.0,14.85,29.1,6.89
REACH-Dhaka_2017-2021,river,Bangshi-Savar,d/s of Turag branch outfall,2020-10-13,2020,10,wet,23.796912,90.326466,0.08,,,190.0,4.16,10000.0,159.8,5.1,,43.0,67.0,30.0,21.8,31.2,6.9
REACH-Dhaka_2017-2021,river,Bangshi-Savar,d/s of Turag branch outfall,2020-12-14,2020,12,dry,23.796912,90.326466,5.25,,,199.91799999999995,1.28,80000.0,640.0,3.2,,118.0,326.0,200.0,52.8,22.7,7.26
REACH-Dhaka_2017-2021,river,Bangshi-Savar,d/s of Turag branch outfall,2021-02-16,2021,2,dry,23.796912,90.326466,9.1,,,131.165,1.52,,1071.0,4.873,,101.0,562.0,335.0,42.2,22.4,7.87
REACH-Dhaka_2017-2021,river,Bangshi-Savar,d/s of Turag branch outfall,2021-05-24,2021,5,wet,23.796912,90.326466,4.3,,,64.5,0.04,,616.0,6.8,,29.0,256.0,140.0,15.19,33.1,7.21
REACH-Dhaka_2017-2021,river,Bangshi-Savar,d/s of Turag branch outfall,2021-07-16,2021,7,wet,23.796912,90.326466,0.175,,,94.69799999999998,4.25,200.0,177.4,3.5,,160.0,74.5,45.0,86.0,31.2,7.03
REACH-Dhaka_2017-2021,river,Buriganga,Aminbazar Bridge,2017-11-12,2017,11,dry,23.78292,90.33538,0.74,,,140.0,2.72,33000.0,248.0,0.2,,73.0,111.6,40.0,49.1,28.3,7.49
REACH-Dhaka_2017-2021,river,Buriganga,Aminbazar Bridge,2017-12-18,2017,12,dry,23.78292,90.33538,1.24,,23.0,200.0,0.25,420000.0,553.0,1.3,,9.0,273.0,165.0,35.5,24.0,8.01
REACH-Dhaka_2017-2021,river,Buriganga,Aminbazar Bridge,2018-01-23,2018,1,dry,23.78292,90.33538,,,,73.863,0.25,260000.0,793.0,1.8,,46.0,480.0,48.0,53.2,22.0,7.69
REACH-Dhaka_2017-2021,river,Buriganga,Aminbazar Bridge,2018-02-24,2018,2,dry,23.78292,90.33538,7.3,,,49.0,0.24,,1016.0,24.0,,43.0,482.0,330.0,63.4,26.8,7.69
REACH-Dhaka_2017-2021,river,Buriganga,Aminbazar Bridge,2018-03-19,2018,3,dry,23.78292,90.33538,8.7,,,174.0,0.19,90000.0,966.0,6.642857142857143,,42.0,437.0,285.0,41.7,29.3,7.26
REACH-Dhaka_2017-2021,river,Buriganga,Aminbazar Bridge,2018-04-21,2018,4,dry,23.78292,90.33538,6.3,,,370.0,0.22,950000.0,1017.0,9.6,,71.0,460.0,250.0,37.8,28.9,7.44
REACH-Dhaka_2017-2021,river,Buriganga,Aminbazar Bridge,2018-05-12,2018,5,wet,23.78292,90.33538,5.5,,0.153,480.0,2.73,41000.0,326.0,5.759,,34.0,143.4,55.0,26.3,29.2,6.52
REACH-Dhaka_2017-2021,river,Buriganga,Aminbazar Bridge,2018-06-23,2018,6,wet,23.78292,90.33538,0.15,,,490.0,3.64,4000.0,135.8,15.948,,125.0,57.7,45.0,98.0,30.2,6.8
REACH-Dhaka_2017-2021,river,Buriganga,Aminbazar Bridge,2018-07-14,2018,7,wet,23.78292,90.33538,0.39,,,280.0,4.18,70000.0,196.2,8.417,,57.0,82.9,,88.0,31.5,7.08
REACH-Dhaka_2017-2021,river,Buriganga,Aminbazar Bridge,2018-08-11,2018,8,wet,23.78292,90.33538,0.11,,,,4.54,18000.0,160.2,8.417,,71.0,67.7,45.0,135.0,30.6,7.29
REACH-Dhaka_2017-2021,river,Buriganga,Aminbazar Bridge,2018-09-15,2018,9,wet,23.78292,90.33538,0.31,,,123.0,5.02,11000.0,185.8,4.873,,208.0,79.1,50.0,97.0,29.8,7.31
REACH-Dhaka_2017-2021,river,Buriganga,Aminbazar Bridge,2018-10-13,2018,10,wet,23.78292,90.33538,0.28,,,213.506,4.24,68000.0,385.0,1.9,,10.0,161.2,60.0,19.8,27.2,6.95
REACH-Dhaka_2017-2021,river,Buriganga,Aminbazar Bridge,2018-11-18,2018,11,dry,23.78292,90.33538,2.6,,,320.0,0.5,,749.0,3.2,,126.0,316.0,135.0,45.5,25.9,7.67
REACH-Dhaka_2017-2021,river,Buriganga,Aminbazar Bridge,2018-12-11,2018,12,dry,23.78292,90.33538,4.699999999999999,,,174.0,0.08,,854.0,5.6,,79.0,362.0,215.0,40.7,23.3,7.27
REACH-Dhaka_2017-2021,river,Buriganga,Aminbazar Bridge,2019-01-13,2019,1,dry,23.78292,90.33538,8.1,,,892.86,0.05,,774.0,1.0,,140.0,374.0,230.0,58.5,20.3,6.89
REACH-Dhaka_2017-2021,river,Buriganga,Aminbazar Bridge,2019-02-11,2019,2,dry,23.78292,90.33538,6.8,,,840.0,0.04,,1129.0,6.3,,27.0,499.0,280.0,86.0,23.2,7.16
REACH-Dhaka_2017-2021,river,Buriganga,Aminbazar Bridge,2019-03-11,2019,3,dry,23.78292,90.33538,10.7,,,545.0,0.01,,1011.0,22.9,,217.0,400.0,270.0,79.2,24.8,8.36
REACH-Dhaka_2017-2021,river,Buriganga,Aminbazar Bridge,2019-04-21,2019,4,dry,23.78292,90.33538,7.5,,,490.0,0.04,,617.0,2.1,,172.0,246.8,145.0,42.7,30.2,7.37
REACH-Dhaka_2017-2021,river,Buriganga,Aminbazar Bridge,2019-05-12,2019,5,wet,23.78292,90.33538,6.2,,,615.0,0.04,,896.0,4.3,,71.0,391.0,265.0,43.4,30.9,7.47
REACH-Dhaka_2017-2021,river,Buriganga,Aminbazar Bridge,2019-06-16,2019,6,wet,23.78292,90.33538,2.6,,,250.0,0.09,,326.0,2.8,,30.0,139.0,65.0,18.1,30.7,6.85
REACH-Dhaka_2017-2021,river,Buriganga,Aminbazar Bridge,2019-07-15,2019,7,wet,23.78292,90.33538,0.88,,,270.0,2.95,5600.0,126.0,4.2,,69.0,76.5,80.0,52.2,28.4,7.4
REACH-Dhaka_2017-2021,river,Buriganga,Aminbazar Bridge,2019-08-18,2019,8,wet,23.78292,90.33538,0.18,,,220.0,5.77,0.0,155.3,38.3,,29.0,66.6,10.0,43.7,30.2,7.19
REACH-Dhaka_2017-2021,river,Buriganga,Aminbazar Bridge,2019-09-15,2019,9,wet,23.78292,90.33538,0.78,,,210.0,5.03,,161.0,8.7,,52.0,84.9,65.0,36.1,30.1,7.49
REACH-Dhaka_2017-2021,river,Buriganga,Aminbazar Bridge,2019-10-15,2019,10,wet,23.78292,90.33538,0.39,,,120.0,5.22,0.0,171.6,2.1,,42.0,87.9,65.0,33.9,29.3,7.47
REACH-Dhaka_2017-2021,river,Buriganga,Aminbazar Bridge,2019-11-18,2019,11,dry,23.78292,90.33538,1.97,,,350.0,0.46,,292.0,3.0,,53.0,189.2,165.0,26.7,26.8,7.31
REACH-Dhaka_2017-2021,river,Buriganga,Aminbazar Bridge,2019-12-14,2019,12,dry,23.78292,90.33538,4.8,,,240.0,0.09,,715.0,2.6,,103.0,362.0,220.0,31.9,22.8,7.49
REACH-Dhaka_2017-2021,river,Buriganga,Aminbazar Bridge,2020-01-19,2020,1,dry,23.78292,90.33538,4.6000000000000005,,,490.0,0.07,,823.0,8.6,,28.0,434.0,265.0,42.9,21.7,7.51
REACH-Dhaka_2017-2021,river,Buriganga,Aminbazar Bridge,2020-02-16,2020,2,dry,23.78292,90.33538,9.4,,,130.0,0.05,88000.0,1095.0,8.9,,128.0,575.0,270.0,47.1,22.2,7.42
REACH-Dhaka_2017-2021,river,Buriganga,Aminbazar Bridge,2020-08-22,2020,8,wet,23.78292,90.33538,0.48,,,150.0,5.02,100.0,167.1,4.2,,13.0,73.4,65.0,29.0,28.9,7.16
REACH-Dhaka_2017-2021,river,Buriganga,Aminbazar Bridge,2020-10-12,2020,10,wet,23.78292,90.33538,0.55,,,250.0,4.67,11000.0,175.5,4.2,,40.0,75.0,65.0,31.7,31.0,7.29
REACH-Dhaka_2017-2021,river,Buriganga,Aminbazar Bridge,2020-12-13,2020,12,dry,23.78292,90.33538,5.2,,,109.81899999999996,2.34,190000.0,631.0,10.8,,109.0,322.0,195.0,53.1,22.8,7.2
REACH-Dhaka_2017-2021,river,Buriganga,Aminbazar Bridge,2021-02-15,2021,2,dry,23.78292,90.33538,14.5,,,181.22,0.87,60000.0,1004.0,14.618999999999998,,169.0,510.0,280.0,72.4,23.5,7.33
REACH-Dhaka_2017-2021,river,Buriganga,Aminbazar Bridge,2021-05-22,2021,5,wet,23.78292,90.33538,3.0,,,132.5,0.05,,566.0,2.7,,29.0,239.0,165.0,10.57,32.3,7.31
REACH-Dhaka_2017-2021,river,Buriganga,Aminbazar Bridge,2021-07-16,2021,7,wet,23.78292,90.33538,0.2249999999999999,,,74.67599999999999,4.44,12000.0,181.8,6.4,,110.0,76.3,25.0,58.7,31.3,6.95
REACH-Dhaka_2017-2021,river,Buriganga,BCF Bridge,2017-12-18,2017,12,dry,23.68716,90.4278,3.16,,10.0,200.0,0.21,40000.0,624.0,4.0,,16.0,300.0,175.0,15.08,25.0,7.5
REACH-Dhaka_2017-2021,river,Buriganga,BCF Bridge,2018-01-23,2018,1,dry,23.68716,90.4278,,,,234.039,0.21,30000.0,787.0,2.6,,25.0,409.0,55.0,18.41,22.1,7.47
REACH-Dhaka_2017-2021,river,Buriganga,BCF Bridge,2018-02-24,2018,2,dry,23.68716,90.4278,12.4,,,39.0,0.24,,896.0,48.0,,65.0,435.0,305.0,12.17,26.3,7.63
REACH-Dhaka_2017-2021,river,Buriganga,BCF Bridge,2018-03-19,2018,3,dry,23.68716,90.4278,17.7,,,172.0,0.28,160000.0,1013.0,2.657142857142857,,37.0,458.0,325.0,12.99,30.1,7.38
REACH-Dhaka_2017-2021,river,Buriganga,BCF Bridge,2018-04-21,2018,4,dry,23.68716,90.4278,9.3,,,360.0,0.2,390000.0,1084.0,13.0,,96.0,491.0,230.0,20.8,29.2,7.55
REACH-Dhaka_2017-2021,river,Buriganga,BCF Bridge,2018-05-12,2018,5,wet,23.68716,90.4278,8.6,,0.213,250.0,1.09,8000.0,412.0,6.645,,16.0,184.3,105.0,19.12,27.3,6.42
REACH-Dhaka_2017-2021,river,Buriganga,BCF Bridge,2018-06-24,2018,6,wet,23.68716,90.4278,0.09,,,370.0,0.36,19000.0,214.3,7.974,,29.0,90.7,90.0,16.7,30.7,7.06
REACH-Dhaka_2017-2021,river,Buriganga,BCF Bridge,2018-07-14,2018,7,wet,23.68716,90.4278,0.75,,,400.0,1.84,30000.0,183.9,7.088,,29.0,77.4,,60.2,31.2,7.08
REACH-Dhaka_2017-2021,river,Buriganga,BCF Bridge,2018-08-11,2018,8,wet,23.68716,90.4278,0.34,,,,3.02,1000.0,179.3,4.873,,61.0,75.9,89.0,107.0,30.6,7.25
REACH-Dhaka_2017-2021,river,Buriganga,BCF Bridge,2018-09-15,2018,9,wet,23.68716,90.4278,0.98,,,93.0,2.6,68000.0,209.0,0.443,,114.0,89.1,45.0,59.0,29.8,7.18
REACH-Dhaka_2017-2021,river,Buriganga,BCF Bridge,2018-10-13,2018,10,wet,23.68716,90.4278,0.71,,,243.539,2.36,59000.0,368.0,1.0,,27.0,152.2,75.0,14.63,27.4,7.08
REACH-Dhaka_2017-2021,river,Buriganga,BCF Bridge,2018-11-18,2018,11,dry,23.68716,90.4278,5.28,,,400.0,0.14,,668.0,2.3,,41.0,293.0,180.0,15.0,26.7,7.39
REACH-Dhaka_2017-2021,river,Buriganga,BCF Bridge,2018-12-11,2018,12,dry,23.68716,90.4278,7.6,,,235.0,0.14,,791.0,9.8,,67.0,337.0,200.0,23.3,24.0,7.14
REACH-Dhaka_2017-2021,river,Buriganga,BCF Bridge,2019-01-13,2019,1,dry,23.68716,90.4278,9.7,,,392.31,0.04,,777.0,3.4,,51.0,375.0,240.0,16.11,21.0,6.94
REACH-Dhaka_2017-2021,river,Buriganga,BCF Bridge,2019-02-11,2019,2,dry,23.68716,90.4278,13.8,,,785.0,0.01,,1028.0,5.8,,120.0,506.0,300.0,17.3,22.5,7.33
REACH-Dhaka_2017-2021,river,Buriganga,BCF Bridge,2019-03-11,2019,3,dry,23.68716,90.4278,15.05,,,600.0,0.0,,1098.0,10.6,,95.0,439.0,340.0,20.3,24.6,7.64
REACH-Dhaka_2017-2021,river,Buriganga,BCF Bridge,2019-04-21,2019,4,dry,23.68716,90.4278,9.85,,,495.0,0.03,,677.0,6.0,,61.0,270.8,140.0,14.02,29.7,7.24
REACH-Dhaka_2017-2021,river,Buriganga,BCF Bridge,2019-05-12,2019,5,wet,23.68716,90.4278,15.85,,,610.0,0.02,,897.0,0.9,,66.0,386.0,250.0,14.9,31.4,7.35
REACH-Dhaka_2017-2021,river,Buriganga,BCF Bridge,2019-06-16,2019,6,wet,23.68716,90.4278,3.38,,,320.0,0.2,,339.0,3.6,,24.0,339.0,55.0,16.91,31.5,7.04
REACH-Dhaka_2017-2021,river,Buriganga,BCF Bridge,2019-07-15,2019,7,wet,23.68716,90.4278,1.04,,,160.0,0.55,3400.0,160.7,2.5,,32.0,87.8,65.0,28.3,28.8,7.5
REACH-Dhaka_2017-2021,river,Buriganga,BCF Bridge,2019-08-18,2019,8,wet,23.68716,90.4278,0.13,,,250.0,3.79,6000.0,170.1,31.8,,66.0,72.7,30.0,27.7,30.4,7.6
REACH-Dhaka_2017-2021,river,Buriganga,BCF Bridge,2019-09-15,2019,9,wet,23.68716,90.4278,1.39,,,180.0,1.94,,173.3,4.9,,29.0,100.2,55.0,25.2,30.4,7.55
REACH-Dhaka_2017-2021,river,Buriganga,BCF Bridge,2019-10-15,2019,10,wet,23.68716,90.4278,0.87,,,140.0,2.46,1000.0,181.9,4.0,,27.0,93.9,75.0,29.6,29.6,7.35
REACH-Dhaka_2017-2021,river,Buriganga,BCF Bridge,2019-11-18,2019,11,dry,23.68716,90.4278,1.95,,,170.0,0.07,,304.0,1.4,,22.0,192.5,115.0,10.46,27.5,7.25
REACH-Dhaka_2017-2021,river,Buriganga,BCF Bridge,2019-12-14,2019,12,dry,23.68716,90.4278,7.55,,,170.0,0.11,,706.0,4.0,,33.0,351.0,195.0,17.18,24.3,7.33
REACH-Dhaka_2017-2021,river,Buriganga,BCF Bridge,2020-01-19,2020,1,dry,23.68716,90.4278,8.4,,,470.0,0.05,,778.0,16.2,,29.0,416.0,265.0,17.96,20.9,7.35
REACH-Dhaka_2017-2021,river,Buriganga,BCF Bridge,2020-02-16,2020,2,dry,23.68716,90.4278,10.25,,,160.0,0.15,45000.0,957.0,4.5,,65.0,502.0,315.0,13.96,21.9,7.27
REACH-Dhaka_2017-2021,river,Buriganga,BCF Bridge,2020-08-24,2020,8,wet,23.68716,90.4278,0.26,,,80.0,3.83,3200.0,164.1,0.3,,16.0,71.7,15.0,19.0,29.2,6.87
REACH-Dhaka_2017-2021,river,Buriganga,BCF Bridge,2020-10-13,2020,10,wet,23.68716,90.4278,0.34,,,130.0,3.45,34000.0,179.2,28.2,,34.0,75.8,65.0,22.1,30.9,6.92
REACH-Dhaka_2017-2021,river,Buriganga,BCF Bridge,2020-12-14,2020,12,dry,23.68716,90.4278,7.0,,,219.94,0.86,150000.0,631.0,8.72,,34.0,317.0,165.0,12.53,23.5,7.14
REACH-Dhaka_2017-2021,river,Buriganga,BCF Bridge,2021-02-16,2021,2,dry,23.68716,90.4278,14.65,,,121.154,0.46,,946.0,10.188999999999998,,94.0,491.0,330.0,17.99,22.5,7.44
REACH-Dhaka_2017-2021,river,Buriganga,BCF Bridge,2021-05-24,2021,5,wet,23.68716,90.4278,9.9,,,44.5,0.13,,1049.0,5.7,,58.0,447.0,255.0,21.3,32.4,7.46
REACH-Dhaka_2017-2021,river,Buriganga,BCF Bridge,2021-07-17,2021,7,wet,23.68716,90.4278,0.325,,,144.753,2.4,8000.0,199.1,7.7,,43.0,83.9,40.0,41.0,31.1,6.98
REACH-Dhaka_2017-2021,river,Buriganga,Chandni Ghat,2017-11-12,2017,11,dry,23.71022,90.39367,0.91,,,110.0,0.56,22000.0,264.0,0.4,,45.0,118.4,50.0,20.3,27.9,7.3
REACH-Dhaka_2017-2021,river,Buriganga,Chandni Ghat,2017-12-18,2017,12,dry,23.71022,90.39367,2.59,,11.0,240.0,0.27,320000.0,600.0,2.7,,14.0,292.0,205.0,13.06,24.7,7.63
REACH-Dhaka_2017-2021,river,Buriganga,Chandni Ghat,2018-01-23,2018,1,dry,23.71022,90.39367,,,,183.984,0.23,100000.0,800.0,3.5,,16.0,414.0,47.0,17.14,22.8,7.54
REACH-Dhaka_2017-2021,river,Buriganga,Chandni Ghat,2018-02-24,2018,2,dry,23.71022,90.39367,9.1,,,45.0,0.12,,886.0,29.0,,83.0,423.0,285.0,11.39,26.8,7.76
REACH-Dhaka_2017-2021,river,Buriganga,Chandni Ghat,2018-03-19,2018,3,dry,23.71022,90.39367,13.7,,,168.0,0.28,60000.0,1021.0,5.757142857142858,,65.0,460.0,340.0,13.14,29.5,7.42
REACH-Dhaka_2017-2021,river,Buriganga,Chandni Ghat,2018-04-21,2018,4,dry,23.71022,90.39367,8.7,,,320.0,0.22,620000.0,1087.0,11.0,,71.0,491.0,270.0,18.76,29.4,7.52
REACH-Dhaka_2017-2021,river,Buriganga,Chandni Ghat,2018-05-12,2018,5,wet,23.71022,90.39367,11.3,,0.221,290.0,1.22,18000.0,394.0,0.886,,18.0,175.6,70.0,17.56,28.3,6.41
REACH-Dhaka_2017-2021,river,Buriganga,Chandni Ghat,2018-06-23,2018,6,wet,23.71022,90.39367,0.15,,,420.0,1.01,24000.0,201.2,9.303,,27.0,84.8,40.0,46.0,30.6,7.06
REACH-Dhaka_2017-2021,river,Buriganga,Chandni Ghat,2018-07-14,2018,7,wet,23.71022,90.39367,0.34,,,320.0,2.47,51000.0,212.8,6.645,,41.0,89.0,,69.3,31.3,7.16
REACH-Dhaka_2017-2021,river,Buriganga,Chandni Ghat,2018-08-11,2018,8,wet,23.71022,90.39367,0.03,,,,3.95,45000.0,168.9,3.1009999999999995,,74.0,71.3,80.0,112.0,30.7,7.18
REACH-Dhaka_2017-2021,river,Buriganga,Chandni Ghat,2018-09-15,2018,9,wet,23.71022,90.39367,0.74,,,113.0,3.21,32000.0,204.4,7.973999999999999,,131.0,87.1,50.0,64.8,29.7,7.41
REACH-Dhaka_2017-2021,river,Buriganga,Chandni Ghat,2018-10-13,2018,10,wet,23.71022,90.39367,0.57,,,213.506,3.1,48000.0,370.0,0.7,,27.0,155.9,50.0,14.33,27.3,7.08
REACH-Dhaka_2017-2021,river,Buriganga,Chandni Ghat,2018-11-18,2018,11,dry,23.71022,90.39367,3.54,,,400.0,0.12,,642.0,2.0,,39.0,270.0,150.0,12.7,26.3,7.36
REACH-Dhaka_2017-2021,river,Buriganga,Chandni Ghat,2018-12-11,2018,12,dry,23.71022,90.39367,7.5,,,194.0,0.09,,812.0,6.0,,54.0,358.0,220.0,23.3,23.8,7.47
REACH-Dhaka_2017-2021,river,Buriganga,Chandni Ghat,2019-01-13,2019,1,dry,23.71022,90.39367,8.3,,,1093.08,0.01,,745.0,2.7,,32.0,349.0,225.0,15.62,20.9,7.17
REACH-Dhaka_2017-2021,river,Buriganga,Chandni Ghat,2019-02-11,2019,2,dry,23.71022,90.39367,11.9,,,815.0,0.01,,997.0,8.3,,88.0,487.0,275.0,18.57,22.4,7.11
REACH-Dhaka_2017-2021,river,Buriganga,Chandni Ghat,2019-03-11,2019,3,dry,23.71022,90.39367,14.5,,,535.0,0.1,,1096.0,9.7,,82.0,431.0,325.0,20.9,24.0,7.28
REACH-Dhaka_2017-2021,river,Buriganga,Chandni Ghat,2019-04-21,2019,4,dry,23.71022,90.39367,9.05,,,480.0,0.05,,620.0,2.0,,74.0,248.0,140.0,15.46,30.1,7.3
REACH-Dhaka_2017-2021,river,Buriganga,Chandni Ghat,2019-05-12,2019,5,wet,23.71022,90.39367,13.35,,,600.0,0.07,,922.0,2.8,,45.0,399.0,260.0,14.86,31.6,7.45
REACH-Dhaka_2017-2021,river,Buriganga,Chandni Ghat,2019-06-16,2019,6,wet,23.71022,90.39367,2.7,,,240.0,0.14,,322.0,9.2,,32.0,136.0,70.0,17.18,31.4,6.93
REACH-Dhaka_2017-2021,river,Buriganga,Chandni Ghat,2019-07-15,2019,7,wet,23.71022,90.39367,0.91,,,200.0,1.41,2300.0,155.8,1.9,,44.0,85.7,60.0,30.0,28.7,7.55
REACH-Dhaka_2017-2021,river,Buriganga,Chandni Ghat,2019-08-18,2019,8,wet,23.71022,90.39367,0.1,,,220.0,3.32,700.0,178.5,15.1,,68.0,76.4,40.0,30.9,30.3,7.34
REACH-Dhaka_2017-2021,river,Buriganga,Chandni Ghat,2019-09-15,2019,9,wet,23.71022,90.39367,1.13,,,190.0,3.42,,165.1,4.3,,34.0,98.5,70.0,20.6,30.4,7.38
REACH-Dhaka_2017-2021,river,Buriganga,Chandni Ghat,2019-10-15,2019,10,wet,23.71022,90.39367,0.77,,,230.0,3.03,0.0,181.5,5.3,,28.0,93.4,50.0,23.1,29.5,7.51
REACH-Dhaka_2017-2021,river,Buriganga,Chandni Ghat,2019-11-18,2019,11,dry,23.71022,90.39367,2.55,,,140.0,0.1,,302.0,2.4,,21.0,194.2,125.0,11.11,27.5,7.3
REACH-Dhaka_2017-2021,river,Buriganga,Chandni Ghat,2019-12-14,2019,12,dry,23.71022,90.39367,7.4,,,180.0,0.17,,705.0,4.4,,57.0,351.0,215.0,20.2,22.1,7.47
REACH-Dhaka_2017-2021,river,Buriganga,Chandni Ghat,2020-01-19,2020,1,dry,23.71022,90.39367,10.35,,,410.0,0.2,,811.0,7.2,,27.0,435.0,230.0,20.5,20.7,7.38
REACH-Dhaka_2017-2021,river,Buriganga,Chandni Ghat,2020-02-16,2020,2,dry,23.71022,90.39367,25.0,,,110.0,0.08,47000.0,960.0,9.9,,53.0,507.0,320.0,14.66,21.7,7.32
REACH-Dhaka_2017-2021,river,Buriganga,Chandni Ghat,2020-08-22,2020,8,wet,23.71022,90.39367,0.27,,,150.0,3.3,800.0,204.9,4.5,,10.0,90.4,25.0,24.8,28.8,6.77
REACH-Dhaka_2017-2021,river,Buriganga,Chandni Ghat,2020-10-12,2020,10,wet,23.71022,90.39367,0.37,,,270.0,3.65,1800.0,177.8,3.2,,31.0,75.3,45.0,28.3,31.1,6.81
REACH-Dhaka_2017-2021,river,Buriganga,Chandni Ghat,2020-12-13,2020,12,dry,23.71022,90.39367,6.800000000000001,,,29.730999999999995,1.34,150000.0,632.0,8.4,,33.0,318.0,225.0,13.12,23.4,7.15
REACH-Dhaka_2017-2021,river,Buriganga,Chandni Ghat,2021-02-15,2021,2,dry,23.71022,90.39367,21.4,,,201.242,0.46,,981.0,14.618999999999998,,54.0,506.0,305.0,20.3,22.8,7.32
REACH-Dhaka_2017-2021,river,Buriganga,Chandni Ghat,2021-05-22,2021,5,wet,23.71022,90.39367,7.5,,,122.5,0.12,,929.0,4.6,,70.0,392.0,245.0,31.4,32.3,7.38
REACH-Dhaka_2017-2021,river,Buriganga,Chandni Ghat,2021-07-17,2021,7,wet,23.71022,90.39367,0.275,,,124.731,3.65,6000.0,187.6,3.3,,63.0,79.4,50.0,47.6,31.0,7.02
REACH-Dhaka_2017-2021,river,Buriganga,Dholaikhal,2017-12-18,2017,12,dry,23.69661,90.41836,3.76,,26.0,240.0,0.22,100000.0,609.0,3.9,,15.0,298.0,215.0,14.39,24.8,7.58
REACH-Dhaka_2017-2021,river,Buriganga,Dholaikhal,2018-01-23,2018,1,dry,23.69661,90.41836,,,,133.929,0.19,60000.0,781.0,1.4,,17.0,406.0,49.0,17.59,22.3,7.47
REACH-Dhaka_2017-2021,river,Buriganga,Dholaikhal,2018-02-24,2018,2,dry,23.69661,90.41836,12.1,,,45.0,0.75,,901.0,17.5,,84.0,430.0,285.0,12.9,26.4,7.64
REACH-Dhaka_2017-2021,river,Buriganga,Dholaikhal,2018-03-19,2018,3,dry,23.69661,90.41836,20.1,,,166.0,0.29,100000.0,960.0,12.842857142857142,,81.0,451.0,360.0,15.6,30.0,7.35
REACH-Dhaka_2017-2021,river,Buriganga,Dholaikhal,2018-04-21,2018,4,dry,23.69661,90.41836,10.1,,,350.0,0.21,500000.0,1077.0,13.0,,98.0,485.0,210.0,21.7,29.3,7.56
REACH-Dhaka_2017-2021,river,Buriganga,Dholaikhal,2018-05-12,2018,5,wet,23.69661,90.41836,5.3,,0.241,320.0,0.95,26000.0,415.0,2.215,,19.0,185.5,105.0,19.89,28.0,6.38
REACH-Dhaka_2017-2021,river,Buriganga,Dholaikhal,2018-06-24,2018,6,wet,23.69661,90.41836,0.14,,,380.0,0.56,7000.0,207.0,8.86,,22.0,87.5,55.0,24.0,31.0,6.99
REACH-Dhaka_2017-2021,river,Buriganga,Dholaikhal,2018-07-14,2018,7,wet,23.69661,90.41836,0.53,,,350.0,2.06,26000.0,188.1,5.759,,28.0,79.2,,62.5,31.3,7.05
REACH-Dhaka_2017-2021,river,Buriganga,Dholaikhal,2018-08-11,2018,8,wet,23.69661,90.41836,0.3,,,,3.28,42000.0,174.7,4.43,,68.0,73.9,87.0,103.0,30.6,7.12
REACH-Dhaka_2017-2021,river,Buriganga,Dholaikhal,2018-09-15,2018,9,wet,23.69661,90.41836,0.7,,,103.0,2.99,36000.0,207.0,0.886,,132.0,88.1,55.0,61.2,29.5,7.44
REACH-Dhaka_2017-2021,river,Buriganga,Dholaikhal,2018-10-13,2018,10,wet,23.69661,90.41836,0.62,,,323.62699999999995,2.71,81000.0,365.0,1.1,,28.0,152.0,45.0,14.79,27.3,7.04
REACH-Dhaka_2017-2021,river,Buriganga,Dholaikhal,2018-11-18,2018,11,dry,23.69661,90.41836,5.5,,,440.0,0.13,,670.0,2.3,,47.0,283.0,110.0,23.5,26.5,7.28
REACH-Dhaka_2017-2021,river,Buriganga,Dholaikhal,2018-12-11,2018,12,dry,23.69661,90.41836,8.299999999999999,,,174.0,0.11,,797.0,1.4,,97.0,338.0,220.0,34.4,24.0,7.41
REACH-Dhaka_2017-2021,river,Buriganga,Dholaikhal,2019-01-13,2019,1,dry,23.69661,90.41836,7.2,,,592.5299999999999,0.03,,767.0,3.3,,49.0,367.0,205.0,15.85,20.9,7.24
REACH-Dhaka_2017-2021,river,Buriganga,Dholaikhal,2019-02-11,2019,2,dry,23.69661,90.41836,13.3,,,730.0,0.03,,1035.0,1.9,,120.0,506.0,320.0,19.1,22.5,7.24
REACH-Dhaka_2017-2021,river,Buriganga,Dholaikhal,2019-03-11,2019,3,dry,23.69661,90.41836,17.6,,,540.0,0.01,,511.0,17.1,,170.0,204.0,325.0,33.5,25.1,8.04
REACH-Dhaka_2017-2021,river,Buriganga,Dholaikhal,2019-04-21,2019,4,dry,23.69661,90.41836,10.55,,,535.0,0.02,,668.0,2.9,,82.0,267.2,130.0,16.34,29.7,7.24
REACH-Dhaka_2017-2021,river,Buriganga,Dholaikhal,2019-05-12,2019,5,wet,23.69661,90.41836,14.4,,,640.0,0.02,,898.0,3.1,,60.0,387.0,265.0,14.37,31.8,7.38
REACH-Dhaka_2017-2021,river,Buriganga,Dholaikhal,2019-06-16,2019,6,wet,23.69661,90.41836,3.12,,,180.0,0.08,,334.0,6.6,,26.0,334.0,50.0,16.13,31.5,7.06
REACH-Dhaka_2017-2021,river,Buriganga,Dholaikhal,2019-07-15,2019,7,wet,23.69661,90.41836,1.0,,,170.0,0.72,3300.0,162.4,4.4,,38.0,87.4,50.0,27.9,28.7,7.5
REACH-Dhaka_2017-2021,river,Buriganga,Dholaikhal,2019-08-18,2019,8,wet,23.69661,90.41836,0.15,,,190.0,4.04,20300.0,171.5,25.5,,58.0,73.3,25.0,26.7,30.3,7.6
REACH-Dhaka_2017-2021,river,Buriganga,Dholaikhal,2019-09-15,2019,9,wet,23.69661,90.41836,1.39,,,220.0,2.45,,178.8,4.0,,30.0,99.3,80.0,21.8,30.6,7.55
REACH-Dhaka_2017-2021,river,Buriganga,Dholaikhal,2019-10-15,2019,10,wet,23.69661,90.41836,1.04,,,130.0,2.4,0.0,186.5,5.6,,33.0,96.3,150.0,24.7,29.7,7.36
REACH-Dhaka_2017-2021,river,Buriganga,Dholaikhal,2019-11-18,2019,11,dry,23.69661,90.41836,2.55,,,200.0,0.09,,298.0,2.5,,21.0,191.8,120.0,10.72,27.7,7.29
REACH-Dhaka_2017-2021,river,Buriganga,Dholaikhal,2019-12-14,2019,12,dry,23.69661,90.41836,10.1,,,190.0,0.05,,731.0,2.4,,62.0,367.0,225.0,24.1,24.5,7.25
REACH-Dhaka_2017-2021,river,Buriganga,Dholaikhal,2020-01-19,2020,1,dry,23.69661,90.41836,11.45,,,550.0,0.08,,840.0,22.2,,37.0,446.0,260.0,20.8,21.5,7.35
REACH-Dhaka_2017-2021,river,Buriganga,Dholaikhal,2020-02-16,2020,2,dry,23.69661,90.41836,10.0,,,210.0,0.15,82000.0,957.0,13.6,,77.0,500.0,310.0,15.74,22.0,7.26
REACH-Dhaka_2017-2021,river,Buriganga,Dholaikhal,2020-08-24,2020,8,wet,23.69661,90.41836,0.64,,,400.0,3.77,3000.0,165.3,3.4,,15.0,72.2,15.0,17.54,29.2,6.9
REACH-Dhaka_2017-2021,river,Buriganga,Dholaikhal,2020-10-13,2020,10,wet,23.69661,90.41836,0.6,,,190.0,2.96,2600.0,191.7,18.0,,36.0,81.1,75.0,22.8,30.9,6.88
REACH-Dhaka_2017-2021,river,Buriganga,Dholaikhal,2020-12-14,2020,12,dry,23.69661,90.41836,8.85,,,199.91799999999995,0.81,240000.0,645.0,9.0,,41.0,323.0,210.0,14.88,23.8,7.07
REACH-Dhaka_2017-2021,river,Buriganga,Dholaikhal,2021-02-16,2021,2,dry,23.69661,90.41836,14.7,,,141.176,0.47,,942.0,21.707,,89.0,490.0,315.0,18.27,22.6,7.47
REACH-Dhaka_2017-2021,river,Buriganga,Dholaikhal,2021-05-24,2021,5,wet,23.69661,90.41836,8.7,,,24.5,0.08,,941.0,10.1,,69.0,398.0,220.0,20.6,32.6,7.4
REACH-Dhaka_2017-2021,river,Buriganga,Dholaikhal,2021-07-17,2021,7,wet,23.69661,90.41836,0.475,,,174.786,2.89,10000.0,195.6,3.9,,58.0,82.8,45.0,44.1,30.9,7.07
REACH-Dhaka_2017-2021,river,Buriganga,Jazira ,2017-12-18,2017,12,dry,23.63233,90.46342,4.19,,,270.0,0.39,10000.0,607.0,2.4,,23.0,300.0,75.0,20.9,24.5,7.59
REACH-Dhaka_2017-2021,river,Buriganga,Jazira ,2018-01-23,2018,1,dry,23.63233,90.46342,,,,183.984,0.23,20000.0,735.0,2.5,,11.0,380.0,39.0,27.3,22.2,7.61
REACH-Dhaka_2017-2021,river,Buriganga,Jazira ,2018-02-24,2018,2,dry,23.63233,90.46342,8.5,,,46.0,0.25,,792.0,15.0,,28.0,384.0,265.0,32.8,26.0,7.87
REACH-Dhaka_2017-2021,river,Buriganga,Jazira ,2018-03-19,2018,3,dry,23.63233,90.46342,10.4,,,212.0,0.29,60000.0,910.0,1.3285714285714283,,15.0,415.0,290.0,29.6,29.7,7.52
REACH-Dhaka_2017-2021,river,Buriganga,Jazira ,2018-04-21,2018,4,dry,23.63233,90.46342,10.6,,,200.0,0.2,30000.0,1070.0,5.3,,79.0,480.0,295.0,57.6,29.2,7.65
REACH-Dhaka_2017-2021,river,Buriganga,Jazira ,2018-05-12,2018,5,wet,23.63233,90.46342,7.1,,0.502,320.0,1.23,11000.0,507.0,7.088,,18.0,224.0,65.0,19.44,27.3,6.87
REACH-Dhaka_2017-2021,river,Buriganga,Jazira ,2018-06-24,2018,6,wet,23.63233,90.46342,0.12,,,320.0,0.28,31000.0,239.0,5.759,,15.0,100.5,100.0,8.61,30.8,7.04
REACH-Dhaka_2017-2021,river,Buriganga,Jazira ,2018-07-14,2018,7,wet,23.63233,90.46342,0.44,,,470.0,1.35,26000.0,188.8,7.973999999999999,,23.0,77.7,,41.6,31.1,7.12
REACH-Dhaka_2017-2021,river,Buriganga,Jazira ,2018-08-11,2018,8,wet,23.63233,90.46342,0.45,,,,1.95,27000.0,185.5,4.873,,51.0,78.6,65.0,82.6,30.6,7.24
REACH-Dhaka_2017-2021,river,Buriganga,Jazira ,2018-09-15,2018,9,wet,23.63233,90.46342,0.71,,,73.0,2.57,30000.0,206.0,5.759,,120.0,87.3,45.0,57.8,29.9,7.42
REACH-Dhaka_2017-2021,river,Buriganga,Jazira ,2018-10-13,2018,10,wet,23.63233,90.46342,0.69,,,193.484,0.89,30000.0,392.0,0.8,,24.0,161.9,80.0,12.17,27.5,7.1
REACH-Dhaka_2017-2021,river,Buriganga,Jazira ,2018-11-18,2018,11,dry,23.63233,90.46342,4.86,,,430.0,0.19,,610.0,2.3,,43.0,265.0,80.0,24.5,26.3,7.48
REACH-Dhaka_2017-2021,river,Buriganga,Jazira ,2018-12-11,2018,12,dry,23.63233,90.46342,5.6000000000000005,,,295.0,0.14,,773.0,4.8,,52.0,322.0,205.0,41.6,23.7,7.39
REACH-Dhaka_2017-2021,river,Buriganga,Jazira ,2019-01-13,2019,1,dry,23.63233,90.46342,7.6,,,392.31,0.03,,734.0,1.0,,47.0,356.0,280.0,32.1,20.7,7.2
REACH-Dhaka_2017-2021,river,Buriganga,Jazira ,2019-02-11,2019,2,dry,23.63233,90.46342,10.7,,,810.0,0.04,,934.0,2.9,,106.0,445.0,300.0,29.9,22.1,7.4
REACH-Dhaka_2017-2021,river,Buriganga,Jazira ,2019-03-11,2019,3,dry,23.63233,90.46342,13.6,,,515.0,0.0,,1022.0,5.3,,89.0,409.0,300.0,36.2,24.5,7.66
REACH-Dhaka_2017-2021,river,Buriganga,Jazira ,2019-04-21,2019,4,dry,23.63233,90.46342,8.55,,,575.0,0.06,,858.0,1.7,,70.0,343.20000000000005,160.0,20.3,29.5,7.46
REACH-Dhaka_2017-2021,river,Buriganga,Jazira ,2019-05-12,2019,5,wet,23.63233,90.46342,7.05,,,675.0,0.07,,893.0,6.8,,31.0,357.0,200.0,14.0,31.3,7.57
REACH-Dhaka_2017-2021,river,Buriganga,Jazira ,2019-06-16,2019,6,wet,23.63233,90.46342,2.2,,,200.0,0.34,,315.0,19.3,,21.0,315.0,30.0,12.57,31.0,7.19
REACH-Dhaka_2017-2021,river,Buriganga,Jazira ,2019-07-15,2019,7,wet,23.63233,90.46342,1.07,,,170.0,0.19,2100.0,151.3,5.8,,29.0,89.0,50.0,61.3,28.9,7.53
REACH-Dhaka_2017-2021,river,Buriganga,Jazira ,2019-08-18,2019,8,wet,23.63233,90.46342,0.11,,,230.0,3.2,2100.0,179.9,11.8,,54.0,76.6,45.0,26.2,30.6,7.7
REACH-Dhaka_2017-2021,river,Buriganga,Jazira ,2019-09-15,2019,9,wet,23.63233,90.46342,1.47,,,180.0,0.87,,186.8,4.5,,22.0,104.1,65.0,42.5,30.1,7.54
REACH-Dhaka_2017-2021,river,Buriganga,Jazira ,2019-10-15,2019,10,wet,23.63233,90.46342,0.65,,,130.0,2.1,0.0,179.1,4.1,,31.0,92.5,65.0,40.5,29.6,7.36
REACH-Dhaka_2017-2021,river,Buriganga,Jazira ,2019-11-18,2019,11,dry,23.63233,90.46342,1.8,,,200.0,0.78,,264.0,1.6,,17.0,170.0,160.0,11.93,27.1,7.33
REACH-Dhaka_2017-2021,river,Buriganga,Jazira ,2019-12-14,2019,12,dry,23.63233,90.46342,3.95,,,170.0,0.27,,620.0,,,32.0,307.0,180.0,16.46,24.1,7.53
REACH-Dhaka_2017-2021,river,Buriganga,Jazira ,2020-01-19,2020,1,dry,23.63233,90.46342,8.65,,,450.0,0.1,,784.0,6.4,,23.0,418.0,245.0,25.5,21.0,7.4
REACH-Dhaka_2017-2021,river,Buriganga,Jazira ,2020-02-16,2020,2,dry,23.63233,90.46342,9.25,,,170.0,0.18,5000.0,844.0,7.5,,63.0,445.0,285.0,38.6,21.6,7.51
REACH-Dhaka_2017-2021,river,Buriganga,Jazira ,2020-08-24,2020,8,wet,23.63233,90.46342,0.3,,,40.0,3.56,2500.0,167.4,4.5,,17.0,73.0,60.0,21.2,29.2,7.0
REACH-Dhaka_2017-2021,river,Buriganga,Jazira ,2020-10-13,2020,10,wet,23.63233,90.46342,0.42,,,170.0,2.95,22000.0,180.4,11.3,,35.0,75.9,45.0,29.5,31.2,6.94
REACH-Dhaka_2017-2021,river,Buriganga,Jazira ,2020-12-14,2020,12,dry,23.63233,90.46342,4.5,,,310.039,1.38,20000.0,584.0,7.2,,25.0,293.0,180.0,15.44,23.5,7.24
REACH-Dhaka_2017-2021,river,Buriganga,Jazira ,2021-02-16,2021,2,dry,23.63233,90.46342,9.45,,,131.165,0.48,,865.0,19.935,,53.0,454.0,305.0,44.6,21.9,7.63
REACH-Dhaka_2017-2021,river,Buriganga,Jazira ,2021-05-24,2021,5,wet,23.63233,90.46342,12.4,,,54.5,0.1,,1334.0,7.3,,69.0,571.0,310.0,27.3,32.4,7.58
REACH-Dhaka_2017-2021,river,Buriganga,Jazira ,2021-07-17,2021,7,wet,23.63233,90.46342,0.7000000000000001,,,144.753,1.32,10000.0,208.8,5.4,,38.0,88.2,45.0,31.4,31.1,6.99
REACH-Dhaka_2017-2021,river,Buriganga,Sadar Ghat,2017-11-12,2017,11,dry,23.70409,90.40971,1.1,,,140.0,0.24,5000.0,270.0,0.3,,25.0,121.0,50.0,19.02,28.1,7.29
REACH-Dhaka_2017-2021,river,Buriganga,Sadar Ghat,2017-12-18,2017,12,dry,23.70409,90.40971,2.88,,37.0,220.0,0.39,200000.0,607.0,3.0,,15.0,297.0,195.0,13.99,24.8,7.81
REACH-Dhaka_2017-2021,river,Buriganga,Sadar Ghat,2018-01-23,2018,1,dry,23.70409,90.40971,,,,113.907,0.19,80000.0,789.0,1.3,,19.0,407.0,57.0,17.78,22.8,7.44
REACH-Dhaka_2017-2021,river,Buriganga,Sadar Ghat,2018-02-24,2018,2,dry,23.70409,90.40971,12.6,,,40.0,0.19,,893.0,22.0,,87.0,431.0,315.0,12.89,26.6,7.61
REACH-Dhaka_2017-2021,river,Buriganga,Sadar Ghat,2018-03-19,2018,3,dry,23.70409,90.40971,16.9,,,184.0,0.24,50000.0,1008.0,7.971428571428572,,74.0,454.0,330.0,13.64,29.6,7.41
REACH-Dhaka_2017-2021,river,Buriganga,Sadar Ghat,2018-04-21,2018,4,dry,23.70409,90.40971,9.9,,,460.0,0.22,550000.0,1074.0,3.4,,84.0,482.0,330.0,20.0,29.2,7.77
REACH-Dhaka_2017-2021,river,Buriganga,Sadar Ghat,2018-05-12,2018,5,wet,23.70409,90.40971,7.3,,0.142,280.0,1.02,24000.0,407.0,5.759,,5.0,187.7,75.0,20.1,28.0,6.39
REACH-Dhaka_2017-2021,river,Buriganga,Sadar Ghat,2018-06-24,2018,6,wet,23.70409,90.40971,0.12,,,370.0,0.26,23000.0,211.3,7.531,,20.0,89.5,50.0,24.3,30.9,6.98
REACH-Dhaka_2017-2021,river,Buriganga,Sadar Ghat,2018-07-14,2018,7,wet,23.70409,90.40971,0.55,,,430.0,2.28,62000.0,208.6,7.531,,43.0,88.9,,68.7,31.2,7.08
REACH-Dhaka_2017-2021,river,Buriganga,Sadar Ghat,2018-08-11,2018,8,wet,23.70409,90.40971,0.22,,,,3.6,46000.0,171.6,3.544,,49.0,72.3,73.0,112.0,30.5,7.23
REACH-Dhaka_2017-2021,river,Buriganga,Sadar Ghat,2018-09-15,2018,9,wet,23.70409,90.40971,0.69,,,73.0,3.01,23000.0,205.7,1.772,,112.0,87.7,60.0,64.3,29.7,7.29
REACH-Dhaka_2017-2021,river,Buriganga,Sadar Ghat,2018-10-13,2018,10,wet,23.70409,90.40971,0.58,,,103.385,2.83,86000.0,369.0,0.5,,22.0,154.0,65.0,14.8,27.1,7.0
REACH-Dhaka_2017-2021,river,Buriganga,Sadar Ghat,2018-11-18,2018,11,dry,23.70409,90.40971,4.12,,,420.0,0.11,,587.0,3.8,,28.0,240.0,75.0,12.2,26.5,7.31
REACH-Dhaka_2017-2021,river,Buriganga,Sadar Ghat,2018-12-11,2018,12,dry,23.70409,90.40971,6.6000000000000005,,,144.0,0.11,,789.0,5.8,,62.0,332.0,225.0,26.9,23.7,7.25
REACH-Dhaka_2017-2021,river,Buriganga,Sadar Ghat,2019-01-13,2019,1,dry,23.70409,90.40971,6.6,,,492.4199999999999,0.01,,757.0,2.2,,49.0,362.0,255.0,15.63,21.0,6.89
REACH-Dhaka_2017-2021,river,Buriganga,Sadar Ghat,2019-02-11,2019,2,dry,23.70409,90.40971,13.1,,,800.0,0.01,,1001.0,5.2,,112.0,491.0,280.0,19.44,22.3,7.36
REACH-Dhaka_2017-2021,river,Buriganga,Sadar Ghat,2019-03-11,2019,3,dry,23.70409,90.40971,16.5,,,530.0,0.04,,1064.0,10.3,,94.0,411.0,340.0,20.4,24.6,8.37
REACH-Dhaka_2017-2021,river,Buriganga,Sadar Ghat,2019-04-21,2019,4,dry,23.70409,90.40971,9.4,,,485.0,0.02,,650.0,4.7,,72.0,260.0,125.0,14.15,29.8,7.26
REACH-Dhaka_2017-2021,river,Buriganga,Sadar Ghat,2019-05-12,2019,5,wet,23.70409,90.40971,12.95,,,665.0,0.02,,900.0,1.9,,55.0,389.0,275.0,14.39,31.3,7.41
REACH-Dhaka_2017-2021,river,Buriganga,Sadar Ghat,2019-06-16,2019,6,wet,23.70409,90.40971,3.02,,,260.0,0.06,,329.0,18.2,,24.0,329.0,80.0,15.84,31.7,7.08
REACH-Dhaka_2017-2021,river,Buriganga,Sadar Ghat,2019-07-15,2019,7,wet,23.70409,90.40971,0.94,,,160.0,0.88,1700.0,164.0,3.1,,45.0,88.0,40.0,34.2,28.7,7.49
REACH-Dhaka_2017-2021,river,Buriganga,Sadar Ghat,2019-08-18,2019,8,wet,23.70409,90.40971,0.11,,,200.0,4.35,10700.0,167.3,78.6,,62.0,71.5,30.0,30.7,30.3,7.62
REACH-Dhaka_2017-2021,river,Buriganga,Sadar Ghat,2019-09-15,2019,9,wet,23.70409,90.40971,1.35,,,200.0,2.63,,181.3,4.8,,27.0,101.1,70.0,24.9,30.5,7.56
REACH-Dhaka_2017-2021,river,Buriganga,Sadar Ghat,2019-10-15,2019,10,wet,23.70409,90.40971,0.84,,,150.0,2.91,2000.0,182.3,10.7,,29.0,93.8,50.0,25.8,29.5,7.37
REACH-Dhaka_2017-2021,river,Buriganga,Sadar Ghat,2019-11-18,2019,11,dry,23.70409,90.40971,2.25,,,160.0,0.09,,299.0,0.7,,20.0,192.0,125.0,11.19,27.5,7.32
REACH-Dhaka_2017-2021,river,Buriganga,Sadar Ghat,2019-12-14,2019,12,dry,23.70409,90.40971,7.75,,,150.0,0.05,,711.0,2.7,,49.0,353.0,200.0,18.41,24.2,7.34
REACH-Dhaka_2017-2021,river,Buriganga,Sadar Ghat,2020-01-19,2020,1,dry,23.70409,90.40971,9.3,,,530.0,0.14,,791.0,0.6,,24.0,423.0,255.0,20.3,20.8,7.43
REACH-Dhaka_2017-2021,river,Buriganga,Sadar Ghat,2020-02-16,2020,2,dry,23.70409,90.40971,22.75,,,200.0,0.15,54000.0,962.0,10.9,,31.0,504.0,300.0,14.32,21.9,7.33
REACH-Dhaka_2017-2021,river,Buriganga,Sadar Ghat,2020-08-24,2020,8,wet,23.70409,90.40971,1.45,,,150.0,3.91,1800.0,164.9,5.1,,11.0,72.0,45.0,18.52,29.2,6.97
REACH-Dhaka_2017-2021,river,Buriganga,Sadar Ghat,2020-10-13,2020,10,wet,23.70409,90.40971,0.53,,,220.0,3.35,1000.0,179.5,11.8,,41.0,76.1,65.0,27.8,31.0,6.86
REACH-Dhaka_2017-2021,river,Buriganga,Sadar Ghat,2020-12-14,2020,12,dry,23.70409,90.40971,7.1,,,149.863,0.85,180000.0,633.0,5.8,,32.0,319.0,170.0,13.23,23.4,7.14
REACH-Dhaka_2017-2021,river,Buriganga,Sadar Ghat,2021-02-16,2021,2,dry,23.70409,90.40971,14.35,,,81.10999999999999,0.76,,956.0,8.86,,74.0,495.0,335.0,14.72,22.6,7.46
REACH-Dhaka_2017-2021,river,Buriganga,Sadar Ghat,2021-05-24,2021,5,wet,23.70409,90.40971,7.9,,,44.5,0.09,,892.0,5.5,,62.0,377.0,195.0,21.3,32.7,7.48
REACH-Dhaka_2017-2021,river,Buriganga,Sadar Ghat,2021-07-17,2021,7,wet,23.70409,90.40971,0.3,,,84.68699999999998,3.18,16000.0,190.8,4.3,,61.0,80.9,50.0,46.1,30.9,6.99
REACH-Dhaka_2017-2021,river,Buriganga,d/s Kamrangirchar Launch Ghat,2017-11-12,2017,11,dry,23.71671,90.35992,0.82,,,110.0,1.26,53000.0,260.0,0.3,,38.0,117.3,65.0,25.1,27.6,7.31
REACH-Dhaka_2017-2021,river,Buriganga,d/s Kamrangirchar Launch Ghat,2017-12-18,2017,12,dry,23.71671,90.35992,1.1,,19.0,200.0,0.45,190000.0,577.0,2.0,,12.0,281.0,185.0,12.15,24.7,7.83
REACH-Dhaka_2017-2021,river,Buriganga,d/s Kamrangirchar Launch Ghat,2018-01-23,2018,1,dry,23.71671,90.35992,,,,224.028,0.24,180000.0,795.0,1.4,,13.0,417.0,79.0,18.37,23.0,7.56
REACH-Dhaka_2017-2021,river,Buriganga,d/s Kamrangirchar Launch Ghat,2018-02-24,2018,2,dry,23.71671,90.35992,10.7,,,52.0,0.22,,869.0,31.0,,34.0,416.0,230.0,13.66,26.8,7.63
REACH-Dhaka_2017-2021,river,Buriganga,d/s Kamrangirchar Launch Ghat,2018-03-19,2018,3,dry,23.71671,90.35992,11.3,,,180.0,0.28,60000.0,1003.0,4.428571428571429,,36.0,455.0,290.0,12.63,30.0,7.37
REACH-Dhaka_2017-2021,river,Buriganga,d/s Kamrangirchar Launch Ghat,2018-04-21,2018,4,dry,23.71671,90.35992,6.2,,,440.0,0.41,450000.0,1098.0,7.4,,45.0,490.0,250.0,16.77,29.7,7.57
REACH-Dhaka_2017-2021,river,Buriganga,d/s Kamrangirchar Launch Ghat,2018-05-12,2018,5,wet,23.71671,90.35992,18.5,,0.162,420.0,1.07,35000.0,400.0,4.43,,25.0,177.3,85.0,18.19,29.0,6.45
REACH-Dhaka_2017-2021,river,Buriganga,d/s Kamrangirchar Launch Ghat,2018-06-23,2018,6,wet,23.71671,90.35992,0.3,,,500.0,1.4,18000.0,194.7,21.707,,63.0,82.5,75.0,52.0,30.6,7.05
REACH-Dhaka_2017-2021,river,Buriganga,d/s Kamrangirchar Launch Ghat,2018-07-14,2018,7,wet,23.71671,90.35992,0.47,,,410.0,3.01,22000.0,210.2,13.29,,64.0,88.5,,70.7,31.2,7.17
REACH-Dhaka_2017-2021,river,Buriganga,d/s Kamrangirchar Launch Ghat,2018-08-11,2018,8,wet,23.71671,90.35992,0.19,,,,3.89,1000.0,171.3,3.987,,73.0,72.6,70.0,127.0,30.5,7.22
REACH-Dhaka_2017-2021,river,Buriganga,d/s Kamrangirchar Launch Ghat,2018-09-15,2018,9,wet,23.71671,90.35992,0.53,,,53.0,4.03,13000.0,196.9,8.417,,138.0,84.2,45.0,76.7,30.3,7.37
REACH-Dhaka_2017-2021,river,Buriganga,d/s Kamrangirchar Launch Ghat,2018-10-13,2018,10,wet,23.71671,90.35992,0.47,,,193.484,3.02,84000.0,374.0,0.4,,26.0,156.3,70.0,15.4,27.2,7.06
REACH-Dhaka_2017-2021,river,Buriganga,d/s Kamrangirchar Launch Ghat,2018-11-18,2018,11,dry,23.71671,90.35992,3.58,,,370.0,0.18,,686.0,1.2,,25.0,276.0,200.0,14.0,26.1,7.7
REACH-Dhaka_2017-2021,river,Buriganga,d/s Kamrangirchar Launch Ghat,2018-12-11,2018,12,dry,23.71671,90.35992,4.3,,,134.0,0.09,,813.0,5.1,,43.0,341.0,210.0,25.4,23.9,7.13
REACH-Dhaka_2017-2021,river,Buriganga,d/s Kamrangirchar Launch Ghat,2019-01-13,2019,1,dry,23.71671,90.35992,6.7,,,592.5299999999999,0.08,,748.0,2.4,,33.0,359.0,220.0,16.09,21.1,7.3
REACH-Dhaka_2017-2021,river,Buriganga,d/s Kamrangirchar Launch Ghat,2019-02-11,2019,2,dry,23.71671,90.35992,10.6,,,715.0,0.02,,1000.0,14.9,,80.0,484.0,295.0,18.1,22.9,7.36
REACH-Dhaka_2017-2021,river,Buriganga,d/s Kamrangirchar Launch Ghat,2019-03-11,2019,3,dry,23.71671,90.35992,14.35,,,575.0,0.03,,1103.0,8.2,,67.0,451.0,300.0,26.5,24.6,7.77
REACH-Dhaka_2017-2021,river,Buriganga,d/s Kamrangirchar Launch Ghat,2019-04-21,2019,4,dry,23.71671,90.35992,7.800000000000001,,,495.0,0.19,,606.0,2.1,,61.0,242.4,120.0,15.6,29.8,7.35
REACH-Dhaka_2017-2021,river,Buriganga,d/s Kamrangirchar Launch Ghat,2019-05-12,2019,5,wet,23.71671,90.35992,12.6,,,665.0,0.07,,948.0,4.5,,49.0,411.0,290.0,22.4,31.2,7.5
REACH-Dhaka_2017-2021,river,Buriganga,d/s Kamrangirchar Launch Ghat,2019-06-16,2019,6,wet,23.71671,90.35992,2.38,,,250.0,0.09,,305.0,8.9,,23.0,128.0,55.0,15.15,31.7,6.92
REACH-Dhaka_2017-2021,river,Buriganga,d/s Kamrangirchar Launch Ghat,2019-07-15,2019,7,wet,23.71671,90.35992,0.86,,,180.0,1.29,1300.0,153.8,2.1,,41.0,88.5,55.0,26.2,28.7,7.38
REACH-Dhaka_2017-2021,river,Buriganga,d/s Kamrangirchar Launch Ghat,2019-08-18,2019,8,wet,23.71671,90.35992,0.15,,,230.0,4.27,10000.0,168.2,37.8,,65.0,72.0,40.0,28.7,30.2,7.41
REACH-Dhaka_2017-2021,river,Buriganga,d/s Kamrangirchar Launch Ghat,2019-09-15,2019,9,wet,23.71671,90.35992,1.34,,,270.0,3.26,,169.0,2.0,,34.0,97.2,75.0,24.6,30.3,7.44
REACH-Dhaka_2017-2021,river,Buriganga,d/s Kamrangirchar Launch Ghat,2019-10-15,2019,10,wet,23.71671,90.35992,0.7,,,130.0,3.72,0.0,179.5,3.7,,31.0,92.5,70.0,24.3,29.4,7.42
REACH-Dhaka_2017-2021,river,Buriganga,d/s Kamrangirchar Launch Ghat,2019-11-18,2019,11,dry,23.71671,90.35992,2.4,,,230.0,0.16,,304.0,0.7,,27.0,198.5,130.0,12.37,27.4,7.32
REACH-Dhaka_2017-2021,river,Buriganga,d/s Kamrangirchar Launch Ghat,2019-12-14,2019,12,dry,23.71671,90.35992,6.3,,,180.0,0.09,,702.0,11.0,,50.0,350.0,200.0,17.75,22.3,7.41
REACH-Dhaka_2017-2021,river,Buriganga,d/s Kamrangirchar Launch Ghat,2020-01-19,2020,1,dry,23.71671,90.35992,8.299999999999999,,,460.0,0.07,,791.0,31.6,,30.0,424.0,260.0,19.55,20.8,7.43
REACH-Dhaka_2017-2021,river,Buriganga,d/s Kamrangirchar Launch Ghat,2020-02-16,2020,2,dry,23.71671,90.35992,11.5,,,150.0,0.06,80000.0,949.0,11.2,,40.0,499.0,275.0,15.72,22.0,7.38
REACH-Dhaka_2017-2021,river,Buriganga,d/s Kamrangirchar Launch Ghat,2020-08-22,2020,8,wet,23.71671,90.35992,0.34,,,90.0,4.75,9100.0,163.5,4.6,,10.0,72.0,25.0,17.53,28.8,7.02
REACH-Dhaka_2017-2021,river,Buriganga,d/s Kamrangirchar Launch Ghat,2020-10-12,2020,10,wet,23.71671,90.35992,0.61,,,220.0,3.81,1000.0,182.0,5.7,,32.0,76.9,40.0,25.5,31.0,7.07
REACH-Dhaka_2017-2021,river,Buriganga,d/s Kamrangirchar Launch Ghat,2020-12-13,2020,12,dry,23.71671,90.35992,5.45,,,59.76399999999998,1.1,100000.0,616.0,26.6,,29.0,312.0,240.0,15.23,23.1,7.17
REACH-Dhaka_2017-2021,river,Buriganga,d/s Kamrangirchar Launch Ghat,2021-02-15,2021,2,dry,23.71671,90.35992,16.599999999999998,,,221.264,0.45,,980.0,21.707,,74.0,504.0,280.0,16.44,22.9,7.46
REACH-Dhaka_2017-2021,river,Buriganga,d/s Kamrangirchar Launch Ghat,2021-05-22,2021,5,wet,23.71671,90.35992,6.3,,,122.5,0.09,,865.0,6.7,,44.0,370.0,235.0,32.2,31.8,7.42
REACH-Dhaka_2017-2021,river,Buriganga,d/s Kamrangirchar Launch Ghat,2021-07-17,2021,7,wet,23.71671,90.35992,0.375,,,104.70899999999996,4.09,11000.0,185.0,6.7,,75.0,78.5,40.0,49.2,30.7,6.99
REACH-Dhaka_2017-2021,river,Buriganga,d/s Pagla STP,2017-11-12,2017,11,dry,23.6648,90.45238,1.16,,,210.0,0.25,27000.0,263.0,0.8,,22.0,118.3,150.0,15.05,27.8,7.24
REACH-Dhaka_2017-2021,river,Buriganga,d/s Pagla STP,2017-12-18,2017,12,dry,23.6648,90.45238,4.07,,,250.0,0.25,50000.0,630.0,7.1,,17.0,309.0,45.0,16.56,24.8,7.65
REACH-Dhaka_2017-2021,river,Buriganga,d/s Pagla STP,2018-01-23,2018,1,dry,23.6648,90.45238,,,,163.962,0.2,20000.0,809.0,1.2,,19.0,415.0,54.0,23.8,22.1,7.48
REACH-Dhaka_2017-2021,river,Buriganga,d/s Pagla STP,2018-02-24,2018,2,dry,23.6648,90.45238,13.5,,,51.0,0.38,,892.0,15.5,,55.0,431.0,300.0,17.35,26.0,7.82
REACH-Dhaka_2017-2021,river,Buriganga,d/s Pagla STP,2018-03-19,2018,3,dry,23.6648,90.45238,23.7,,,188.0,0.28,50000.0,1002.0,3.542857142857143,,27.0,456.0,335.0,18.62,30.0,7.33
REACH-Dhaka_2017-2021,river,Buriganga,d/s Pagla STP,2018-04-21,2018,4,dry,23.6648,90.45238,8.5,,,280.0,0.22,30000.0,1116.0,9.7,,69.0,504.0,195.0,32.2,29.4,7.64
REACH-Dhaka_2017-2021,river,Buriganga,d/s Pagla STP,2018-05-12,2018,5,wet,23.6648,90.45238,6.8,,0.229,350.0,1.15,19000.0,416.0,5.759,,18.0,185.5,115.0,18.12,28.1,6.98
REACH-Dhaka_2017-2021,river,Buriganga,d/s Pagla STP,2018-06-24,2018,6,wet,23.6648,90.45238,0.12,,,380.0,0.45,45000.0,228.0,5.759,,26.0,91.7,75.0,10.7,31.2,7.07
REACH-Dhaka_2017-2021,river,Buriganga,d/s Pagla STP,2018-07-14,2018,7,wet,23.6648,90.45238,0.45,,,420.0,1.93,45000.0,181.7,7.088,,41.0,76.7,,51.5,31.0,7.1
REACH-Dhaka_2017-2021,river,Buriganga,d/s Pagla STP,2018-08-11,2018,8,wet,23.6648,90.45238,0.51,,,,2.37,10000.0,181.3,2.658,,39.0,76.6,89.0,84.0,30.6,7.27
REACH-Dhaka_2017-2021,river,Buriganga,d/s Pagla STP,2018-09-15,2018,9,wet,23.6648,90.45238,0.77,,,53.0,2.57,13000.0,205.5,1.329,,129.0,87.2,60.0,59.6,29.9,7.3
REACH-Dhaka_2017-2021,river,Buriganga,d/s Pagla STP,2018-10-13,2018,10,wet,23.6648,90.45238,0.72,,,163.45099999999996,0.9,54000.0,392.0,0.9,,22.0,163.0,65.0,13.42,27.5,7.04
REACH-Dhaka_2017-2021,river,Buriganga,d/s Pagla STP,2018-11-18,2018,11,dry,23.6648,90.45238,5.1,,,390.0,0.12,,647.0,1.9,,71.0,282.0,105.0,14.6,26.2,7.29
REACH-Dhaka_2017-2021,river,Buriganga,d/s Pagla STP,2018-12-11,2018,12,dry,23.6648,90.45238,7.800000000000001,,,164.0,0.13,,780.0,8.2,,70.0,311.0,220.0,34.1,23.8,7.51
REACH-Dhaka_2017-2021,river,Buriganga,d/s Pagla STP,2019-01-13,2019,1,dry,23.6648,90.45238,8.2,,,892.86,0.04,,738.0,1.9,,53.0,386.0,200.0,18.4,21.0,7.27
REACH-Dhaka_2017-2021,river,Buriganga,d/s Pagla STP,2019-02-11,2019,2,dry,23.6648,90.45238,13.5,,,755.0,0.04,,1000.0,3.3,,139.0,494.0,270.0,19.07,22.4,7.37
REACH-Dhaka_2017-2021,river,Buriganga,d/s Pagla STP,2019-03-11,2019,3,dry,23.6648,90.45238,15.75,,,540.0,0.0,,1109.0,7.6,,93.0,443.0,335.0,29.5,25.5,7.73
REACH-Dhaka_2017-2021,river,Buriganga,d/s Pagla STP,2019-04-21,2019,4,dry,23.6648,90.45238,9.45,,,445.0,0.03,,758.0,3.4,,81.0,303.2,130.0,16.55,29.5,7.31
REACH-Dhaka_2017-2021,river,Buriganga,d/s Pagla STP,2019-05-12,2019,5,wet,23.6648,90.45238,14.5,,,635.0,0.04,,909.0,0.8,,101.0,393.0,250.0,18.32,31.3,7.41
REACH-Dhaka_2017-2021,river,Buriganga,d/s Pagla STP,2019-06-16,2019,6,wet,23.6648,90.45238,3.08,,,240.0,0.18,,332.0,8.6,,25.0,332.0,90.0,19.45,31.4,7.12
REACH-Dhaka_2017-2021,river,Buriganga,d/s Pagla STP,2019-07-15,2019,7,wet,23.6648,90.45238,1.03,,,170.0,0.29,3100.0,146.2,2.2,,17.0,86.2,40.0,36.2,28.8,7.55
REACH-Dhaka_2017-2021,river,Buriganga,d/s Pagla STP,2019-08-18,2019,8,wet,23.6648,90.45238,0.2,,,280.0,3.38,3600.0,175.6,20.3,,57.0,74.9,40.0,33.4,30.5,7.58
REACH-Dhaka_2017-2021,river,Buriganga,d/s Pagla STP,2019-09-15,2019,9,wet,23.6648,90.45238,1.35,,,170.0,1.26,,185.9,4.3,,26.0,102.1,45.0,37.4,30.4,7.54
REACH-Dhaka_2017-2021,river,Buriganga,d/s Pagla STP,2019-10-15,2019,10,wet,23.6648,90.45238,0.77,,,160.0,2.22,2000.0,179.5,4.0,,33.0,92.7,80.0,31.0,29.8,7.35
REACH-Dhaka_2017-2021,river,Buriganga,d/s Pagla STP,2019-11-18,2019,11,dry,23.6648,90.45238,2.0,,,240.0,0.07,,279.0,1.6,,22.0,183.5,125.0,10.88,27.5,7.22
REACH-Dhaka_2017-2021,river,Buriganga,d/s Pagla STP,2019-12-14,2019,12,dry,23.6648,90.45238,6.550000000000001,,,150.0,0.07,,697.0,1.9,,50.0,347.0,215.0,26.6,24.2,7.38
REACH-Dhaka_2017-2021,river,Buriganga,d/s Pagla STP,2020-01-19,2020,1,dry,23.6648,90.45238,10.85,,,440.0,0.06,,790.0,4.2,,29.0,422.0,240.0,20.2,20.9,7.33
REACH-Dhaka_2017-2021,river,Buriganga,d/s Pagla STP,2020-02-16,2020,2,dry,23.6648,90.45238,12.1,,,170.0,0.15,27000.0,957.0,2.7,,85.0,504.0,285.0,24.8,21.7,7.35
REACH-Dhaka_2017-2021,river,Buriganga,d/s Pagla STP,2020-08-24,2020,8,wet,23.6648,90.45238,0.19,,,130.0,3.64,3800.0,165.3,2.8,,16.0,72.2,35.0,15.27,29.2,6.97
REACH-Dhaka_2017-2021,river,Buriganga,d/s Pagla STP,2020-10-13,2020,10,wet,23.6648,90.45238,0.77,,,140.0,3.22,33000.0,181.7,367.8,,32.0,26.6,55.0,22.5,31.1,6.98
REACH-Dhaka_2017-2021,river,Buriganga,d/s Pagla STP,2020-12-14,2020,12,dry,23.6648,90.45238,6.3,,,149.863,0.85,20000.0,635.0,2.2,,34.0,319.0,175.0,15.1,23.6,7.15
REACH-Dhaka_2017-2021,river,Buriganga,d/s Pagla STP,2021-02-16,2021,2,dry,23.6648,90.45238,13.75,,,111.143,0.46,,924.0,20.821,,69.0,483.0,345.0,23.1,22.1,7.51
REACH-Dhaka_2017-2021,river,Buriganga,d/s Pagla STP,2021-05-24,2021,5,wet,23.6648,90.45238,9.6,,,84.5,0.08,,1175.0,8.1,,63.0,501.0,285.0,18.05,32.5,7.5
REACH-Dhaka_2017-2021,river,Buriganga,d/s Pagla STP,2021-07-17,2021,7,wet,23.6648,90.45238,0.525,,,74.67599999999999,1.55,2000.0,209.8,4.4,,46.0,88.5,45.0,35.5,31.2,7.04
REACH-Dhaka_2017-2021,river,Buriganga,d/s of Hazaribagh,2017-11-12,2017,11,dry,23.73496,90.35441,0.72,,,80.0,1.48,98000.0,261.0,0.7,,40.0,117.5,55.0,33.1,27.7,7.37
REACH-Dhaka_2017-2021,river,Buriganga,d/s of Hazaribagh,2017-12-18,2017,12,dry,23.73496,90.35441,2.31,,13.0,240.0,0.5,320000.0,581.0,8.8,,12.0,280.0,190.0,16.08,24.4,7.84
REACH-Dhaka_2017-2021,river,Buriganga,d/s of Hazaribagh,2018-01-23,2018,1,dry,23.73496,90.35441,,,,224.028,0.21,210000.0,801.0,1.9,,44.0,400.0,47.0,21.6,23.3,7.6
REACH-Dhaka_2017-2021,river,Buriganga,d/s of Hazaribagh,2018-02-24,2018,2,dry,23.73496,90.35441,11.2,,,47.0,0.25,,882.0,20.0,,29.0,419.0,250.0,33.5,26.8,7.74
REACH-Dhaka_2017-2021,river,Buriganga,d/s of Hazaribagh,2018-03-19,2018,3,dry,23.73496,90.35441,13.5,,,140.0,0.29,80000.0,1051.0,6.642857142857143,,42.0,458.0,320.0,17.02,30.8,7.38
REACH-Dhaka_2017-2021,river,Buriganga,d/s of Hazaribagh,2018-04-21,2018,4,dry,23.73496,90.35441,8.0,,,360.0,0.39,1190000.0,1049.0,11.7,,57.0,473.0,210.0,18.0,29.4,7.46
REACH-Dhaka_2017-2021,river,Buriganga,d/s of Hazaribagh,2018-05-12,2018,5,wet,23.73496,90.35441,13.9,,0.419,380.0,1.01,23000.0,416.0,6.202,,19.0,183.8,110.0,20.2,29.1,6.46
REACH-Dhaka_2017-2021,river,Buriganga,d/s of Hazaribagh,2018-06-23,2018,6,wet,23.73496,90.35441,0.46,,,350.0,2.31,43000.0,185.2,35.883,,82.0,78.6,45.0,48.6,30.1,7.0
REACH-Dhaka_2017-2021,river,Buriganga,d/s of Hazaribagh,2018-07-14,2018,7,wet,23.73496,90.35441,0.58,,,340.0,3.44,19000.0,202.9,7.973999999999999,,44.0,85.3,,77.8,31.3,7.18
REACH-Dhaka_2017-2021,river,Buriganga,d/s of Hazaribagh,2018-08-11,2018,8,wet,23.73496,90.35441,0.08,,,,4.26,48000.0,167.2,8.86,,88.0,70.9,84.0,128.0,30.8,7.31
REACH-Dhaka_2017-2021,river,Buriganga,d/s of Hazaribagh,2018-09-15,2018,9,wet,23.73496,90.35441,0.4,,,103.0,4.38,25000.0,190.8,3.544,,143.0,81.4,40.0,84.2,29.6,7.3
REACH-Dhaka_2017-2021,river,Buriganga,d/s of Hazaribagh,2018-10-13,2018,10,wet,23.73496,90.35441,0.3,,,103.385,3.6,34000.0,373.0,1.7,,18.0,158.5,65.0,17.8,27.2,7.1
REACH-Dhaka_2017-2021,river,Buriganga,d/s of Hazaribagh,2018-11-18,2018,11,dry,23.73496,90.35441,3.7,,,330.0,0.22,,758.0,3.2,,36.0,318.0,115.0,18.0,25.8,7.56
REACH-Dhaka_2017-2021,river,Buriganga,d/s of Hazaribagh,2018-12-11,2018,12,dry,23.73496,90.35441,5.8,,,174.0,0.1,,839.0,8.2,,42.0,363.0,220.0,30.0,24.6,7.36
REACH-Dhaka_2017-2021,river,Buriganga,d/s of Hazaribagh,2019-01-13,2019,1,dry,23.73496,90.35441,5.4,,,792.7499999999998,0.07,,763.0,1.5,,52.0,361.0,230.0,22.7,21.1,7.27
REACH-Dhaka_2017-2021,river,Buriganga,d/s of Hazaribagh,2019-02-11,2019,2,dry,23.73496,90.35441,12.4,,,900.0,0.03,,1012.0,8.0,,76.0,487.0,290.0,22.9,23.5,7.41
REACH-Dhaka_2017-2021,river,Buriganga,d/s of Hazaribagh,2019-03-11,2019,3,dry,23.73496,90.35441,12.6,,,515.0,0.03,,1034.0,12.6,,95.0,416.0,280.0,32.1,24.8,7.7
REACH-Dhaka_2017-2021,river,Buriganga,d/s of Hazaribagh,2019-04-21,2019,4,dry,23.73496,90.35441,9.15,,,485.0,0.04,,587.0,0.8,,84.0,234.8,115.0,20.1,30.0,7.31
REACH-Dhaka_2017-2021,river,Buriganga,d/s of Hazaribagh,2019-05-12,2019,5,wet,23.73496,90.35441,9.3,,,580.0,0.05,,961.0,3.1,,56.0,517.0,280.0,23.7,31.3,7.46
REACH-Dhaka_2017-2021,river,Buriganga,d/s of Hazaribagh,2019-06-16,2019,6,wet,23.73496,90.35441,2.24,,,260.0,0.09,,316.0,3.4,,28.0,133.0,80.0,19.94,31.6,6.9
REACH-Dhaka_2017-2021,river,Buriganga,d/s of Hazaribagh,2019-07-15,2019,7,wet,23.73496,90.35441,0.89,,,160.0,1.61,2100.0,125.4,6.0,,54.0,81.7,50.0,35.0,28.6,7.41
REACH-Dhaka_2017-2021,river,Buriganga,d/s of Hazaribagh,2019-08-18,2019,8,wet,23.73496,90.35441,0.14,,,250.0,4.41,6400.0,165.8,119.8,,73.0,71.1,50.0,30.3,30.2,7.21
REACH-Dhaka_2017-2021,river,Buriganga,d/s of Hazaribagh,2019-09-15,2019,9,wet,23.73496,90.35441,1.15,,,200.0,3.56,,168.0,3.8,,32.0,98.1,75.0,24.4,30.3,7.45
REACH-Dhaka_2017-2021,river,Buriganga,d/s of Hazaribagh,2019-10-15,2019,10,wet,23.73496,90.35441,0.64,,,120.0,3.93,0.0,180.2,4.7,,34.0,92.8,65.0,25.1,29.3,7.43
REACH-Dhaka_2017-2021,river,Buriganga,d/s of Hazaribagh,2019-11-18,2019,11,dry,23.73496,90.35441,2.21,,,220.0,0.11,,294.0,1.8,,31.0,195.1,140.0,14.49,27.2,7.3
REACH-Dhaka_2017-2021,river,Buriganga,d/s of Hazaribagh,2019-12-14,2019,12,dry,23.73496,90.35441,6.4,,,230.0,0.07,,583.0,28.4,,52.0,328.0,170.0,20.7,22.3,7.38
REACH-Dhaka_2017-2021,river,Buriganga,d/s of Hazaribagh,2020-01-19,2020,1,dry,23.73496,90.35441,7.95,,,450.0,0.07,,801.0,2.0,,26.0,427.0,245.0,22.9,21.1,7.45
REACH-Dhaka_2017-2021,river,Buriganga,d/s of Hazaribagh,2020-02-16,2020,2,dry,23.73496,90.35441,11.4,,,150.0,0.08,53000.0,941.0,7.8,,57.0,493.0,350.0,20.3,22.1,7.36
REACH-Dhaka_2017-2021,river,Buriganga,d/s of Hazaribagh,2020-08-22,2020,8,wet,23.73496,90.35441,0.38,,,80.0,4.76,6200.0,163.0,4.4,,10.0,71.7,30.0,23.5,28.8,7.17
REACH-Dhaka_2017-2021,river,Buriganga,d/s of Hazaribagh,2020-10-12,2020,10,wet,23.73496,90.35441,0.8,,,180.0,4.02,3000.0,185.9,5.3,,42.0,78.8,35.0,37.4,31.0,7.0
REACH-Dhaka_2017-2021,river,Buriganga,d/s of Hazaribagh,2020-12-13,2020,12,dry,23.73496,90.35441,6.1,,,99.808,1.04,130000.0,621.0,21.6,,44.0,316.0,190.0,27.2,22.9,7.2
REACH-Dhaka_2017-2021,river,Buriganga,d/s of Hazaribagh,2021-02-15,2021,2,dry,23.73496,90.35441,15.7,,,211.253,0.49,,979.0,3.1009999999999995,,66.0,503.0,310.0,19.22,23.0,7.57
REACH-Dhaka_2017-2021,river,Buriganga,d/s of Hazaribagh,2021-05-22,2021,5,wet,23.73496,90.35441,5.5,,,112.5,0.04,,772.0,4.7,,42.0,328.0,225.0,26.0,32.1,7.46
REACH-Dhaka_2017-2021,river,Buriganga,d/s of Hazaribagh,2021-07-16,2021,7,wet,23.73496,90.35441,0.525,,,134.742,3.52,10000.0,196.5,7.0,,97.0,83.1,30.0,52.9,31.0,7.05
REACH-Dhaka_2017-2021,river,Buriganga,u/s Ijtema Field,2018-05-12,2018,5,wet,23.891723,90.389887,0.36,,0.169,360.0,4.3,56000.0,816.0,6.645,,6.0,367.0,225.0,7.56,28.6,6.65
REACH-Dhaka_2017-2021,river,Dhaleshwari,Baluchar Bridge  ,2017-12-18,2017,12,dry,23.611361,90.422327,1.53,,,280.0,4.15,20000.0,569.0,3.0,,6.0,280.0,25.0,13.09,24.3,7.86
REACH-Dhaka_2017-2021,river,Dhaleshwari,Baluchar Bridge  ,2018-10-29,2018,10,wet,23.611361,90.422327,1.33,,,,2.67,,474.0,0.7,,,196.8,80.0,9.58,27.3,7.45
REACH-Dhaka_2017-2021,river,Dhaleshwari,Baluchar Bridge  ,2019-02-12,2019,2,dry,23.611361,90.422327,1.6,,,735.0,7.34,0.0,697.0,18.2,,15.0,341.0,170.0,7.3,21.6,7.93
REACH-Dhaka_2017-2021,river,Dhaleshwari,Baluchar Bridge  ,2019-03-11,2019,3,dry,23.611361,90.422327,13.1,,,490.0,0.04,9000.0,957.0,7.8,,72.0,382.0,285.0,40.6,24.9,7.81
REACH-Dhaka_2017-2021,river,Dhaleshwari,Baluchar Bridge  ,2019-04-22,2019,4,dry,23.611361,90.422327,8.9,,,490.0,0.23,0.0,938.0,1.8,,40.0,375.2000000000001,125.0,25.0,29.4,7.64
REACH-Dhaka_2017-2021,river,Dhaleshwari,Baluchar Bridge  ,2019-05-12,2019,5,wet,23.611361,90.422327,0.55,,,455.0,2.98,0.0,761.0,23.3,,26.0,325.0,160.0,18.0,31.9,7.6
REACH-Dhaka_2017-2021,river,Dhaleshwari,Baluchar Bridge  ,2019-06-16,2019,6,wet,23.611361,90.422327,0.4,,,210.0,5.18,0.0,216.4,19.3,,23.0,90.3,30.0,15.81,31.4,7.46
REACH-Dhaka_2017-2021,river,Dhaleshwari,Baluchar Bridge  ,2019-07-15,2019,7,wet,23.611361,90.422327,0.14,,,160.0,6.7,0.0,134.4,3.3,,531.0,66.3,70.0,357.0,28.3,7.86
REACH-Dhaka_2017-2021,river,Dhaleshwari,Baluchar Bridge  ,2019-08-18,2019,8,wet,23.611361,90.422327,0.56,,,190.0,5.6,0.0,167.1,17.1,,213.0,71.5,35.0,69.9,30.2,7.75
REACH-Dhaka_2017-2021,river,Dhaleshwari,Baluchar Bridge  ,2019-09-15,2019,9,wet,23.611361,90.422327,0.83,,,190.0,6.44,100.0,157.9,6.5,,170.0,81.8,60.0,138.0,30.2,7.66
REACH-Dhaka_2017-2021,river,Dhaleshwari,Baluchar Bridge  ,2019-10-15,2019,10,wet,23.611361,90.422327,0.17,,,160.0,5.39,0.0,148.0,4.4,,73.0,76.1,70.0,81.1,29.4,7.44
REACH-Dhaka_2017-2021,river,Dhaleshwari,Baluchar Bridge  ,2019-11-18,2019,11,dry,23.611361,90.422327,1.45,,,160.0,1.69,0.0,276.0,2.4,,23.0,164.1,115.0,13.28,27.1,7.42
REACH-Dhaka_2017-2021,river,Dhaleshwari,Baluchar Bridge  ,2019-12-14,2019,12,dry,23.611361,90.422327,2.4,,,100.0,0.66,,603.0,7.2,,23.0,299.0,195.0,9.73,24.3,7.59
REACH-Dhaka_2017-2021,river,Dhaleshwari,Baluchar Bridge  ,2020-01-19,2020,1,dry,23.611361,90.422327,0.5,,,580.0,6.84,460.0,605.0,39.8,,88.0,323.0,305.0,48.9,20.6,7.88
REACH-Dhaka_2017-2021,river,Dhaleshwari,Baluchar Bridge  ,2020-02-17,2020,2,dry,23.611361,90.422327,2.6,,,170.0,6.67,0.0,663.0,3.5,,19.0,345.0,290.0,5.43,21.6,8.02
REACH-Dhaka_2017-2021,river,Dhaleshwari,Baluchar Bridge  ,2020-08-24,2020,8,wet,23.611361,90.422327,0.02,,,200.0,5.22,1500.0,154.7,2.4,,38.0,67.4,35.0,67.7,29.3,7.09
REACH-Dhaka_2017-2021,river,Dhaleshwari,Baluchar Bridge  ,2020-10-13,2020,10,wet,23.611361,90.422327,0.32,,,240.0,5.4,7000.0,165.5,15.1,,305.0,69.1,45.0,98.0,31.4,7.1
REACH-Dhaka_2017-2021,river,Dhaleshwari,Baluchar Bridge  ,2020-12-14,2020,12,dry,23.611361,90.422327,3.3000000000000003,,,239.962,1.35,0.0,555.0,12.4,,23.0,280.0,185.0,11.24,23.3,7.33
REACH-Dhaka_2017-2021,river,Dhaleshwari,Baluchar Bridge  ,2021-02-16,2021,2,dry,23.611361,90.422327,8.85,,,161.19799999999998,0.5,,842.0,10.632,,59.0,439.0,280.0,47.2,22.0,7.66
REACH-Dhaka_2017-2021,river,Dhaleshwari,Baluchar Bridge  ,2021-05-24,2021,5,wet,23.611361,90.422327,10.0,,,64.5,0.12,,1353.0,5.5,,74.0,576.0,315.0,38.8,32.9,7.7
REACH-Dhaka_2017-2021,river,Dhaleshwari,Baluchar Bridge  ,2021-07-17,2021,7,wet,23.611361,90.422327,0.2,,,154.76399999999998,6.11,5000.0,166.9,4.4,,181.0,70.7,50.0,141.0,30.8,7.44
REACH-Dhaka_2017-2021,river,Dhaleshwari,Kadamtoli Bridge,2018-10-29,2018,10,wet,23.753653,90.249649,0.37,,,,0.23,,622.0,0.9,,,258.0,75.0,13.7,27.2,7.26
REACH-Dhaka_2017-2021,river,Dhaleshwari,Kadamtoli Bridge,2019-02-11,2019,2,dry,23.753653,90.249649,5.8,,,835.0,2.53,0.0,1211.0,5.3,,14.0,584.0,270.0,6.43,22.5,7.55
REACH-Dhaka_2017-2021,river,Dhaleshwari,Kadamtoli Bridge,2019-03-11,2019,3,dry,23.753653,90.249649,9.75,,,675.0,0.0,3000.0,1485.0,10.3,,47.0,676.0,300.0,36.8,24.0,7.48
REACH-Dhaka_2017-2021,river,Dhaleshwari,Kadamtoli Bridge,2019-04-21,2019,4,dry,23.753653,90.249649,8.149999999999999,,,585.0,0.07,0.0,1312.0,2.6,,47.0,524.8000000000001,190.0,23.4,30.3,7.77
REACH-Dhaka_2017-2021,river,Dhaleshwari,Kadamtoli Bridge,2019-05-12,2019,5,wet,23.753653,90.249649,7.75,,,535.0,3.3,3000.0,165.0,5.4,,22.0,720.0,250.0,10.86,31.5,8.01
REACH-Dhaka_2017-2021,river,Dhaleshwari,Kadamtoli Bridge,2019-06-16,2019,6,wet,23.753653,90.249649,0.92,,,180.0,2.27,200.0,330.0,17.0,,13.0,141.0,65.0,7.24,30.6,7.34
REACH-Dhaka_2017-2021,river,Dhaleshwari,Kadamtoli Bridge,2019-07-15,2019,7,wet,23.753653,90.249649,0.67,,,190.0,3.55,1300.0,154.9,2.5,,73.0,87.4,55.0,54.7,28.7,7.58
REACH-Dhaka_2017-2021,river,Dhaleshwari,Kadamtoli Bridge,2019-08-18,2019,8,wet,23.753653,90.249649,0.24,,,220.0,4.71,0.0,165.3,120.8,,36.0,70.4,35.0,29.9,30.6,7.67
REACH-Dhaka_2017-2021,river,Dhaleshwari,Kadamtoli Bridge,2019-09-15,2019,9,wet,23.753653,90.249649,1.02,,,190.0,4.83,100.0,177.5,4.2,,38.0,97.1,40.0,27.4,30.9,7.61
REACH-Dhaka_2017-2021,river,Dhaleshwari,Kadamtoli Bridge,2019-10-15,2019,10,wet,23.753653,90.249649,0.61,,,130.0,3.66,0.0,190.5,2.8,,34.0,99.3,70.0,26.7,29.6,7.45
REACH-Dhaka_2017-2021,river,Dhaleshwari,Kadamtoli Bridge,2019-11-18,2019,11,dry,23.753653,90.249649,1.55,,,220.0,1.1,0.0,337.0,2.2,,10.0,203.2,135.0,4.54,27.1,7.48
REACH-Dhaka_2017-2021,river,Dhaleshwari,Kadamtoli Bridge,2019-12-14,2019,12,dry,23.753653,90.249649,0.15,,,140.0,1.32,,744.0,0.2,,12.0,371.0,220.0,4.33,24.1,7.66
REACH-Dhaka_2017-2021,river,Dhaleshwari,Kadamtoli Bridge,2020-01-19,2020,1,dry,23.753653,90.249649,3.45,,,450.0,6.62,1000.0,986.0,4.2,,5.0,522.0,285.0,10.63,21.5,7.94
REACH-Dhaka_2017-2021,river,Dhaleshwari,Kadamtoli Bridge,2020-02-15,2020,2,dry,23.753653,90.249649,3.75,,,290.0,2.3,0.0,1115.0,3.5,,17.0,585.0,265.0,11.27,22.6,7.66
REACH-Dhaka_2017-2021,river,Dhaleshwari,Kadamtoli Bridge,2020-08-24,2020,8,wet,23.753653,90.249649,0.39,,,210.0,4.62,1800.0,156.2,9.7,,14.0,68.1,15.0,17.08,29.3,6.81
REACH-Dhaka_2017-2021,river,Dhaleshwari,Kadamtoli Bridge,2020-10-13,2020,10,wet,23.753653,90.249649,0.23,,,150.0,4.08,11000.0,121.4,4.8,,47.0,71.7,60.0,17.98,31.4,6.96
REACH-Dhaka_2017-2021,river,Dhaleshwari,Kadamtoli Bridge,2020-12-14,2020,12,dry,23.753653,90.249649,3.45,,,189.907,3.16,0.0,658.0,12.0,,15.0,333.0,165.0,6.74,23.3,7.45
REACH-Dhaka_2017-2021,river,Dhaleshwari,Kadamtoli Bridge,2021-02-16,2021,2,dry,23.753653,90.249649,6.45,,,241.286,9.13,,1107.0,2.658,,24.0,591.0,325.0,26.1,21.3,7.84
REACH-Dhaka_2017-2021,river,Dhaleshwari,Kadamtoli Bridge,2021-05-24,2021,5,wet,23.753653,90.249649,8.6,,,184.5,3.64,,2084.0,10.6,,25.0,884.0,320.0,22.5,33.6,8.11
REACH-Dhaka_2017-2021,river,Dhaleshwari,Kadamtoli Bridge,2021-07-17,2021,7,wet,23.753653,90.249649,0.2249999999999999,,,104.70899999999996,5.04,100.0,185.0,2.8,,75.0,77.6,35.0,62.8,31.4,7.09
REACH-Dhaka_2017-2021,river,Dhaleshwari,Muktapur Ghat  ,2018-05-13,2018,5,wet,23.567889,90.514812,4.0,,0.227,250.0,0.22,56000.0,555.0,2.215,,16.0,245.0,90.0,9.71,28.5,7.24
REACH-Dhaka_2017-2021,river,Dhaleshwari,Muktapur Ghat  ,2019-02-12,2019,2,dry,23.567889,90.514812,5.1,,,760.0,0.2,0.0,623.0,17.6,,32.0,345.0,150.0,22.3,21.4,7.93
REACH-Dhaka_2017-2021,river,Dhaleshwari,Muktapur Ghat  ,2019-03-12,2019,3,dry,23.567889,90.514812,6.85,,,,0.08,12000.0,833.0,19.3,,35.0,333.20000000000005,175.0,31.6,24.4,7.22
REACH-Dhaka_2017-2021,river,Dhaleshwari,Muktapur Ghat  ,2019-04-22,2019,4,dry,23.567889,90.514812,3.85,,,505.0,0.18,100.0,567.0,2.0,,9.0,226.8,70.0,11.82,29.3,7.52
REACH-Dhaka_2017-2021,river,Dhaleshwari,Muktapur Ghat  ,2019-05-13,2019,5,wet,23.567889,90.514812,2.2,,,440.0,0.5,1000.0,612.0,6.5,,27.0,264.0,140.0,11.56,31.0,7.52
REACH-Dhaka_2017-2021,river,Dhaleshwari,Muktapur Ghat  ,2019-06-17,2019,6,wet,23.567889,90.514812,,,,190.0,0.33,3500.0,236.0,8.9,,2.0,99.7,60.0,12.43,31.2,7.14
REACH-Dhaka_2017-2021,river,Dhaleshwari,Muktapur Ghat  ,2019-07-14,2019,7,wet,23.567889,90.514812,0.75,,,180.0,3.63,6900.0,220.3,2.8,,138.0,89.0,25.0,75.6,29.0,7.52
REACH-Dhaka_2017-2021,river,Dhaleshwari,Muktapur Ghat  ,2019-08-19,2019,8,wet,23.567889,90.514812,0.25,,,190.0,4.15,200.0,173.6,28.8,,78.0,74.2,65.0,41.9,30.3,7.43
REACH-Dhaka_2017-2021,river,Dhaleshwari,Muktapur Ghat  ,2019-09-16,2019,9,wet,23.567889,90.514812,0.69,,,220.0,3.66,500.0,220.0,3.2,,47.0,101.3,75.0,35.8,30.3,6.97
REACH-Dhaka_2017-2021,river,Dhaleshwari,Muktapur Ghat  ,2019-10-14,2019,10,wet,23.567889,90.514812,0.32,,,260.0,4.11,0.0,154.7,2.0,,57.0,80.7,60.0,36.3,29.4,7.43
REACH-Dhaka_2017-2021,river,Dhaleshwari,Muktapur Ghat  ,2019-11-19,2019,11,dry,23.567889,90.514812,1.05,,,190.0,0.56,1000.0,354.0,91.0,,24.0,170.7,20.0,11.11,26.8,7.35
REACH-Dhaka_2017-2021,river,Dhaleshwari,Muktapur Ghat  ,2019-12-15,2019,12,dry,23.567889,90.514812,2.45,,,90.0,0.58,,387.0,,,12.0,187.4,115.0,7.39,24.8,7.39
REACH-Dhaka_2017-2021,river,Dhaleshwari,Muktapur Ghat  ,2020-01-20,2020,1,dry,23.567889,90.514812,5.65,,,540.0,0.12,4000.0,713.0,9.8,,3.0,383.0,215.0,32.2,20.6,7.54
REACH-Dhaka_2017-2021,river,Dhaleshwari,Muktapur Ghat  ,2020-02-16,2020,2,dry,23.567889,90.514812,5.15,,,230.0,0.13,9000.0,580.0,4.9,,30.0,303.0,180.0,25.5,21.6,7.38
REACH-Dhaka_2017-2021,river,Dhaleshwari,Muktapur Ghat  ,2020-08-23,2020,8,wet,23.567889,90.514812,0.21,,,260.0,4.35,6700.0,163.1,2.9,,86.0,71.6,35.0,64.8,28.9,7.12
REACH-Dhaka_2017-2021,river,Dhaleshwari,Muktapur Ghat  ,2020-10-11,2020,10,wet,23.567889,90.514812,0.36,,,200.0,4.14,13000.0,168.1,7.1,,68.0,70.9,50.0,36.1,31.1,6.99
REACH-Dhaka_2017-2021,river,Dhaleshwari,Muktapur Ghat  ,2020-12-12,2020,12,dry,23.567889,90.514812,8.9,,,139.85199999999998,2.05,0.0,487.0,2.6,,37.0,241.0,255.0,15.1,23.9,7.22
REACH-Dhaka_2017-2021,river,Dhaleshwari,Muktapur Ghat  ,2021-02-13,2021,2,dry,23.567889,90.514812,6.0,,,151.18699999999998,1.17,40000.0,480.0,15.062,,19.0,250.0,175.0,8.57,21.6,7.38
REACH-Dhaka_2017-2021,river,Dhaleshwari,Muktapur Ghat  ,2021-05-23,2021,5,wet,23.567889,90.514812,4.9,,,82.5,1.17,,735.0,1.7,,22.0,308.0,210.0,7.2,32.7,7.57
REACH-Dhaka_2017-2021,river,Dhaleshwari,Muktapur Ghat  ,2021-07-15,2021,7,wet,23.567889,90.514812,0.325,,,54.654,4.06,2700.0,184.1,5.3,,141.0,78.4,55.0,83.0,30.5,7.14
REACH-Dhaka_2017-2021,river,Dhaleshwari,Nayarhat Bridge,2018-10-29,2018,10,wet,23.911021,90.229235,0.67,,,,2.53,,582.0,0.8,,,245.0,100.0,15.91,26.5,6.84
REACH-Dhaka_2017-2021,river,Dhaleshwari,Nayarhat Bridge,2019-02-11,2019,2,dry,23.911021,90.229235,7.4,,,725.0,0.01,8000.0,1623.0,5.7,,105.0,769.0,310.0,29.0,23.7,7.79
REACH-Dhaka_2017-2021,river,Dhaleshwari,Nayarhat Bridge,2019-03-11,2019,3,dry,23.911021,90.229235,8.95,,,590.0,0.0,0.0,1413.0,12.0,,89.0,581.0,285.0,25.2,26.5,8.27
REACH-Dhaka_2017-2021,river,Dhaleshwari,Nayarhat Bridge,2019-04-21,2019,4,dry,23.911021,90.229235,6.3,,,450.0,0.02,1000.0,1029.0,4.0,,111.0,411.6,165.0,31.9,31.0,7.84
REACH-Dhaka_2017-2021,river,Dhaleshwari,Nayarhat Bridge,2019-05-12,2019,5,wet,23.911021,90.229235,5.1,,,640.0,0.02,7000.0,1154.0,4.5,,28.0,498.0,215.0,11.64,32.0,7.55
REACH-Dhaka_2017-2021,river,Dhaleshwari,Nayarhat Bridge,2019-06-16,2019,6,wet,23.911021,90.229235,0.9,,,170.0,0.55,3900.0,368.0,20.3,,19.0,156.0,140.0,10.27,31.2,7.25
REACH-Dhaka_2017-2021,river,Dhaleshwari,Nayarhat Bridge,2019-07-15,2019,7,wet,23.911021,90.229235,0.2,,,160.0,5.8,3000.0,106.5,2.5,,325.0,60.0,45.0,208.0,27.9,7.57
REACH-Dhaka_2017-2021,river,Dhaleshwari,Nayarhat Bridge,2019-08-18,2019,8,wet,23.911021,90.229235,0.12,,,190.0,5.58,0.0,157.3,43.4,,169.0,67.0,25.0,69.0,30.5,7.54
REACH-Dhaka_2017-2021,river,Dhaleshwari,Nayarhat Bridge,2019-09-15,2019,9,wet,23.911021,90.229235,0.72,,,190.0,5.97,0.0,162.9,5.3,,134.0,85.5,55.0,87.2,29.7,7.5
REACH-Dhaka_2017-2021,river,Dhaleshwari,Nayarhat Bridge,2019-10-13,2019,10,wet,23.911021,90.229235,0.14,,,130.0,6.02,0.0,141.3,3.6,,118.0,76.5,70.0,53.7,29.5,7.51
REACH-Dhaka_2017-2021,river,Dhaleshwari,Nayarhat Bridge,2019-11-18,2019,11,dry,23.911021,90.229235,1.0,,,190.0,1.56,0.0,390.0,0.9,,37.0,240.0,175.0,17.69,26.8,7.58
REACH-Dhaka_2017-2021,river,Dhaleshwari,Nayarhat Bridge,2019-12-14,2019,12,dry,23.911021,90.229235,2.05,,,160.0,0.16,,791.0,3.2,,37.0,397.0,270.0,18.0,23.2,7.82
REACH-Dhaka_2017-2021,river,Dhaleshwari,Nayarhat Bridge,2020-01-19,2020,1,dry,23.911021,90.229235,3.45,,,520.0,0.05,2000.0,807.0,43.6,,34.0,424.0,310.0,31.2,21.8,7.83
REACH-Dhaka_2017-2021,river,Dhaleshwari,Nayarhat Bridge,2020-02-15,2020,2,dry,23.911021,90.229235,6.6000000000000005,,,340.0,0.03,7600.0,1423.0,8.4,,56.0,732.0,350.0,24.1,23.9,8.35
REACH-Dhaka_2017-2021,river,Dhaleshwari,Nayarhat Bridge,2020-08-24,2020,8,wet,23.911021,90.229235,0.18,,,130.0,4.53,4000.0,153.0,5.2,,16.0,66.7,10.0,26.9,29.2,6.81
REACH-Dhaka_2017-2021,river,Dhaleshwari,Nayarhat Bridge,2020-10-13,2020,10,wet,23.911021,90.229235,0.15,,,170.0,4.32,5000.0,156.8,8.8,,62.0,65.7,45.0,39.5,31.3,6.87
REACH-Dhaka_2017-2021,river,Dhaleshwari,Nayarhat Bridge,2020-12-14,2020,12,dry,23.911021,90.229235,2.75,,,209.929,0.83,30000.0,707.0,16.8,,25.0,365.0,260.0,12.71,22.4,7.46
REACH-Dhaka_2017-2021,river,Dhaleshwari,Nayarhat Bridge,2021-02-16,2021,2,dry,23.911021,90.229235,9.85,,,141.176,8.5,,1352.0,9.303,,55.0,695.0,330.0,24.5,23.6,8.04
REACH-Dhaka_2017-2021,river,Dhaleshwari,Nayarhat Bridge,2021-05-24,2021,5,wet,23.911021,90.229235,11.6,,,124.5,0.08,,2131.0,18.4,,68.0,899.0,350.0,18.79,34.7,7.72
REACH-Dhaka_2017-2021,river,Dhaleshwari,Nayarhat Bridge,2021-07-16,2021,7,wet,23.911021,90.229235,0.475,,,84.68699999999998,5.96,600.0,173.0,0.5,,270.0,73.0,45.0,161.0,31.0,7.24
REACH-Dhaka_2017-2021,river,Dhaleshwari,Rohitpur Bridge  ,2018-10-29,2018,10,wet,23.668216,90.288761,0.36,,,,6.16,,473.0,0.9,,,196.7,70.0,10.61,27.6,7.4
REACH-Dhaka_2017-2021,river,Dhaleshwari,Rohitpur Bridge  ,2019-02-12,2019,2,dry,23.668216,90.288761,0.8,,,815.0,10.85,0.0,614.0,9.7,,10.0,300.0,205.0,6.13,21.2,8.24
REACH-Dhaka_2017-2021,river,Dhaleshwari,Rohitpur Bridge  ,2019-03-11,2019,3,dry,23.668216,90.288761,0.25,,,480.0,10.33,0.0,611.0,14.5,,18.0,244.0,235.0,6.94,25.3,8.37
REACH-Dhaka_2017-2021,river,Dhaleshwari,Rohitpur Bridge  ,2019-04-22,2019,4,dry,23.668216,90.288761,0.1,,,490.0,6.68,0.0,970.0,9.1,,20.0,388.0,190.0,15.33,30.8,8.08
REACH-Dhaka_2017-2021,river,Dhaleshwari,Rohitpur Bridge  ,2019-05-12,2019,5,wet,23.668216,90.288761,0.15,,,485.0,10.42,0.0,1198.0,17.5,,32.0,512.0,230.0,18.23,32.4,8.46
REACH-Dhaka_2017-2021,river,Dhaleshwari,Rohitpur Bridge  ,2019-06-16,2019,6,wet,23.668216,90.288761,0.12,,,180.0,6.94,0.0,181.0,13.6,,20.0,76.0,50.0,12.0,31.6,7.87
REACH-Dhaka_2017-2021,river,Dhaleshwari,Rohitpur Bridge  ,2019-07-15,2019,7,wet,23.668216,90.288761,0.05,,,190.0,6.51,1000.0,115.1,3.6,,698.0,62.0,35.0,501.0,27.9,7.69
REACH-Dhaka_2017-2021,river,Dhaleshwari,Rohitpur Bridge  ,2019-08-18,2019,8,wet,23.668216,90.288761,0.13,,,200.0,6.25,0.0,167.0,21.1,,279.0,71.7,25.0,173.0,30.2,7.75
REACH-Dhaka_2017-2021,river,Dhaleshwari,Rohitpur Bridge  ,2019-09-15,2019,9,wet,23.668216,90.288761,0.72,,,220.0,6.67,0.0,155.2,3.2,,229.0,80.2,50.0,142.0,30.0,7.71
REACH-Dhaka_2017-2021,river,Dhaleshwari,Rohitpur Bridge  ,2019-10-15,2019,10,wet,23.668216,90.288761,0.15,,,130.0,6.41,0.0,147.0,3.4,,34.0,75.9,15.0,82.5,29.3,7.61
REACH-Dhaka_2017-2021,river,Dhaleshwari,Rohitpur Bridge  ,2019-11-18,2019,11,dry,23.668216,90.288761,0.41,,,190.0,8.45,0.0,287.0,3.3,,21.0,177.7,145.0,6.57,27.0,7.68
REACH-Dhaka_2017-2021,river,Dhaleshwari,Rohitpur Bridge  ,2019-12-14,2019,12,dry,23.668216,90.288761,0.1,,,160.0,4.41,,572.0,2.0,,30.0,287.0,225.0,9.73,23.6,8.14
REACH-Dhaka_2017-2021,river,Dhaleshwari,Rohitpur Bridge  ,2020-01-19,2020,1,dry,23.668216,90.288761,0.35,,,470.0,12.28,0.0,631.0,5.4,,4.0,331.0,255.0,8.31,21.5,8.09
REACH-Dhaka_2017-2021,river,Dhaleshwari,Rohitpur Bridge  ,2020-02-17,2020,2,dry,23.668216,90.288761,0.1,,,170.0,11.58,0.0,585.0,2.7,,7.0,306.0,345.0,3.29,21.6,8.33
REACH-Dhaka_2017-2021,river,Dhaleshwari,Rohitpur Bridge  ,2020-08-24,2020,8,wet,23.668216,90.288761,0.08,,,180.0,6.02,2500.0,153.0,1.6,,32.0,66.6,20.0,107.0,29.3,7.12
REACH-Dhaka_2017-2021,river,Dhaleshwari,Rohitpur Bridge  ,2020-10-13,2020,10,wet,23.668216,90.288761,0.18,,,110.0,5.93,12000.0,162.5,9.2,,225.0,67.9,45.0,102.0,31.5,7.16
REACH-Dhaka_2017-2021,river,Dhaleshwari,Rohitpur Bridge  ,2020-12-14,2020,12,dry,23.668216,90.288761,0.75,,,249.973,5.41,0.0,582.0,10.8,,18.0,295.0,225.0,8.02,22.9,7.53
REACH-Dhaka_2017-2021,river,Dhaleshwari,Rohitpur Bridge  ,2021-02-16,2021,2,dry,23.668216,90.288761,1.2,,,151.18699999999998,9.9,,664.0,13.733,,10.0,341.0,285.0,3.91,22.5,8.17
REACH-Dhaka_2017-2021,river,Dhaleshwari,Rohitpur Bridge  ,2021-05-24,2021,5,wet,23.668216,90.288761,0.1,,,104.5,9.41,,1034.0,12.2,,17.0,427.0,230.0,8.26,34.1,8.27
REACH-Dhaka_2017-2021,river,Dhaleshwari,Rohitpur Bridge  ,2021-07-17,2021,7,wet,23.668216,90.288761,0.175,,,124.731,6.37,22000.0,167.3,4.3,,265.0,71.1,50.0,245.0,30.7,7.3
REACH-Dhaka_2017-2021,river,Dhaleshwari,Singair Bridge (Bhangalpur),2018-10-29,2018,10,wet,23.798139,90.244192,2.98,,,,1.39,,574.0,0.5,,,238.0,105.0,8.37,27.6,7.02
REACH-Dhaka_2017-2021,river,Dhaleshwari,Singair Bridge (Bhangalpur),2019-02-11,2019,2,dry,23.798139,90.244192,8.5,,,740.0,0.03,2100.0,1208.0,2.5,,52.0,585.0,335.0,13.09,22.3,7.43
REACH-Dhaka_2017-2021,river,Dhaleshwari,Singair Bridge (Bhangalpur),2019-03-11,2019,3,dry,23.798139,90.244192,8.2,,,570.0,0.0,11000.0,1486.0,6.4,,90.0,629.0,325.0,63.6,25.6,7.71
REACH-Dhaka_2017-2021,river,Dhaleshwari,Singair Bridge (Bhangalpur),2019-04-21,2019,4,dry,23.798139,90.244192,5.1,,,495.0,0.03,0.0,830.0,1.5,,51.0,332.0,125.0,34.3,32.3,7.79
REACH-Dhaka_2017-2021,river,Dhaleshwari,Singair Bridge (Bhangalpur),2019-05-12,2019,5,wet,23.798139,90.244192,8.0,,,625.0,0.73,18000.0,1425.0,2.8,,40.0,620.0,270.0,43.7,31.7,7.91
REACH-Dhaka_2017-2021,river,Dhaleshwari,Singair Bridge (Bhangalpur),2019-06-16,2019,6,wet,23.798139,90.244192,1.02,,,200.0,1.43,2200.0,379.0,5.6,,12.0,160.8,70.0,7.26,31.0,7.31
REACH-Dhaka_2017-2021,river,Dhaleshwari,Singair Bridge (Bhangalpur),2019-07-15,2019,7,wet,23.798139,90.244192,0.14,,,170.0,5.4,4000.0,114.0,3.6,,200.0,64.5,35.0,166.0,28.2,7.58
REACH-Dhaka_2017-2021,river,Dhaleshwari,Singair Bridge (Bhangalpur),2019-08-18,2019,8,wet,23.798139,90.244192,0.2,,,190.0,5.21,300.0,162.3,35.7,,41.0,69.1,50.0,44.4,30.5,7.65
REACH-Dhaka_2017-2021,river,Dhaleshwari,Singair Bridge (Bhangalpur),2019-09-15,2019,9,wet,23.798139,90.244192,0.7,,,180.0,5.41,300.0,177.6,3.5,,81.0,93.7,35.0,61.4,30.2,7.66
REACH-Dhaka_2017-2021,river,Dhaleshwari,Singair Bridge (Bhangalpur),2019-10-15,2019,10,wet,23.798139,90.244192,0.2,,,140.0,5.26,0.0,170.7,2.9,,47.0,88.9,70.0,32.6,29.4,7.5
REACH-Dhaka_2017-2021,river,Dhaleshwari,Singair Bridge (Bhangalpur),2019-11-18,2019,11,dry,23.798139,90.244192,1.16,,,190.0,0.3,4000.0,367.0,0.98,,15.0,222.0,165.0,9.75,26.9,7.43
REACH-Dhaka_2017-2021,river,Dhaleshwari,Singair Bridge (Bhangalpur),2019-12-14,2019,12,dry,23.798139,90.244192,3.35,,,160.0,1.2,,744.0,2.0,,24.0,366.0,205.0,11.83,24.9,7.76
REACH-Dhaka_2017-2021,river,Dhaleshwari,Singair Bridge (Bhangalpur),2020-01-19,2020,1,dry,23.798139,90.244192,4.45,,,490.0,0.03,2000.0,898.0,0.2,,21.0,478.0,305.0,21.8,22.8,7.8
REACH-Dhaka_2017-2021,river,Dhaleshwari,Singair Bridge (Bhangalpur),2020-02-15,2020,2,dry,23.798139,90.244192,4.85,,,170.0,0.62,8000.0,1250.0,4.8,,26.0,629.0,280.0,15.08,24.7,7.99
REACH-Dhaka_2017-2021,river,Dhaleshwari,Singair Bridge (Bhangalpur),2020-08-24,2020,8,wet,23.798139,90.244192,0.09,,,190.0,4.5,3000.0,153.1,3.8,,15.0,66.7,20.0,17.37,29.2,6.98
REACH-Dhaka_2017-2021,river,Dhaleshwari,Singair Bridge (Bhangalpur),2020-10-13,2020,10,wet,23.798139,90.244192,0.08,,,270.0,4.3,25000.0,160.3,6.8,,52.0,68.5,35.0,24.9,31.3,6.99
REACH-Dhaka_2017-2021,river,Dhaleshwari,Singair Bridge (Bhangalpur),2020-12-14,2020,12,dry,23.798139,90.244192,2.4,,,229.951,1.06,0.0,682.0,4.2,,15.0,343.0,195.0,7.56,23.6,7.4
REACH-Dhaka_2017-2021,river,Dhaleshwari,Singair Bridge (Bhangalpur),2021-02-16,2021,2,dry,23.798139,90.244192,7.0,,,151.18699999999998,8.65,,1110.0,17.72,,44.0,585.0,335.0,36.8,22.1,7.95
REACH-Dhaka_2017-2021,river,Dhaleshwari,Singair Bridge (Bhangalpur),2021-05-24,2021,5,wet,23.798139,90.244192,6.800000000000001,,,214.5,11.54,,2146.0,3.8,,78.0,872.0,355.0,119.0,36.1,8.76
REACH-Dhaka_2017-2021,river,Dhaleshwari,Singair Bridge (Bhangalpur),2021-07-17,2021,7,wet,23.798139,90.244192,0.625,,,154.76399999999998,5.34,600.0,173.0,3.2,,138.0,73.7,40.0,88.7,30.7,7.13
REACH-Dhaka_2017-2021,river,Dhaleshwari,d/s of BSCIC  ,2018-10-29,2018,10,wet,23.661074,90.312062,0.96,,,,5.85,,472.0,0.5,,,196.8,65.0,8.12,27.2,7.48
REACH-Dhaka_2017-2021,river,Dhaleshwari,d/s of BSCIC  ,2019-02-12,2019,2,dry,23.661074,90.312062,0.1,,,825.0,11.08,0.0,626.0,14.8,,8.0,299.0,215.0,3.19,21.3,8.06
REACH-Dhaka_2017-2021,river,Dhaleshwari,d/s of BSCIC  ,2019-03-11,2019,3,dry,23.661074,90.312062,0.65,,,480.0,10.45,0.0,616.0,10.3,,34.0,246.0,240.0,13.16,25.1,8.39
REACH-Dhaka_2017-2021,river,Dhaleshwari,d/s of BSCIC  ,2019-04-22,2019,4,dry,23.661074,90.312062,0.3,,,460.0,4.82,0.0,948.0,10.5,,40.0,379.2000000000001,170.0,25.5,30.3,7.96
REACH-Dhaka_2017-2021,river,Dhaleshwari,d/s of BSCIC  ,2019-05-12,2019,5,wet,23.661074,90.312062,0.15,,,425.0,7.86,1000.0,1051.0,14.4,,42.0,453.0,205.0,18.0,31.8,8.24
REACH-Dhaka_2017-2021,river,Dhaleshwari,d/s of BSCIC  ,2019-06-16,2019,6,wet,23.661074,90.312062,0.32,,,240.0,6.24,0.0,184.2,6.2,,27.0,77.1,50.0,16.4,31.6,7.8
REACH-Dhaka_2017-2021,river,Dhaleshwari,d/s of BSCIC  ,2019-07-15,2019,7,wet,23.661074,90.312062,0.29,,,160.0,6.58,2000.0,118.1,10.0,,674.0,62.2,20.0,428.0,28.1,7.79
REACH-Dhaka_2017-2021,river,Dhaleshwari,d/s of BSCIC  ,2019-08-18,2019,8,wet,23.661074,90.312062,0.2,,,200.0,6.27,0.0,167.6,50.6,,278.0,71.5,35.0,200.0,30.2,7.82
REACH-Dhaka_2017-2021,river,Dhaleshwari,d/s of BSCIC  ,2019-09-15,2019,9,wet,23.661074,90.312062,0.52,,,200.0,6.69,0.0,156.6,5.4,,232.0,80.8,30.0,152.0,30.0,7.72
REACH-Dhaka_2017-2021,river,Dhaleshwari,d/s of BSCIC  ,2019-10-15,2019,10,wet,23.661074,90.312062,0.14,,,140.0,6.19,0.0,149.2,2.8,,103.0,76.3,60.0,81.1,29.5,7.55
REACH-Dhaka_2017-2021,river,Dhaleshwari,d/s of BSCIC  ,2019-11-18,2019,11,dry,23.661074,90.312062,0.31,,,200.0,7.82,0.0,286.0,3.6,,21.0,170.7,140.0,8.35,26.8,7.7
REACH-Dhaka_2017-2021,river,Dhaleshwari,d/s of BSCIC  ,2019-12-14,2019,12,dry,23.661074,90.312062,0.1,,,120.0,4.85,,555.0,10.6,,44.0,277.0,230.0,15.45,23.6,8.14
REACH-Dhaka_2017-2021,river,Dhaleshwari,d/s of BSCIC  ,2020-01-19,2020,1,dry,23.661074,90.312062,0.2,,,480.0,11.5,140.0,621.0,8.6,,4.0,328.0,265.0,5.25,21.2,8.06
REACH-Dhaka_2017-2021,river,Dhaleshwari,d/s of BSCIC  ,2020-02-17,2020,2,dry,23.661074,90.312062,0.05,,,140.0,11.19,0.0,586.0,3.4,,2.0,306.0,295.0,2.64,21.6,8.36
REACH-Dhaka_2017-2021,river,Dhaleshwari,d/s of BSCIC  ,2020-08-24,2020,8,wet,23.661074,90.312062,0.09,,,180.0,6.05,2000.0,153.6,6.0,,73.0,66.8,30.0,93.1,29.3,7.11
REACH-Dhaka_2017-2021,river,Dhaleshwari,d/s of BSCIC  ,2020-10-13,2020,10,wet,23.661074,90.312062,0.2,,,160.0,5.84,23000.0,162.7,5.0,,235.0,68.0,30.0,95.3,31.4,7.19
REACH-Dhaka_2017-2021,river,Dhaleshwari,d/s of BSCIC  ,2020-12-14,2020,12,dry,23.661074,90.312062,0.6,,,290.01699999999994,5.8,0.0,550.0,20.2,,25.0,280.0,190.0,14.9,23.0,7.61
REACH-Dhaka_2017-2021,river,Dhaleshwari,d/s of BSCIC  ,2021-02-16,2021,2,dry,23.661074,90.312062,0.6,,,111.143,8.01,,639.0,9.746,,15.0,328.0,280.0,6.22,22.5,8.27
REACH-Dhaka_2017-2021,river,Dhaleshwari,d/s of BSCIC  ,2021-05-24,2021,5,wet,23.661074,90.312062,0.3,,,124.5,9.65,,1077.0,13.6,,22.0,446.0,245.0,11.88,33.9,8.22
REACH-Dhaka_2017-2021,river,Dhaleshwari,d/s of BSCIC  ,2021-07-17,2021,7,wet,23.661074,90.312062,0.3,,,134.742,6.39,12000.0,167.0,3.1,,289.0,70.9,25.0,229.0,30.7,7.27
REACH-Dhaka_2017-2021,river,Dhaleshwari,d/s of Dhaleswari Bridge  ,2018-10-29,2018,10,wet,23.635701,90.360685,1.2,,,,5.49,,455.0,0.8,,,190.4,85.0,18.96,26.8,7.66
REACH-Dhaka_2017-2021,river,Dhaleshwari,d/s of Dhaleswari Bridge  ,2019-02-12,2019,2,dry,23.635701,90.360685,0.2,,,755.0,9.76,0.0,637.0,18.2,,19.0,311.0,235.0,9.71,21.6,8.3
REACH-Dhaka_2017-2021,river,Dhaleshwari,d/s of Dhaleswari Bridge  ,2019-03-11,2019,3,dry,23.635701,90.360685,3.85,,,465.0,2.52,0.0,753.0,29.3,,28.0,301.0,290.0,11.18,25.1,8.26
REACH-Dhaka_2017-2021,river,Dhaleshwari,d/s of Dhaleswari Bridge  ,2019-04-22,2019,4,dry,23.635701,90.360685,3.4000000000000004,,,420.0,5.4,100.0,950.0,5.4,,5.0,380.0,215.0,9.85,30.1,7.81
REACH-Dhaka_2017-2021,river,Dhaleshwari,d/s of Dhaleswari Bridge  ,2019-05-12,2019,5,wet,23.635701,90.360685,0.05,,,440.0,5.91,0.0,900.0,9.6,,41.0,384.0,195.0,18.7,31.9,7.87
REACH-Dhaka_2017-2021,river,Dhaleshwari,d/s of Dhaleswari Bridge  ,2019-06-16,2019,6,wet,23.635701,90.360685,0.32,,,210.0,5.5,0.0,174.1,6.1,,25.0,81.1,30.0,17.48,31.1,7.57
REACH-Dhaka_2017-2021,river,Dhaleshwari,d/s of Dhaleswari Bridge  ,2019-07-15,2019,7,wet,23.635701,90.360685,0.12,,,160.0,6.56,1000.0,113.5,5.0,,541.0,63.5,45.0,330.0,28.1,7.81
REACH-Dhaka_2017-2021,river,Dhaleshwari,d/s of Dhaleswari Bridge  ,2019-08-18,2019,8,wet,23.635701,90.360685,0.21,,,180.0,6.28,0.0,167.2,31.5,,257.0,71.7,40.0,161.0,30.2,7.7
REACH-Dhaka_2017-2021,river,Dhaleshwari,d/s of Dhaleswari Bridge  ,2019-09-15,2019,9,wet,23.635701,90.360685,0.52,,,180.0,6.54,0.0,160.3,3.0,,189.0,82.0,45.0,137.0,30.2,7.73
REACH-Dhaka_2017-2021,river,Dhaleshwari,d/s of Dhaleswari Bridge  ,2019-10-15,2019,10,wet,23.635701,90.360685,0.17,,,150.0,6.37,0.0,145.7,2.6,,109.0,74.9,55.0,98.6,29.5,7.57
REACH-Dhaka_2017-2021,river,Dhaleshwari,d/s of Dhaleswari Bridge  ,2019-11-18,2019,11,dry,23.635701,90.360685,0.33,,,390.0,6.2,0.0,264.0,1.4,,27.0,155.7,110.0,7.21,26.6,7.6
REACH-Dhaka_2017-2021,river,Dhaleshwari,d/s of Dhaleswari Bridge  ,2019-12-14,2019,12,dry,23.635701,90.360685,3.2,,,90.0,4.32,,540.0,7.2,,47.0,270.0,215.0,19.81,24.2,8.12
REACH-Dhaka_2017-2021,river,Dhaleshwari,d/s of Dhaleswari Bridge  ,2020-01-19,2020,1,dry,23.635701,90.360685,0.25,,,500.0,9.85,2000.0,597.0,63.6,,5.0,317.0,215.0,7.53,20.9,8.02
REACH-Dhaka_2017-2021,river,Dhaleshwari,d/s of Dhaleswari Bridge  ,2020-02-17,2020,2,dry,23.635701,90.360685,0.4,,,190.0,10.23,1000.0,602.0,3.8,,8.0,316.0,295.0,3.98,21.4,8.22
REACH-Dhaka_2017-2021,river,Dhaleshwari,d/s of Dhaleswari Bridge  ,2020-08-24,2020,8,wet,23.635701,90.360685,0.12,,,190.0,5.91,1000.0,153.0,4.1,,27.0,67.0,45.0,85.4,29.3,7.11
REACH-Dhaka_2017-2021,river,Dhaleshwari,d/s of Dhaleswari Bridge  ,2020-10-13,2020,10,wet,23.635701,90.360685,0.16,,,170.0,5.82,5000.0,163.4,4.9,,223.0,68.1,50.0,104.0,31.5,7.16
REACH-Dhaka_2017-2021,river,Dhaleshwari,d/s of Dhaleswari Bridge  ,2020-12-14,2020,12,dry,23.635701,90.360685,0.5,,,199.91799999999995,5.59,0.0,503.0,12.8,,27.0,260.0,175.0,16.65,22.8,7.54
REACH-Dhaka_2017-2021,river,Dhaleshwari,d/s of Dhaleswari Bridge  ,2021-02-16,2021,2,dry,23.635701,90.360685,2.05,,,111.143,0.79,,663.0,6.645,,20.0,342.0,315.0,7.82,22.3,8.07
REACH-Dhaka_2017-2021,river,Dhaleshwari,d/s of Dhaleswari Bridge  ,2021-05-24,2021,5,wet,23.635701,90.360685,3.0,,,104.5,5.4,,1150.0,15.8,,27.0,477.0,260.0,11.24,33.9,7.97
REACH-Dhaka_2017-2021,river,Dhaleshwari,d/s of Dhaleswari Bridge  ,2021-07-17,2021,7,wet,23.635701,90.360685,0.2249999999999999,,,114.71999999999996,5.1,4000.0,171.0,2.8,,132.0,72.5,50.0,77.7,30.7,7.08
REACH-Dhaka_2017-2021,river,Kaliganga,d/s Paragram Kaliganga Bridge,2020-08-24,2020,8,wet,23.712896,90.239259,0.0,,,260.0,6.6,2800.0,154.2,7.0,,29.0,63.2,50.0,104.0,29.3,7.12
REACH-Dhaka_2017-2021,river,Kaliganga,d/s Paragram Kaliganga Bridge,2020-10-13,2020,10,wet,23.712896,90.239259,0.14,,,130.0,6.46,3000.0,159.8,21.8,,301.0,66.7,35.0,101.0,31.5,7.3
REACH-Dhaka_2017-2021,river,Kaliganga,d/s Paragram Kaliganga Bridge,2020-12-14,2020,12,dry,23.712896,90.239259,0.8500000000000001,,,290.01699999999994,5.22,0.0,599.0,9.0,,14.0,303.0,260.0,7.02,23.2,7.57
REACH-Dhaka_2017-2021,river,Kaliganga,d/s Paragram Kaliganga Bridge,2021-02-16,2021,2,dry,23.712896,90.239259,0.25,,,111.143,0.54,,598.0,18.163,,6.0,306.0,265.0,2.48,22.5,8.24
REACH-Dhaka_2017-2021,river,Kaliganga,d/s Paragram Kaliganga Bridge,2021-05-24,2021,5,wet,23.712896,90.239259,1.3,,,154.5,4.14,,1603.0,18.0,,17.0,667.0,285.0,10.44,34.3,7.85
REACH-Dhaka_2017-2021,river,Kaliganga,d/s Paragram Kaliganga Bridge,2021-07-17,2021,7,wet,23.712896,90.239259,0.675,,,154.76399999999998,6.8,100.0,163.8,2.4,,313.0,69.7,35.0,348.0,30.5,7.36
REACH-Dhaka_2017-2021,river,Kaliganga,d/s Sholla Bridge,2020-08-24,2020,8,wet,23.719317,90.187198,0.1,,,220.0,6.63,1500.0,151.3,7.0,,40.0,65.8,55.0,113.0,29.3,7.15
REACH-Dhaka_2017-2021,river,Kaliganga,d/s Sholla Bridge,2020-10-13,2020,10,wet,23.719317,90.187198,0.11,,,230.0,6.5,1000.0,159.7,6.6,,268.0,66.7,50.0,103.0,31.5,7.3
REACH-Dhaka_2017-2021,river,Kaliganga,d/s Sholla Bridge,2020-12-14,2020,12,dry,23.719317,90.187198,1.3,,,350.083,5.84,0.0,591.0,10.4,,14.0,300.0,205.0,6.41,23.0,7.48
REACH-Dhaka_2017-2021,river,Kaliganga,d/s Sholla Bridge,2021-02-16,2021,2,dry,23.719317,90.187198,0.15,,,121.154,0.55,,597.0,19.049,,9.0,304.0,270.0,3.63,22.9,8.34
REACH-Dhaka_2017-2021,river,Kaliganga,d/s Sholla Bridge,2021-05-24,2021,5,wet,23.719317,90.187198,0.4,,,174.5,11.72,,1379.0,18.2,,13.0,558.0,260.0,4.38,35.7,8.5
REACH-Dhaka_2017-2021,river,Kaliganga,d/s Sholla Bridge,2021-07-17,2021,7,wet,23.719317,90.187198,0.175,,,104.70899999999996,6.78,0.0,163.7,3.7,,117.0,69.6,40.0,293.0,30.6,7.29
REACH-Dhaka_2017-2021,river,Shitalakhya,ACI Salt (Rupganj Ferry Ghat),2018-10-14,2018,10,wet,23.790506,90.522321,0.23,,,173.462,4.32,,325.0,0.7,,10.0,125.5,35.0,10.87,29.5,7.52
REACH-Dhaka_2017-2021,river,Shitalakhya,ACI Salt (Rupganj Ferry Ghat),2019-03-12,2019,3,dry,23.790506,90.522321,1.0,,,500.0,3.15,11000.0,757.0,49.8,,50.0,302.8,60.0,15.49,25.1,7.41
REACH-Dhaka_2017-2021,river,Shitalakhya,ACI Salt (Rupganj Ferry Ghat),2019-04-22,2019,4,dry,23.790506,90.522321,0.35,,,535.0,2.71,300.0,527.0,9.0,,2.0,210.8,150.0,7.24,30.5,7.6
REACH-Dhaka_2017-2021,river,Shitalakhya,ACI Salt (Rupganj Ferry Ghat),2019-05-13,2019,5,wet,23.790506,90.522321,0.8500000000000001,,,455.0,0.84,2000.0,362.0,13.6,,29.0,193.7,80.0,10.06,31.3,7.34
REACH-Dhaka_2017-2021,river,Shitalakhya,ACI Salt (Rupganj Ferry Ghat),2019-06-17,2019,6,wet,23.790506,90.522321,,,,210.0,2.16,1800.0,138.6,6.3,,27.0,57.3,25.0,14.62,32.0,7.18
REACH-Dhaka_2017-2021,river,Shitalakhya,ACI Salt (Rupganj Ferry Ghat),2019-07-14,2019,7,wet,23.790506,90.522321,0.28,,,140.0,5.6,2300.0,107.3,2.1,,125.0,47.2,5.0,80.3,28.6,7.49
REACH-Dhaka_2017-2021,river,Shitalakhya,ACI Salt (Rupganj Ferry Ghat),2019-08-19,2019,8,wet,23.790506,90.522321,0.26,,,200.0,4.9,1000.0,153.0,18.0,,82.0,65.3,50.0,39.0,30.4,7.48
REACH-Dhaka_2017-2021,river,Shitalakhya,ACI Salt (Rupganj Ferry Ghat),2019-09-16,2019,9,wet,23.790506,90.522321,0.1,,,210.0,3.73,200.0,230.0,7.7,,10.0,118.2,90.0,8.8,31.5,7.57
REACH-Dhaka_2017-2021,river,Shitalakhya,ACI Salt (Rupganj Ferry Ghat),2019-10-14,2019,10,wet,23.790506,90.522321,0.18,,,140.0,4.62,200.0,137.9,3.3,,28.0,71.5,55.0,28.2,30.1,7.43
REACH-Dhaka_2017-2021,river,Shitalakhya,ACI Salt (Rupganj Ferry Ghat),2019-11-19,2019,11,dry,23.790506,90.522321,0.2,,,260.0,4.25,0.0,275.0,78.4,,18.0,134.2,75.0,10.37,27.4,7.55
REACH-Dhaka_2017-2021,river,Shitalakhya,ACI Salt (Rupganj Ferry Ghat),2019-12-15,2019,12,dry,23.790506,90.522321,0.3,,,120.0,3.82,,386.0,,,11.0,188.9,140.0,6.34,24.2,7.68
REACH-Dhaka_2017-2021,river,Shitalakhya,ACI Salt (Rupganj Ferry Ghat),2020-01-20,2020,1,dry,23.790506,90.522321,0.65,,,470.0,4.19,2000.0,381.0,15.0,,6.0,381.0,180.0,11.57,22.2,7.68
REACH-Dhaka_2017-2021,river,Shitalakhya,ACI Salt (Rupganj Ferry Ghat),2020-02-16,2020,2,dry,23.790506,90.522321,0.15,,,130.0,3.32,0.0,429.0,5.0,,11.0,223.0,185.0,6.1,21.5,7.67
REACH-Dhaka_2017-2021,river,Shitalakhya,ACI Salt (Rupganj Ferry Ghat),2020-08-23,2020,8,wet,23.790506,90.522321,0.17,,,200.0,5.52,2700.0,146.1,3.0,,99.0,63.4,55.0,78.9,29.3,7.03
REACH-Dhaka_2017-2021,river,Shitalakhya,ACI Salt (Rupganj Ferry Ghat),2020-10-11,2020,10,wet,23.790506,90.522321,0.21,,,250.0,4.54,7000.0,143.3,3.8,,50.0,60.5,50.0,26.8,30.8,6.9
REACH-Dhaka_2017-2021,river,Shitalakhya,ACI Salt (Rupganj Ferry Ghat),2020-12-12,2020,12,dry,23.790506,90.522321,3.6,,,49.75299999999999,5.47,0.0,368.0,7.8,,22.0,181.1,165.0,8.18,24.1,7.22
REACH-Dhaka_2017-2021,river,Shitalakhya,ACI Salt (Rupganj Ferry Ghat),2021-02-13,2021,2,dry,23.790506,90.522321,1.7,,,111.143,1.18,0.0,470.0,16.834,,10.0,241.0,230.0,7.22,21.9,7.51
REACH-Dhaka_2017-2021,river,Shitalakhya,ACI Salt (Rupganj Ferry Ghat),2021-05-23,2021,5,wet,23.790506,90.522321,0.4,,,52.5,1.85,,594.0,4.0,,15.0,248.0,195.0,6.52,32.7,7.58
REACH-Dhaka_2017-2021,river,Shitalakhya,ACI Salt (Rupganj Ferry Ghat),2021-07-15,2021,7,wet,23.790506,90.522321,0.15,,,124.731,4.42,300.0,145.5,8.2,,91.0,61.1,35.0,53.1,31.1,7.18
REACH-Dhaka_2017-2021,river,Shitalakhya,Demra Ghat,2018-05-13,2018,5,wet,23.613055,90.50694,9.3,,0.531,270.0,3.19,18000.0,180.0,4.43,,15.0,81.0,40.0,19.48,27.4,7.22
REACH-Dhaka_2017-2021,river,Shitalakhya,Demra Ghat,2019-02-12,2019,2,dry,23.613055,90.50694,16.5,,,795.0,0.17,12000.0,1052.0,8.9,,119.0,505.0,275.0,38.8,23.7,7.66
REACH-Dhaka_2017-2021,river,Shitalakhya,Demra Ghat,2019-03-12,2019,3,dry,23.613055,90.50694,14.35,,,520.0,0.01,77000.0,927.0,29.7,,127.0,370.8,255.0,38.5,25.5,7.28
REACH-Dhaka_2017-2021,river,Shitalakhya,Demra Ghat,2019-04-22,2019,4,dry,23.613055,90.50694,7.9,,,550.0,0.08,2000.0,655.0,1.3,,115.0,262.0,145.0,39.9,30.5,7.38
REACH-Dhaka_2017-2021,river,Shitalakhya,Demra Ghat,2019-05-13,2019,5,wet,23.613055,90.50694,2.9,,,440.0,0.21,7000.0,579.0,4.9,,48.0,203.8,80.0,14.68,31.4,7.35
REACH-Dhaka_2017-2021,river,Shitalakhya,Demra Ghat,2019-06-17,2019,6,wet,23.613055,90.50694,,,,200.0,0.23,5000.0,160.4,6.6,,26.0,67.0,40.0,14.58,31.6,7.09
REACH-Dhaka_2017-2021,river,Shitalakhya,Demra Ghat,2019-07-14,2019,7,wet,23.613055,90.50694,0.62,,,150.0,5.01,7800.0,117.0,2.3,,105.0,51.5,30.0,71.4,28.6,7.51
REACH-Dhaka_2017-2021,river,Shitalakhya,Demra Ghat,2019-08-19,2019,8,wet,23.613055,90.50694,0.24,,,170.0,4.37,400.0,160.9,63.5,,114.0,68.5,60.0,39.2,30.5,7.56
REACH-Dhaka_2017-2021,river,Shitalakhya,Demra Ghat,2019-09-16,2019,9,wet,23.613055,90.50694,0.79,,,200.0,1.64,700.0,241.0,4.8,,12.0,121.7,100.0,11.44,31.3,7.48
REACH-Dhaka_2017-2021,river,Shitalakhya,Demra Ghat,2019-10-14,2019,10,wet,23.613055,90.50694,0.02,,,140.0,4.09,100.0,144.0,5.3,,27.0,75.1,75.0,30.3,29.6,7.39
REACH-Dhaka_2017-2021,river,Shitalakhya,Demra Ghat,2019-11-19,2019,11,dry,23.613055,90.50694,0.35,,,200.0,0.74,0.0,312.0,20.2,,24.0,153.5,60.0,13.15,27.3,7.24
REACH-Dhaka_2017-2021,river,Shitalakhya,Demra Ghat,2019-12-15,2019,12,dry,23.613055,90.50694,3.4000000000000004,,,100.0,0.14,,521.0,,,27.0,244.0,185.0,16.9,24.9,7.42
REACH-Dhaka_2017-2021,river,Shitalakhya,Demra Ghat,2020-01-20,2020,1,dry,23.613055,90.50694,4.0,,,610.0,0.2,5000.0,525.0,14.8,,24.0,278.0,210.0,23.4,20.9,7.39
REACH-Dhaka_2017-2021,river,Shitalakhya,Demra Ghat,2020-02-16,2020,2,dry,23.613055,90.50694,10.7,,,90.0,0.12,32000.0,788.0,10.6,,65.0,408.0,255.0,34.7,22.4,7.28
REACH-Dhaka_2017-2021,river,Shitalakhya,Demra Ghat,2020-08-23,2020,8,wet,23.613055,90.50694,0.17,,,220.0,4.8,8200.0,153.9,3.1,,87.0,66.9,35.0,69.5,29.4,7.18
REACH-Dhaka_2017-2021,river,Shitalakhya,Demra Ghat,2020-10-11,2020,10,wet,23.613055,90.50694,0.89,,,180.0,3.25,4000.0,180.6,2.9,,34.0,76.4,55.0,28.1,30.9,6.85
REACH-Dhaka_2017-2021,river,Shitalakhya,Demra Ghat,2020-12-12,2020,12,dry,23.613055,90.50694,7.7,,,189.907,3.8,36000.0,443.0,7.4,,48.0,218.0,180.0,16.84,24.1,7.21
REACH-Dhaka_2017-2021,river,Shitalakhya,Demra Ghat,2021-02-13,2021,2,dry,23.716944,90.502168,14.4,,,161.19799999999998,0.99,8000.0,730.0,11.518,,88.0,374.0,195.0,34.7,22.9,7.38
REACH-Dhaka_2017-2021,river,Shitalakhya,Demra Ghat,2021-05-23,2021,5,wet,23.716944,90.502168,4.3,,,82.5,0.11,,765.0,4.4,,33.0,319.0,215.0,14.29,33.0,7.38
REACH-Dhaka_2017-2021,river,Shitalakhya,Demra Ghat,2021-07-15,2021,7,wet,23.716944,90.502168,1.25,,,64.66499999999999,4.33,900.0,162.7,9.8,,105.0,68.5,45.0,64.5,31.1,7.17
REACH-Dhaka_2017-2021,river,Shitalakhya,d/s Kanchan Bridge,2018-10-14,2018,10,wet,23.835225,90.546137,0.17,,,303.6049999999999,4.49,,314.0,1.1,,11.0,122.5,55.0,11.86,29.3,7.49
REACH-Dhaka_2017-2021,river,Shitalakhya,d/s Kanchan Bridge,2019-03-12,2019,3,dry,23.835225,90.546137,0.05,,,490.0,0.83,1000.0,706.0,64.4,,39.0,282.40000000000003,145.0,12.1,24.4,7.41
REACH-Dhaka_2017-2021,river,Shitalakhya,d/s Kanchan Bridge,2019-04-22,2019,4,dry,23.835225,90.546137,0.1,,,410.0,1.9,0.0,457.0,6.4,,8.0,182.8,120.0,4.2,30.1,7.58
REACH-Dhaka_2017-2021,river,Shitalakhya,d/s Kanchan Bridge,2019-05-13,2019,5,wet,23.835225,90.546137,0.4499999999999999,,,440.0,4.02,1000.0,345.0,10.5,,15.0,146.4,100.0,6.31,31.3,7.54
REACH-Dhaka_2017-2021,river,Shitalakhya,d/s Kanchan Bridge,2019-06-17,2019,6,wet,23.835225,90.546137,,,,210.0,2.53,400.0,133.3,8.0,,20.0,53.7,30.0,14.16,32.2,7.14
REACH-Dhaka_2017-2021,river,Shitalakhya,d/s Kanchan Bridge,2019-07-14,2019,7,wet,23.835225,90.546137,0.31,,,130.0,5.68,1500.0,102.2,1.4,,118.0,44.9,25.0,75.2,28.6,7.51
REACH-Dhaka_2017-2021,river,Shitalakhya,d/s Kanchan Bridge,2019-08-19,2019,8,wet,23.835225,90.546137,0.2,,,200.0,5.23,100.0,151.6,32.1,,66.0,64.8,50.0,45.4,30.3,7.6
REACH-Dhaka_2017-2021,river,Shitalakhya,d/s Kanchan Bridge,2019-09-16,2019,9,wet,23.835225,90.546137,0.15,,,120.0,4.43,100.0,227.0,6.8,,10.0,114.8,85.0,10.09,31.4,7.66
REACH-Dhaka_2017-2021,river,Shitalakhya,d/s Kanchan Bridge,2019-10-14,2019,10,wet,23.835225,90.546137,0.22,,,130.0,4.93,300.0,135.4,3.0,,28.0,70.9,60.0,29.3,29.3,7.48
REACH-Dhaka_2017-2021,river,Shitalakhya,d/s Kanchan Bridge,2019-11-19,2019,11,dry,23.835225,90.546137,0.15,,,180.0,4.38,0.0,281.0,10.7,,17.0,134.5,105.0,10.11,27.2,7.55
REACH-Dhaka_2017-2021,river,Shitalakhya,d/s Kanchan Bridge,2019-12-15,2019,12,dry,23.835225,90.546137,0.3,,,80.0,4.72,,355.0,,,10.0,177.4,145.0,5.85,24.3,7.67
REACH-Dhaka_2017-2021,river,Shitalakhya,d/s Kanchan Bridge,2020-01-20,2020,1,dry,23.835225,90.546137,0.15,,,450.0,5.09,0.0,357.0,47.0,,5.0,357.0,150.0,5.29,20.4,7.7
REACH-Dhaka_2017-2021,river,Shitalakhya,d/s Kanchan Bridge,2020-02-16,2020,2,dry,23.835225,90.546137,0.05,,,190.0,5.96,0.0,372.0,5.5,,10.0,193.0,200.0,5.28,21.4,7.76
REACH-Dhaka_2017-2021,river,Shitalakhya,d/s Kanchan Bridge,2020-08-23,2020,8,wet,23.835225,90.546137,0.11,,,220.0,5.47,1600.0,146.0,4.7,,103.0,63.5,30.0,101.0,29.4,6.96
REACH-Dhaka_2017-2021,river,Shitalakhya,d/s Kanchan Bridge,2020-10-11,2020,10,wet,23.835225,90.546137,0.25,,,240.0,4.87,1000.0,141.3,6.7,,50.0,59.5,45.0,48.0,31.0,6.93
REACH-Dhaka_2017-2021,river,Shitalakhya,d/s Kanchan Bridge,2020-12-12,2020,12,dry,23.835225,90.546137,1.7,,,59.76,5.18,0.0,350.0,5.0,,17.0,172.1,170.0,5.62,24.0,7.1
REACH-Dhaka_2017-2021,river,Shitalakhya,d/s Kanchan Bridge,2021-02-13,2021,2,dry,23.835225,90.546137,0.6,,,61.088,5.65,0.0,373.0,46.958,,4.0,190.3,220.0,4.51,22.0,7.69
REACH-Dhaka_2017-2021,river,Shitalakhya,d/s Kanchan Bridge,2021-05-23,2021,5,wet,23.835225,90.546137,0.4,,,62.5,3.29,,617.0,4.8,,6.0,258.0,185.0,3.55,32.5,7.51
REACH-Dhaka_2017-2021,river,Shitalakhya,d/s Kanchan Bridge,2021-07-15,2021,7,wet,23.835225,90.546137,0.35,,,94.69799999999998,5.15,600.0,144.1,5.3,,107.0,60.6,45.0,63.8,31.1,7.1
REACH-Dhaka_2017-2021,river,Shitalakhya,d/s of Adamjee EPZ,2018-05-13,2018,5,wet,23.66447,90.523193,1.5,,0.099,270.0,1.96,81000.0,248.0,3.544,,24.0,109.0,40.0,20.1,27.3,7.24
REACH-Dhaka_2017-2021,river,Shitalakhya,d/s of Adamjee EPZ,2019-02-12,2019,2,dry,23.66447,90.523193,16.1,,,775.0,0.05,146000.0,1014.0,16.3,,110.0,486.0,270.0,35.5,23.3,7.84
REACH-Dhaka_2017-2021,river,Shitalakhya,d/s of Adamjee EPZ,2019-03-12,2019,3,dry,23.66447,90.523193,15.4,,,570.0,0.02,52000.0,1054.0,4.7,,120.0,421.6,285.0,39.3,26.1,7.42
REACH-Dhaka_2017-2021,river,Shitalakhya,d/s of Adamjee EPZ,2019-04-22,2019,4,dry,23.66447,90.523193,7.35,,,560.0,0.06,2000.0,740.0,0.3,,85.0,296.0,180.0,45.0,31.6,4.47
REACH-Dhaka_2017-2021,river,Shitalakhya,d/s of Adamjee EPZ,2019-05-13,2019,5,wet,23.66447,90.523193,2.6,,,425.0,0.12,40000.0,536.0,4.0,,48.0,228.0,135.0,22.7,31.8,7.38
REACH-Dhaka_2017-2021,river,Shitalakhya,d/s of Adamjee EPZ,2019-06-17,2019,6,wet,23.66447,90.523193,,,,260.0,0.25,5600.0,214.0,9.4,,26.0,90.0,65.0,15.89,31.6,7.14
REACH-Dhaka_2017-2021,river,Shitalakhya,d/s of Adamjee EPZ,2019-07-14,2019,7,wet,23.66447,90.523193,0.7,,,160.0,4.16,10100.0,150.0,1.6,,90.0,66.1,15.0,62.9,28.7,7.51
REACH-Dhaka_2017-2021,river,Shitalakhya,d/s of Adamjee EPZ,2019-08-19,2019,8,wet,23.66447,90.523193,0.36,,,230.0,4.37,100.0,183.6,20.4,,58.0,77.6,60.0,27.3,30.8,7.54
REACH-Dhaka_2017-2021,river,Shitalakhya,d/s of Adamjee EPZ,2019-09-16,2019,9,wet,23.66447,90.523193,1.11,,,160.0,0.78,300.0,267.0,4.6,,12.0,133.7,90.0,11.46,31.5,7.4
REACH-Dhaka_2017-2021,river,Shitalakhya,d/s of Adamjee EPZ,2019-10-14,2019,10,wet,23.66447,90.523193,1.31,,,140.0,1.0,100.0,187.7,4.1,,25.0,103.3,65.0,25.1,29.7,7.29
REACH-Dhaka_2017-2021,river,Shitalakhya,d/s of Adamjee EPZ,2019-11-19,2019,11,dry,23.66447,90.523193,1.05,,,180.0,0.07,20000.0,363.0,1.5,,38.0,174.9,125.0,17.72,27.4,7.3
REACH-Dhaka_2017-2021,river,Shitalakhya,d/s of Adamjee EPZ,2019-12-15,2019,12,dry,23.66447,90.523193,4.35,,,120.0,0.09,,576.0,,,45.0,281.0,170.0,25.1,24.9,7.3
REACH-Dhaka_2017-2021,river,Shitalakhya,d/s of Adamjee EPZ,2020-01-20,2020,1,dry,23.66447,90.523193,7.1,,,600.0,0.08,9000.0,634.0,8.8,,37.0,332.0,215.0,26.7,21.7,7.36
REACH-Dhaka_2017-2021,river,Shitalakhya,d/s of Adamjee EPZ,2020-02-16,2020,2,dry,23.66447,90.523193,11.9,,,220.0,0.13,9000.0,827.0,13.1,,77.0,424.0,295.0,34.8,22.9,7.27
REACH-Dhaka_2017-2021,river,Shitalakhya,d/s of Adamjee EPZ,2020-08-23,2020,8,wet,23.66447,90.523193,0.63,,,230.0,3.84,9400.0,183.1,5.5,,60.0,80.0,70.0,55.4,29.2,6.85
REACH-Dhaka_2017-2021,river,Shitalakhya,d/s of Adamjee EPZ,2020-10-11,2020,10,wet,23.66447,90.523193,0.77,,,200.0,3.09,5000.0,193.4,17.3,,35.0,82.0,30.0,29.0,30.9,6.87
REACH-Dhaka_2017-2021,river,Shitalakhya,d/s of Adamjee EPZ,2020-12-12,2020,12,dry,23.66447,90.523193,9.4,,,59.76399999999998,3.45,32000.0,521.0,3.8,,60.0,257.0,185.0,25.4,24.3,7.17
REACH-Dhaka_2017-2021,river,Shitalakhya,d/s of Adamjee EPZ,2021-02-13,2021,2,dry,23.66447,90.523193,14.4,,,261.308,0.51,2000.0,877.0,29.238,,112.0,445.0,215.0,41.9,23.6,7.41
REACH-Dhaka_2017-2021,river,Shitalakhya,d/s of Adamjee EPZ,2021-05-23,2021,5,wet,23.66447,90.523193,6.800000000000001,,,72.5,0.09,,909.0,4.9,,58.0,379.0,250.0,34.0,33.3,7.44
REACH-Dhaka_2017-2021,river,Shitalakhya,d/s of Adamjee EPZ,2021-07-15,2021,7,wet,23.66447,90.523193,0.5750000000000001,,,84.68699999999998,2.17,100.0,229.0,9.6,,75.0,96.8,60.0,51.8,31.1,7.04
REACH-Dhaka_2017-2021,river,Shitalakhya,d/s of Ghorashal FC,2019-06-17,2019,6,wet,23.97498,90.628594,,,,240.0,3.57,1000.0,152.1,5.7,,28.0,62.8,55.0,21.0,32.1,7.42
REACH-Dhaka_2017-2021,river,Shitalakhya,d/s of Ghorashal FC,2020-08-23,2020,8,wet,23.97498,90.628594,0.27,,,140.0,5.93,1200.0,144.6,6.3,,186.0,63.1,45.0,96.0,29.1,7.01
REACH-Dhaka_2017-2021,river,Shitalakhya,d/s of Ghorashal FC,2020-10-11,2020,10,wet,23.97498,90.628594,0.2,,,120.0,5.33,1000.0,144.1,19.3,,70.0,60.6,35.0,44.0,31.1,7.17
REACH-Dhaka_2017-2021,river,Shitalakhya,d/s of Ghorashal FC,2020-12-12,2020,12,dry,23.97498,90.628594,2.1,,,139.85199999999998,5.28,4000.0,359.0,3.5,,13.0,176.9,155.0,5.15,23.9,7.27
REACH-Dhaka_2017-2021,river,Shitalakhya,d/s of Ghorashal FC,2021-02-13,2021,2,dry,23.97498,90.628594,0.7,,,91.121,5.3,0.0,384.0,58.919,,4.0,181.4,195.0,4.84,25.6,7.67
REACH-Dhaka_2017-2021,river,Shitalakhya,d/s of Ghorashal FC,2021-05-23,2021,5,wet,23.97498,90.628594,0.4,,,42.5,0.04,,379.0,3.8,,16.0,147.3,105.0,14.43,36.2,7.3
REACH-Dhaka_2017-2021,river,Shitalakhya,d/s of Ghorashal FC,2021-07-15,2021,7,wet,23.97498,90.628594,0.2,,,124.731,5.83,100.0,148.4,6.1,,134.0,61.8,45.0,93.4,31.4,7.26
REACH-Dhaka_2017-2021,river,Shitalakhya,d/s of Tanbazar Ghat,2018-05-13,2018,5,wet,23.716944,90.502168,4.6,,0.048,300.0,0.26,22000.0,260.0,4.873,,23.0,114.1,80.0,17.86,29.1,7.15
REACH-Dhaka_2017-2021,river,Shitalakhya,d/s of Tanbazar Ghat,2019-02-12,2019,2,dry,23.716944,90.502168,14.4,,,790.0,0.03,23000.0,916.0,17.8,,145.0,416.0,240.0,40.8,22.9,7.34
REACH-Dhaka_2017-2021,river,Shitalakhya,d/s of Tanbazar Ghat,2019-03-12,2019,3,dry,23.716944,90.502168,13.1,,,555.0,0.03,13000.0,1215.0,7.2,,121.0,486.0,285.0,37.6,26.0,7.52
REACH-Dhaka_2017-2021,river,Shitalakhya,d/s of Tanbazar Ghat,2019-04-22,2019,4,dry,23.716944,90.502168,6.4,,,500.0,0.08,3000.0,665.0,1.5,,52.0,266.0,160.0,53.6,30.5,7.51
REACH-Dhaka_2017-2021,river,Shitalakhya,d/s of Tanbazar Ghat,2019-05-13,2019,5,wet,23.716944,90.502168,18.95,,,495.0,0.38,5600.0,546.0,6.4,,37.0,233.0,100.0,15.36,31.5,7.39
REACH-Dhaka_2017-2021,river,Shitalakhya,d/s of Tanbazar Ghat,2019-06-17,2019,6,wet,23.716944,90.502168,,,,210.0,0.5,21000.0,246.0,11.3,,45.0,103.4,50.0,21.1,31.5,6.93
REACH-Dhaka_2017-2021,river,Shitalakhya,d/s of Tanbazar Ghat,2019-07-14,2019,7,wet,23.716944,90.502168,0.81,,,140.0,4.17,7600.0,154.2,2.0,,74.0,67.9,20.0,48.9,28.7,7.55
REACH-Dhaka_2017-2021,river,Shitalakhya,d/s of Tanbazar Ghat,2019-08-19,2019,8,wet,23.716944,90.502168,0.55,,,210.0,3.71,0.0,192.6,14.2,,59.0,82.0,60.0,23.2,30.6,7.5
REACH-Dhaka_2017-2021,river,Shitalakhya,d/s of Tanbazar Ghat,2019-09-16,2019,9,wet,23.716944,90.502168,1.18,,,250.0,0.44,0.0,258.0,3.0,,10.0,133.1,85.0,9.01,31.4,7.38
REACH-Dhaka_2017-2021,river,Shitalakhya,d/s of Tanbazar Ghat,2019-10-14,2019,10,wet,23.716944,90.502168,0.78,,,170.0,1.96,0.0,177.9,3.2,,28.0,91.8,65.0,29.0,29.8,7.32
REACH-Dhaka_2017-2021,river,Shitalakhya,d/s of Tanbazar Ghat,2019-11-19,2019,11,dry,23.716944,90.502168,0.8500000000000001,,,190.0,0.1,3000.0,361.0,1.4,,34.0,172.2,145.0,16.54,27.5,7.35
REACH-Dhaka_2017-2021,river,Shitalakhya,d/s of Tanbazar Ghat,2019-12-15,2019,12,dry,23.716944,90.502168,4.8,,,110.0,0.05,,595.0,,,43.0,288.0,195.0,23.6,25.2,7.39
REACH-Dhaka_2017-2021,river,Shitalakhya,d/s of Tanbazar Ghat,2020-01-20,2020,1,dry,23.716944,90.502168,6.7,,,500.0,0.11,11000.0,649.0,16.2,,36.0,341.0,225.0,26.1,21.5,7.39
REACH-Dhaka_2017-2021,river,Shitalakhya,d/s of Tanbazar Ghat,2020-02-16,2020,2,dry,23.716944,90.502168,12.0,,,100.0,0.13,10000.0,883.0,6.3,,81.0,447.0,320.0,38.5,23.1,7.38
REACH-Dhaka_2017-2021,river,Shitalakhya,d/s of Tanbazar Ghat,2020-08-23,2020,8,wet,23.716944,90.502168,0.71,,,120.0,3.28,7200.0,189.5,4.8,,56.0,82.8,90.0,47.1,29.3,6.85
REACH-Dhaka_2017-2021,river,Shitalakhya,d/s of Tanbazar Ghat,2020-10-11,2020,10,wet,23.716944,90.502168,0.61,,,220.0,2.95,4000.0,184.2,2.4,,34.0,78.0,40.0,27.6,30.9,6.98
REACH-Dhaka_2017-2021,river,Shitalakhya,d/s of Tanbazar Ghat,2020-12-12,2020,12,dry,23.716944,90.502168,11.1,,,139.85199999999998,3.1,44000.0,543.0,2.8,,67.0,268.0,205.0,24.3,24.3,7.21
REACH-Dhaka_2017-2021,river,Shitalakhya,d/s of Tanbazar Ghat,2021-02-13,2021,2,dry,23.613055,90.50694,11.0,,,211.253,0.49,3000.0,696.0,20.821,,78.0,357.0,255.0,45.0,22.7,7.41
REACH-Dhaka_2017-2021,river,Shitalakhya,d/s of Tanbazar Ghat,2021-05-23,2021,5,wet,23.613055,90.50694,6.2,,,62.5,0.05,,885.0,3.1,,43.0,371.0,245.0,36.6,33.0,7.54
REACH-Dhaka_2017-2021,river,Shitalakhya,d/s of Tanbazar Ghat,2021-07-15,2021,7,wet,23.613055,90.50694,0.525,,,104.70899999999996,2.3,100.0,199.5,12.9,,91.0,84.4,40.0,56.7,31.0,7.18
REACH-Dhaka_2017-2021,river,Shitalakhya,u/s of Kalagachia Point,2019-03-12,2019,3,dry,23.572368,90.525478,5.65,,,490.0,0.13,16000.0,1022.0,19.1,,36.0,408.8,160.0,31.7,24.6,6.82
REACH-Dhaka_2017-2021,river,Shitalakhya,u/s of Kalagachia Point,2019-04-22,2019,4,dry,23.572368,90.525478,5.300000000000001,,,440.0,0.15,0.0,740.0,0.8,,15.0,296.0,220.0,20.4,29.8,7.52
REACH-Dhaka_2017-2021,river,Shitalakhya,u/s of Kalagachia Point,2019-05-13,2019,5,wet,23.572368,90.525478,1.7999999999999998,,,430.0,0.51,1300.0,559.0,2.7,,29.0,239.0,160.0,9.03,31.4,7.46
REACH-Dhaka_2017-2021,river,Shitalakhya,u/s of Kalagachia Point,2019-06-17,2019,6,wet,23.572368,90.525478,,,,200.0,0.1,46000.0,256.0,5.4,,38.0,107.0,60.0,16.57,31.3,6.88
REACH-Dhaka_2017-2021,river,Shitalakhya,u/s of Kalagachia Point,2019-07-14,2019,7,wet,23.572368,90.525478,0.75,,,140.0,3.92,5300.0,157.0,2.2,,71.0,68.8,25.0,48.0,28.8,7.57
REACH-Dhaka_2017-2021,river,Shitalakhya,u/s of Kalagachia Point,2019-08-19,2019,8,wet,23.572368,90.525478,0.51,,,210.0,3.68,100.0,190.2,25.9,,54.0,80.8,60.0,29.4,30.6,7.49
REACH-Dhaka_2017-2021,river,Shitalakhya,u/s of Kalagachia Point,2019-09-16,2019,9,wet,23.572368,90.525478,1.22,,,230.0,0.29,1000.0,273.0,2.9,,12.0,137.6,95.0,11.04,31.2,7.32
REACH-Dhaka_2017-2021,river,Shitalakhya,u/s of Kalagachia Point,2019-10-14,2019,10,wet,23.572368,90.525478,1.07,,,160.0,1.23,0.0,181.5,5.9,,30.0,95.3,80.0,29.6,29.9,7.32
REACH-Dhaka_2017-2021,river,Shitalakhya,u/s of Kalagachia Point,2019-11-19,2019,11,dry,23.572368,90.525478,1.5,,,170.0,0.06,1000.0,354.0,1.3,,26.0,169.5,110.0,13.92,27.6,7.35
REACH-Dhaka_2017-2021,river,Shitalakhya,u/s of Kalagachia Point,2019-12-15,2019,12,dry,23.572368,90.525478,2.05,,,130.0,0.23,,375.0,,,15.0,181.7,115.0,8.7,24.7,7.38
REACH-Dhaka_2017-2021,river,Shitalakhya,u/s of Kalagachia Point,2020-01-20,2020,1,dry,23.572368,90.525478,7.45,,,590.0,0.1,5000.0,643.0,20.0,,32.0,337.0,285.0,28.1,21.5,7.39
REACH-Dhaka_2017-2021,river,Shitalakhya,u/s of Kalagachia Point,2020-02-16,2020,2,dry,23.572368,90.525478,5.0,,,150.0,0.18,4000.0,509.0,5.7,,27.0,267.0,155.0,21.8,21.4,7.27
REACH-Dhaka_2017-2021,river,Shitalakhya,u/s of Kalagachia Point,2020-08-23,2020,8,wet,23.572368,90.525478,0.71,,,170.0,3.26,5400.0,186.0,7.6,,55.0,81.2,55.0,47.5,29.2,6.92
REACH-Dhaka_2017-2021,river,Shitalakhya,u/s of Kalagachia Point,2020-10-11,2020,10,wet,23.572368,90.525478,0.67,,,250.0,2.82,3000.0,188.0,2.9,,41.0,80.1,45.0,27.7,30.9,6.84
REACH-Dhaka_2017-2021,river,Shitalakhya,u/s of Kalagachia Point,2020-12-12,2020,12,dry,23.572368,90.525478,10.7,,,69.77499999999998,2.01,80000.0,514.0,4.0,,55.0,252.0,180.0,23.6,24.4,7.14
REACH-Dhaka_2017-2021,river,Shitalakhya,u/s of Kalagachia Point,2021-02-13,2021,2,dry,23.572368,90.525478,6.2,,,181.22,1.01,0.0,500.0,21.707,,30.0,260.0,210.0,25.0,21.8,7.41
REACH-Dhaka_2017-2021,river,Shitalakhya,u/s of Kalagachia Point,2021-05-23,2021,5,wet,23.572368,90.525478,5.2,,,62.5,0.27,,834.0,2.6,,32.0,349.0,220.0,14.38,33.3,7.65
REACH-Dhaka_2017-2021,river,Shitalakhya,u/s of Kalagachia Point,2021-07-15,2021,7,wet,23.572368,90.525478,0.475,,,134.742,2.71,1500.0,187.8,11.7,,99.0,79.4,55.0,60.1,31.0,6.96
REACH-Dhaka_2017-2021,river,Turag,Ashulia Bridge (d/s of Ashulia Lake),2017-03-20,2017,3,dry,23.89519,90.33463,4.92,,111.0,,0.19,,1868.0,22.7,,219.0,835.0,265.0,169.0,25.4,7.52
REACH-Dhaka_2017-2021,river,Turag,Ashulia Bridge (d/s of Ashulia Lake),2017-05-02,2017,5,wet,23.89519,90.33463,3.7,,47.0,,3.79,4800.0,717.0,18.4,,58.0,303.0,160.0,42.9,30.1,7.89
REACH-Dhaka_2017-2021,river,Turag,Ashulia Bridge (d/s of Ashulia Lake),2017-06-17,2017,6,wet,23.89519,90.33463,1.7500000000000002,,71.0,80.0,5.11,6000.0,154.9,3.7,,71.0,67.1,65.0,65.1,29.1,7.46
REACH-Dhaka_2017-2021,river,Turag,Ashulia Bridge (d/s of Ashulia Lake),2017-07-14,2017,7,wet,23.89519,90.33463,4.88,,170.0,130.0,5.77,,131.6,0.3,,80.0,57.7,50.0,138.0,28.7,7.8
REACH-Dhaka_2017-2021,river,Turag,Ashulia Bridge (d/s of Ashulia Lake),2017-08-11,2017,8,wet,23.89519,90.33463,0.46,,130.0,100.0,6.38,11300.0,129.2,2.8,,42.0,55.4,85.0,69.3,29.3,7.99
REACH-Dhaka_2017-2021,river,Turag,Ashulia Bridge (d/s of Ashulia Lake),2017-09-17,2017,9,wet,23.89519,90.33463,1.86,,160.0,80.0,5.47,11000.0,160.3,0.7,,63.0,67.5,40.0,59.9,31.0,8.07
REACH-Dhaka_2017-2021,river,Turag,Ashulia Bridge (d/s of Ashulia Lake),2017-10-16,2017,10,wet,23.89519,90.33463,0.17,,170.0,50.0,5.3,16000.0,159.0,1.3,,24.0,67.2,205.0,42.3,30.1,7.68
REACH-Dhaka_2017-2021,river,Turag,Ashulia Bridge (d/s of Ashulia Lake),2017-11-12,2017,11,dry,23.89519,90.33463,0.34,,,170.0,3.52,45000.0,234.0,0.6,,72.0,106.0,60.0,52.8,27.5,7.37
REACH-Dhaka_2017-2021,river,Turag,Ashulia Bridge (d/s of Ashulia Lake),2017-12-18,2017,12,dry,23.89519,90.33463,0.59,,9.0,180.0,0.71,210000.0,488.0,3.2,,10.0,240.0,165.0,21.0,23.6,7.6
REACH-Dhaka_2017-2021,river,Turag,Ashulia Bridge (d/s of Ashulia Lake),2018-01-23,2018,1,dry,23.89519,90.33463,2.82,,,103.896,0.21,300000.0,778.0,2.0,,12.0,408.0,37.0,35.8,22.0,7.7
REACH-Dhaka_2017-2021,river,Turag,Ashulia Bridge (d/s of Ashulia Lake),2018-02-24,2018,2,dry,23.89519,90.33463,4.99,,,37.0,0.25,,1061.0,33.5,,46.0,506.0,235.0,28.2,26.6,7.51
REACH-Dhaka_2017-2021,river,Turag,Ashulia Bridge (d/s of Ashulia Lake),2018-03-19,2018,3,dry,23.89519,90.33463,6.0,,,186.0,0.28,300000.0,1147.0,6.2,,10.0,521.0,240.0,54.1,29.3,7.55
REACH-Dhaka_2017-2021,river,Turag,Ashulia Bridge (d/s of Ashulia Lake),2018-04-21,2018,4,dry,23.89519,90.33463,1.5,,,330.0,0.21,240000.0,1094.0,19.4,,101.0,497.0,200.0,57.9,29.3,7.32
REACH-Dhaka_2017-2021,river,Turag,Ashulia Bridge (d/s of Ashulia Lake),2018-05-12,2018,5,wet,23.89519,90.33463,2.7,,0.143,280.0,2.76,9000.0,302.0,4.43,,28.0,134.3,50.0,24.9,27.5,6.59
REACH-Dhaka_2017-2021,river,Turag,Ashulia Bridge (d/s of Ashulia Lake),2018-06-23,2018,6,wet,23.89519,90.33463,0.15,,,500.0,5.9,31000.0,124.0,16.834,,225.0,53.2,40.0,158.0,29.6,6.79
REACH-Dhaka_2017-2021,river,Turag,Ashulia Bridge (d/s of Ashulia Lake),2018-07-14,2018,7,wet,23.89519,90.33463,0.4,,,270.0,5.93,71000.0,145.6,5.316,,117.0,61.8,,169.0,30.1,7.12
REACH-Dhaka_2017-2021,river,Turag,Ashulia Bridge (d/s of Ashulia Lake),2018-08-11,2018,8,wet,23.89519,90.33463,0.28,,,,6.04,4000.0,149.0,1.329,,138.0,63.7,5.0,213.0,30.3,7.05
REACH-Dhaka_2017-2021,river,Turag,Ashulia Bridge (d/s of Ashulia Lake),2018-09-15,2018,9,wet,23.89519,90.33463,0.19,,,93.0,6.09,7000.0,170.4,3.987,,103.0,72.8,55.0,175.0,29.9,7.26
REACH-Dhaka_2017-2021,river,Turag,Ashulia Bridge (d/s of Ashulia Lake),2018-10-13,2018,10,wet,23.89519,90.33463,0.17,,,143.42899999999997,4.94,4000.0,322.0,0.4,,63.0,138.1,40.0,39.7,27.4,6.89
REACH-Dhaka_2017-2021,river,Turag,Ashulia Bridge (d/s of Ashulia Lake),2018-11-18,2018,11,dry,23.89519,90.33463,1.48,,,280.0,0.18,,875.0,3.3,,92.0,363.0,115.0,38.0,26.2,7.36
REACH-Dhaka_2017-2021,river,Turag,Ashulia Bridge (d/s of Ashulia Lake),2018-12-11,2018,12,dry,23.89519,90.33463,2.1,,,174.0,0.12,,842.0,7.1,,23.0,369.0,105.0,27.5,23.0,7.09
REACH-Dhaka_2017-2021,river,Turag,Ashulia Bridge (d/s of Ashulia Lake),2019-01-13,2019,1,dry,23.89519,90.33463,2.1,,,692.6399999999999,0.05,,77.0,5.9,,65.0,389.0,180.0,32.5,20.6,7.32
REACH-Dhaka_2017-2021,river,Turag,Ashulia Bridge (d/s of Ashulia Lake),2019-07-08,2019,7,wet,23.89519,90.33463,0.39,,,200.0,5.18,4000.0,167.0,1.5,,772.0,72.8,45.0,105.0,29.3,7.49
REACH-Dhaka_2017-2021,river,Turag,Ashulia Bridge (d/s of Ashulia Lake),2019-10-13,2019,10,wet,23.89519,90.33463,0.18,,,170.0,6.18,0.0,134.4,4.7,,81.0,78.8,70.0,44.2,29.1,7.48
REACH-Dhaka_2017-2021,river,Turag,Ashulia Bridge (d/s of Ashulia Lake),2020-02-15,2020,2,dry,23.89519,90.33463,6.25,,,240.0,0.04,14000.0,1248.0,8.1,,64.0,661.0,300.0,29.0,22.1,7.49
REACH-Dhaka_2017-2021,river,Turag,Ashulia Bridge (d/s of Ashulia Lake),2020-08-22,2020,8,wet,23.89519,90.33463,0.13,,,110.0,5.6,3000.0,151.0,5.3,,14.0,66.3,40.0,36.6,29.0,7.12
REACH-Dhaka_2017-2021,river,Turag,Ashulia Bridge (d/s of Ashulia Lake),2020-10-12,2020,10,wet,23.89519,90.33463,0.23,,,200.0,4.89,2000.0,165.7,2.7,,47.0,69.8,30.0,36.0,31.0,6.92
REACH-Dhaka_2017-2021,river,Turag,Ashulia Bridge (d/s of Ashulia Lake),2020-12-13,2020,12,dry,23.89519,90.33463,1.9,,,69.77499999999998,1.15,60000.0,595.0,19.4,,28.0,306.0,170.0,16.56,22.4,7.28
REACH-Dhaka_2017-2021,river,Turag,Ashulia Bridge (d/s of Ashulia Lake),2021-02-15,2021,2,dry,23.89519,90.33463,5.5,,,181.22,0.52,120000.0,1129.0,8.86,,49.0,587.0,290.0,24.7,22.7,7.62
REACH-Dhaka_2017-2021,river,Turag,Ashulia Bridge (d/s of Ashulia Lake),2021-05-22,2021,5,wet,23.89519,90.33463,1.1,,,102.5,1.07,,402.0,3.6,,18.0,168.0,115.0,9.13,31.9,7.22
REACH-Dhaka_2017-2021,river,Turag,Ashulia Bridge (d/s of Ashulia Lake),2021-07-16,2021,7,wet,23.89519,90.33463,0.15,,,184.797,5.97,6000.0,169.8,0.9,,199.0,72.2,40.0,124.0,30.5,7.3
REACH-Dhaka_2017-2021,river,Turag,Birulia Bridge,2018-01-23,2018,1,dry,23.85146,90.33932,3.44,,,143.94,0.21,340000.0,823.0,2.6,,15.0,427.0,39.0,52.8,23.0,7.68
REACH-Dhaka_2017-2021,river,Turag,Birulia Bridge,2018-02-24,2018,2,dry,23.85146,90.33932,5.39,,,52.0,0.24,,1048.0,15.0,,39.0,497.0,285.0,45.2,26.9,7.65
REACH-Dhaka_2017-2021,river,Turag,Birulia Bridge,2018-03-19,2018,3,dry,23.85146,90.33932,14.3,,,146.0,0.27,190000.0,973.0,2.2142857142857144,,20.0,439.0,345.0,79.6,29.2,7.68
REACH-Dhaka_2017-2021,river,Turag,Birulia Bridge,2018-04-21,2018,4,dry,23.85146,90.33932,3.2,,,340.0,0.19,330000.0,1080.0,11.0,,66.0,531.0,205.0,48.0,29.5,7.44
REACH-Dhaka_2017-2021,river,Turag,Birulia Bridge,2018-05-12,2018,5,wet,23.85146,90.33932,1.6,,0.441,270.0,2.93,51000.0,311.0,3.101,,28.0,138.2,35.0,25.3,27.4,6.57
REACH-Dhaka_2017-2021,river,Turag,Birulia Bridge,2018-06-23,2018,6,wet,23.85146,90.33932,0.15,,,490.0,5.2,6000.0,127.9,17.277,,169.0,54.2,55.0,155.0,29.6,7.0
REACH-Dhaka_2017-2021,river,Turag,Birulia Bridge,2018-07-14,2018,7,wet,23.85146,90.33932,0.28,,,290.0,5.6,29000.0,186.5,4.873,,90.0,78.3,,141.0,30.3,7.02
REACH-Dhaka_2017-2021,river,Turag,Birulia Bridge,2018-08-11,2018,8,wet,23.85146,90.33932,0.09,,,,5.41,9000.0,153.9,1.772,,109.0,65.2,25.0,177.0,30.4,7.13
REACH-Dhaka_2017-2021,river,Turag,Birulia Bridge,2018-09-15,2018,9,wet,23.85146,90.33932,0.16,,,123.0,5.64,3000.0,174.0,3.544,,218.0,74.9,50.0,134.0,29.9,6.98
REACH-Dhaka_2017-2021,river,Turag,Birulia Bridge,2018-10-13,2018,10,wet,23.85146,90.33932,0.13,,,73.35199999999998,4.88,4000.0,328.0,1.3,,58.0,140.2,45.0,32.5,27.2,6.95
REACH-Dhaka_2017-2021,river,Turag,Birulia Bridge,2018-11-18,2018,11,dry,23.85146,90.33932,1.65,,,340.0,0.23,,699.0,3.5,,62.0,297.0,100.0,31.2,26.1,7.4
REACH-Dhaka_2017-2021,river,Turag,Birulia Bridge,2018-12-11,2018,12,dry,23.85146,90.33932,3.1,,,255.0,0.14,,811.0,5.3,,87.0,339.0,110.0,47.9,23.5,7.22
REACH-Dhaka_2017-2021,river,Turag,Birulia Bridge,2019-01-13,2019,1,dry,23.85146,90.33932,2.4,,,492.4199999999999,0.06,,829.0,0.3,,86.0,398.0,230.0,41.6,21.1,7.44
REACH-Dhaka_2017-2021,river,Turag,Birulia Bridge,2019-02-11,2019,2,dry,23.85146,90.33932,5.4,,,760.0,0.02,,1285.0,4.5,,208.0,546.0,260.0,73.5,22.1,7.13
REACH-Dhaka_2017-2021,river,Turag,Birulia Bridge,2019-07-08,2019,7,wet,23.85146,90.33932,0.33,,,180.0,3.84,2000.0,171.8,2.3,,267.0,74.8,55.0,71.6,29.3,7.34
REACH-Dhaka_2017-2021,river,Turag,Birulia Bridge,2019-10-13,2019,10,wet,23.85146,90.33932,0.18,,,110.0,5.74,0.0,132.6,5.3,,71.0,75.6,55.0,41.5,29.2,7.46
REACH-Dhaka_2017-2021,river,Turag,Birulia Bridge,2020-02-15,2020,2,dry,23.85146,90.33932,6.2,,,250.0,0.05,2000.0,1197.0,7.3,,67.0,636.0,275.0,41.3,21.9,7.51
REACH-Dhaka_2017-2021,river,Turag,Birulia Bridge,2020-08-22,2020,8,wet,23.85146,90.33932,0.27,,,160.0,5.63,2000.0,152.0,4.9,,14.0,66.7,10.0,33.6,28.9,7.1
REACH-Dhaka_2017-2021,river,Turag,Birulia Bridge,2020-10-12,2020,10,wet,23.85146,90.33932,0.24,,,180.0,4.67,1000.0,166.7,3.7,,38.0,70.3,40.0,30.1,30.9,7.03
REACH-Dhaka_2017-2021,river,Turag,Birulia Bridge,2020-12-13,2020,12,dry,23.85146,90.33932,3.4000000000000004,,,79.786,1.92,200000.0,598.0,19.4,,47.0,308.0,180.0,29.4,22.2,7.19
REACH-Dhaka_2017-2021,river,Turag,Birulia Bridge,2021-02-15,2021,2,dry,23.85146,90.33932,5.0,,,171.20899999999995,0.52,70000.0,1108.0,13.733,,57.0,574.0,265.0,30.5,22.9,7.62
REACH-Dhaka_2017-2021,river,Turag,Birulia Bridge,2021-05-22,2021,5,wet,23.85146,90.33932,1.0,,,82.5,0.76,,448.0,3.4,,20.0,187.7,105.0,8.36,32.3,7.23
REACH-Dhaka_2017-2021,river,Turag,Birulia Bridge,2021-07-16,2021,7,wet,23.85146,90.33932,0.25,,,174.786,5.41,0.0,171.8,2.7,,168.0,72.9,35.0,90.5,30.7,7.06
REACH-Dhaka_2017-2021,river,Turag,Boroibari Bridge,2019-07-08,2019,7,wet,24.09967,90.26702,0.15,,,180.0,6.97,200.0,138.7,1.8,,18.0,60.1,25.0,184.0,29.4,7.74
REACH-Dhaka_2017-2021,river,Turag,Boroibari Bridge,2019-10-13,2019,10,wet,24.09967,90.26702,0.07,,,120.0,7.16,0.0,114.2,4.9,,166.0,65.3,50.0,109.0,29.3,7.61
REACH-Dhaka_2017-2021,river,Turag,Boroibari Bridge,2020-02-15,2020,2,dry,24.09967,90.26702,0.15,,,150.0,4.94,0.0,518.0,3.1,,7.0,268.0,210.0,8.0,21.9,7.54
REACH-Dhaka_2017-2021,river,Turag,Boroibari Bridge,2020-08-22,2020,8,wet,24.09967,90.26702,0.07,,,190.0,5.95,300.0,134.7,3.7,,26.0,59.3,100.0,50.1,28.7,7.19
REACH-Dhaka_2017-2021,river,Turag,Boroibari Bridge,2020-10-12,2020,10,wet,24.09967,90.26702,0.09,,,290.0,5.3,1000.0,141.3,4.7,,82.0,59.5,40.0,55.3,31.1,6.43
REACH-Dhaka_2017-2021,river,Turag,Boroibari Bridge,2020-12-13,2020,12,dry,24.09967,90.26702,0.8500000000000001,,,109.81899999999996,4.15,0.0,327.0,19.2,,24.0,165.3,155.0,11.89,22.6,7.26
REACH-Dhaka_2017-2021,river,Turag,Boroibari Bridge,2021-02-15,2021,2,dry,24.09967,90.26702,0.4,,,281.33,3.87,,529.0,23.036,,23.0,268.0,255.0,13.73,22.7,7.69
REACH-Dhaka_2017-2021,river,Turag,Boroibari Bridge,2021-05-22,2021,5,wet,24.09967,90.26702,0.3,,,82.5,3.39,,203.5,5.4,,19.0,85.5,95.0,0.0,31.4,7.12
REACH-Dhaka_2017-2021,river,Turag,Boroibari Bridge,2021-07-16,2021,7,wet,24.09967,90.26702,0.35,,,164.77499999999998,7.1,500.0,150.6,1.8,,381.0,64.3,25.0,241.0,30.3,7.31
REACH-Dhaka_2017-2021,river,Turag,Botanical Garden,2018-02-24,2018,2,dry,23.81745,90.3405,4.9,,,43.0,0.26,,1010.0,24.0,,45.0,476.0,260.0,64.0,27.0,7.7
REACH-Dhaka_2017-2021,river,Turag,Botanical Garden,2018-03-19,2018,3,dry,23.81745,90.3405,15.3,,,184.0,0.36,180000.0,969.0,4.428571428571429,,37.0,438.0,315.0,59.7,29.2,7.46
REACH-Dhaka_2017-2021,river,Turag,Botanical Garden,2018-04-21,2018,4,dry,23.81745,90.3405,1.4,,,440.0,0.24,330000.0,1033.0,15.2,,81.0,466.0,190.0,44.7,29.4,7.45
REACH-Dhaka_2017-2021,river,Turag,Botanical Garden,2018-05-12,2018,5,wet,23.81745,90.3405,0.9,,0.138,310.0,2.53,63000.0,330.0,4.43,,29.0,143.9,55.0,27.2,28.9,6.52
REACH-Dhaka_2017-2021,river,Turag,Botanical Garden,2018-06-23,2018,6,wet,23.81745,90.3405,0.36,,,480.0,4.4,18000.0,151.6,31.896,,156.0,64.7,70.0,115.0,29.6,6.85
REACH-Dhaka_2017-2021,river,Turag,Botanical Garden,2018-07-14,2018,7,wet,23.81745,90.3405,0.81,,,300.0,4.53,48000.0,198.0,24.365,,96.0,83.3,,104.0,30.3,7.2
REACH-Dhaka_2017-2021,river,Turag,Botanical Garden,2018-08-11,2018,8,wet,23.81745,90.3405,0.18,,,,5.09,1000.0,156.5,2.658,,91.0,66.2,60.0,145.0,30.5,7.3
REACH-Dhaka_2017-2021,river,Turag,Botanical Garden,2018-09-15,2018,9,wet,23.81745,90.3405,0.64,,,103.0,4.65,4000.0,201.2,7.088,,134.0,85.0,50.0,78.3,31.1,7.34
REACH-Dhaka_2017-2021,river,Turag,Botanical Garden,2018-10-13,2018,10,wet,23.81745,90.3405,0.57,,,203.49499999999995,3.87,46000.0,380.0,3.2,,13.0,162.1,90.0,23.2,27.3,6.98
REACH-Dhaka_2017-2021,river,Turag,Botanical Garden,2018-11-18,2018,11,dry,23.81745,90.3405,2.02,,,310.0,0.21,,723.0,2.0,,67.0,307.0,160.0,52.8,33.0,7.32
REACH-Dhaka_2017-2021,river,Turag,Botanical Garden,2018-12-11,2018,12,dry,23.81745,90.3405,4.2,,,184.0,0.14,,840.0,4.7,,94.0,352.0,225.0,44.9,23.2,6.94
REACH-Dhaka_2017-2021,river,Turag,Botanical Garden,2019-01-13,2019,1,dry,23.81745,90.3405,4.9,,,692.6399999999999,0.06,,795.0,0.6,,121.0,373.0,220.0,56.2,20.8,7.35
REACH-Dhaka_2017-2021,river,Turag,Botanical Garden,2019-02-11,2019,2,dry,23.81745,90.3405,5.7,,,785.0,0.02,,1177.0,14.1,,356.0,517.0,240.0,97.0,22.1,7.28
REACH-Dhaka_2017-2021,river,Turag,Botanical Garden,2019-07-08,2019,7,wet,23.81745,90.3405,0.26,,,210.0,3.57,0.0,172.0,1.1,,242.0,74.9,35.0,66.8,29.4,7.37
REACH-Dhaka_2017-2021,river,Turag,Botanical Garden,2019-10-13,2019,10,wet,23.81745,90.3405,0.4,,,130.0,5.14,0.0,134.2,2.2,,69.0,81.3,45.0,36.4,29.3,7.41
REACH-Dhaka_2017-2021,river,Turag,Botanical Garden,2020-02-15,2020,2,dry,23.81745,90.3405,7.9,,,270.0,0.06,3000.0,1109.0,6.6,,86.0,587.0,265.0,42.7,21.9,7.42
REACH-Dhaka_2017-2021,river,Turag,Botanical Garden,2020-08-22,2020,8,wet,23.81745,90.3405,0.8,,,120.0,3.78,0.0,180.4,5.4,,12.0,79.4,90.0,19.8,28.9,7.03
REACH-Dhaka_2017-2021,river,Turag,Botanical Garden,2020-10-12,2020,10,wet,23.81745,90.3405,1.28,,,210.0,2.67,1000.0,216.8,3.1,,26.0,91.8,60.0,23.6,31.0,6.91
REACH-Dhaka_2017-2021,river,Turag,Botanical Garden,2020-12-13,2020,12,dry,23.81745,90.3405,4.95,,,59.76399999999998,1.96,190000.0,619.0,23.4,,100.0,319.0,190.0,64.6,22.3,7.25
REACH-Dhaka_2017-2021,river,Turag,Botanical Garden,2021-02-15,2021,2,dry,23.81745,90.3405,7.4,,,231.275,0.6,120000.0,1016.0,9.746,,84.0,525.0,280.0,40.6,22.9,7.52
REACH-Dhaka_2017-2021,river,Turag,Botanical Garden,2021-05-22,2021,5,wet,23.81745,90.3405,4.1,,,102.5,0.05,,523.0,3.7,,26.0,219.3,155.0,10.63,32.2,7.32
REACH-Dhaka_2017-2021,river,Turag,Botanical Garden,2021-07-16,2021,7,wet,23.81745,90.3405,0.875,,,114.71999999999996,3.67,5000.0,216.5,7.4,,125.0,91.9,55.0,68.3,30.9,7.13
REACH-Dhaka_2017-2021,river,Turag,Kaliakoir Bridge,2019-07-08,2019,7,wet,24.08234,90.20919,0.14,,,200.0,7.02,0.0,138.0,1.1,,17.0,59.8,5.0,254.0,29.5,7.86
REACH-Dhaka_2017-2021,river,Turag,Kaliakoir Bridge,2019-10-13,2019,10,wet,24.08234,90.20919,0.11,,,120.0,7.12,0.0,117.2,5.5,,179.0,66.0,45.0,88.1,29.2,7.67
REACH-Dhaka_2017-2021,river,Turag,Kaliakoir Bridge,2020-02-15,2020,2,dry,24.08234,90.20919,0.1,,,170.0,6.42,100.0,480.0,2.9,,8.0,246.0,195.0,4.21,22.2,7.6
REACH-Dhaka_2017-2021,river,Turag,Kaliakoir Bridge,2020-08-22,2020,8,wet,24.08234,90.20919,0.11,,,100.0,5.98,300.0,135.1,4.5,,25.0,59.4,30.0,59.2,28.7,7.2
REACH-Dhaka_2017-2021,river,Turag,Kaliakoir Bridge,2020-10-12,2020,10,wet,24.08234,90.20919,0.1,,,310.0,5.95,1000.0,141.5,1.2,,98.0,59.7,15.0,66.5,30.9,7.0
REACH-Dhaka_2017-2021,river,Turag,Kaliakoir Bridge,2020-12-13,2020,12,dry,24.08234,90.20919,0.4499999999999999,,,59.76399999999998,4.81,1000.0,334.0,26.0,,21.0,168.3,180.0,11.79,22.4,7.33
REACH-Dhaka_2017-2021,river,Turag,Kaliakoir Bridge,2021-02-15,2021,2,dry,24.08234,90.20919,0.2,,,121.154,5.71,,495.0,4.43,,10.0,250.0,195.0,5.72,23.0,7.95
REACH-Dhaka_2017-2021,river,Turag,Kaliakoir Bridge,2021-05-22,2021,5,wet,24.08234,90.20919,0.7000000000000001,,,112.5,5.45,,213.6,5.5,,40.0,87.3,80.0,0.0,32.6,7.47
REACH-Dhaka_2017-2021,river,Turag,Kaliakoir Bridge,2021-07-16,2021,7,wet,24.08234,90.20919,0.3,,,154.76399999999998,7.07,400.0,150.4,2.1,,423.0,64.3,45.0,237.0,30.2,7.19
REACH-Dhaka_2017-2021,river,Turag,Konabari Powerplant,2017-01-25,2017,1,dry,23.9948,90.34186,3.59,,58.0,,0.29,4000.0,915.0,2.8,,32.0,450.0,180.0,19.61,24.8,7.95
REACH-Dhaka_2017-2021,river,Turag,Konabari Powerplant,2017-03-20,2017,3,dry,23.9948,90.34186,4.06,,85.0,,0.2,,1140.0,7.0,,61.0,562.0,240.0,45.3,24.9,7.47
REACH-Dhaka_2017-2021,river,Turag,Konabari Powerplant,2017-05-02,2017,5,wet,23.9948,90.34186,0.36,,15.0,,0.26,1850.0,450.0,6.6,,20.0,197.4,70.0,16.27,28.6,7.45
REACH-Dhaka_2017-2021,river,Turag,Konabari Powerplant,2017-06-17,2017,6,wet,23.9948,90.34186,2.0,,51.0,80.0,5.71,1000.0,137.0,4.5,,101.0,59.2,45.0,101.0,29.4,7.54
REACH-Dhaka_2017-2021,river,Turag,Konabari Powerplant,2017-07-14,2017,7,wet,23.9948,90.34186,0.38,,200.0,100.0,6.0,,118.5,0.6,,245.0,52.4,30.0,221.0,28.2,8.14
REACH-Dhaka_2017-2021,river,Turag,Konabari Powerplant,2017-08-11,2017,8,wet,23.9948,90.34186,0.4,,200.0,130.0,6.61,4300.0,121.5,3.3,,29.0,52.0,20.0,134.0,29.4,7.98
REACH-Dhaka_2017-2021,river,Turag,Konabari Powerplant,2017-09-17,2017,9,wet,23.9948,90.34186,0.13,,110.0,60.0,5.5,7000.0,157.7,0.6,,65.0,66.1,60.0,67.5,31.0,8.13
REACH-Dhaka_2017-2021,river,Turag,Konabari Powerplant,2017-10-16,2017,10,wet,23.9948,90.34186,0.18,,170.0,90.0,5.53,31000.0,149.4,1.1,,23.0,63.4,160.0,70.1,30.4,7.22
REACH-Dhaka_2017-2021,river,Turag,Konabari Powerplant,2017-11-12,2017,11,dry,23.9948,90.34186,0.18,,,140.0,4.28,3000.0,212.8,1.1,,41.0,93.6,75.0,56.5,27.4,7.42
REACH-Dhaka_2017-2021,river,Turag,Konabari Powerplant,2017-12-18,2017,12,dry,23.9948,90.34186,0.47,,,140.0,1.67,120000.0,432.0,59.1,,17.0,249.0,145.0,29.4,23.2,7.67
REACH-Dhaka_2017-2021,river,Turag,Konabari Powerplant,2018-01-23,2018,1,dry,23.9948,90.34186,2.03,,,163.962,0.23,180000.0,738.0,1.6,,10.0,392.0,37.0,16.93,21.1,7.42
REACH-Dhaka_2017-2021,river,Turag,Konabari Powerplant,2018-02-24,2018,2,dry,23.9948,90.34186,3.17,,,46.0,0.15,,966.0,31.5,,26.0,450.0,200.0,26.7,25.2,7.38
REACH-Dhaka_2017-2021,river,Turag,Konabari Powerplant,2018-03-19,2018,3,dry,23.9948,90.34186,2.4,,,152.0,0.29,130000.0,1182.0,4.871428571428572,,12.0,541.0,295.0,25.6,28.3,7.49
REACH-Dhaka_2017-2021,river,Turag,Konabari Powerplant,2018-04-21,2018,4,dry,23.9948,90.34186,0.1,,,350.0,0.28,530000.0,866.0,12.1,,128.0,394.0,90.0,93.0,28.7,6.76
REACH-Dhaka_2017-2021,river,Turag,Konabari Powerplant,2018-05-12,2018,5,wet,23.9948,90.34186,0.35,,0.23,260.0,3.71,13000.0,275.0,7.531,,28.0,121.4,30.0,25.5,27.6,6.61
REACH-Dhaka_2017-2021,river,Turag,Konabari Powerplant,2018-06-23,2018,6,wet,23.9948,90.34186,0.19,,,360.0,6.4,11000.0,116.7,21.264,,144.0,50.4,45.0,105.0,29.5,6.48
REACH-Dhaka_2017-2021,river,Turag,Konabari Powerplant,2018-07-14,2018,7,wet,23.9948,90.34186,0.43,,,370.0,6.31,7000.0,128.9,4.43,,60.0,54.9,,247.0,29.8,6.84
REACH-Dhaka_2017-2021,river,Turag,Konabari Powerplant,2018-08-11,2018,8,wet,23.9948,90.34186,0.01,,,,6.48,3000.0,138.1,5.316,,127.0,58.7,5.0,273.0,30.4,6.68
REACH-Dhaka_2017-2021,river,Turag,Konabari Powerplant,2018-09-15,2018,9,wet,23.9948,90.34186,0.11,,,83.0,6.4,2000.0,158.2,2.215,,222.0,68.5,35.0,304.0,29.5,7.13
REACH-Dhaka_2017-2021,river,Turag,Konabari Powerplant,2018-10-13,2018,10,wet,23.9948,90.34186,0.41,,,93.37399999999997,5.11,1000.0,280.0,0.7,,119.0,123.3,100.0,56.4,27.3,6.65
REACH-Dhaka_2017-2021,river,Turag,Konabari Powerplant,2018-11-18,2018,11,dry,23.9948,90.34186,1.32,,,,0.41,,696.0,3.3,,37.0,305.0,175.0,18.3,25.8,6.59
REACH-Dhaka_2017-2021,river,Turag,Konabari Powerplant,2018-12-11,2018,12,dry,23.9948,90.34186,1.1,,,204.0,0.1,,767.0,1.4,,42.0,358.0,170.0,23.9,23.1,6.83
REACH-Dhaka_2017-2021,river,Turag,Konabari Powerplant,2019-01-13,2019,1,dry,23.9948,90.34186,2.0,,,292.1999999999997,0.07,,744.0,0.1,,38.0,363.0,190.0,22.0,20.6,7.24
REACH-Dhaka_2017-2021,river,Turag,Konabari Powerplant,2019-07-08,2019,7,wet,23.9948,90.34186,0.43,,,160.0,6.42,0.0,150.3,1.9,,623.0,65.3,50.0,187.0,29.4,7.7
REACH-Dhaka_2017-2021,river,Turag,Konabari Powerplant,2019-10-13,2019,10,wet,23.9948,90.34186,0.13,,,250.0,6.83,0.0,120.5,4.5,,130.0,71.3,30.0,72.0,29.0,7.63
REACH-Dhaka_2017-2021,river,Turag,Konabari Powerplant,2020-02-15,2020,2,dry,23.9948,90.34186,4.699999999999999,,,370.0,0.8,1000.0,1201.0,6.2,,55.0,634.0,215.0,25.8,22.1,7.58
REACH-Dhaka_2017-2021,river,Turag,Konabari Powerplant,2020-08-22,2020,8,wet,23.9948,90.34186,0.1,,,60.0,5.84,0.0,140.9,5.1,,54.0,61.8,100.0,55.2,28.9,7.03
REACH-Dhaka_2017-2021,river,Turag,Konabari Powerplant,2020-10-12,2020,10,wet,23.9948,90.34186,0.26,,,260.0,5.45,0.0,159.0,4.7,,65.0,67.3,35.0,48.2,29.8,6.81
REACH-Dhaka_2017-2021,river,Turag,Konabari Powerplant,2020-12-13,2020,12,dry,23.9948,90.34186,1.9,,,39.74199999999999,1.19,80000.0,557.0,7.8,,28.0,285.0,150.0,18.76,22.6,7.25
REACH-Dhaka_2017-2021,river,Turag,Konabari Powerplant,2021-02-15,2021,2,dry,23.9948,90.34186,4.0,,,211.253,0.52,170000.0,972.0,7.088,,47.0,501.0,245.0,32.0,23.2,7.61
REACH-Dhaka_2017-2021,river,Turag,Konabari Powerplant,2021-05-22,2021,5,wet,23.9948,90.34186,0.6,,,42.5,1.04,,322.0,3.9,,23.0,135.5,120.0,12.86,31.7,7.17
REACH-Dhaka_2017-2021,river,Turag,Konabari Powerplant,2021-07-16,2021,7,wet,23.9948,90.34186,0.175,,,164.77499999999998,6.77,0.0,162.0,5.1,,357.0,69.0,20.0,207.0,30.4,7.26
REACH-Dhaka_2017-2021,river,Turag,Rustampur (u/s of confluence),2017-05-02,2017,5,wet,23.8795,90.3503,4.9,,78.0,,0.21,5400.0,934.0,2.9,,72.0,414.0,220.0,54.9,29.7,7.89
REACH-Dhaka_2017-2021,river,Turag,Rustampur (u/s of confluence),2017-06-17,2017,6,wet,23.8795,90.3503,1.5,,43.0,70.0,4.0,1000.0,155.1,4.1,,42.0,67.2,60.0,43.9,29.5,7.26
REACH-Dhaka_2017-2021,river,Turag,Rustampur (u/s of confluence),2017-07-14,2017,7,wet,23.8795,90.3503,5.18,,160.0,80.0,5.6,,131.1,1.1,,103.0,56.9,95.0,130.0,29.2,7.94
REACH-Dhaka_2017-2021,river,Turag,Rustampur (u/s of confluence),2017-08-11,2017,8,wet,23.8795,90.3503,0.36,,110.0,100.0,6.62,6500.0,129.3,1.1,,46.0,55.6,90.0,59.0,29.6,7.81
REACH-Dhaka_2017-2021,river,Turag,Rustampur (u/s of confluence),2017-09-17,2017,9,wet,23.8795,90.3503,0.15,,200.0,80.0,5.59,20000.0,164.4,0.8,,25.0,69.2,180.0,40.7,30.7,8.02
REACH-Dhaka_2017-2021,river,Turag,Rustampur (u/s of confluence),2017-10-16,2017,10,wet,23.8795,90.3503,0.17,,210.0,40.0,5.48,7000.0,159.6,0.3,,16.0,66.1,190.0,34.7,31.8,7.63
REACH-Dhaka_2017-2021,river,Turag,Rustampur (u/s of confluence),2017-11-12,2017,11,dry,23.8795,90.3503,0.21,,,120.0,4.2,17000.0,225.0,0.2,,47.0,101.2,30.0,34.6,27.3,7.36
REACH-Dhaka_2017-2021,river,Turag,Rustampur (u/s of confluence),2017-12-18,2017,12,dry,23.8795,90.3503,0.37,,24.0,210.0,0.63,260000.0,480.0,2.6,,13.0,238.0,155.0,42.1,23.4,7.65
REACH-Dhaka_2017-2021,river,Turag,Rustampur (u/s of confluence),2018-01-23,2018,1,dry,23.8795,90.3503,3.24,,,274.083,0.25,150000.0,808.0,2.1,,20.0,418.0,39.0,42.3,22.4,7.7
REACH-Dhaka_2017-2021,river,Turag,Rustampur (u/s of confluence),2018-02-24,2018,2,dry,23.8795,90.3503,5.54,,,49.0,0.23,,1062.0,23.0,,35.0,499.0,195.0,34.8,27.3,7.57
REACH-Dhaka_2017-2021,river,Turag,Rustampur (u/s of confluence),2018-03-19,2018,3,dry,23.8795,90.3503,4.3,,,134.0,0.33,420000.0,1103.0,3.1,,7.0,499.0,265.0,84.1,29.4,7.54
REACH-Dhaka_2017-2021,river,Turag,Rustampur (u/s of confluence),2018-04-21,2018,4,dry,23.8795,90.3503,1.0,,,430.0,0.29,240000.0,1133.0,11.8,,99.0,512.0,170.0,58.5,29.2,7.42
REACH-Dhaka_2017-2021,river,Turag,Rustampur (u/s of confluence),2018-05-12,2018,5,wet,23.8795,90.3503,4.2,,0.151,370.0,2.62,14000.0,306.0,6.645,,25.0,136.2,80.0,24.8,27.2,6.59
REACH-Dhaka_2017-2021,river,Turag,Rustampur (u/s of confluence),2018-06-23,2018,6,wet,23.8795,90.3503,0.16,,,600.0,5.63,4000.0,127.4,14.619,,209.0,54.5,50.0,184.0,29.3,6.89
REACH-Dhaka_2017-2021,river,Turag,Rustampur (u/s of confluence),2018-07-14,2018,7,wet,23.8795,90.3503,0.52,,,280.0,5.49,21000.0,181.7,4.873,,91.0,76.8,,146.0,30.3,7.22
REACH-Dhaka_2017-2021,river,Turag,Rustampur (u/s of confluence),2018-08-11,2018,8,wet,23.8795,90.3503,0.2,,,,5.74,3000.0,152.0,3.544,,142.0,64.8,60.0,197.0,30.4,7.13
REACH-Dhaka_2017-2021,river,Turag,Rustampur (u/s of confluence),2018-09-15,2018,9,wet,23.8795,90.3503,0.36,,,43.0,5.83,2000.0,174.3,3.1009999999999995,,274.0,74.7,45.0,153.0,29.5,7.08
REACH-Dhaka_2017-2021,river,Turag,Rustampur (u/s of confluence),2018-10-13,2018,10,wet,23.8795,90.3503,0.29,,,133.41799999999995,4.77,5000.0,329.0,1.1,,18.0,140.9,50.0,33.7,27.3,6.85
REACH-Dhaka_2017-2021,river,Turag,Rustampur (u/s of confluence),2018-11-18,2018,11,dry,23.8795,90.3503,1.81,,,350.0,0.22,,696.0,0.7,,64.0,296.0,125.0,32.7,31.9,7.33
REACH-Dhaka_2017-2021,river,Turag,Rustampur (u/s of confluence),2018-12-11,2018,12,dry,23.8795,90.3503,2.3000000000000003,,,194.0,0.12,,856.0,9.8,,74.0,360.0,75.0,34.7,23.1,7.13
REACH-Dhaka_2017-2021,river,Turag,Rustampur (u/s of confluence),2019-01-13,2019,1,dry,23.8795,90.3503,2.5,,,792.7499999999998,0.06,,796.0,0.7,,72.0,390.0,195.0,35.2,20.5,6.75
REACH-Dhaka_2017-2021,river,Turag,Rustampur (u/s of confluence),2019-07-08,2019,7,wet,23.8795,90.3503,0.28,,,200.0,4.58,0.0,174.3,1.3,,358.0,75.9,50.0,93.7,29.4,7.35
REACH-Dhaka_2017-2021,river,Turag,Rustampur (u/s of confluence),2019-10-13,2019,10,wet,23.8795,90.3503,0.17,,,180.0,5.94,100.0,136.7,4.7,,77.0,77.6,65.0,40.6,29.2,7.54
REACH-Dhaka_2017-2021,river,Turag,Rustampur (u/s of confluence),2020-02-15,2020,2,dry,23.8795,90.3503,6.35,,,230.0,0.06,4000.0,1244.0,5.5,,41.0,658.0,265.0,31.5,22.0,7.47
REACH-Dhaka_2017-2021,river,Turag,Rustampur (u/s of confluence),2020-08-22,2020,8,wet,23.8795,90.3503,0.13,,,90.0,5.61,1000.0,153.0,3.9,,15.0,67.1,30.0,34.9,29.0,7.12
REACH-Dhaka_2017-2021,river,Turag,Rustampur (u/s of confluence),2020-10-12,2020,10,wet,23.8795,90.3503,0.28,,,350.0,4.77,0.0,171.4,3.9,,39.0,72.3,40.0,30.3,31.0,7.03
REACH-Dhaka_2017-2021,river,Turag,Rustampur (u/s of confluence),2020-12-13,2020,12,dry,23.8795,90.3503,1.85,,,49.75299999999999,1.72,120000.0,593.0,7.2,,29.0,305.0,175.0,17.91,22.4,7.34
REACH-Dhaka_2017-2021,river,Turag,Rustampur (u/s of confluence),2021-02-15,2021,2,dry,23.8795,90.3503,6.6000000000000005,,,161.19799999999998,0.54,110000.0,1112.0,10.188999999999998,,49.0,578.0,285.0,27.1,22.7,7.63
REACH-Dhaka_2017-2021,river,Turag,Rustampur (u/s of confluence),2021-05-22,2021,5,wet,23.8795,90.3503,1.0,,,112.5,0.94,,424.0,3.9,,19.0,177.9,120.0,8.88,32.1,7.27
REACH-Dhaka_2017-2021,river,Turag,Rustampur (u/s of confluence),2021-07-16,2021,7,wet,23.8795,90.3503,0.275,,,94.69799999999998,5.4,1000.0,178.3,6.0,,214.0,75.9,45.0,120.0,30.6,7.13
REACH-Dhaka_2017-2021,river,Turag,Yearpur (u/s of Ashulia Lake),2017-03-20,2017,3,dry,23.92568,90.34812,4.55,,136.0,,0.25,,1239.0,2.0,,87.0,610.0,225.0,50.2,25.0,7.76
REACH-Dhaka_2017-2021,river,Turag,Yearpur (u/s of Ashulia Lake),2017-05-02,2017,5,wet,23.92568,90.34812,0.57,,11.0,,0.9,100.0,411.0,4.0,,16.0,180.2,105.0,17.18,29.4,7.67
REACH-Dhaka_2017-2021,river,Turag,Yearpur (u/s of Ashulia Lake),2017-06-17,2017,6,wet,23.92568,90.34812,3.25,,84.0,140.0,5.02,4000.0,155.1,11.0,,68.0,67.1,40.0,79.3,29.5,7.44
REACH-Dhaka_2017-2021,river,Turag,Yearpur (u/s of Ashulia Lake),2017-07-14,2017,7,wet,23.92568,90.34812,5.25,,170.0,60.0,5.76,,129.7,4.7,,166.0,56.9,60.0,139.0,28.7,8.05
REACH-Dhaka_2017-2021,river,Turag,Yearpur (u/s of Ashulia Lake),2017-08-11,2017,8,wet,23.92568,90.34812,0.52,,330.0,130.0,6.27,12600.0,131.2,1.7,,26.0,56.2,70.0,94.1,29.8,7.91
REACH-Dhaka_2017-2021,river,Turag,Yearpur (u/s of Ashulia Lake),2017-09-17,2017,9,wet,23.92568,90.34812,0.19,,240.0,70.0,5.41,13000.0,161.1,0.3,,35.0,67.6,140.0,53.4,29.6,8.04
REACH-Dhaka_2017-2021,river,Turag,Yearpur (u/s of Ashulia Lake),2017-10-16,2017,10,wet,23.92568,90.34812,0.51,,150.0,70.0,5.33,5000.0,158.0,1.4,,27.0,66.8,190.0,58.4,30.8,7.43
REACH-Dhaka_2017-2021,river,Turag,Yearpur (u/s of Ashulia Lake),2017-11-12,2017,11,dry,23.92568,90.34812,0.26,,,150.0,3.53,0.0,221.0,0.9,,68.0,106.9,65.0,56.8,27.3,7.37
REACH-Dhaka_2017-2021,river,Turag,Yearpur (u/s of Ashulia Lake),2017-12-18,2017,12,dry,23.92568,90.34812,0.64,,,170.0,0.3,80000.0,471.0,78.1,,10.0,233.0,135.0,23.9,23.3,7.73
REACH-Dhaka_2017-2021,river,Turag,Yearpur (u/s of Ashulia Lake),2018-01-23,2018,1,dry,23.92568,90.34812,3.21,,,133.929,0.31,180000.0,825.0,0.9,,5.0,426.0,39.0,17.11,22.5,7.43
REACH-Dhaka_2017-2021,river,Turag,Yearpur (u/s of Ashulia Lake),2018-02-24,2018,2,dry,23.92568,90.34812,4.59,,,40.0,0.19,,1095.0,22.5,,42.0,485.0,240.0,39.4,26.4,7.57
REACH-Dhaka_2017-2021,river,Turag,Yearpur (u/s of Ashulia Lake),2018-03-19,2018,3,dry,23.92568,90.34812,3.7,,,184.0,0.28,280000.0,1361.0,3.1,,18.0,589.0,275.0,45.2,31.2,7.75
REACH-Dhaka_2017-2021,river,Turag,Yearpur (u/s of Ashulia Lake),2018-04-21,2018,4,dry,23.92568,90.34812,0.7000000000000001,,,370.0,0.16,210000.0,1047.0,9.6,,77.0,476.0,180.0,51.4,29.1,7.38
REACH-Dhaka_2017-2021,river,Turag,Yearpur (u/s of Ashulia Lake),2018-05-12,2018,5,wet,23.92568,90.34812,0.45,,0.343,320.0,3.28,6000.0,293.0,3.987,,20.0,129.6,45.0,26.6,28.2,6.61
REACH-Dhaka_2017-2021,river,Turag,Yearpur (u/s of Ashulia Lake),2018-06-23,2018,6,wet,23.92568,90.34812,0.18,,,480.0,6.07,11000.0,122.4,16.834,,197.0,52.9,45.0,132.0,29.6,6.74
REACH-Dhaka_2017-2021,river,Turag,Yearpur (u/s of Ashulia Lake),2018-07-14,2018,7,wet,23.92568,90.34812,0.36,,,480.0,6.12,33000.0,140.9,5.316,,92.0,60.1,,179.0,30.1,7.04
REACH-Dhaka_2017-2021,river,Turag,Yearpur (u/s of Ashulia Lake),2018-08-11,2018,8,wet,23.92568,90.34812,0.24,,,,6.17,5000.0,146.1,0.886,,167.0,62.2,10.0,229.0,30.1,6.93
REACH-Dhaka_2017-2021,river,Turag,Yearpur (u/s of Ashulia Lake),2018-09-15,2018,9,wet,23.92568,90.34812,0.12,,,73.0,6.12,8000.0,168.5,1.772,,341.0,72.4,35.0,219.0,29.3,7.05
REACH-Dhaka_2017-2021,river,Turag,Yearpur (u/s of Ashulia Lake),2018-10-13,2018,10,wet,23.92568,90.34812,0.09,,,193.484,4.84,9000.0,318.0,0.2,,78.0,136.2,45.0,47.7,27.4,6.88
REACH-Dhaka_2017-2021,river,Turag,Yearpur (u/s of Ashulia Lake),2018-11-18,2018,11,dry,23.92568,90.34812,1.41,,,310.0,0.21,,733.0,2.5,,10.0,308.0,145.0,17.2,26.1,7.1
REACH-Dhaka_2017-2021,river,Turag,Yearpur (u/s of Ashulia Lake),2018-12-11,2018,12,dry,23.92568,90.34812,2.1,,,184.0,0.11,,884.0,2.7,,43.0,408.0,70.0,22.4,23.6,6.77
REACH-Dhaka_2017-2021,river,Turag,Yearpur (u/s of Ashulia Lake),2019-01-13,2019,1,dry,23.92568,90.34812,2.3,,,292.1999999999997,0.07,,831.0,0.6,,39.0,389.0,210.0,21.0,20.9,6.73
REACH-Dhaka_2017-2021,river,Turag,Yearpur (u/s of Ashulia Lake),2019-07-08,2019,7,wet,23.92568,90.34812,0.21,,,170.0,5.63,2000.0,165.4,1.5,,459.0,72.0,85.0,122.0,29.3,7.52
REACH-Dhaka_2017-2021,river,Turag,Yearpur (u/s of Ashulia Lake),2019-10-13,2019,10,wet,23.92568,90.34812,0.17,,,140.0,6.37,300.0,131.3,2.5,,100.0,76.7,45.0,54.2,29.1,7.54
REACH-Dhaka_2017-2021,river,Turag,Yearpur (u/s of Ashulia Lake),2020-02-15,2020,2,dry,23.92568,90.34812,4.9,,,380.0,0.05,2000.0,1281.0,10.1,,59.0,668.0,260.0,26.1,22.8,7.59
REACH-Dhaka_2017-2021,river,Turag,Yearpur (u/s of Ashulia Lake),2020-08-22,2020,8,wet,23.92568,90.34812,0.11,,,100.0,5.53,2000.0,150.8,5.3,,17.0,66.2,80.0,48.9,28.9,7.14
REACH-Dhaka_2017-2021,river,Turag,Yearpur (u/s of Ashulia Lake),2020-10-12,2020,10,wet,23.92568,90.34812,0.18,,,250.0,4.96,2000.0,164.7,2.1,,29.0,69.4,50.0,48.5,31.0,6.93
REACH-Dhaka_2017-2021,river,Turag,Yearpur (u/s of Ashulia Lake),2020-12-13,2020,12,dry,23.92568,90.34812,1.75,,,49.75299999999999,1.12,70000.0,615.0,42.6,,24.0,314.0,195.0,16.49,22.8,7.31
REACH-Dhaka_2017-2021,river,Turag,Yearpur (u/s of Ashulia Lake),2021-02-15,2021,2,dry,23.92568,90.34812,6.9,,,201.242,0.5,50000.0,1205.0,35.44,,50.0,624.0,280.0,29.6,23.0,7.61
REACH-Dhaka_2017-2021,river,Turag,Yearpur (u/s of Ashulia Lake),2021-05-22,2021,5,wet,23.92568,90.34812,0.6,,,112.5,0.38,,373.0,4.0,,16.0,155.7,95.0,9.59,32.2,7.21
REACH-Dhaka_2017-2021,river,Turag,Yearpur (u/s of Ashulia Lake),2021-07-16,2021,7,wet,23.92568,90.34812,0.15,,,164.77499999999998,6.22,1000.0,169.3,1.3,,276.0,72.2,40.0,147.0,30.4,7.2
REACH-Dhaka_2017-2021,river,Turag,d/s Ashulia Landing station,2018-05-12,2018,5,wet,23.89441,90.364777,0.27,,0.046,340.0,4.27,22000.0,332.0,2.658,,16.0,145.5,85.0,15.7,28.8,6.62
REACH-Dhaka_2017-2021,river,Turag,d/s of Kashimpur,2017-01-25,2017,1,dry,23.98042,90.33772,3.56,,108.0,,0.23,18000.0,875.0,4.0,,29.0,434.0,190.0,30.5,24.1,7.94
REACH-Dhaka_2017-2021,river,Turag,d/s of Kashimpur,2017-03-20,2017,3,dry,23.98042,90.33772,4.14,,104.0,,0.26,,1197.0,14.9,,79.0,590.0,245.0,49.1,24.8,7.54
REACH-Dhaka_2017-2021,river,Turag,d/s of Kashimpur,2017-05-02,2017,5,wet,23.98042,90.33772,0.45,,12.0,,1.09,100.0,406.0,13.3,,13.0,178.3,75.0,17.41,29.5,7.6
REACH-Dhaka_2017-2021,river,Turag,d/s of Kashimpur,2017-06-17,2017,6,wet,23.98042,90.33772,2.5,,70.0,120.0,5.29,5000.0,152.6,5.7,,97.0,66.1,55.0,99.6,29.3,7.49
REACH-Dhaka_2017-2021,river,Turag,d/s of Kashimpur,2017-07-14,2017,7,wet,23.98042,90.33772,4.19,,190.0,110.0,5.66,,129.8,0.9,,216.0,57.3,45.0,194.0,28.3,8.12
REACH-Dhaka_2017-2021,river,Turag,d/s of Kashimpur,2017-08-11,2017,8,wet,23.98042,90.33772,0.61,,380.0,100.0,6.31,15800.0,129.4,3.8,,24.0,55.4,65.0,127.0,29.5,7.81
REACH-Dhaka_2017-2021,river,Turag,d/s of Kashimpur,2017-09-17,2017,9,wet,23.98042,90.33772,0.45,,170.0,60.0,5.32,14000.0,163.3,1.3,,72.0,68.5,110.0,58.9,31.3,8.11
REACH-Dhaka_2017-2021,river,Turag,d/s of Kashimpur,2017-10-16,2017,10,wet,23.98042,90.33772,0.27,,220.0,40.0,5.31,14000.0,157.6,0.8,,20.0,66.7,175.0,69.4,30.6,7.24
REACH-Dhaka_2017-2021,river,Turag,d/s of Kashimpur,2017-11-12,2017,11,dry,23.98042,90.33772,0.28,,,210.0,3.86,33000.0,241.0,1.4,,67.0,109.3,55.0,51.1,27.4,7.39
REACH-Dhaka_2017-2021,river,Turag,d/s of Kashimpur,2017-12-18,2017,12,dry,23.98042,90.33772,0.5,,,180.0,1.07,120000.0,462.0,6.2,,10.0,229.0,145.0,26.2,23.8,7.61
REACH-Dhaka_2017-2021,river,Turag,d/s of Kashimpur,2018-01-23,2018,1,dry,23.98042,90.33772,2.94,,,193.995,0.16,80000.0,812.0,0.8,,13.0,415.0,38.0,17.62,23.6,7.59
REACH-Dhaka_2017-2021,river,Turag,d/s of Kashimpur,2018-02-24,2018,2,dry,23.98042,90.33772,4.5,,,43.0,0.17,,1017.0,11.0,,27.0,479.0,200.0,30.1,26.1,7.56
REACH-Dhaka_2017-2021,river,Turag,d/s of Kashimpur,2018-03-19,2018,3,dry,23.98042,90.33772,5.6,,,166.0,0.27,530000.0,1443.0,3.542857142857143,,27.0,647.0,290.0,23.9,29.7,7.53
REACH-Dhaka_2017-2021,river,Turag,d/s of Kashimpur,2018-04-21,2018,4,dry,23.98042,90.33772,0.4,,,320.0,0.1,670000.0,975.0,7.6,,75.0,442.0,110.0,56.7,29.0,7.12
REACH-Dhaka_2017-2021,river,Turag,d/s of Kashimpur,2018-05-12,2018,5,wet,23.98042,90.33772,0.45,,0.148,370.0,3.41,29000.0,285.0,5.316,,22.0,126.9,65.0,23.7,27.2,6.6
REACH-Dhaka_2017-2021,river,Turag,d/s of Kashimpur,2018-06-23,2018,6,wet,23.98042,90.33772,0.19,,,410.0,6.17,15000.0,124.0,19.492,,218.0,53.2,45.0,138.0,29.8,6.7
REACH-Dhaka_2017-2021,river,Turag,d/s of Kashimpur,2018-07-14,2018,7,wet,23.98042,90.33772,0.46,,,360.0,6.12,47000.0,138.3,6.201999999999999,,97.0,59.0,,206.0,29.9,6.94
REACH-Dhaka_2017-2021,river,Turag,d/s of Kashimpur,2018-08-11,2018,8,wet,23.98042,90.33772,0.21,,,,6.18,10000.0,146.4,,,85.0,62.2,35.0,267.0,30.2,6.9
REACH-Dhaka_2017-2021,river,Turag,d/s of Kashimpur,2018-09-15,2018,9,wet,23.98042,90.33772,0.16,,,103.0,6.17,12000.0,166.4,4.43,,547.0,72.9,40.0,257.0,29.8,7.18
REACH-Dhaka_2017-2021,river,Turag,d/s of Kashimpur,2018-10-13,2018,10,wet,23.98042,90.33772,0.19,,,23.29699999999997,4.72,35000.0,311.0,0.4,,91.0,135.4,45.0,54.3,27.4,6.78
REACH-Dhaka_2017-2021,river,Turag,d/s of Kashimpur,2018-11-18,2018,11,dry,23.98042,90.33772,1.52,,,340.0,0.14,,739.0,3.3,,35.0,322.0,205.0,16.9,26.2,7.11
REACH-Dhaka_2017-2021,river,Turag,d/s of Kashimpur,2018-12-11,2018,12,dry,23.98042,90.33772,2.1,,,154.0,0.1,,850.0,6.6,,53.0,382.0,75.0,22.5,23.5,6.97
REACH-Dhaka_2017-2021,river,Turag,d/s of Kashimpur,2019-01-13,2019,1,dry,23.98042,90.33772,1.7,,,592.5299999999999,0.05,,821.0,7.9,,46.0,400.0,215.0,23.5,21.1,7.38
REACH-Dhaka_2017-2021,river,Turag,d/s of Kashimpur,2019-07-08,2019,7,wet,23.98042,90.33772,0.52,,,200.0,6.01,10000.0,163.7,3.8,,555.0,71.2,85.0,165.0,29.4,7.69
REACH-Dhaka_2017-2021,river,Turag,d/s of Kashimpur,2019-10-13,2019,10,wet,23.98042,90.33772,0.15,,,170.0,6.5,300.0,129.3,3.3,,121.0,78.3,120.0,70.2,29.0,7.57
REACH-Dhaka_2017-2021,river,Turag,d/s of Kashimpur,2020-02-15,2020,2,dry,23.98042,90.33772,5.0,,,350.0,0.9,0.0,1342.0,13.2,,70.0,699.0,250.0,24.7,22.8,7.35
REACH-Dhaka_2017-2021,river,Turag,d/s of Kashimpur,2020-08-22,2020,8,wet,23.98042,90.33772,0.15,,,20.0,5.58,9000.0,150.7,4.7,,45.0,66.1,30.0,47.8,28.9,7.11
REACH-Dhaka_2017-2021,river,Turag,d/s of Kashimpur,2020-10-12,2020,10,wet,23.98042,90.33772,0.27,,,160.0,4.98,17000.0,166.3,3.4,,61.0,70.2,30.0,46.0,30.9,7.07
REACH-Dhaka_2017-2021,river,Turag,d/s of Kashimpur,2020-12-13,2020,12,dry,23.98042,90.33772,2.0,,,69.77499999999998,1.09,70000.0,613.0,35.2,,25.0,312.0,160.0,16.72,22.8,7.28
REACH-Dhaka_2017-2021,river,Turag,d/s of Kashimpur,2021-02-15,2021,2,dry,23.98042,90.33772,5.699999999999999,,,191.231,0.56,140000.0,1211.0,22.593,,45.0,622.0,295.0,24.3,23.2,7.49
REACH-Dhaka_2017-2021,river,Turag,d/s of Kashimpur,2021-05-22,2021,5,wet,23.98042,90.33772,0.7000000000000001,,,102.5,0.19,,378.0,3.7,,16.0,158.6,110.0,8.97,31.9,7.2
REACH-Dhaka_2017-2021,river,Turag,d/s of Kashimpur,2021-07-16,2021,7,wet,23.98042,90.33772,0.2249999999999999,,,154.76399999999998,6.32,2000.0,177.9,4.0,,296.0,76.0,40.0,189.0,30.4,7.21
REACH-Dhaka_2017-2021,river,Turag,d/s of Konabari,2017-01-25,2017,1,dry,23.98681,90.32572,3.01,,76.0,,0.42,48000.0,841.0,5.1,,35.0,426.0,215.0,45.6,23.9,8.02
REACH-Dhaka_2017-2021,river,Turag,d/s of Konabari,2017-03-20,2017,3,dry,23.98681,90.32572,4.1,,90.0,,0.26,,1163.0,5.2,,73.0,577.0,210.0,51.3,24.6,7.63
REACH-Dhaka_2017-2021,river,Turag,d/s of Konabari,2017-05-02,2017,5,wet,23.98681,90.32572,0.09,,20.0,,1.33,50.0,436.0,3.4,,17.0,190.6,140.0,15.68,29.4,7.61
REACH-Dhaka_2017-2021,river,Turag,d/s of Konabari,2017-06-17,2017,6,wet,23.98681,90.32572,2.25,,44.0,90.0,5.3,1000.0,151.7,3.5,,92.0,65.7,45.0,101.0,29.4,7.5
REACH-Dhaka_2017-2021,river,Turag,d/s of Konabari,2017-07-14,2017,7,wet,23.98681,90.32572,1.04,,220.0,70.0,5.66,,129.8,0.2,,215.0,57.3,45.0,212.0,28.4,8.08
REACH-Dhaka_2017-2021,river,Turag,d/s of Konabari,2017-08-11,2017,8,wet,23.98681,90.32572,0.4,,220.0,110.0,6.31,14200.0,123.6,2.0,,31.0,55.9,40.0,131.0,29.8,7.93
REACH-Dhaka_2017-2021,river,Turag,d/s of Konabari,2017-09-17,2017,9,wet,23.98681,90.32572,0.14,,280.0,60.0,5.4,8000.0,166.5,0.5,,69.0,69.9,80.0,66.9,31.1,8.15
REACH-Dhaka_2017-2021,river,Turag,d/s of Konabari,2017-10-16,2017,10,wet,23.98681,90.32572,0.47,,50.0,50.0,5.37,6000.0,156.5,0.4,,22.0,66.5,195.0,63.7,30.2,7.29
REACH-Dhaka_2017-2021,river,Turag,d/s of Konabari,2017-11-12,2017,11,dry,23.98681,90.32572,0.25,,,100.0,3.88,10000.0,241.0,1.4,,28.0,109.2,60.0,49.5,27.5,7.48
REACH-Dhaka_2017-2021,river,Turag,d/s of Konabari,2017-12-18,2017,12,dry,23.98681,90.32572,0.47,,8.0,220.0,1.11,310000.0,465.0,5.7,,7.0,230.0,145.0,27.4,23.0,7.62
REACH-Dhaka_2017-2021,river,Turag,d/s of Konabari,2018-01-23,2018,1,dry,23.98681,90.32572,2.53,,,63.852,0.23,200000.0,844.0,1.2,,12.0,434.0,28.0,19.31,21.2,7.57
REACH-Dhaka_2017-2021,river,Turag,d/s of Konabari,2018-02-24,2018,2,dry,23.98681,90.32572,3.18,,,33.0,0.16,,1044.0,28.5,,40.0,477.0,165.0,29.2,26.1,7.45
REACH-Dhaka_2017-2021,river,Turag,d/s of Konabari,2018-03-19,2018,3,dry,23.98681,90.32572,5.0,,,174.0,0.23,310000.0,1344.0,3.1,,19.0,608.0,290.0,25.7,28.2,7.64
REACH-Dhaka_2017-2021,river,Turag,d/s of Konabari,2018-04-21,2018,4,dry,23.98681,90.32572,0.7000000000000001,,,240.0,0.14,180000.0,918.0,6.5,,91.0,418.0,170.0,60.7,28.8,7.06
REACH-Dhaka_2017-2021,river,Turag,d/s of Konabari,2018-05-12,2018,5,wet,23.98681,90.32572,0.48,,0.158,330.0,3.43,45000.0,287.0,3.544,,30.0,127.1,35.0,25.9,27.7,6.6
REACH-Dhaka_2017-2021,river,Turag,d/s of Konabari,2018-06-23,2018,6,wet,23.98681,90.32572,0.18,,,500.0,6.2,4000.0,122.7,19.492,,136.0,52.7,40.0,98.0,29.5,6.63
REACH-Dhaka_2017-2021,river,Turag,d/s of Konabari,2018-07-14,2018,7,wet,23.98681,90.32572,0.56,,,400.0,6.15,1000.0,138.4,4.43,,70.0,58.9,,241.0,30.1,7.01
REACH-Dhaka_2017-2021,river,Turag,d/s of Konabari,2018-08-11,2018,8,wet,23.98681,90.32572,0.08,,,,6.3,12000.0,143.0,0.443,,116.0,60.9,20.0,255.0,30.4,6.9
REACH-Dhaka_2017-2021,river,Turag,d/s of Konabari,2018-09-15,2018,9,wet,23.98681,90.32572,0.16,,,83.0,6.22,1000.0,167.1,4.43,,191.0,72.1,35.0,255.0,29.5,6.96
REACH-Dhaka_2017-2021,river,Turag,d/s of Konabari,2018-10-13,2018,10,wet,23.98681,90.32572,0.19,,,113.39599999999996,4.84,38000.0,312.0,0.2,,77.0,133.0,65.0,52.1,27.3,6.64
REACH-Dhaka_2017-2021,river,Turag,d/s of Konabari,2018-11-18,2018,11,dry,23.98681,90.32572,1.5,,,360.0,0.18,,728.0,2.7,,20.0,316.0,80.0,17.6,25.8,6.95
REACH-Dhaka_2017-2021,river,Turag,d/s of Konabari,2018-12-11,2018,12,dry,23.98681,90.32572,1.7999999999999998,,,144.0,0.1,,878.0,5.7,,52.0,391.0,205.0,22.4,23.5,6.36
REACH-Dhaka_2017-2021,river,Turag,d/s of Konabari,2019-01-13,2019,1,dry,23.98681,90.32572,2.2,,,91.9799999999998,0.04,,721.0,3.9,,63.0,339.0,230.0,28.7,20.9,6.69
REACH-Dhaka_2017-2021,river,Turag,d/s of Konabari,2019-07-08,2019,7,wet,23.98681,90.32572,0.2,,,170.0,6.05,9000.0,159.5,2.1,,588.0,69.3,65.0,186.0,29.4,7.66
REACH-Dhaka_2017-2021,river,Turag,d/s of Konabari,2019-10-13,2019,10,wet,23.98681,90.32572,0.16,,,140.0,6.73,100.0,126.4,5.1,,116.0,76.8,35.0,66.0,29.0,7.59
REACH-Dhaka_2017-2021,river,Turag,d/s of Konabari,2020-02-15,2020,2,dry,23.98681,90.32572,5.15,,,330.0,0.07,7000.0,1316.0,7.0,,61.0,685.0,285.0,28.1,22.6,7.42
REACH-Dhaka_2017-2021,river,Turag,d/s of Konabari,2020-08-22,2020,8,wet,23.98681,90.32572,0.1,,,120.0,5.54,8000.0,149.7,4.2,,45.0,65.7,20.0,47.2,29.0,7.12
REACH-Dhaka_2017-2021,river,Turag,d/s of Konabari,2020-10-12,2020,10,wet,23.98681,90.32572,0.24,,,170.0,5.15,0.0,165.3,2.6,,60.0,69.9,35.0,39.8,30.9,6.96
REACH-Dhaka_2017-2021,river,Turag,d/s of Konabari,2020-12-13,2020,12,dry,23.98681,90.32572,2.2,,,129.84099999999995,1.18,240000.0,631.0,13.8,,29.0,325.0,165.0,18.77,23.2,7.35
REACH-Dhaka_2017-2021,river,Turag,d/s of Konabari,2021-02-15,2021,2,dry,23.98681,90.32572,4.5,,,171.20899999999995,0.51,340000.0,1176.0,7.531,,56.0,604.0,265.0,29.0,23.3,7.5
REACH-Dhaka_2017-2021,river,Turag,d/s of Konabari,2021-05-22,2021,5,wet,23.98681,90.32572,0.8999999999999999,,,82.5,0.72,,350.0,4.3,,22.0,146.8,115.0,11.79,31.9,7.25
REACH-Dhaka_2017-2021,river,Turag,d/s of Konabari,2021-07-16,2021,7,wet,23.98681,90.32572,0.3,,,174.786,6.45,2000.0,170.4,6.8,,296.0,72.7,40.0,177.0,30.4,7.31
REACH-Dhaka_2017-2021,river,Turag,u/s of Aminbazar Bridge,2018-01-23,2018,1,dry,23.78946,90.33922,,,,244.05,0.23,490000.0,817.0,0.8,,38.0,428.0,54.0,51.6,22.8,7.84
REACH-Dhaka_2017-2021,river,Turag,u/s of Aminbazar Bridge,2018-02-24,2018,2,dry,23.78946,90.33922,2.7,,,43.0,0.28,,985.0,27.5,,75.0,466.0,225.0,64.5,27.0,7.64
REACH-Dhaka_2017-2021,river,Turag,u/s of Aminbazar Bridge,2018-03-19,2018,3,dry,23.78946,90.33922,11.5,,,236.0,0.27,200000.0,964.0,3.985714285714286,,35.0,435.0,290.0,40.5,29.3,7.33
REACH-Dhaka_2017-2021,river,Turag,u/s of Aminbazar Bridge,2018-04-21,2018,4,dry,23.78946,90.33922,4.0,,,380.0,0.31,330000.0,1043.0,14.3,,72.0,472.0,155.0,38.7,29.0,7.35
REACH-Dhaka_2017-2021,river,Turag,u/s of Aminbazar Bridge,2018-05-12,2018,5,wet,23.78946,90.33922,0.8,,0.151,300.0,2.65,46000.0,327.0,4.873,,34.0,144.0,90.0,22.9,29.0,6.53
REACH-Dhaka_2017-2021,river,Turag,u/s of Aminbazar Bridge,2018-06-23,2018,6,wet,23.78946,90.33922,0.11,,,420.0,3.8,10000.0,139.2,7.974,,61.0,59.1,45.0,95.3,29.9,6.9
REACH-Dhaka_2017-2021,river,Turag,u/s of Aminbazar Bridge,2018-07-14,2018,7,wet,23.78946,90.33922,0.06,,,350.0,4.18,31000.0,191.6,15.062,,61.0,80.2,,88.0,30.6,7.21
REACH-Dhaka_2017-2021,river,Turag,u/s of Aminbazar Bridge,2018-08-11,2018,8,wet,23.78946,90.33922,0.19,,,,4.89,43000.0,158.2,1.772,,91.0,66.9,20.0,152.0,30.5,7.1
REACH-Dhaka_2017-2021,river,Turag,u/s of Aminbazar Bridge,2018-09-15,2018,9,wet,23.78946,90.33922,0.34,,,113.0,5.18,42000.0,185.5,5.759,,44.0,79.1,45.0,102.0,30.4,7.45
REACH-Dhaka_2017-2021,river,Turag,u/s of Aminbazar Bridge,2018-10-13,2018,10,wet,23.78946,90.33922,0.13,,,203.49499999999995,3.89,1000.0,378.0,2.3,,6.0,160.6,20.0,22.3,27.3,6.97
REACH-Dhaka_2017-2021,river,Turag,u/s of Aminbazar Bridge,2018-11-18,2018,11,dry,23.78946,90.33922,2.36,,,360.0,0.18,,697.0,2.3,,24.0,295.0,30.0,51.4,26.3,7.38
REACH-Dhaka_2017-2021,river,Turag,u/s of Aminbazar Bridge,2018-12-11,2018,12,dry,23.78946,90.33922,4.9,,,356.0,0.04,,823.0,5.8,,72.0,366.0,205.0,39.9,23.2,7.21
REACH-Dhaka_2017-2021,river,Turag,u/s of Aminbazar Bridge,2019-01-13,2019,1,dry,23.78946,90.33922,7.8,,,91.9799999999998,0.05,,776.0,1.2,,134.0,374.0,240.0,54.6,20.2,6.8
REACH-Dhaka_2017-2021,river,Turag,u/s of Aminbazar Bridge,2019-02-11,2019,2,dry,23.78946,90.33922,8.1,,,760.0,0.07,,1157.0,9.5,,357.0,570.0,270.0,99.7,21.9,6.94
REACH-Dhaka_2017-2021,river,Turag,u/s of Aminbazar Bridge,2019-07-08,2019,7,wet,23.78946,90.33922,0.31,,,190.0,2.84,0.0,174.0,4.7,,176.0,75.7,35.0,54.8,29.3,7.33
REACH-Dhaka_2017-2021,river,Turag,u/s of Aminbazar Bridge,2019-10-13,2019,10,wet,23.78946,90.33922,0.34,,,150.0,5.3,100.0,192.6,2.8,,63.0,84.2,50.0,33.2,29.2,7.46
REACH-Dhaka_2017-2021,river,Turag,u/s of Aminbazar Bridge,2020-02-15,2020,2,dry,23.78946,90.33922,9.55,,,250.0,0.11,5000.0,1069.0,7.7,,71.0,567.0,270.0,42.1,21.8,7.43
REACH-Dhaka_2017-2021,river,Turag,u/s of Aminbazar Bridge,2020-08-22,2020,8,wet,23.78946,90.33922,0.36,,,90.0,5.38,1000.0,128.0,6.7,,14.0,69.9,10.0,31.1,28.8,7.25
REACH-Dhaka_2017-2021,river,Turag,u/s of Aminbazar Bridge,2020-10-12,2020,10,wet,23.78946,90.33922,0.65,,,240.0,3.82,2800.0,190.4,3.0,,34.0,80.4,35.0,25.6,31.0,7.11
REACH-Dhaka_2017-2021,river,Turag,u/s of Aminbazar Bridge,2020-12-13,2020,12,dry,23.78946,90.33922,5.75,,,49.75299999999999,2.47,170000.0,920.0,7.4,,56.0,318.0,160.0,32.2,22.5,7.24
REACH-Dhaka_2017-2021,river,Turag,u/s of Aminbazar Bridge,2021-02-15,2021,2,dry,23.78946,90.33922,12.4,,,271.319,0.97,130000.0,1012.0,3.544,,126.0,522.0,285.0,44.9,22.9,7.59
REACH-Dhaka_2017-2021,river,Turag,u/s of Aminbazar Bridge,2021-05-22,2021,5,wet,23.78946,90.33922,2.2,,,72.5,0.14,,490.0,3.2,,21.0,205.9,165.0,10.01,32.2,7.3
REACH-Dhaka_2017-2021,river,Turag,u/s of Aminbazar Bridge,2021-07-16,2021,7,wet,23.78946,90.33922,0.725,,,124.731,4.06,6000.0,199.1,5.8,,122.0,84.5,50.0,65.7,30.8,7.0
REACH-Dhaka_2017-2021,river,Turag,u/s of Konabari,2017-01-25,2017,1,dry,24.01945,90.34443,3.21,,86.0,,0.27,6000.0,848.0,2.8,,23.0,439.0,140.0,21.0,21.9,6.63
REACH-Dhaka_2017-2021,river,Turag,u/s of Konabari,2017-03-20,2017,3,dry,24.01945,90.34443,3.78,,147.0,,0.27,,1055.0,5.6,,51.0,520.0,185.0,37.4,24.7,7.28
REACH-Dhaka_2017-2021,river,Turag,u/s of Konabari,2017-05-02,2017,5,wet,24.01945,90.34443,0.29,,17.0,,0.36,50.0,402.0,4.9,,22.0,167.5,55.0,21.1,29.7,6.9
REACH-Dhaka_2017-2021,river,Turag,u/s of Konabari,2017-06-17,2017,6,wet,24.01945,90.34443,1.75,,8.0,90.0,5.61,35000.0,132.6,7.6,,104.0,57.0,85.0,109.0,31.1,7.8
REACH-Dhaka_2017-2021,river,Turag,u/s of Konabari,2017-07-14,2017,7,wet,24.01945,90.34443,0.34,,260.0,110.0,5.9,,117.4,0.2,,237.0,51.7,30.0,195.0,28.7,8.36
REACH-Dhaka_2017-2021,river,Turag,u/s of Konabari,2017-08-11,2017,8,wet,24.01945,90.34443,0.53,,130.0,120.0,6.67,13200.0,119.1,4.0,,29.0,50.9,35.0,104.0,29.8,8.17
REACH-Dhaka_2017-2021,river,Turag,u/s of Konabari,2017-09-17,2017,9,wet,24.01945,90.34443,3.59,,220.0,80.0,5.2,3000.0,178.7,0.9,,80.0,74.8,150.0,57.3,31.6,8.41
REACH-Dhaka_2017-2021,river,Turag,u/s of Konabari,2017-10-16,2017,10,wet,24.01945,90.34443,0.15,,200.0,60.0,5.28,16000.0,148.5,0.5,,19.0,61.8,210.0,65.7,32.3,6.89
REACH-Dhaka_2017-2021,river,Turag,u/s of Konabari,2017-11-12,2017,11,dry,24.01945,90.34443,0.23,,,220.0,4.45,12000.0,214.6,1.1,,42.0,96.5,55.0,54.5,27.2,7.45
REACH-Dhaka_2017-2021,river,Turag,u/s of Konabari,2017-12-18,2017,12,dry,24.01945,90.34443,0.35,,68.0,200.0,2.36,60000.0,277.0,53.1,,18.0,184.1,120.0,38.0,23.1,7.54
REACH-Dhaka_2017-2021,river,Turag,u/s of Konabari,2018-01-23,2018,1,dry,24.01945,90.34443,1.94,,,103.896,0.27,80000.0,748.0,2.2,,11.0,397.0,28.0,20.0,21.1,7.21
REACH-Dhaka_2017-2021,river,Turag,u/s of Konabari,2018-02-24,2018,2,dry,24.01945,90.34443,2.78,,,49.0,0.11,,775.0,30.0,,14.0,370.0,125.0,30.8,25.2,7.01
REACH-Dhaka_2017-2021,river,Turag,u/s of Konabari,2018-03-19,2018,3,dry,24.01945,90.34443,2.9,,,174.0,0.24,150000.0,1170.0,6.2,,23.0,539.0,305.0,35.2,27.9,7.25
REACH-Dhaka_2017-2021,river,Turag,u/s of Konabari,2018-04-21,2018,4,dry,24.01945,90.34443,0.4,,,300.0,0.23,630000.0,791.0,10.4,,122.0,363.0,120.0,85.1,27.8,6.63
REACH-Dhaka_2017-2021,river,Turag,u/s of Konabari,2018-05-12,2018,5,wet,24.01945,90.34443,1.0,,0.136,290.0,3.86,5000.0,267.0,4.873,,23.0,118.1,30.0,21.8,27.5,6.62
REACH-Dhaka_2017-2021,river,Turag,u/s of Konabari,2018-06-23,2018,6,wet,24.01945,90.34443,0.5,,,420.0,6.66,15000.0,116.2,55.375,,127.0,50.1,,126.0,29.4,6.38
REACH-Dhaka_2017-2021,river,Turag,u/s of Konabari,2018-07-14,2018,7,wet,24.01945,90.34443,0.18,,,300.0,6.38,9000.0,131.2,5.316,,31.0,55.8,,221.0,29.6,6.68
REACH-Dhaka_2017-2021,river,Turag,u/s of Konabari,2018-08-11,2018,8,wet,24.01945,90.34443,0.06,,,,6.5,8000.0,137.0,6.201999999999999,,131.0,58.1,10.0,307.0,30.5,6.56
REACH-Dhaka_2017-2021,river,Turag,u/s of Konabari,2018-09-15,2018,9,wet,24.01945,90.34443,0.11,,,3.0,6.44,4000.0,157.7,4.43,,78.0,68.5,45.0,288.0,29.1,6.68
REACH-Dhaka_2017-2021,river,Turag,u/s of Konabari,2018-10-13,2018,10,wet,24.01945,90.34443,0.31,,,173.462,5.13,0.0,191.7,0.6,,102.0,85.7,123.0,46.7,27.3,6.55
REACH-Dhaka_2017-2021,river,Turag,u/s of Konabari,2018-11-18,2018,11,dry,24.01945,90.34443,1.08,,,,0.4,,578.0,3.6,,18.0,247.0,135.0,20.7,26.0,6.42
REACH-Dhaka_2017-2021,river,Turag,u/s of Konabari,2018-12-11,2018,12,dry,24.01945,90.34443,2.1,,,720.0,0.14,,757.0,1.3,,37.0,349.0,190.0,22.0,23.2,6.82
REACH-Dhaka_2017-2021,river,Turag,u/s of Konabari,2019-01-13,2019,1,dry,24.01945,90.34443,1.3,,,492.42,0.15,,598.0,1.0,,51.0,280.0,220.0,25.4,20.3,6.61
REACH-Dhaka_2017-2021,river,Turag,u/s of Konabari,2019-07-08,2019,7,wet,24.01945,90.34443,0.18,,,220.0,6.59,1000.0,148.4,1.4,,576.0,64.4,30.0,176.0,29.4,7.74
REACH-Dhaka_2017-2021,river,Turag,u/s of Konabari,2019-10-13,2019,10,wet,24.01945,90.34443,0.09,,,220.0,6.99,0.0,120.8,3.7,,149.0,69.7,25.0,79.0,29.0,7.63
REACH-Dhaka_2017-2021,river,Turag,u/s of Konabari,2020-02-15,2020,2,dry,24.01945,90.34443,4.6000000000000005,,,290.0,0.7,2000.0,1208.0,7.7,,50.0,632.0,320.0,26.7,22.5,7.64
REACH-Dhaka_2017-2021,river,Turag,u/s of Konabari,2020-08-22,2020,8,wet,24.01945,90.34443,0.06,,,90.0,5.83,1000.0,140.1,4.9,,103.0,61.5,25.0,55.1,28.9,7.12
REACH-Dhaka_2017-2021,river,Turag,u/s of Konabari,2020-10-12,2020,10,wet,24.01945,90.34443,0.42,,,210.0,5.48,0.0,153.8,6.0,,62.0,64.9,55.0,48.8,31.1,7.1
REACH-Dhaka_2017-2021,river,Turag,u/s of Konabari,2020-12-13,2020,12,dry,24.01945,90.34443,1.5,,,59.76399999999998,1.15,70000.0,444.0,37.4,,22.0,252.0,140.0,13.84,22.6,7.3
REACH-Dhaka_2017-2021,river,Turag,u/s of Konabari,2021-02-15,2021,2,dry,24.01945,90.34443,4.4,,,181.22,0.52,110000.0,952.0,9.303,,61.0,487.0,240.0,37.8,23.2,7.67
REACH-Dhaka_2017-2021,river,Turag,u/s of Konabari,2021-05-22,2021,5,wet,24.01945,90.34443,0.6,,,62.5,1.19,,303.0,3.0,,20.0,127.4,130.0,17.38,31.7,7.1
REACH-Dhaka_2017-2021,river,Turag,u/s of Konabari,2021-07-16,2021,7,wet,24.01945,90.34443,0.175,,,174.786,6.87,32000.0,160.4,3.9,,362.0,68.4,35.0,214.0,30.4,7.32
