year,month,water_type,river,station,BOD,COD,Chloride,DO,EC,SS,Salinity,TDS,TotalAlkalinity,Turbidity,pH,pts_meas,lb,ub,pred,proj,ood_dist,ood,season,in_prior_domain,prior_extra_points,prior_class
2021,1,river,Balu,Jolshiri Abason,30.0,92.0,71.0,0.0,659.0,8.0,,382.0,236.0,32.4,7.09,4,2,2,1,2,8.565521029108053,True,dry,True,3.0,2.0
2021,1,river,Balu,Trimohoni Bridge,32.0,134.0,58.0,0.0,714.0,2.0,,411.0,252.0,14.7,7.48,4,2,2,1,2,9.290414519481088,True,dry,True,3.0,2.0
2021,1,river,Brahmaputra,JamalpurRail Bridge,9.0,,10.0,8.8,,5.0,,141.0,,,7.12,2,1,2,1,1,0.6913523734568519,False,dry,False,,
2021,1,river,Brahmaputra,"Rail Bridge, Shamvoganj",7.0,,11.0,8.0,,19.0,,155.8,,,7.66,2,1,2,1,1,0.7949961382317238,False,dry,False,,
2021,1,river,Buriganga,B.C.F.B,5.8,63.0,49.0,0.2,663.0,40.0,,353.0,211.0,137.0,7.54,3,1,2,1,1,3.410004068048217,True,dry,True,3.0,2.0
2021,1,river,Buriganga,Bosila Bridge,6.0,62.0,52.5,0.1,666.0,50.0,,356.0,205.0,219.0,7.45,3,1,2,1,1,3.44473335251807,True,dry,True,3.0,2.0
2021,1,river,Buriganga,Chandni Ghat,5.8,53.0,50.2,0.1,666.0,41.0,,354.0,208.0,148.0,7.48,3,1,2,1,1,3.448431305524373,True,dry,True,3.0,2.0
2021,1,river,Buriganga,Fatullah,6.0,50.0,46.0,0.1,647.0,53.0,,,210.0,,7.47,3,1,2,1,1,3.45366093434736,True,dry,True,3.0,2.0
2021,1,river,Buriganga,Hazaribagh,6.0,64.0,47.0,0.1,673.0,45.0,,356.0,201.0,181.0,7.48,3,1,2,1,1,3.460664229189015,True,dry,True,3.0,2.0
2021,1,river,Buriganga,Mirpur Bridge,6.0,68.0,42.0,0.2,678.0,88.0,,358.0,215.0,428.0,7.94,3,1,2,1,1,3.329031349504944,True,dry,True,3.0,2.0
2021,1,river,Buriganga,Mohammadpur,5.8,43.0,42.5,0.7,671.0,58.0,,356.0,214.0,280.0,7.48,3,1,2,1,1,2.9998276743762253,True,dry,True,3.0,2.0
2021,1,river,Buriganga,Pagla,5.8,36.0,47.5,0.1,651.0,55.0,,346.0,212.0,219.0,7.46,3,1,2,1,1,3.4369573101849413,True,dry,True,3.0,2.0
2021,1,river,Buriganga,Sadarghat,6.0,63.0,51.0,0.1,665.0,37.0,,354.0,210.0,138.0,7.44,3,1,2,1,1,3.4399082459422465,True,dry,True,3.0,2.0
2021,1,river,Buriganga,Satmosjid Road,5.8,72.0,52.0,0.1,669.0,48.0,,356.0,214.0,189.0,7.47,3,1,2,1,1,3.4432789314854566,True,dry,True,3.0,2.0
2021,1,river,Dhaleshwari,Alipur,12.0,44.0,69.5,2.8,675.0,4.0,,401.0,199.0,,7.86,4,2,2,1,2,1.490238406708453,False,dry,True,2.0,2.0
2021,1,river,Dhaleshwari,Hazratpur,8.0,27.0,29.5,11.2,477.0,12.0,,279.0,281.0,,8.0,2,1,2,1,1,0.5910424170991688,False,dry,True,1.0,1.0
2021,1,river,Dhaleshwari,Mukterpur,34.0,90.0,43.0,0.6,464.0,34.0,,276.0,158.0,,6.91,4,2,2,1,2,10.25475930271031,True,dry,True,3.0,2.0
2021,1,river,Dhaleshwari,Ruhitpur,12.0,29.0,32.0,4.0,482.0,5.0,,284.0,256.0,,7.79,3,1,2,1,1,0.8771697590763606,False,dry,True,2.0,2.0
2021,1,river,Dhaleshwari,Sirajnagor,8.4,34.0,30.5,0.5,477.0,8.0,,279.0,239.0,,7.86,4,2,2,1,2,3.2254547382156677,True,dry,True,3.0,2.0
2021,1,river,Halda,Garduara Sluice gate,10.0,45.0,,7.82,,136.0,,74.7,,,9.03,3,1,2,1,1,2.0460304653504466,False,dry,False,,
2021,1,river,Halda,Halda Bridge,9.0,36.0,,7.75,,139.0,,75.1,,,8.98,3,1,2,1,1,1.8353592549387607,False,dry,False,,
2021,1,river,Halda,Maduna Ghat,12.0,60.0,,8.0,,169.0,,,,,8.95,3,1,2,1,1,2.0345580740999907,False,dry,False,,
2021,1,river,Jamuna,Horipur Kheya Ghat (DN),2.3,,10.0,7.68,,38.0,,122.0,,,7.68,0,0,2,0,0,0.35030784977963053,False,dry,False,,
2021,1,river,Jamuna,Horipur Kheya Ghat (UP),2.3,,10.0,7.68,,38.0,,122.0,,,7.68,0,0,2,0,0,0.35030784977963053,False,dry,False,,
2021,1,river,Jamuna,Jamuna Eco Park (DN),2.3,,13.0,7.78,,38.0,,113.0,,,7.68,0,0,2,0,0,0.31246406215881833,False,dry,False,,
2021,1,river,Jamuna,Jamuna Eco Park (UP),2.3,,13.0,7.78,,38.0,,113.0,,,7.68,0,0,2,0,0,0.31246406215881833,False,dry,False,,
2021,1,river,Jamuna,Kakua,2.0,,11.0,4.7,,13.0,,149.0,,,7.27,1,0,2,0,0,0.49084636624311023,False,dry,False,,
2021,1,river,Jamuna,Mohonganj (DN),2.2,,11.0,7.82,,40.0,,118.0,,,7.71,0,0,2,0,0,0.276145133446083,False,dry,False,,
2021,1,river,Jamuna,Mohonganj (UP),2.2,,11.0,7.82,,40.0,,118.0,,,7.71,0,0,2,0,0,0.276145133446083,False,dry,False,,
2021,1,river,Jamuna,Sarkarkhana,2.0,,12.0,8.0,,8.0,,209.0,,,7.36,0,0,2,0,0,0.4389622064975879,False,dry,False,,
2021,1,river,Kaligonga,Bheutha Ghat,5.0,,16.0,9.2,,3.0,,246.0,,,7.47,1,0,2,0,0,0.4216745947452544,False,dry,True,2.0,1.0
2021,1,river,Karnaphuli,CUFL,150.0,520.0,,6.56,,73.0,,8040.0,,,7.0,2,1,2,1,1,64.57324475000881,True,dry,False,,
2021,1,river,Karnaphuli,Kalurghat Bridge,4.0,12.0,,7.04,,55.0,,72.4,,,8.19,1,0,2,0,0,0.48041676215983947,False,dry,False,,
2021,1,river,Karnaphuli,Karnafully Paper,10.0,51.0,,7.48,,12.0,,68.5,,,7.23,2,1,2,1,1,0.633121059120285,False,dry,False,,
2021,1,river,Karnaphuli,Mariam Nagar,4.0,10.0,,6.47,,49.0,,79.2,,,8.2,1,0,2,0,0,0.6967588624661775,False,dry,False,,
2021,1,river,Karnaphuli,Shikalbaha,15.0,,,6.43,,21.0,,2080.0,,,7.89,2,1,2,1,1,1.095456511428693,False,dry,False,,
2021,1,river,Karnaphuli,TSP,167.0,560.0,,8.1,,130.0,,11370.0,,,6.59,2,1,2,1,1,72.64005375382033,True,dry,False,,
2021,1,river,Korotoa,Aziz Ahmed Taki Road (Down),6.0,,,3.84,340.0,63.0,,170.0,,,6.92,3,1,2,1,1,0.9629576266452152,False,dry,False,,
2021,1,river,Korotoa,Aziz Ahmed Taki Road (UP),6.0,,,3.84,340.0,63.0,,170.0,,,6.92,3,1,2,1,1,0.9629576266452152,False,dry,False,,
2021,1,river,Korotoa,Dottobari Bridge (Down),6.1,,,3.88,334.0,62.0,,167.0,,,7.02,4,2,2,1,2,0.9749410226542268,False,dry,False,,
2021,1,river,Korotoa,Dottobari Bridge (UP),6.1,,,3.88,334.0,62.0,,167.0,,,7.02,4,2,2,1,2,0.9749410226542268,False,dry,False,,
2021,1,river,Korotoa,Sultanganj- Gabtoli (DN),5.8,,,3.96,324.0,56.0,,162.0,,,7.04,3,1,2,1,1,0.8601720254393702,False,dry,False,,
2021,1,river,Korotoa,Sultanganj- Gabtoli (UP),5.8,,,3.96,324.0,56.0,,162.0,,,7.04,3,1,2,1,1,0.8601720254393702,False,dry,False,,
2021,1,river,Kushiara,Fenchuganj Bridge Point,2.7,15.0,,7.2,112.6,,,55.4,,,,0,0,2,0,0,0.472795636906819,False,dry,False,,
2021,1,river,Meghna,Bairob Ferry Ghat,3.0,,7.0,7.4,,13.0,,50.0,,,7.4,0,0,2,0,0,0.5309656975956782,False,dry,False,,
2021,1,river,Meghna,Meghna Ghat,3.0,,16.0,5.0,,38.0,,70.4,,,7.9,1,0,2,0,0,0.6057470169039914,False,dry,False,,
2021,1,river,Meghna,Narshingdi Launch Ghat,23.0,,25.0,1.5,,16.0,,177.0,,,7.82,4,2,2,1,2,5.060266084392578,True,dry,False,,
2021,1,river,Meghna,Shajalal Paper,20.0,,14.5,5.9,,25.0,,64.5,,,7.53,3,1,2,1,1,3.174095363358022,True,dry,False,,
2021,1,river,Padma,Gordhor Bazar,2.0,,,6.8,179.0,14.0,,103.0,,,8.02,0,0,2,0,0,0.3472137588645373,False,dry,False,,
2021,1,river,Padma,Josldia,5.0,,,6.1,166.0,,,96.0,,,7.75,1,0,2,0,0,0.5911784242296964,False,dry,False,,
2021,1,river,Padma,Kandipara,4.0,,,6.3,175.0,12.0,,101.0,,,7.84,1,0,2,0,0,0.3000904275552818,False,dry,False,,
2021,1,river,Padma,Khoiria,4.0,,,6.9,179.0,12.0,,103.0,,,7.94,1,0,2,0,0,0.466861498484152,False,dry,False,,
2021,1,river,Padma,Mawa ferry Ghat,4.0,,,6.4,257.0,20.0,,148.0,,,8.17,1,0,2,0,0,0.7114853756558948,False,dry,False,,
2021,1,river,Padma,Shimolia,1.0,,,6.2,178.0,17.0,,102.0,,,7.99,0,0,2,0,0,0.618849949201313,False,dry,False,,
2021,1,river,Padma,Sitardor,4.0,,,6.2,175.0,14.0,,101.0,,,7.8,1,0,2,0,0,0.3251791065244737,False,dry,False,,
2021,1,river,Shitalakhya,Gorashal,12.0,54.0,10.5,5.8,251.0,7.0,,158.0,61.0,,7.48,3,1,2,1,1,1.3207469753694623,False,dry,True,1.0,2.0
2021,1,river,Shitalakhya,Majira Demra Ghat,4.5,20.0,39.0,0.4,429.0,26.0,,247.0,112.0,,7.06,3,1,2,1,1,3.1565105836624263,True,dry,True,3.0,2.0
2021,1,river,Shitalakhya,Murapara (Rupgonj),4.6,32.0,37.0,0.0,407.0,59.0,,235.0,164.0,,7.26,3,1,2,1,1,3.441732505747051,True,dry,True,3.0,2.0
2021,1,river,Surma,Chhatak,3.8,16.0,,6.81,132.0,,,65.0,,,7.2,1,0,2,0,0,0.6775405252381624,False,dry,False,,
2021,1,river,Surma,Kin Bridge Point,1.7,12.0,,7.0,122.6,,,47.0,,,6.61,0,0,2,0,0,0.516930694600274,False,dry,False,,
2021,1,river,Surma,Mendibag Point,1.9,14.0,,6.9,120.1,,,44.0,,,6.56,0,0,2,0,0,0.48784168861604826,False,dry,False,,
2021,1,river,Surma,Sheaik Ghat,2.1,13.0,,7.1,127.3,,,49.0,,,6.7,0,0,2,0,0,0.5763379777773964,False,dry,False,,
2021,1,river,Teesta,Nohali Sapmari (Dn),2.3,,10.0,8.07,,40.0,,128.0,,,8.12,0,0,2,0,0,0.22210614217985272,False,dry,False,,
2021,1,river,Teesta,Nohali Sapmari (Up),2.3,,10.0,8.07,,40.0,,128.0,,,8.12,0,0,2,0,0,0.22210614217985272,False,dry,False,,
2021,1,river,Teesta,Teesta Barrage (Dn),2.3,,10.0,8.14,,36.0,,124.0,,,8.16,0,0,2,0,0,0.23124673524951045,False,dry,False,,
2021,1,river,Teesta,Teesta Barrage (Up),2.3,,10.0,8.14,,36.0,,124.0,,,8.16,0,0,2,0,0,0.23124673524951045,False,dry,False,,
2021,1,river,Teesta,Teesta Bridge (Dn),2.2,,10.0,7.84,,40.0,,126.0,,,7.94,0,0,2,0,0,0.2223829250469846,False,dry,False,,
2021,1,river,Teesta,Teesta Bridge (Up),2.2,,10.0,7.84,,40.0,,126.0,,,7.94,0,0,2,0,0,0.2223829250469846,False,dry,False,,
2021,1,urban_lake,Dhanmondi Lake,8 No. Road Bridge,7.0,21.0,39.5,2.8,255.0,18.0,,150.0,126.0,65.2,7.3,4,2,2,1,2,1.67695972855389,False,dry,False,,
2021,1,urban_lake,Dhanmondi Lake,Near Dhanmondi- Road No 28,10.0,26.0,44.5,5.1,207.0,11.0,,122.0,179.0,47.6,7.37,3,1,2,1,1,1.2256926976216993,False,dry,False,,
2021,1,urban_lake,Dhanmondi Lake,Near Dhanmondi-32 Bridge,8.0,24.0,47.0,4.0,237.0,17.0,,134.0,102.0,46.2,7.28,3,1,2,1,1,1.5957520543567172,False,dry,False,,
2021,1,urban_lake,Dhanmondi Lake,Near Gigatola Pilkhana More,6.0,24.0,49.0,6.1,207.0,8.0,,122.0,120.0,39.0,7.41,1,0,2,0,0,0.6258296435743055,False,dry,False,,
2021,1,urban_lake,Gulshan Lake,Lake View Clinic,40.8,122.0,30.5,3.9,403.0,165.0,,249.0,249.0,461.0,7.43,4,2,2,1,2,12.836485740490671,True,dry,False,,
2021,1,urban_lake,Gulshan Lake,South Bridge,39.6,127.0,34.3,3.8,430.0,171.0,,272.0,238.0,522.0,7.65,4,2,2,1,2,12.250777312255313,True,dry,False,,
2021,1,urban_lake,Gulshan Lake,United Hospital,48.0,141.0,32.1,3.8,406.0,181.0,,252.0,252.0,462.0,7.54,4,2,2,1,2,16.221932569742112,True,dry,False,,
2021,1,urban_lake,Hatir Jheel,FDC More Bridge,12.0,60.0,62.0,2.7,527.0,13.0,,314.0,252.0,68.8,7.46,4,2,2,1,2,1.9371459875352193,False,dry,False,,
2021,1,urban_lake,Hatir Jheel,Raampura Bridge,22.0,117.0,45.5,5.0,505.0,82.0,,301.0,189.0,214.0,7.45,3,1,2,1,1,4.129824500994436,True,dry,False,,
2021,2,river,Balu,Jolshiri Abason,10.0,68.0,60.0,0.8,901.0,103.0,,523.0,260.0,336.0,7.51,4,2,2,1,2,2.885131693925304,True,dry,True,3.0,2.0
2021,2,river,Balu,Trimohoni Bridge,28.0,120.0,73.0,0.0,699.0,84.0,,401.0,239.0,304.0,7.06,4,2,2,1,2,7.746957080176549,True,dry,True,3.0,2.0
2021,2,river,Brahmaputra,JamalpurRail Bridge,6.0,,10.0,8.7,,25.0,,147.8,,,7.28,1,0,2,0,0,0.5876004751358203,False,dry,False,,
2021,2,river,Buriganga,B.C.F.B,14.0,85.0,64.5,0.5,746.0,67.0,,414.0,181.0,164.0,7.34,4,2,2,1,2,3.359978114163561,True,dry,True,3.0,2.0
2021,2,river,Buriganga,Bosila Bridge,66.0,66.0,67.0,0.4,795.0,56.0,,443.0,199.0,178.0,7.37,4,2,2,1,2,24.918023066070248,True,dry,True,3.0,2.0
2021,2,river,Buriganga,Chandni Ghat,19.0,58.0,64.5,0.1,791.0,47.0,,433.0,181.0,142.0,7.32,4,2,2,1,2,4.349650753244924,True,dry,True,3.0,2.0
2021,2,river,Buriganga,Hazaribagh,17.0,71.0,63.5,0.3,793.0,54.0,,440.0,169.0,186.0,7.35,4,2,2,1,2,3.7607931000691184,True,dry,True,3.0,2.0
2021,2,river,Buriganga,Mirpur Bridge,22.0,68.0,65.0,0.7,814.0,85.0,,448.0,178.0,327.0,7.47,4,2,2,1,2,4.912770090467671,True,dry,True,3.0,2.0
2021,2,river,Buriganga,Pagla,17.0,71.0,63.5,0.1,695.0,60.0,,386.0,198.0,231.0,7.49,4,2,2,1,2,3.8482745619235796,True,dry,True,3.0,2.0
2021,2,river,Buriganga,Satmosjid Road,19.0,58.0,62.5,0.2,785.0,53.0,,436.0,186.0,147.0,7.37,4,2,2,1,2,4.262627681847821,True,dry,True,3.0,2.0
2021,2,river,Dhaleshwari,Hazratpur,10.0,36.0,33.0,6.5,509.0,11.0,,291.0,262.0,,7.69,2,1,2,1,1,0.5955790624022003,False,dry,True,1.0,1.0
2021,2,river,Dhaleshwari,Mukterpur,12.0,39.0,47.0,0.5,644.0,31.0,,350.0,113.0,,7.49,4,2,2,1,2,3.317121379419403,True,dry,True,3.0,2.0
2021,2,river,Dhaleshwari,Ruhitpur,10.0,32.0,33.5,9.0,490.0,8.0,,280.0,222.0,,7.77,2,1,2,1,1,0.6224747432546492,False,dry,True,1.0,1.0
2021,2,river,Dhaleshwari,Utorro Mitra,12.0,39.0,31.0,6.1,489.0,7.0,,279.0,243.0,,7.14,2,1,2,1,1,1.2119679719250482,False,dry,True,1.0,1.0
2021,2,river,Halda,Garduara Sluice gate,7.0,20.0,,7.4,,32.0,,67.4,,,8.02,2,1,2,1,1,0.6548130439356092,False,dry,False,,
2021,2,river,Halda,Halda Bridge,4.0,15.0,,7.68,,37.0,,69.9,,,7.55,1,0,2,0,0,0.2731211530686996,False,dry,False,,
2021,2,river,Halda,Maduna Ghat,6.0,20.0,,7.8,,29.0,,,,,7.54,1,0,2,0,0,0.6916250034105674,False,dry,False,,
2021,2,river,Jamuna,Horipur Kheya Ghat (DN),2.3,,10.0,7.66,,36.0,,121.0,,,7.63,0,0,2,0,0,0.3719660308772634,False,dry,False,,
2021,2,river,Jamuna,Horipur Kheya Ghat (UP),2.3,,10.0,7.66,,36.0,,121.0,,,7.63,0,0,2,0,0,0.3719660308772634,False,dry,False,,
2021,2,river,Jamuna,Jamuna Eco Park (DN),2.3,,12.0,7.76,,36.0,,115.0,,,7.66,0,0,2,0,0,0.33209837394227265,False,dry,False,,
2021,2,river,Jamuna,Jamuna Eco Park (UP),2.3,,12.0,7.76,,36.0,,115.0,,,7.66,0,0,2,0,0,0.33209837394227265,False,dry,False,,
2021,2,river,Jamuna,Mohonganj (DN),2.3,,11.0,7.8,,42.0,,119.0,,,7.69,0,0,2,0,0,0.3030925315532029,False,dry,False,,
2021,2,river,Jamuna,Mohonganj (UP),2.3,,11.0,7.8,,42.0,,119.0,,,7.69,0,0,2,0,0,0.3030925315532029,False,dry,False,,
2021,2,river,Kaligonga,Bheutha Ghat,8.0,,14.0,9.8,,5.0,,244.0,,,7.24,2,1,2,1,1,0.6232922590219047,False,dry,True,1.0,1.0
2021,2,river,Karnaphuli,CUFL,120.0,480.0,,6.36,,79.0,,8340.0,,,7.32,2,1,2,1,1,50.33316679770916,True,dry,False,,
2021,2,river,Karnaphuli,Karnafully Paper,11.0,49.0,,7.44,,5.0,,58.2,,,7.16,2,1,2,1,1,0.7902470153207298,False,dry,False,,
2021,2,river,Karnaphuli,Mariam Nagar,5.0,18.0,,6.56,,29.0,,121.0,,,7.35,1,0,2,0,0,0.41204936820069427,False,dry,False,,
2021,2,river,Karnaphuli,TSP,140.0,540.0,,8.42,,145.0,,1240.0,,,7.1,2,1,2,1,1,59.82299095782791,True,dry,False,,
2021,2,river,Korotoa,Aziz Ahmed Taki Road (Down),5.9,,,3.94,328.0,58.0,,164.0,,,7.06,3,1,2,1,1,0.8598136214143933,False,dry,False,,
2021,2,river,Korotoa,Aziz Ahmed Taki Road (UP),5.9,,,3.94,328.0,58.0,,164.0,,,7.06,3,1,2,1,1,0.8598136214143933,False,dry,False,,
2021,2,river,Korotoa,Dottobari Bridge (Down),6.2,,,3.78,344.0,64.0,,172.0,,,7.0,4,2,2,1,2,1.034462501230218,False,dry,False,,
2021,2,river,Korotoa,Dottobari Bridge (UP),6.2,,,3.78,344.0,64.0,,172.0,,,7.0,4,2,2,1,2,1.034462501230218,False,dry,False,,
2021,2,river,Korotoa,Sultanganj- Gabtoli (DN),6.1,,,3.76,348.0,65.0,,174.0,,,6.94,4,2,2,1,2,1.0139719715776858,False,dry,False,,
2021,2,river,Korotoa,Sultanganj- Gabtoli (UP),6.1,,,3.76,348.0,65.0,,174.0,,,6.94,4,2,2,1,2,1.0139719715776858,False,dry,False,,
2021,2,river,Kushiara,Fenchuganj Bridge Point,2.9,20.0,,7.3,114.6,,,56.4,,,,0,0,2,0,0,0.5224567553158763,False,dry,False,,
2021,2,river,Meghna,Annando Bazar,8.0,,9.0,9.8,,9.0,,60.2,,,6.98,2,1,2,1,1,0.7573165052222379,False,dry,False,,
2021,2,river,Meghna,Bairob Ferry Ghat,14.0,,8.5,7.2,,13.0,,56.2,,,7.71,2,1,2,1,1,0.992165299046125,False,dry,False,,
2021,2,river,Meghna,Bish Nondi Ghat,12.0,,8.0,5.1,,1.0,,68.3,,,7.36,3,1,2,1,1,1.512060285725969,False,dry,False,,
2021,2,river,Meghna,Meghna Ghat,16.0,,21.5,5.2,,4.0,,80.7,,,6.42,4,2,2,1,2,2.4902079778982436,True,dry,False,,
2021,2,river,Meghna,Narshingdi Launch Ghat,3.0,,34.5,2.1,,20.0,,237.0,,,8.65,3,1,2,0,1,2.3637927444979345,True,dry,False,,
2021,2,river,Shitalakhya,Gorashal,6.0,28.0,14.0,5.2,277.0,11.0,,164.0,63.0,,7.21,2,1,2,1,1,0.8135930113525564,False,dry,True,1.0,1.0
2021,2,river,Shitalakhya,Majira Demra Ghat,32.4,80.0,51.0,0.0,584.0,26.0,,338.0,196.0,,7.34,4,2,2,1,2,9.51191434325736,True,dry,True,3.0,2.0
2021,2,river,Shitalakhya,Murapara (Rupgonj),6.0,27.0,41.0,4.1,489.0,94.0,,274.0,166.0,,7.44,2,1,2,1,1,0.9058807272599995,False,dry,True,1.0,1.0
2021,2,river,Shitalakhya,Port Road,49.2,166.0,70.0,0.0,634.0,65.0,,354.0,262.0,,6.97,4,2,2,1,2,17.207271372521195,True,dry,True,3.0,2.0
2021,2,river,Surma,Chhatak,2.4,16.0,,4.97,117.2,,,51.6,,,6.51,1,0,2,0,0,0.5331479216309676,False,dry,False,,
2021,2,river,Surma,Mendibag Point,2.3,18.0,,6.8,122.3,,,48.0,,,6.57,0,0,2,0,0,0.5716791419777082,False,dry,False,,
2021,2,river,Surma,Sheaik Ghat,2.5,21.0,,6.9,126.2,,,53.0,,,6.62,0,0,2,0,0,0.6077260029889594,False,dry,False,,
2021,2,river,Teesta,Nohali Sapmari (Dn),2.3,,10.0,8.03,,44.0,,131.0,,,8.1,0,0,2,0,0,0.21929947447088488,False,dry,False,,
2021,2,river,Teesta,Nohali Sapmari (Up),2.3,,10.0,8.03,,44.0,,131.0,,,8.1,0,0,2,0,0,0.21929947447088488,False,dry,False,,
2021,2,river,Teesta,Teesta Barrage (Dn),2.3,,10.0,8.14,,37.0,,126.0,,,8.15,0,0,2,0,0,0.22462253953511468,False,dry,False,,
2021,2,river,Teesta,Teesta Barrage (Up),2.3,,10.0,8.14,,37.0,,126.0,,,8.15,0,0,2,0,0,0.22462253953511468,False,dry,False,,
2021,2,river,Teesta,Teesta Bridge (Dn),2.2,,10.0,7.86,,40.0,,127.0,,,7.93,0,0,2,0,0,0.20576444766580845,False,dry,False,,
2021,2,river,Teesta,Teesta Bridge (Up),2.2,,10.0,7.86,,40.0,,127.0,,,7.93,0,0,2,0,0,0.20576444766580845,False,dry,False,,
2021,2,river,Turag,Ashulia,6.2,28.0,62.0,0.0,916.0,86.0,,525.0,206.0,,7.5,4,2,2,1,2,3.579293385619339,True,dry,True,3.0,2.0
2021,2,river,Turag,Kaliakoir,6.2,23.0,50.0,4.9,327.0,1.0,,195.0,159.0,,7.05,3,1,2,1,1,0.760489847148239,False,dry,True,1.0,2.0
2021,2,river,Turag,Nama Bazar,16.0,78.0,83.0,0.0,726.0,65.0,,449.0,156.0,,7.19,4,2,2,1,2,3.955453428573939,True,dry,True,3.0,2.0
2021,2,river,Turag,Turag Bridge,6.4,24.0,62.0,0.0,867.0,57.0,,498.0,226.0,,7.41,4,2,2,1,2,3.5457801507282256,True,dry,True,3.0,2.0
2021,2,river,Turag,Vawal,36.0,120.0,110.0,0.0,124.1,81.0,,67.0,116.0,,7.0,4,2,2,1,2,11.291130549657131,True,dry,True,2.0,2.0
2021,2,urban_lake,Dhanmondi Lake,8 No. Road Bridge,10.0,30.0,39.5,6.2,243.0,18.0,,128.2,128.0,65.2,7.12,2,1,2,1,1,0.8087567440469996,False,dry,False,,
2021,2,urban_lake,Dhanmondi Lake,Near Dhanmondi- Road No 28,8.0,24.0,44.5,9.2,295.0,8.0,,160.1,182.0,47.6,7.31,2,1,2,1,1,0.7347528375411169,False,dry,False,,
2021,2,urban_lake,Dhanmondi Lake,Near Dhanmondi-32 Bridge,6.0,18.0,47.0,8.9,263.0,6.0,,141.5,146.0,46.2,7.14,1,0,2,0,0,0.5723657647002703,False,dry,False,,
2021,2,urban_lake,Dhanmondi Lake,Near Gigatola Pilkhana More,8.0,24.0,49.0,9.6,230.0,8.0,,124.6,133.0,39.0,7.55,2,1,2,1,1,0.5603871236678989,False,dry,False,,
2021,2,urban_lake,Gulshan Lake,Lake View Clinic,42.0,120.0,39.0,1.4,425.0,19.0,,249.0,232.0,86.3,7.26,4,2,2,1,2,13.621881057034104,True,dry,False,,
2021,2,urban_lake,Gulshan Lake,South Bridge,38.0,180.0,39.5,1.6,430.0,54.0,,246.0,239.0,131.0,7.23,4,2,2,1,2,11.754018482457516,True,dry,False,,
2021,2,urban_lake,Gulshan Lake,United Hospital,35.0,146.0,40.0,0.8,439.0,32.0,,252.0,256.0,112.0,7.33,4,2,2,1,2,10.497426757509416,True,dry,False,,
2021,2,urban_lake,Hatir Jheel,FDC More Bridge,20.0,51.0,63.0,6.0,530.0,13.0,,313.0,260.0,64.0,7.7,2,1,2,1,1,3.06118113137968,True,dry,False,,
2021,2,urban_lake,Hatir Jheel,Raampura Bridge,22.0,120.0,65.5,1.9,545.0,82.0,,313.0,220.0,214.0,7.38,4,2,2,1,2,4.541945267664011,True,dry,False,,
2021,3,river,Balu,Jolshiri Abason,10.0,90.0,63.0,0.0,1022.0,70.0,,562.0,269.0,290.0,7.15,4,2,2,1,2,3.6582317296625795,True,dry,True,3.0,2.0
2021,3,river,Balu,Trimohoni Bridge,54.0,153.0,90.0,0.0,1115.0,62.0,,618.0,256.0,234.0,7.15,4,2,2,1,2,19.368459228150464,True,dry,True,3.0,2.0
2021,3,river,Brahmaputra,JamalpurRail Bridge,5.0,,14.0,8.7,,5.0,,124.0,,,7.41,1,0,2,0,0,0.5731429526535424,False,dry,False,,
2021,3,river,Buriganga,B.C.F.B,30.0,78.0,74.0,0.0,837.0,75.0,,462.0,220.0,383.0,6.94,4,2,2,1,2,8.628065017729362,True,dry,True,3.0,2.0
2021,3,river,Buriganga,Bosila Bridge,32.0,120.0,74.0,0.0,955.0,157.0,,534.0,199.0,344.0,6.88,4,2,2,1,2,9.501038335316915,True,dry,True,3.0,2.0
2021,3,river,Buriganga,Chandni Ghat,30.0,98.0,70.0,0.0,949.0,254.0,,528.0,262.0,342.0,7.16,4,2,2,1,2,8.502823885950944,True,dry,True,3.0,2.0
2021,3,river,Buriganga,Hazaribagh,8.0,76.0,67.0,0.0,941.0,69.0,,517.0,213.0,232.0,7.21,4,2,2,1,2,3.7297612066031642,True,dry,True,3.0,2.0
2021,3,river,Buriganga,Mirpur Bridge,10.0,76.0,70.0,0.0,799.0,75.0,,438.0,186.0,267.0,6.75,4,2,2,1,2,4.139703311841208,True,dry,True,3.0,2.0
2021,3,river,Buriganga,Pagla,10.0,85.0,63.0,0.0,851.0,71.0,,471.0,209.0,253.0,7.14,4,2,2,1,2,3.6857200628322895,True,dry,True,3.0,2.0
2021,3,river,Buriganga,Satmosjid Road,23.0,52.0,68.0,0.0,907.0,79.0,,501.0,196.0,512.0,7.28,4,2,2,1,2,5.666345709636108,True,dry,True,3.0,2.0
2021,3,river,Dhaleshwari,Hazratpur,12.0,45.0,44.5,7.2,607.0,12.0,,332.0,249.0,,7.99,2,1,2,1,1,0.5848437233441137,False,dry,True,1.0,1.0
2021,3,river,Dhaleshwari,Mukterpur,8.0,38.0,38.0,5.0,531.0,30.0,,270.0,254.0,,6.12,4,2,2,1,2,1.8773403961721293,False,dry,True,1.0,2.0
2021,3,river,Dhaleshwari,Ruhitpur,10.0,42.0,41.5,16.1,499.0,25.0,,270.0,280.0,,8.07,2,1,2,1,1,2.440885662651449,True,dry,True,0.0,1.0
2021,3,river,Dhaleshwari,Utorro Mitra,10.0,39.0,23.6,6.3,534.0,4.0,,253.0,253.0,,6.96,2,1,2,1,1,1.0779741737358302,False,dry,True,1.0,1.0
2021,3,river,Halda,Garduara Sluice gate,5.0,23.0,,7.56,,42.0,,89.4,,,7.89,1,0,2,0,0,0.13913240439124516,False,dry,False,,
2021,3,river,Halda,Halda Bridge,4.0,19.0,,7.74,,49.0,,73.9,,,7.67,1,0,2,0,0,0.3542456640114982,False,dry,False,,
2021,3,river,Halda,Maduna Ghat,7.0,25.0,,7.78,,36.0,,,,,7.62,2,1,2,1,1,0.7720282172749682,False,dry,False,,
2021,3,river,Jamuna,Horipur Kheya Ghat (DN),2.2,,10.0,8.12,,39.0,,131.0,,,8.13,0,0,2,0,0,0.19130179807835554,False,dry,False,,
2021,3,river,Jamuna,Horipur Kheya Ghat (UP),2.2,,10.0,8.12,,39.0,,131.0,,,8.13,0,0,2,0,0,0.19130179807835554,False,dry,False,,
2021,3,river,Jamuna,Jamuna Eco Park (DN),2.2,,11.0,7.6,,40.0,,128.0,,,7.46,0,0,2,0,0,0.4962471796575841,False,dry,False,,
2021,3,river,Jamuna,Jamuna Eco Park (UP),2.2,,11.0,7.6,,40.0,,128.0,,,7.46,0,0,2,0,0,0.4962471796575841,False,dry,False,,
2021,3,river,Jamuna,Mohonganj (DN),2.2,,11.0,7.72,,34.0,,118.0,,,7.64,0,0,2,0,0,0.3489011707314349,False,dry,False,,
2021,3,river,Jamuna,Mohonganj (UP),2.2,,11.0,7.72,,34.0,,118.0,,,7.64,0,0,2,0,0,0.3489011707314349,False,dry,False,,
2021,3,river,Kaligonga,Bheutha Ghat,6.0,,15.0,6.9,,12.0,,244.0,,,7.28,1,0,2,0,0,0.743446653967559,False,dry,True,1.0,1.0
2021,3,river,Karnaphuli,CUFL,112.0,420.0,,6.43,,120.0,,9670.0,,,7.42,2,1,2,1,1,46.5386848859781,True,dry,False,,
2021,3,river,Karnaphuli,Kalurghat Bridge,6.0,18.0,,7.53,,34.0,,167.0,,,7.32,1,0,2,0,0,0.8237995782232145,False,dry,False,,
2021,3,river,Karnaphuli,Karnafully Paper,14.0,54.0,,7.45,,10.0,,69.0,,,7.26,2,1,2,1,1,1.021660689323763,False,dry,False,,
2021,3,river,Karnaphuli,Mariam Nagar,4.0,21.0,,6.63,,42.0,,148.0,,,7.43,1,0,2,0,0,0.4628571254113753,False,dry,False,,
2021,3,river,Karnaphuli,Shikalbaha,24.0,,,6.59,,42.0,,2360.0,,,7.67,2,1,2,1,1,4.903288078816816,True,dry,False,,
2021,3,river,Karnaphuli,TSP,123.0,460.0,,8.23,,154.0,,13450.0,,,7.21,2,1,2,1,1,51.75019210232291,True,dry,False,,
2021,3,river,Korotoa,Aziz Ahmed Taki Road (Down),6.2,,,3.8,380.0,60.0,,190.0,,,7.06,4,2,2,1,2,0.9571585501220393,False,dry,False,,
2021,3,river,Korotoa,Aziz Ahmed Taki Road (UP),6.2,,,3.8,380.0,60.0,,190.0,,,7.06,4,2,2,1,2,0.9571585501220393,False,dry,False,,
2021,3,river,Korotoa,Dottobari Bridge (Down),6.46,,,3.52,392.0,64.0,,196.0,,,6.98,4,2,2,1,2,1.2219945193919743,False,dry,False,,
2021,3,river,Korotoa,Dottobari Bridge (UP),6.46,,,3.52,392.0,64.0,,196.0,,,6.98,4,2,2,1,2,1.2219945193919743,False,dry,False,,
2021,3,river,Korotoa,Sultanganj- Gabtoli (DN),6.3,,,3.48,408.0,66.0,,270.0,,,6.94,4,2,2,1,2,1.206320997427814,False,dry,False,,
2021,3,river,Korotoa,Sultanganj- Gabtoli (UP),6.3,,,3.48,408.0,66.0,,270.0,,,6.94,4,2,2,1,2,1.206320997427814,False,dry,False,,
2021,3,river,Kushiara,Fenchuganj Bridge Point,2.9,20.0,,7.1,118.6,,,57.4,,,,0,0,2,0,0,0.5008241212008636,False,dry,False,,
2021,3,river,Meghna,Bairob Ferry Ghat,8.0,,9.0,7.0,,3.0,,64.0,,,7.1,2,1,2,1,1,1.125206117804261,False,dry,False,,
2021,3,river,Meghna,Meghna Ghat,6.0,,20.0,5.2,,29.0,,92.0,,,7.18,2,1,2,1,1,0.7980257183868587,False,dry,False,,
2021,3,river,Padma,Mawa ferry Ghat,4.0,,,9.2,193.0,31.0,,109.0,,,7.62,1,0,2,0,0,0.08017780603265602,False,dry,False,,
2021,3,river,Surma,Chhatak,2.7,16.0,,7.12,128.4,,,53.6,,,6.72,0,0,2,0,0,0.6543480132096605,False,dry,False,,
2021,3,river,Surma,Mendibag Point,2.8,15.0,,6.9,126.9,,,48.6,,,6.62,0,0,2,0,0,0.6763589158011296,False,dry,False,,
2021,3,river,Surma,Sheaik Ghat,2.9,19.0,,7.1,128.2,,,51.9,,,6.68,0,0,2,0,0,0.7210281085505422,False,dry,False,,
2021,3,river,Teesta,Nohali Sapmari (Dn),2.2,,10.0,7.7,,32.0,,118.0,,,7.66,0,0,2,0,0,0.3362230431511656,False,dry,False,,
2021,3,river,Teesta,Nohali Sapmari (Up),2.2,,10.0,7.7,,32.0,,118.0,,,7.66,0,0,2,0,0,0.3362230431511656,False,dry,False,,
2021,3,river,Teesta,Teesta Barrage (Dn),2.2,,10.0,7.68,,36.0,,114.0,,,7.67,0,0,2,0,0,0.3376894319268411,False,dry,False,,
2021,3,river,Teesta,Teesta Barrage (Up),2.2,,10.0,7.68,,36.0,,114.0,,,7.67,0,0,2,0,0,0.3376894319268411,False,dry,False,,
2021,3,river,Teesta,Teesta Bridge (Dn),2.2,,10.0,8.02,,44.0,,136.0,,,8.08,0,0,2,0,0,0.19825848158820766,False,dry,False,,
2021,3,river,Teesta,Teesta Bridge (Up),2.2,,10.0,8.02,,44.0,,136.0,,,8.08,0,0,2,0,0,0.19825848158820766,False,dry,False,,
2021,3,river,Turag,Ashulia,30.0,129.0,71.0,0.0,916.0,396.0,,525.0,286.0,,7.5,4,2,2,1,2,8.401418239943967,True,dry,True,3.0,2.0
2021,3,river,Turag,Kaliakoir,8.0,30.0,26.0,1.8,527.0,29.0,,301.0,162.0,,7.38,4,2,2,1,2,2.5269398313580007,True,dry,True,2.0,2.0
2021,3,river,Turag,Nama Bazar,12.0,49.0,112.0,0.0,1363.0,59.0,,721.0,233.0,,7.36,4,2,2,1,2,3.6636539929707332,True,dry,True,3.0,2.0
2021,3,river,Turag,Turag Bridge,30.0,124.0,82.0,0.0,876.0,86.0,,498.0,230.0,,7.41,4,2,2,1,2,8.422889090112179,True,dry,True,3.0,2.0
2021,3,river,Turag,Vawal,18.0,88.0,95.0,0.0,1372.0,64.0,,732.0,358.0,,7.34,4,2,2,1,2,4.124083272336564,True,dry,True,3.0,2.0
2021,3,urban_lake,Dhanmondi Lake,8 No. Road Bridge,8.0,27.0,56.0,5.2,266.0,23.0,,135.0,133.0,62.0,7.46,3,1,2,1,1,1.4389236614913883,False,dry,False,,
2021,3,urban_lake,Dhanmondi Lake,Near Dhanmondi- Road No 28,8.0,24.0,50.5,5.2,230.0,15.0,,125.0,133.0,44.0,7.55,3,1,2,1,1,1.2531448920262047,False,dry,False,,
2021,3,urban_lake,Dhanmondi Lake,Near Dhanmondi-32 Bridge,6.0,24.0,56.0,5.1,295.0,29.0,,160.0,182.0,75.0,7.31,2,1,2,1,1,0.8470616798516051,False,dry,False,,
2021,3,urban_lake,Dhanmondi Lake,Near Gigatola Pilkhana More,10.0,26.0,52.0,5.0,276.0,27.0,,142.0,180.0,56.0,7.41,3,1,2,1,1,1.2882695271460445,False,dry,False,,
2021,3,urban_lake,Gulshan Lake,Lake View Clinic,32.0,136.0,39.0,6.3,425.0,19.0,,249.0,232.0,87.0,7.26,2,1,2,1,1,8.616539326700304,True,dry,False,,
2021,3,urban_lake,Gulshan Lake,South Bridge,34.0,138.0,39.5,6.2,430.0,54.0,,246.0,239.0,131.0,7.23,2,1,2,1,1,9.560673511022594,True,dry,False,,
2021,3,urban_lake,Gulshan Lake,United Hospital,32.0,135.0,40.0,2.3,439.0,32.0,,252.0,256.0,112.0,7.33,4,2,2,1,2,8.871114672378793,True,dry,False,,
2021,3,urban_lake,Hatir Jheel,FDC More Bridge,28.0,110.0,40.0,4.5,530.0,3.0,,313.0,260.0,25.0,7.7,3,1,2,1,1,6.785974131736974,True,dry,False,,
2021,3,urban_lake,Hatir Jheel,Raampura Bridge,30.0,120.0,42.0,1.9,545.0,20.0,,313.0,220.0,88.0,7.38,4,2,2,1,2,7.993673860327414,True,dry,False,,
2021,4,river,Balu,Jolshiri Abason,6.0,13.0,74.0,2.4,845.0,3.0,,422.0,287.0,42.0,6.77,3,1,2,1,1,2.0219131218342676,False,dry,True,3.0,2.0
2021,4,river,Balu,Trimohoni Bridge,30.0,120.0,72.0,0.0,849.0,46.0,,420.0,272.0,142.0,6.82,4,2,2,1,2,8.706087023775485,True,dry,True,3.0,2.0
2021,4,river,Bhairab,"Fultala Ghat, Dhulgram",0.44,,1631.0,6.14,3262.0,,1.85,1631.0,,65.8,8.52,1,0,2,0,0,2.1826370298986957,True,dry,False,,
2021,4,river,Bhairab,Noapara Ferry Ghat,0.65,,983.0,5.88,3930.0,,1.95,1965.0,,67.4,7.39,1,0,2,0,0,1.4105759610964133,False,dry,False,,
2021,4,river,Bhairab,Noapara Jafarpur,0.74,,406.0,6.51,1624.0,,1.62,812.0,,76.4,7.35,0,0,2,0,0,0.9325695863649655,False,dry,False,,
2021,4,river,Buriganga,B.C.F.B,23.0,76.0,66.0,0.9,943.0,5.0,,493.0,255.0,36.0,7.45,4,2,2,1,2,5.194431343902564,True,dry,True,3.0,2.0
2021,4,river,Buriganga,Bosila Bridge,18.0,59.0,74.0,0.4,990.0,2.0,,518.0,199.0,31.0,7.36,4,2,2,1,2,3.8619869752879086,True,dry,True,3.0,2.0
2021,4,river,Buriganga,Chandni Ghat,15.0,66.0,68.0,0.4,948.0,4.0,,495.0,204.0,22.0,7.32,4,2,2,1,2,3.4319415424902635,True,dry,True,3.0,2.0
2021,4,river,Buriganga,Hazaribagh,33.0,90.0,76.0,0.6,966.0,7.0,,506.0,185.0,94.0,7.35,4,2,2,1,2,9.581023452411081,True,dry,True,3.0,2.0
2021,4,river,Buriganga,Mirpur Bridge,24.0,76.0,73.0,0.3,1149.0,2.0,,594.0,170.0,97.0,7.35,4,2,2,1,2,5.8557736191273495,True,dry,True,3.0,2.0
2021,4,river,Buriganga,Pagla,23.0,72.0,63.0,0.8,930.0,27.0,,485.0,215.0,98.0,7.49,4,2,2,1,2,5.22462085446192,True,dry,True,3.0,2.0
2021,4,river,Buriganga,Satmosjid Road,10.0,78.0,72.0,0.8,974.0,2.0,,511.0,232.0,33.0,7.32,4,2,2,1,2,2.952489378942377,True,dry,True,3.0,2.0
2021,4,river,Dhaleshwari,Mukterpur,14.0,59.0,43.0,3.4,396.0,10.0,,185.0,134.0,,7.5,4,2,2,1,2,1.7707483871877128,False,dry,True,1.0,2.0
2021,4,river,Ganges,Gorai off Take,0.43,,305.0,6.36,1218.0,58.0,,609.0,,52.6,7.84,0,0,2,0,0,0.8745575887286163,False,dry,False,,
2021,4,river,Halda,Garduara Sluice gate,5.0,20.0,,7.61,,48.0,,79.5,,,7.71,1,0,2,0,0,0.4435639037984614,False,dry,False,,
2021,4,river,Halda,Halda Bridge,4.0,19.0,,7.74,,49.0,,73.9,,,7.76,1,0,2,0,0,0.29371655462179,False,dry,False,,
2021,4,river,Halda,Maduna Ghat,6.0,21.0,,7.69,,28.0,,,,,7.72,1,0,2,0,0,0.6675927655358894,False,dry,False,,
2021,4,river,Jamuna,Horipur Kheya Ghat (DN),2.2,,10.0,8.1,,38.0,,132.0,,,8.11,0,0,2,0,0,0.20017206610981228,False,dry,False,,
2021,4,river,Jamuna,Horipur Kheya Ghat (UP),2.2,,10.0,8.1,,38.0,,132.0,,,8.11,0,0,2,0,0,0.20017206610981228,False,dry,False,,
2021,4,river,Jamuna,Jamuna Eco Park (DN),2.2,,11.0,7.62,,38.0,,128.0,,,7.8,0,0,2,0,0,0.3399047265198157,False,dry,False,,
2021,4,river,Jamuna,Jamuna Eco Park (UP),2.2,,11.0,7.62,,38.0,,128.0,,,7.8,0,0,2,0,0,0.3399047265198157,False,dry,False,,
2021,4,river,Jamuna,Mohonganj (DN),2.2,,11.0,7.7,,34.0,,118.0,,,7.62,0,0,2,0,0,0.3431420439088669,False,dry,False,,
2021,4,river,Jamuna,Mohonganj (UP),2.2,,11.0,7.7,,34.0,,118.0,,,7.62,0,0,2,0,0,0.3431420439088669,False,dry,False,,
2021,4,river,Karnaphuli,CUFL,112.0,420.0,,5.89,,66.0,,9480.0,,,7.42,3,1,2,1,1,46.54206669618838,True,dry,False,,
2021,4,river,Karnaphuli,Kalurghat Bridge,5.0,19.0,,7.8,,32.0,,179.0,,,7.69,1,0,2,0,0,0.5098657564808887,False,dry,False,,
2021,4,river,Karnaphuli,Karnafully Paper,12.0,42.0,,7.52,,23.0,,59.0,,,7.43,2,1,2,1,1,1.0887825560887427,False,dry,False,,
2021,4,river,Karnaphuli,Mariam Nagar,5.0,18.0,,6.72,,46.0,,156.0,,,7.54,1,0,2,0,0,0.5004646664512657,False,dry,False,,
2021,4,river,Karnaphuli,Shikalbaha,22.0,,,6.59,,63.0,,2453.0,,,7.73,2,1,2,1,1,3.9676884070677807,True,dry,False,,
2021,4,river,Karnaphuli,TSP,123.0,460.0,,7.98,,300.0,,5980.0,,,7.21,2,1,2,1,1,51.75135685101551,True,dry,False,,
2021,4,river,Korotoa,Aziz Ahmed Taki Road (Down),6.22,,,3.81,390.0,65.0,,195.0,,,7.08,4,2,2,1,2,0.9346538872050809,False,dry,False,,
2021,4,river,Korotoa,Aziz Ahmed Taki Road (UP),6.22,,,3.81,390.0,65.0,,195.0,,,7.08,4,2,2,1,2,0.9346538872050809,False,dry,False,,
2021,4,river,Korotoa,Dottobari Bridge (Down),6.44,,,3.51,396.0,72.0,,198.0,,,6.97,4,2,2,1,2,1.2219592424117758,False,dry,False,,
2021,4,river,Korotoa,Dottobari Bridge (UP),6.44,,,3.51,396.0,72.0,,198.0,,,6.97,4,2,2,1,2,1.2219592424117758,False,dry,False,,
2021,4,river,Korotoa,Sultanganj- Gabtoli (DN),6.32,,,3.49,404.0,64.0,,202.0,,,6.96,4,2,2,1,2,1.2035686097339287,False,dry,False,,
2021,4,river,Korotoa,Sultanganj- Gabtoli (UP),6.32,,,3.49,404.0,64.0,,202.0,,,6.96,4,2,2,1,2,1.2035686097339287,False,dry,False,,
2021,4,river,Kushiara,Fenchuganj Bridge Point,2.8,22.0,,7.13,118.3,,,58.3,,,,0,0,2,0,0,0.48059886907057736,False,dry,False,,
2021,4,river,Meghna,Bish Nondi Ghat,8.0,,21.0,0.7,,5.0,,83.0,,,6.99,4,2,2,1,2,3.2773970814279187,True,dry,False,,
2021,4,river,Meghna,Narshingdi Launch Ghat,6.0,,44.5,5.5,,8.0,,209.0,,,7.98,2,1,2,1,1,0.7029167047584132,False,dry,False,,
2021,4,river,Pashur,Banishanta,1.72,,2675.0,4.2,10700.0,,,5860.0,,78.3,7.87,1,0,2,0,0,7.1080500002561235,True,dry,False,,
2021,4,river,Pashur,Rampal Power Plant,1.78,,920.0,6.97,3680.0,,1.97,1938.0,,75.4,7.78,0,0,2,0,0,1.0839379113791865,False,dry,False,,
2021,4,river,Rupsa,"Gilatola, Nadan Pratap (M)",0.68,,928.0,6.4,3712.0,78.0,5.34,,,72.6,7.25,0,0,2,0,0,1.5992642679170583,False,dry,False,,
2021,4,river,Shitalakhya,Majira Demra Ghat,14.0,36.0,65.0,0.0,919.0,57.0,,445.0,227.0,,7.07,4,2,2,1,2,3.9210276451319377,True,dry,True,3.0,2.0
2021,4,river,Shitalakhya,Murapara (Rupgonj),6.4,18.0,52.0,4.2,610.0,5.0,,299.0,192.0,,7.38,3,1,2,1,1,0.9160710833775055,False,dry,True,1.0,2.0
2021,4,river,Surma,Chhatak,2.8,22.0,,7.09,128.6,,,52.9,,,6.69,0,0,2,0,0,0.6950701446380158,False,dry,False,,
2021,4,river,Surma,Mendibag Point,2.6,17.0,,6.8,128.9,,,49.7,,,6.61,0,0,2,0,0,0.6633754655748613,False,dry,False,,
2021,4,river,Surma,Sheaik Ghat,2.7,19.0,,7.2,129.2,,,51.8,,,6.67,0,0,2,0,0,0.635378058852572,False,dry,False,,
2021,4,river,Teesta,Nohali Sapmari (Dn),2.2,,10.0,7.72,,34.0,,118.0,,,7.64,0,0,2,0,0,0.3489011707314349,False,dry,False,,
2021,4,river,Teesta,Nohali Sapmari (Up),2.2,,10.0,7.72,,34.0,,118.0,,,7.64,0,0,2,0,0,0.3489011707314349,False,dry,False,,
2021,4,river,Teesta,Teesta Barrage (Dn),2.2,,10.0,7.66,,36.0,,116.0,,,7.65,0,0,2,0,0,0.36320621617952437,False,dry,False,,
2021,4,river,Teesta,Teesta Barrage (Up),2.2,,10.0,7.66,,36.0,,116.0,,,7.65,0,0,2,0,0,0.36320621617952437,False,dry,False,,
2021,4,river,Teesta,Teesta Bridge (Dn),2.2,,10.0,8.04,,46.0,,134.0,,,8.06,0,0,2,0,0,0.20544327511482205,False,dry,False,,
2021,4,river,Teesta,Teesta Bridge (Up),2.2,,10.0,8.04,,46.0,,134.0,,,8.06,0,0,2,0,0,0.20544327511482205,False,dry,False,,
2021,4,river,Turag,Ashulia,18.0,70.0,66.0,0.0,1296.0,78.0,,791.0,267.0,,7.6,4,2,2,1,2,4.016149288092678,True,dry,True,3.0,2.0
2021,4,river,Turag,Kaliakoir,30.0,59.0,72.0,1.6,895.0,38.0,,534.0,152.0,,7.51,4,2,2,1,2,7.977786891760513,True,dry,True,3.0,2.0
2021,4,river,Turag,Nama Bazar,30.0,126.0,71.0,1.0,1165.0,37.0,,705.0,220.0,,7.58,4,2,2,1,2,8.094828108238305,True,dry,True,3.0,2.0
2021,4,river,Turag,Turag Bridge,32.0,128.0,85.0,0.6,1106.0,128.0,,670.0,272.0,,7.98,4,2,2,1,2,9.11309449769206,True,dry,True,3.0,2.0
2021,4,river,Turag,Vawal,32.0,100.0,76.0,1.2,1338.0,46.0,,813.0,302.0,,7.55,4,2,2,1,2,8.95280392609906,True,dry,True,3.0,2.0
2021,4,urban_lake,Dhanmondi Lake,8 No. Road Bridge,8.0,41.0,52.0,5.21,250.0,4.0,,145.0,112.0,47.0,7.43,3,1,2,1,1,1.5105605972006422,False,dry,False,,
2021,4,urban_lake,Dhanmondi Lake,Near Dhanmondi- Road No 28,14.0,66.0,47.0,5.14,297.0,3.0,,172.0,144.0,48.0,7.45,3,1,2,1,1,1.6878795028287727,False,dry,False,,
2021,4,urban_lake,Dhanmondi Lake,Near Dhanmondi-32 Bridge,12.0,46.0,55.0,7.87,264.0,5.0,,156.0,135.0,52.0,7.5,2,1,2,1,1,1.015173081421852,False,dry,False,,
2021,4,urban_lake,Dhanmondi Lake,Near Gigatola Pilkhana More,10.0,42.0,56.0,7.94,235.0,7.0,,137.0,132.0,50.0,7.57,2,1,2,1,1,0.5684888693626757,False,dry,False,,
2021,4,urban_lake,Gulshan Lake,Lake View Clinic,34.0,146.0,42.0,8.64,402.0,190.0,,222.0,245.0,223.0,7.19,2,1,2,1,1,9.525318782286405,True,dry,False,,
2021,4,urban_lake,Gulshan Lake,South Bridge,32.0,139.0,31.0,12.0,390.0,200.0,,224.0,200.0,184.0,7.32,2,1,2,1,1,8.71179571740289,True,dry,False,,
2021,4,urban_lake,Gulshan Lake,United Hospital,30.0,103.0,40.0,0.94,390.0,39.0,,230.0,199.0,209.0,7.12,4,2,2,1,2,8.334845768440735,True,dry,False,,
2021,4,urban_lake,Hatir Jheel,FDC More Bridge,22.0,93.0,62.0,18.68,441.0,30.0,,260.0,240.0,339.0,8.42,2,1,2,1,1,6.094022818536778,True,dry,False,,
2021,4,urban_lake,Hatir Jheel,Raampura Bridge,22.0,98.0,57.0,16.3,430.0,30.0,,254.0,230.0,687.0,8.02,2,1,2,1,1,4.802906600130624,True,dry,False,,
2021,5,river,Balu,Jolshiri Abason,7.0,20.0,55.0,2.9,763.0,18.0,,399.0,225.0,39.0,6.93,4,2,2,1,2,1.7076032189598989,False,wet,True,2.0,2.0
2021,5,river,Balu,Trimohoni Bridge,26.0,70.0,72.0,0.2,689.0,15.0,,360.0,194.0,131.0,6.6,4,2,2,1,2,7.27037815175375,True,wet,True,3.0,2.0
2021,5,river,Buriganga,B.C.F.B,28.0,97.0,45.0,0.7,978.0,27.0,,541.0,189.0,68.0,7.47,4,2,2,1,2,7.325441050030532,True,wet,True,3.0,2.0
2021,5,river,Buriganga,Bosila Bridge,30.0,97.0,45.0,0.7,896.0,20.0,,496.0,157.0,60.0,7.39,4,2,2,1,2,8.220735092931974,True,wet,True,3.0,2.0
2021,5,river,Buriganga,Chandni Ghat,30.0,80.0,46.0,0.6,1000.0,25.0,,546.0,199.0,89.0,7.34,4,2,2,1,2,8.255285520068336,True,wet,True,3.0,2.0
2021,5,river,Buriganga,Hazaribagh,28.0,79.0,48.0,0.9,917.0,22.0,,500.0,177.0,50.0,7.18,4,2,2,1,2,7.374191002585409,True,wet,True,3.0,2.0
2021,5,river,Buriganga,Mirpur Bridge,28.0,90.0,46.0,0.6,730.0,19.0,,386.0,147.0,62.0,6.95,4,2,2,1,2,7.618777546832933,True,wet,True,3.0,2.0
2021,5,river,Buriganga,Pagla,28.0,80.0,44.0,0.8,993.0,35.0,,540.0,200.0,68.0,7.43,4,2,2,1,2,7.303930768089844,True,wet,True,3.0,2.0
2021,5,river,Buriganga,Satmosjid Road,32.0,80.0,49.0,0.8,970.0,18.0,,536.0,192.0,61.0,7.4,4,2,2,1,2,9.073875712886917,True,wet,True,3.0,2.0
2021,5,river,Halda,Garduara Sluice gate,6.0,25.0,,7.29,,89.0,,540.0,,,8.09,1,0,2,0,0,0.6411237331350406,False,wet,False,,
2021,5,river,Halda,Halda Bridge,4.0,20.0,,7.72,,176.0,,190.2,,,8.48,1,0,2,0,0,0.47010344708891444,False,wet,False,,
2021,5,river,Halda,Maduna Ghat,7.0,28.0,,7.43,,219.0,,,,,8.57,3,1,2,1,1,1.045240438124932,False,wet,False,,
2021,5,river,Jamuna,Horipur Kheya Ghat (DN),2.2,,10.0,7.66,,34.0,,118.0,,,7.82,0,0,2,0,0,0.32973509294752956,False,wet,False,,
2021,5,river,Jamuna,Horipur Kheya Ghat (UP),2.2,,10.0,7.66,,34.0,,118.0,,,7.82,0,0,2,0,0,0.32973509294752956,False,wet,False,,
2021,5,river,Jamuna,Jamuna Eco Park (DN),2.3,,11.0,7.66,,40.0,,126.0,,,7.52,0,0,2,0,0,0.4203409851668751,False,wet,False,,
2021,5,river,Jamuna,Jamuna Eco Park (UP),2.3,,11.0,7.66,,40.0,,126.0,,,7.52,0,0,2,0,0,0.4203409851668751,False,wet,False,,
2021,5,river,Jamuna,Kakua,8.0,,12.0,7.8,,42.0,,149.0,,,7.13,2,1,2,1,1,1.0310533253783083,False,wet,False,,
2021,5,river,Jamuna,Mohonganj (DN),2.2,,11.0,7.58,,36.0,,120.0,,,7.64,0,0,2,0,0,0.38671451680692775,False,wet,False,,
2021,5,river,Jamuna,Mohonganj (UP),2.2,,11.0,7.58,,36.0,,120.0,,,7.64,0,0,2,0,0,0.38671451680692775,False,wet,False,,
2021,5,river,Jamuna,Sarkarkhana,6.0,,13.0,4.0,,7.0,,253.0,,,7.32,2,1,2,1,1,0.7862350656843601,False,wet,False,,
2021,5,river,Kaligonga,Bheutha Ghat,1.0,,26.0,5.0,,6.0,,216.0,,,8.21,1,0,2,0,0,0.5386316733754775,False,wet,True,1.0,1.0
2021,5,river,Karnaphuli,CUFL,110.0,390.0,,6.23,,84.0,,7430.0,,,7.42,2,1,2,1,1,45.59039055188085,True,wet,False,,
2021,5,river,Karnaphuli,Kalurghat Bridge,6.0,22.0,,7.47,,48.0,,127.0,,,7.52,1,0,2,0,0,0.7446114461973912,False,wet,False,,
2021,5,river,Karnaphuli,Karnafully Paper,13.0,58.0,,7.49,,12.0,,67.5,,,7.32,2,1,2,1,1,1.0484623881063153,False,wet,False,,
2021,5,river,Karnaphuli,Mariam Nagar,7.0,19.0,,6.72,,39.0,,136.0,,,7.47,2,1,2,1,1,1.0667916168852116,False,wet,False,,
2021,5,river,Karnaphuli,Shikalbaha,24.0,,,6.78,,45.0,,1890.0,,,7.67,2,1,2,1,1,4.9185792688640495,True,wet,False,,
2021,5,river,Karnaphuli,TSP,123.0,460.0,,8.49,,156.0,,1140.0,,,7.34,2,1,2,1,1,51.74699674210989,True,wet,False,,
2021,5,river,Korotoa,Aziz Ahmed Taki Road (Down),5.42,,,3.72,360.0,62.0,,180.0,,,7.12,3,1,2,1,1,0.7783176892481004,False,wet,False,,
2021,5,river,Korotoa,Aziz Ahmed Taki Road (UP),5.42,,,3.72,360.0,62.0,,180.0,,,7.12,3,1,2,1,1,0.7783176892481004,False,wet,False,,
2021,5,river,Korotoa,Dottobari Bridge (Down),5.94,,,3.8,360.0,68.0,,180.0,,,7.02,3,1,2,1,1,0.9499539272014372,False,wet,False,,
2021,5,river,Korotoa,Dottobari Bridge (UP),5.94,,,3.8,360.0,68.0,,180.0,,,7.02,3,1,2,1,1,0.9499539272014372,False,wet,False,,
2021,5,river,Korotoa,Sultanganj- Gabtoli (DN),5.84,,,3.94,380.0,62.0,,190.0,,,7.08,3,1,2,1,1,0.7931943017361235,False,wet,False,,
2021,5,river,Korotoa,Sultanganj- Gabtoli (UP),5.84,,,3.94,380.0,62.0,,190.0,,,7.08,3,1,2,1,1,0.7931943017361235,False,wet,False,,
2021,5,river,Kushiara,Fenchuganj Bridge Point,3.6,16.0,,6.71,92.6,,,47.0,,,,1,0,2,0,0,0.523100295525497,False,wet,False,,
2021,5,river,Meghna,Annando Bazar,4.0,,35.0,4.3,,32.0,,72.0,,,7.88,2,1,2,1,1,0.4638711854959458,False,wet,False,,
2021,5,river,Meghna,Bairob Ferry Ghat,2.0,,46.0,5.2,,40.0,,64.0,,,7.32,1,0,2,0,0,0.6185438519735098,False,wet,False,,
2021,5,river,Meghna,Bish Nondi Ghat,8.0,,21.0,5.5,,5.0,,83.0,,,6.99,3,1,2,1,1,1.5471850655440598,False,wet,False,,
2021,5,river,Meghna,Meghna Ghat,8.0,,42.0,4.5,,35.0,,60.0,,,7.12,3,1,2,1,1,1.5178702049462254,False,wet,False,,
2021,5,river,Meghna,Narshingdi Launch Ghat,16.0,,45.0,0.7,,34.0,,209.0,,,7.98,4,2,2,1,2,3.4461424516229564,True,wet,False,,
2021,5,river,Padma,Mawa ferry Ghat,12.0,,,6.2,128.0,70.0,,66.0,,,6.89,2,1,2,1,1,1.6204476271100288,False,wet,False,,
2021,5,river,Shitalakhya,Majira Demra Ghat,10.0,58.0,45.0,0.0,611.0,6.0,,320.0,186.0,,6.93,4,2,2,1,2,3.951323692596296,True,wet,True,3.0,2.0
2021,5,river,Shitalakhya,Murapara (Rupgonj),8.0,21.0,37.0,1.3,501.0,9.0,,259.0,252.0,,7.13,4,2,2,1,2,2.818617801656864,True,wet,True,3.0,2.0
2021,5,river,Shitalakhya,Port Road,12.0,70.0,42.0,1.2,598.0,10.0,,285.0,251.0,,7.35,4,2,2,1,2,2.9045199648467177,True,wet,True,3.0,2.0
2021,5,river,Surma,Chhatak,2.6,21.0,,7.19,127.6,,,53.0,,,6.71,0,0,2,0,0,0.6033854037249459,False,wet,False,,
2021,5,river,Surma,Mendibag Point,2.7,16.0,,6.81,126.9,,,49.8,,,6.62,0,0,2,0,0,0.691406801080114,False,wet,False,,
2021,5,river,Surma,Sheaik Ghat,2.9,20.0,,7.09,128.2,,,51.9,,,6.69,0,0,2,0,0,0.7220103561865326,False,wet,False,,
2021,5,river,Teesta,Nohali Sapmari (Dn),2.2,,10.0,7.76,,36.0,,121.0,,,7.64,0,0,2,0,0,0.3349442107079001,False,wet,False,,
2021,5,river,Teesta,Nohali Sapmari (Up),2.2,,10.0,7.76,,36.0,,121.0,,,7.64,0,0,2,0,0,0.3349442107079001,False,wet,False,,
2021,5,river,Teesta,Teesta Barrage (Dn),2.2,,10.0,7.98,,40.0,,128.0,,,8.06,0,0,2,0,0,0.20365280155348486,False,wet,False,,
2021,5,river,Teesta,Teesta Barrage (Up),2.2,,10.0,7.98,,40.0,,128.0,,,8.06,0,0,2,0,0,0.20365280155348486,False,wet,False,,
2021,5,river,Teesta,Teesta Bridge (Dn),2.2,,10.0,7.94,,42.0,,132.0,,,8.02,0,0,2,0,0,0.19927642978118987,False,wet,False,,
2021,5,river,Teesta,Teesta Bridge (Up),2.2,,10.0,7.94,,42.0,,132.0,,,8.02,0,0,2,0,0,0.19927642978118987,False,wet,False,,
2021,5,river,Turag,Ashulia,8.2,24.0,26.0,2.9,399.0,1.0,,211.0,120.0,,7.32,4,2,2,1,2,1.9783668962815053,False,wet,True,2.0,2.0
2021,5,river,Turag,Kaliakoir,6.2,10.0,20.5,4.9,163.0,2.0,,86.0,49.0,,7.46,3,1,2,1,1,0.880337182645358,False,wet,True,1.0,2.0
2021,5,river,Turag,Nama Bazar,8.4,34.0,25.0,2.9,322.0,1.0,,170.0,92.0,,7.27,4,2,2,1,2,2.0543613795466906,False,wet,True,2.0,2.0
2021,5,river,Turag,Turag Bridge,12.0,39.0,44.5,2.8,868.0,4.0,,472.0,203.0,,7.27,4,2,2,1,2,1.9192721932857761,False,wet,True,2.0,2.0
2021,5,river,Turag,Vawal,6.2,51.0,24.5,4.9,322.0,4.0,,168.0,89.0,,7.26,3,1,2,1,1,0.859682702957707,False,wet,True,1.0,2.0
2021,6,river,Buriganga,B.C.F.B,6.2,22.0,30.0,2.75,219.0,15.0,,113.4,102.0,30.4,7.02,4,2,2,1,2,1.536956858363171,False,wet,True,2.0,2.0
2021,6,river,Buriganga,Bosila Bridge,8.4,20.0,31.0,3.4,226.0,18.0,,117.9,102.0,24.4,6.98,4,2,2,1,2,1.900014206183468,False,wet,True,1.0,2.0
2021,6,river,Buriganga,Chandni Ghat,8.2,22.0,31.0,2.05,261.0,10.0,,132.1,137.0,23.5,6.98,4,2,2,1,2,2.4523263981130334,True,wet,True,3.0,2.0
2021,6,river,Buriganga,Hazaribagh,6.2,12.0,31.0,3.1,227.0,16.0,,118.5,127.0,27.3,6.92,4,2,2,1,2,1.3198476084413704,False,wet,True,2.0,2.0
2021,6,river,Buriganga,Mirpur Bridge,8.2,24.0,30.0,4.1,218.1,20.0,,112.5,139.0,33.2,7.06,3,1,2,1,1,1.6759815792940402,False,wet,True,1.0,2.0
2021,6,river,Buriganga,Pagla,8.2,24.0,31.0,2.75,264.0,14.0,,138.0,139.0,25.2,7.0,4,2,2,1,2,2.0870165201163124,False,wet,True,2.0,2.0
2021,6,river,Buriganga,Satmosjid Road,9.2,28.0,32.0,2.5,358.0,23.0,,188.9,150.0,30.9,6.82,4,2,2,1,2,2.599114992258983,True,wet,True,2.0,2.0
2021,6,river,Dhaleshwari,Hazratpur,12.0,44.0,70.0,2.8,124.1,4.0,,65.1,199.0,,7.86,4,2,2,1,2,1.4914944305563298,False,wet,True,2.0,2.0
2021,6,river,Dhaleshwari,Mukterpur,22.0,82.0,9.0,2.4,206.0,20.0,,107.0,82.0,,6.73,4,2,2,1,2,5.134913713317245,True,wet,True,2.0,2.0
2021,6,river,Dhaleshwari,Pathorghata,12.0,39.0,,4.0,,5.0,,72.3,256.0,,7.69,3,1,2,1,1,1.005102590209657,False,wet,True,1.0,2.0
2021,6,river,Dhaleshwari,Ruhitpur,8.0,27.0,30.0,7.2,130.0,12.0,,68.2,281.0,,8.01,2,1,2,1,1,0.9299812806830144,False,wet,True,1.0,1.0
2021,6,river,Dhaleshwari,Utorro Mitra,9.0,24.0,11.0,6.0,236.0,25.0,,118.1,129.0,,6.79,2,1,2,1,1,1.5954250548128215,False,wet,True,1.0,1.0
2021,6,river,Halda,Garduara Sluice gate,4.0,18.0,,6.37,,481.0,,79.8,,,8.64,2,1,2,0,1,0.8070998419757692,False,wet,False,,
2021,6,river,Halda,Halda Bridge,5.0,22.0,,6.01,,548.0,,72.3,,,8.38,1,0,2,0,0,0.8546561353027602,False,wet,False,,
2021,6,river,Halda,Maduna Ghat,6.0,24.0,,5.91,,151.0,,,,,8.31,2,1,2,1,1,0.7877652472138664,False,wet,False,,
2021,6,river,Jamuna,Horipur Kheya Ghat (DN),2.2,,10.0,7.68,,36.0,,121.0,,,7.74,0,0,2,0,0,0.3435482529422043,False,wet,False,,
2021,6,river,Jamuna,Horipur Kheya Ghat (UP),2.2,,10.0,7.68,,36.0,,121.0,,,7.74,0,0,2,0,0,0.3435482529422043,False,wet,False,,
2021,6,river,Jamuna,Jamuna Eco Park (DN),2.3,,11.0,7.6,,40.0,,128.0,,,7.52,0,0,2,0,0,0.4349007138066378,False,wet,False,,
2021,6,river,Jamuna,Jamuna Eco Park (UP),2.3,,11.0,7.6,,40.0,,128.0,,,7.52,0,0,2,0,0,0.4349007138066378,False,wet,False,,
2021,6,river,Jamuna,Mohonganj (DN),2.2,,11.0,7.66,,38.0,,124.0,,,7.56,0,0,2,0,0,0.3632749653988036,False,wet,False,,
2021,6,river,Jamuna,Mohonganj (UP),2.2,,11.0,7.66,,38.0,,124.0,,,7.56,0,0,2,0,0,0.3632749653988036,False,wet,False,,
2021,6,river,Kaligonga,Bheutha Ghat,7.0,,8.0,6.9,,272.0,,62.1,,,6.94,2,1,2,1,1,0.940850383856631,False,wet,True,1.0,1.0
2021,6,river,Karnaphuli,CUFL,95.0,358.0,,7.81,,98.0,,10060.0,,,7.33,2,1,2,1,1,38.459441322633495,True,wet,False,,
2021,6,river,Karnaphuli,Kalurghat Bridge,7.0,32.0,,7.63,,58.0,,149.0,,,7.68,2,1,2,1,1,0.7841873914552262,False,wet,False,,
2021,6,river,Karnaphuli,Karnafully Paper,12.0,45.0,,7.67,,21.0,,79.6,,,7.43,2,1,2,1,1,1.0379823155132406,False,wet,False,,
2021,6,river,Karnaphuli,Mariam Nagar,6.0,24.0,,6.96,,48.0,,168.0,,,7.58,1,0,2,0,0,0.6799988474214976,False,wet,False,,
2021,6,river,Karnaphuli,Shikalbaha,21.0,,,6.89,,64.0,,2140.0,,,7.46,2,1,2,1,1,3.557778057830609,True,wet,False,,
2021,6,river,Karnaphuli,TSP,109.0,426.0,,7.82,,118.0,,10230.0,,,7.32,2,1,2,1,1,45.104633231212524,True,wet,False,,
2021,6,river,Korotoa,Aziz Ahmed Taki Road (Down),3.8,,,5.0,300.0,54.0,,150.0,,,7.12,2,1,2,1,1,0.76760709531594,False,wet,False,,
2021,6,river,Korotoa,Aziz Ahmed Taki Road (UP),3.8,,,5.0,300.0,54.0,,150.0,,,7.12,2,1,2,1,1,0.76760709531594,False,wet,False,,
2021,6,river,Korotoa,Dottobari Bridge (Down),3.8,,,5.1,300.0,58.0,,150.0,,,7.2,2,1,2,1,1,0.833045431653114,False,wet,False,,
2021,6,river,Korotoa,Dottobari Bridge (UP),3.8,,,5.1,300.0,58.0,,150.0,,,7.2,2,1,2,1,1,0.833045431653114,False,wet,False,,
2021,6,river,Korotoa,Sultanganj- Gabtoli (DN),3.9,,,5.2,320.0,56.0,,160.0,,,7.08,2,1,2,1,1,0.7906122960777857,False,wet,False,,
2021,6,river,Korotoa,Sultanganj- Gabtoli (UP),3.9,,,5.2,320.0,56.0,,160.0,,,7.08,2,1,2,1,1,0.7906122960777857,False,wet,False,,
2021,6,river,Kushiara,Fenchuganj Bridge Point,2.8,20.0,,7.14,115.1,,,56.0,,,,0,0,2,0,0,0.4838656304408378,False,wet,False,,
2021,6,river,Meghna,Bairob Ferry Ghat,8.0,,5.0,3.6,,15.0,,37.1,,,7.76,4,2,2,1,2,1.22549678815632,False,wet,False,,
2021,6,river,Meghna,Bish Nondi Ghat,8.0,,10.0,6.2,,11.0,,35.7,,,6.85,2,1,2,1,1,1.6172735178866289,False,wet,False,,
2021,6,river,Meghna,Narshingdi Launch Ghat,7.0,,11.5,1.0,,100.0,,55.9,,,6.74,4,2,2,1,2,2.914463247986741,True,wet,False,,
2021,6,river,Padma,Barha Ghat,13.0,,,8.0,122.9,393.0,,64.6,,,7.35,2,1,2,1,1,0.6597764826630715,False,wet,False,,
2021,6,river,Padma,Mawa ferry Ghat,30.0,,,6.5,123.2,355.0,,62.4,,,6.35,3,1,2,1,1,7.775216387749638,True,wet,False,,
2021,6,river,Shitalakhya,Gorashal,7.0,19.0,11.0,2.4,156.7,78.0,,79.4,11.0,,7.02,4,2,2,1,2,1.9183411290082188,False,wet,True,2.0,2.0
2021,6,river,Shitalakhya,Majira Demra Ghat,14.0,46.0,34.5,2.6,263.0,6.0,,134.0,138.0,,7.09,4,2,2,1,2,2.6988997037071503,True,wet,True,2.0,2.0
2021,6,river,Shitalakhya,Murapara (Rupgonj),12.0,44.0,19.0,1.4,318.0,12.0,,167.4,19.0,,7.07,4,2,2,1,2,3.159461356734217,True,wet,True,2.0,2.0
2021,6,river,Shitalakhya,Port Road,14.0,42.0,30.5,3.0,364.0,28.0,,186.0,149.0,,7.29,4,2,2,1,2,2.1696458568546078,True,wet,True,1.0,2.0
2021,6,river,Surma,Chhatak,2.8,22.0,,7.27,133.4,,,54.0,,,6.78,0,0,2,0,0,0.6524431774032202,False,wet,False,,
2021,6,river,Surma,Mendibag Point,3.3,17.0,,6.88,127.8,,,49.0,,,6.69,1,0,2,0,0,0.718256998264095,False,wet,False,,
2021,6,river,Surma,Sheaik Ghat,3.2,19.0,,7.19,131.6,,,52.0,,,6.75,1,0,2,0,0,0.5464931172016577,False,wet,False,,
2021,6,river,Teesta,Nohali Sapmari (Dn),2.2,,10.0,7.68,,38.0,,123.0,,,7.6,0,0,2,0,0,0.34299377408510073,False,wet,False,,
2021,6,river,Teesta,Nohali Sapmari (Up),2.2,,10.0,7.68,,38.0,,123.0,,,7.6,0,0,2,0,0,0.34299377408510073,False,wet,False,,
2021,6,river,Teesta,Teesta Barrage (Dn),2.3,,10.0,7.9,,42.0,,128.0,,,9.96,1,0,2,0,0,3.798282633355255,True,wet,False,,
2021,6,river,Teesta,Teesta Barrage (Up),2.3,,10.0,7.9,,42.0,,128.0,,,9.96,1,0,2,0,0,3.798282633355255,True,wet,False,,
2021,6,river,Teesta,Teesta Bridge (Dn),2.3,,10.0,7.88,,44.0,,130.0,,,7.94,0,0,2,0,0,0.22421483412073057,False,wet,False,,
2021,6,river,Teesta,Teesta Bridge (Up),2.3,,10.0,7.88,,44.0,,130.0,,,7.94,0,0,2,0,0,0.22421483412073057,False,wet,False,,
2021,6,river,Turag,Ashulia,18.0,44.0,18.0,3.1,188.8,42.0,,96.3,97.0,,7.48,4,2,2,1,2,2.835034925817728,True,wet,True,2.0,2.0
2021,6,river,Turag,Kaliakoir,18.0,51.0,16.0,7.6,148.2,213.0,,75.1,51.0,,7.5,2,1,2,1,1,2.0348369232095203,False,wet,True,1.0,1.0
2021,6,river,Turag,Nama Bazar,8.0,22.0,6.0,4.5,131.2,235.0,,69.6,54.0,,6.9,3,1,2,1,1,1.4972561575479293,False,wet,True,1.0,2.0
2021,6,river,Turag,Turag Bridge,9.0,41.0,18.0,3.4,195.9,23.0,,99.4,102.0,,7.8,4,2,2,1,2,1.3057203103349007,False,wet,True,2.0,2.0
2021,6,river,Turag,Vawal,13.0,20.0,14.5,6.0,147.8,155.0,,76.9,50.0,,7.25,2,1,2,1,1,1.240567414226732,False,wet,True,1.0,1.0
2021,6,urban_lake,Dhanmondi Lake,8 No. Road Bridge,4.0,16.0,34.5,8.37,266.0,9.0,,131.7,95.0,50.8,7.46,1,0,2,0,0,0.2558097995817288,False,wet,False,,
2021,6,urban_lake,Dhanmondi Lake,Near Dhanmondi- Road No 28,6.0,20.0,39.0,5.53,332.0,8.0,,164.8,101.0,41.8,7.36,2,1,2,1,1,0.7774157142895222,False,wet,False,,
2021,6,urban_lake,Dhanmondi Lake,Near Dhanmondi-32 Bridge,6.0,22.0,35.0,7.52,292.0,17.0,,144.5,89.0,43.3,7.4,1,0,2,0,0,0.7433162059555908,False,wet,False,,
2021,6,urban_lake,Dhanmondi Lake,Near Gigatola Pilkhana More,7.0,17.0,34.0,7.54,268.0,23.0,,132.1,91.0,53.2,7.41,2,1,2,1,1,0.9084599058584609,False,wet,False,,
2021,6,urban_lake,Gulshan Lake,Lake View Clinic,32.0,95.0,29.5,3.4,337.0,96.0,,166.3,149.0,220.0,7.47,4,2,2,1,2,8.744189487727523,True,wet,False,,
2021,6,urban_lake,Gulshan Lake,South Bridge,40.0,137.0,30.0,7.77,378.0,67.0,,186.0,148.0,129.0,7.55,2,1,2,1,1,12.365358271908667,True,wet,False,,
2021,6,urban_lake,Gulshan Lake,United Hospital,35.0,124.0,24.0,2.19,355.0,107.0,,173.8,142.0,144.0,7.67,4,2,2,1,2,10.232222871853036,True,wet,False,,
2021,6,urban_lake,Hatir Jheel,FDC More Bridge,6.0,22.0,46.0,2.02,514.0,41.0,,298.0,149.0,95.0,7.3,3,1,2,1,1,1.9452199861751203,False,wet,False,,
2021,6,urban_lake,Hatir Jheel,Raampura Bridge,22.0,78.0,42.0,8.54,427.0,74.0,,286.7,137.0,112.0,7.38,2,1,2,1,1,3.8259270265438454,True,wet,False,,
2021,7,river,Balu,Jolshiri Abason,4.0,10.0,13.5,3.46,175.8,20.0,,95.5,73.0,,6.85,3,1,2,1,1,1.107377862526357,False,wet,True,1.0,2.0
2021,7,river,Balu,Trimohoni Bridge,22.0,63.0,53.5,1.26,496.0,45.0,,272.0,164.0,,6.59,4,2,2,1,2,5.551179558766338,True,wet,True,3.0,2.0
2021,7,river,Buriganga,B.C.F.B,18.0,51.0,15.5,4.57,152.7,49.0,,84.8,54.0,58.0,6.84,3,1,2,1,1,2.859912082569528,True,wet,True,1.0,2.0
2021,7,river,Buriganga,Bosila Bridge,16.8,32.0,17.0,4.57,187.5,48.0,,103.5,57.0,63.0,6.9,3,1,2,1,1,2.4606526629002152,True,wet,True,1.0,2.0
2021,7,river,Buriganga,Chandni Ghat,14.4,37.0,15.5,2.66,149.4,21.0,,83.1,54.0,63.0,6.87,4,2,2,1,2,3.146770894361064,True,wet,True,2.0,2.0
2021,7,river,Buriganga,Hazaribagh,16.8,51.0,14.5,4.21,131.1,92.0,,73.4,50.0,59.0,6.9,3,1,2,1,1,2.6565112495796743,True,wet,True,1.0,2.0
2021,7,river,Buriganga,Mirpur Bridge,14.4,34.0,14.0,4.9,122.4,115.0,,68.7,50.0,52.0,6.93,3,1,2,1,1,1.8588609042932862,False,wet,True,1.0,2.0
2021,7,river,Buriganga,Pagla,15.6,34.0,16.0,1.36,155.2,34.0,,87.6,55.0,64.0,6.9,4,2,2,1,2,3.7138854602184392,True,wet,True,2.0,2.0
2021,7,river,Buriganga,Satmosjid Road,16.8,36.0,15.5,2.74,134.9,53.0,,75.3,52.0,61.0,7.08,4,2,2,1,2,3.068810791877124,True,wet,True,1.0,2.0
2021,7,river,Dhaleshwari,Hazratpur,10.0,40.0,10.0,7.8,140.0,40.0,,72.0,58.0,,7.76,2,1,2,1,1,0.7174696702549397,False,wet,True,1.0,1.0
2021,7,river,Dhaleshwari,Mukterpur,8.0,35.0,8.0,4.99,155.0,28.0,,78.0,82.0,,7.27,3,1,2,1,1,1.594698005957039,False,wet,True,1.0,2.0
2021,7,river,Dhaleshwari,Pathorghata,6.0,10.0,,5.2,,30.0,,70.0,62.0,,6.54,2,1,2,1,1,1.0127303860239827,False,wet,True,2.0,2.0
2021,7,river,Dhaleshwari,Ruhitpur,8.0,34.0,8.0,7.9,140.0,90.0,,77.0,62.0,,7.43,2,1,2,1,1,0.6710061616811356,False,wet,True,1.0,1.0
2021,7,river,Dhaleshwari,Utorro Mitra,8.0,22.0,8.0,6.1,146.0,20.0,,70.0,62.0,,7.23,2,1,2,1,1,1.2229867594305244,False,wet,True,1.0,1.0
2021,7,river,Halda,Garduara Sluice gate,4.0,18.0,,4.25,,135.0,,51.8,,,8.14,2,1,2,1,1,0.7310829281404503,False,wet,False,,
2021,7,river,Halda,Halda Bridge,5.0,17.0,,4.17,,139.0,,49.7,,,8.09,2,1,2,1,1,0.5757433810078256,False,wet,False,,
2021,7,river,Halda,Maduna Ghat,6.0,20.0,,5.05,,121.0,,,,,8.34,2,1,2,1,1,1.0933723808504332,False,wet,False,,
2021,7,river,Kaligonga,Bheutha Ghat,8.0,,14.0,9.8,,5.0,,244.0,,,7.24,2,1,2,1,1,0.6232922590219047,False,wet,True,1.0,1.0
2021,7,river,Karnaphuli,CUFL,52.0,240.0,,8.44,,310.0,,2610.0,,,6.7,2,1,2,1,1,18.069415554660203,True,wet,False,,
2021,7,river,Karnaphuli,Kalurghat Bridge,6.0,18.0,,7.69,,58.0,,140.0,,,7.48,1,0,2,0,0,0.784032984028953,False,wet,False,,
2021,7,river,Karnaphuli,Karnafully Paper,14.0,42.0,,7.59,,41.0,,79.0,,,7.46,2,1,2,1,1,0.8202511368044103,False,wet,False,,
2021,7,river,Karnaphuli,Mariam Nagar,5.0,16.0,,6.87,,49.0,,139.0,,,7.58,1,0,2,0,0,0.4963619972513603,False,wet,False,,
2021,7,river,Karnaphuli,Shikalbaha,16.0,,,7.59,,63.0,,1580.0,,,7.42,2,1,2,1,1,1.253139465827761,False,wet,False,,
2021,7,river,Karnaphuli,TSP,67.0,284.0,,8.89,,533.0,,4750.0,,,6.34,3,1,2,1,1,25.221844199354514,True,wet,False,,
2021,7,river,Kushiara,Fenchuganj Bridge Point,2.5,19.0,,7.23,115.1,,,54.0,,,,0,0,2,0,0,0.42270617262776367,False,wet,False,,
2021,7,river,Meghna,Bairob Ferry Ghat,4.0,,20.0,5.6,,32.0,,36.0,,,7.12,2,1,2,1,1,0.9077616620693726,False,wet,False,,
2021,7,river,Meghna,Bish Nondi Ghat,4.0,,8.0,7.16,,18.0,,45.0,,,7.76,1,0,2,0,0,0.45300994037352177,False,wet,False,,
2021,7,river,Meghna,Meghna Ghat,5.0,,9.0,6.2,,17.0,,28.3,,,7.65,1,0,2,0,0,0.609496946767,False,wet,False,,
2021,7,river,Padma,Barha Ghat,7.0,,,8.7,271.0,25.0,,147.0,,,7.28,2,1,2,1,1,0.8391477778732123,False,wet,False,,
2021,7,river,Padma,Mawa ferry Ghat,16.0,,,5.2,157.0,4.0,,40.0,,,6.42,4,2,2,1,2,2.4666203800006854,True,wet,False,,
2021,7,river,Shitalakhya,Majira Demra Ghat,12.0,37.0,15.5,4.69,109.1,120.0,,58.1,47.0,,6.83,3,1,2,1,1,2.1863988515011075,True,wet,True,1.0,2.0
2021,7,river,Shitalakhya,Murapara (Rupgonj),12.0,60.0,6.0,4.99,101.5,143.0,,54.9,49.0,,6.91,3,1,2,1,1,1.9340381795729116,False,wet,True,1.0,2.0
2021,7,river,Shitalakhya,Port Road,14.0,38.0,35.0,4.51,264.0,26.0,,134.0,88.0,,7.19,3,1,2,1,1,1.951382190012969,False,wet,True,1.0,2.0
2021,7,river,Surma,Chhatak,2.7,21.0,,7.26,133.4,,,53.0,,,6.72,0,0,2,0,0,0.605540156594528,False,wet,False,,
2021,7,river,Surma,Mendibag Point,3.2,19.0,,6.81,127.8,,,47.0,,,6.68,1,0,2,0,0,0.7886542443881107,False,wet,False,,
2021,7,river,Surma,Sheaik Ghat,3.1,23.0,,7.18,131.6,,,51.0,,,6.77,1,0,2,0,0,0.5636977010350852,False,wet,False,,
2021,7,river,Turag,Ashulia,15.6,29.0,13.0,5.1,164.0,115.0,,92.3,55.0,,6.8,3,1,2,1,1,2.047990292361204,False,wet,True,1.0,2.0
2021,7,river,Turag,Kaliakoir,16.8,54.0,9.0,7.49,93.4,316.0,,53.6,47.0,,6.91,2,1,2,1,1,1.533606265438483,False,wet,True,1.0,1.0
2021,7,river,Turag,Nama Bazar,20.4,41.0,7.0,6.96,115.2,266.0,,64.6,51.0,,6.88,2,1,2,1,1,3.1689860702028327,True,wet,True,1.0,1.0
2021,7,river,Turag,Turag Bridge,16.8,61.0,12.0,5.6,120.9,96.0,,68.0,49.0,,6.86,3,1,2,1,1,2.0739067527907835,False,wet,True,1.0,2.0
2021,7,river,Turag,Vawal,18.0,49.0,10.0,6.86,110.0,205.0,,63.2,46.0,,6.94,2,1,2,1,1,2.1427830433684196,True,wet,True,1.0,1.0
2021,7,urban_lake,Dhanmondi Lake,8 No. Road Bridge,6.0,18.0,33.0,8.54,278.0,10.0,,132.0,96.0,,7.23,1,0,2,0,0,0.5900250245952572,False,wet,False,,
2021,7,urban_lake,Dhanmondi Lake,Near Dhanmondi- Road No 28,8.0,22.0,40.0,6.23,349.0,11.0,,164.0,106.0,,7.76,2,1,2,1,1,0.8817931140179504,False,wet,False,,
2021,7,urban_lake,Dhanmondi Lake,Near Dhanmondi-32 Bridge,6.0,20.0,36.0,8.22,321.0,18.0,,144.0,92.0,,7.43,1,0,2,0,0,0.6192448743142709,False,wet,False,,
2021,7,urban_lake,Dhanmondi Lake,Near Gigatola Pilkhana More,8.0,20.0,34.0,8.14,275.0,25.0,,136.0,93.0,,7.45,2,1,2,1,1,0.6159647984053122,False,wet,False,,
2021,7,urban_lake,Gulshan Lake,Lake View Clinic,26.0,86.0,28.0,3.8,333.0,105.0,,165.0,138.0,,7.13,4,2,2,1,2,6.118742385785569,True,wet,False,,
2021,7,urban_lake,Gulshan Lake,South Bridge,28.0,94.0,27.0,3.8,348.0,114.0,,169.0,136.0,,7.14,4,2,2,1,2,7.001566934407149,True,wet,False,,
2021,7,urban_lake,Gulshan Lake,Taltola Shooting Complex,30.0,140.0,27.0,3.5,365.0,93.0,,174.0,143.0,,7.24,4,2,2,1,2,7.875695203512243,True,wet,False,,
2021,7,urban_lake,Gulshan Lake,United Hospital,30.0,100.0,23.0,3.3,342.0,98.0,,176.0,138.0,,7.21,4,2,2,1,2,7.908480515344137,True,wet,False,,
2021,7,urban_lake,Hatir Jheel,FDC More Bridge,8.0,28.0,44.0,5.02,469.0,44.0,,243.0,143.0,106.0,7.12,3,1,2,1,1,1.5341260479600192,False,wet,False,,
2021,7,urban_lake,Hatir Jheel,Raampura Bridge,16.0,108.0,40.0,8.54,417.0,80.0,,205.0,127.0,211.0,7.28,2,1,2,1,1,1.1166670507563576,False,wet,False,,
2021,8,river,Balu,Jolshiri Abason,20.0,48.0,17.0,4.15,177.0,8.0,,95.0,81.0,,7.7,3,1,2,1,1,3.3657186045022063,True,wet,True,2.0,2.0
2021,8,river,Balu,Trimohoni Bridge,19.0,42.0,15.0,0.59,147.0,95.0,,78.0,200.0,,7.77,4,2,2,1,2,4.199675694355471,True,wet,True,2.0,2.0
2021,8,river,Brahmaputra,JamalpurRail Bridge,3.0,,10.0,6.7,,480.0,,480.0,,,7.82,0,0,2,0,0,0.5023288467980839,False,wet,False,,
2021,8,river,Brahmaputra,"Rail Bridge, Shamvoganj",2.0,,9.0,6.2,,307.0,,307.0,,,8.03,0,0,2,0,0,0.18515583607567537,False,wet,False,,
2021,8,river,Buriganga,B.C.F.B,28.0,62.0,15.0,3.21,161.0,37.0,,85.0,58.0,,7.58,4,2,2,1,2,6.952066925872374,True,wet,True,2.0,2.0
2021,8,river,Buriganga,Bosila Bridge,30.0,54.0,14.0,4.64,155.0,44.0,,82.0,63.0,,7.98,3,1,2,1,1,7.74044783302503,True,wet,True,2.0,2.0
2021,8,river,Buriganga,Chandni Ghat,32.0,60.0,14.0,3.13,159.0,22.0,,85.0,63.0,,7.55,4,2,2,1,2,8.79538287224722,True,wet,True,2.0,2.0
2021,8,river,Buriganga,Hazaribagh,32.0,62.0,15.0,4.23,175.0,21.0,,93.0,59.0,,7.61,3,1,2,1,1,8.733959602705891,True,wet,True,2.0,2.0
2021,8,river,Buriganga,Mirpur Bridge,33.0,60.0,15.0,4.68,188.0,151.0,,89.0,52.0,,7.6,3,1,2,1,1,9.175081280087763,True,wet,True,2.0,2.0
2021,8,river,Buriganga,Pagla,24.0,64.0,15.0,3.29,185.0,39.0,,98.0,64.0,,7.99,4,2,2,1,2,5.192804760601981,True,wet,True,2.0,2.0
2021,8,river,Buriganga,Satmosjid Road,28.0,68.0,20.0,0.44,294.0,21.0,,157.0,61.0,,7.9,4,2,2,1,2,7.515528080131907,True,wet,True,3.0,2.0
2021,8,river,Dhaleshwari,Hazratpur,14.0,56.0,8.0,7.2,143.0,77.0,,80.0,60.0,,7.7,2,1,2,1,1,1.0781729701534613,False,wet,True,1.0,1.0
2021,8,river,Dhaleshwari,Mukterpur,12.0,44.0,9.0,4.9,165.0,24.0,,89.0,84.0,,7.72,3,1,2,1,1,1.0722315115066938,False,wet,True,2.0,2.0
2021,8,river,Dhaleshwari,Pathorghata,4.0,12.0,,5.1,,26.0,,72.3,64.0,,6.94,2,1,2,1,1,0.8488765873852621,False,wet,True,1.0,1.0
2021,8,river,Dhaleshwari,Ruhitpur,14.0,58.0,9.0,7.0,147.0,85.0,,82.0,62.0,,7.72,2,1,2,1,1,1.0796447681341959,False,wet,True,1.0,1.0
2021,8,river,Dhaleshwari,Utorro Mitra,10.0,30.0,6.0,5.5,152.0,18.0,,74.2,66.0,,7.45,3,1,2,1,1,1.071870751898622,False,wet,True,2.0,2.0
2021,8,river,Halda,Garduara Sluice gate,4.0,15.0,,5.34,,142.0,,51.3,,,7.55,2,1,2,1,1,0.6962760653000324,False,wet,False,,
2021,8,river,Halda,Halda Bridge,6.0,18.0,,5.52,,113.0,,66.3,,,7.72,2,1,2,1,1,0.7040531650815834,False,wet,False,,
2021,8,river,Halda,Maduna Ghat,4.0,16.0,,5.74,,105.0,,,,,7.62,2,1,2,1,1,0.637726466125259,False,wet,False,,
2021,8,river,Jamuna,Horipur Kheya Ghat (DN),2.3,,10.0,7.64,,34.0,,124.0,,,7.68,0,0,2,0,0,0.36900749231504326,False,wet,False,,
2021,8,river,Jamuna,Horipur Kheya Ghat (UP),2.3,,10.0,7.64,,34.0,,124.0,,,7.68,0,0,2,0,0,0.36900749231504326,False,wet,False,,
2021,8,river,Jamuna,Jamuna Eco Park (DN),2.3,,11.0,7.58,,38.0,,127.0,,,7.58,0,0,2,0,0,0.39045332406049754,False,wet,False,,
2021,8,river,Jamuna,Jamuna Eco Park (UP),2.3,,11.0,7.58,,38.0,,127.0,,,7.58,0,0,2,0,0,0.39045332406049754,False,wet,False,,
2021,8,river,Jamuna,Kakua,15.0,,5.0,7.5,,428.0,,75.0,,,7.65,2,1,2,1,1,1.1515945384611654,False,wet,False,,
2021,8,river,Jamuna,Mohonganj (DN),2.3,,11.0,7.64,,36.0,,126.0,,,7.62,0,0,2,0,0,0.37220526567041695,False,wet,False,,
2021,8,river,Jamuna,Mohonganj (UP),2.3,,11.0,7.64,,36.0,,126.0,,,7.62,0,0,2,0,0,0.37220526567041695,False,wet,False,,
2021,8,river,Jamuna,Sarkarkhana,12.0,,5.0,6.8,,440.0,,74.3,,,7.56,2,1,2,1,1,1.0557737373224987,False,wet,False,,
2021,8,river,Kaligonga,Bheutha Ghat,3.0,,14.0,7.2,,8.0,,75.0,,,7.39,0,0,2,0,0,0.4833640787013138,False,wet,True,1.0,0.0
2021,8,river,Karnaphuli,CUFL,25.0,96.0,,7.66,,205.0,,1385.0,,,7.3,2,1,2,1,1,5.290090881436591,True,wet,False,,
2021,8,river,Karnaphuli,Kalurghat Bridge,7.0,20.0,,7.34,,63.0,,167.0,,,7.53,2,1,2,1,1,0.7988301867496448,False,wet,False,,
2021,8,river,Karnaphuli,Karnafully Paper,15.0,38.0,,7.63,,52.0,,123.0,,,7.58,2,1,2,1,1,1.0001101405385457,False,wet,False,,
2021,8,river,Karnaphuli,Mariam Nagar,6.0,18.0,,7.12,,64.0,,149.0,,,7.69,1,0,2,0,0,0.6027011244033764,False,wet,False,,
2021,8,river,Karnaphuli,Shikalbaha,13.0,,,7.64,,97.0,,1260.0,,,7.63,2,1,2,1,1,0.9165935412279772,False,wet,False,,
2021,8,river,Karnaphuli,TSP,23.0,74.0,,7.74,,137.0,,1256.0,,,7.31,2,1,2,1,1,4.344490800609565,True,wet,False,,
2021,8,river,Korotoa,Aziz Ahmed Taki Road (Down),3.1,,,6.6,268.0,46.0,,134.0,,,7.26,1,0,2,0,0,0.5812970220686451,False,wet,False,,
2021,8,river,Korotoa,Aziz Ahmed Taki Road (UP),3.1,,,6.6,268.0,46.0,,134.0,,,7.26,1,0,2,0,0,0.5812970220686451,False,wet,False,,
2021,8,river,Korotoa,Dottobari Bridge (Down),3.0,,,6.8,280.0,48.0,,140.0,,,7.24,0,0,2,0,0,0.6596150222051469,False,wet,False,,
2021,8,river,Korotoa,Dottobari Bridge (UP),3.0,,,6.8,280.0,48.0,,140.0,,,7.24,0,0,2,0,0,0.6596150222051469,False,wet,False,,
2021,8,river,Korotoa,Sultanganj- Gabtoli (DN),3.2,,,6.7,276.0,50.0,,138.0,,,7.16,1,0,2,0,0,0.7950477748244015,False,wet,False,,
2021,8,river,Korotoa,Sultanganj- Gabtoli (UP),3.2,,,6.7,276.0,50.0,,138.0,,,7.16,1,0,2,0,0,0.7950477748244015,False,wet,False,,
2021,8,river,Kushiara,Fenchuganj Bridge Point,2.6,21.0,,7.25,116.2,,,54.0,,,,0,0,2,0,0,0.4424849566014441,False,wet,False,,
2021,8,river,Meghna,Bairob Ferry Ghat,10.0,,6.0,6.5,,11.0,,27.0,,,7.31,2,1,2,1,1,0.5788098345438445,False,wet,False,,
2021,8,river,Meghna,Bish Nondi Ghat,4.2,,6.0,7.18,,20.0,,30.0,,,8.15,1,0,2,0,0,0.3937501433899053,False,wet,False,,
2021,8,river,Meghna,Meghna Ghat,10.0,,5.0,7.2,,12.0,,23.0,,,7.36,2,1,2,1,1,0.753552706470114,False,wet,False,,
2021,8,river,Meghna,Narshingdi Launch Ghat,4.2,,11.0,5.7,,20.0,,44.0,,,7.51,2,1,2,1,1,0.6254090487685099,False,wet,False,,
2021,8,river,Padma,Barha Ghat,8.0,,,5.0,138.0,103.0,,77.0,,,7.78,3,1,2,1,1,0.8706420829815786,False,wet,False,,
2021,8,river,Shitalakhya,Gorashal,16.0,34.0,12.0,3.6,126.0,35.0,,64.0,56.0,,6.54,4,2,2,1,2,3.2633478780721203,True,wet,True,1.0,2.0
2021,8,river,Shitalakhya,Majira Demra Ghat,18.0,38.0,14.0,5.9,131.0,29.0,,70.0,20.0,,7.84,3,1,2,1,1,2.1679990366877795,True,wet,True,1.0,2.0
2021,8,river,Shitalakhya,Murapara (Rupgonj),17.0,36.0,29.0,5.5,452.0,28.0,,246.0,54.0,,7.54,3,1,2,1,1,2.0264626299383672,False,wet,True,1.0,2.0
2021,8,river,Shitalakhya,Port Road,12.0,32.0,19.0,2.8,154.0,37.0,,83.0,74.0,,7.31,4,2,2,1,2,2.1868323995286536,True,wet,True,2.0,2.0
2021,8,river,Surma,Chhatak,2.9,24.0,,7.25,132.8,,,58.0,,,6.76,0,0,2,0,0,0.6323642477592535,False,wet,False,,
2021,8,river,Surma,Mendibag Point,3.3,23.0,,6.83,127.2,,,49.0,,,6.69,1,0,2,0,0,0.742426894235837,False,wet,False,,
2021,8,river,Surma,Sheaik Ghat,3.2,22.0,,7.17,129.6,,,54.0,,,6.75,1,0,2,0,0,0.5513511438009924,False,wet,False,,
2021,8,river,Teesta,Nohali Sapmari (Dn),2.2,,10.0,7.64,,38.0,,124.0,,,7.72,0,0,2,0,0,0.3512368019715705,False,wet,False,,
2021,8,river,Teesta,Nohali Sapmari (Up),2.2,,10.0,7.64,,38.0,,124.0,,,7.72,0,0,2,0,0,0.3512368019715705,False,wet,False,,
2021,8,river,Teesta,Teesta Barrage (Dn),2.3,,10.0,7.7,,40.0,,128.0,,,7.78,0,0,2,0,0,0.3779384981723691,False,wet,False,,
2021,8,river,Teesta,Teesta Barrage (Up),2.3,,10.0,7.7,,40.0,,128.0,,,7.78,0,0,2,0,0,0.3779384981723691,False,wet,False,,
2021,8,river,Teesta,Teesta Bridge (Dn),2.3,,10.0,7.72,,40.0,,129.0,,,7.8,0,0,2,0,0,0.3505070065953751,False,wet,False,,
2021,8,river,Teesta,Teesta Bridge (Up),2.3,,10.0,7.72,,40.0,,129.0,,,7.8,0,0,2,0,0,0.3505070065953751,False,wet,False,,
2021,8,river,Turag,Ashulia,28.0,56.0,14.0,6.45,161.0,67.0,,82.0,60.0,,6.42,3,1,2,1,1,6.825238785592523,True,wet,True,1.0,2.0
2021,8,river,Turag,Kaliakoir,22.0,48.0,12.0,6.95,135.0,307.0,,68.0,55.0,,6.5,2,1,2,1,1,3.984306370187501,True,wet,True,1.0,1.0
2021,8,river,Turag,Nama Bazar,23.0,66.0,14.0,6.8,164.0,156.0,,83.0,61.0,,6.43,3,1,2,1,1,4.492189365130755,True,wet,True,1.0,2.0
2021,8,river,Turag,Turag Bridge,25.0,57.0,13.0,6.25,155.0,67.0,,79.0,58.0,,6.5,2,1,2,1,1,5.4412110872887185,True,wet,True,1.0,1.0
2021,8,river,Turag,Vawal,16.0,44.0,14.0,6.83,165.0,158.0,,83.0,59.0,,6.66,2,1,2,1,1,1.3954008885633082,False,wet,True,1.0,1.0
2021,8,urban_lake,Dhanmondi Lake,8 No. Road Bridge,6.0,10.0,34.0,5.0,235.0,8.0,,122.0,93.0,,6.96,2,1,2,1,1,0.7478346969570818,False,wet,False,,
2021,8,urban_lake,Dhanmondi Lake,Near Dhanmondi- Road No 28,6.0,12.0,29.0,5.5,285.0,6.0,,149.0,99.0,,6.87,2,1,2,1,1,0.8426875700762926,False,wet,False,,
2021,8,urban_lake,Dhanmondi Lake,Near Dhanmondi-32 Bridge,6.0,14.0,32.0,6.0,253.0,11.0,,133.0,90.0,,6.9,1,0,2,0,0,0.9204069547648751,False,wet,False,,
2021,8,urban_lake,Dhanmondi Lake,Near Gigatola Pilkhana More,8.0,22.0,30.0,8.2,309.0,9.0,,159.0,92.0,,7.09,2,1,2,1,1,0.8573699121668334,False,wet,False,,
2021,8,urban_lake,Gulshan Lake,Lake View Clinic,18.0,78.0,31.0,4.1,378.0,102.0,,198.3,149.0,,6.96,3,1,2,1,1,3.0070422815070805,True,wet,False,,
2021,8,urban_lake,Gulshan Lake,South Bridge,20.0,46.0,29.0,4.4,375.0,105.0,,198.0,111.0,,6.97,3,1,2,1,1,3.5552688492850804,True,wet,False,,
2021,8,urban_lake,Gulshan Lake,Taltola Shooting Complex,18.0,63.0,30.0,3.4,437.0,52.0,,229.0,150.0,,6.94,4,2,2,1,2,3.21640988635815,True,wet,False,,
2021,8,urban_lake,Gulshan Lake,United Hospital,22.0,49.0,25.0,3.5,378.0,95.0,,198.4,144.0,,6.97,4,2,2,1,2,4.576932269265682,True,wet,False,,
2021,8,urban_lake,Hatir Jheel,FDC More Bridge,15.0,46.0,40.0,0.0,514.0,72.0,,274.0,193.0,,6.74,4,2,2,1,2,4.486030934103518,True,wet,False,,
2021,8,urban_lake,Hatir Jheel,Raampura Bridge,10.0,44.0,39.0,1.1,494.0,64.0,,259.0,184.0,,6.82,4,2,2,1,2,3.448477007004308,True,wet,False,,
2021,9,river,Balu,Jolshiri Abason,6.8,17.0,15.0,5.9,178.0,18.0,,94.0,78.0,7.91,6.55,3,1,2,1,1,1.1586061831751413,False,wet,True,1.0,2.0
2021,9,river,Balu,Trimohoni Bridge,6.2,20.0,19.0,3.4,243.0,81.0,,127.0,80.0,7.82,6.65,4,2,2,1,2,1.1826833876109681,False,wet,True,1.0,2.0
2021,9,river,Buriganga,B.C.F.B,8.0,19.0,14.5,5.69,205.9,8.0,,86.0,67.0,20.8,7.19,3,1,2,1,1,1.3157383383148815,False,wet,True,1.0,2.0
2021,9,river,Buriganga,Bosila Bridge,8.0,22.0,13.5,5.78,204.2,11.0,,84.9,61.0,28.9,6.92,3,1,2,1,1,1.5720922058880529,False,wet,True,1.0,2.0
2021,9,river,Buriganga,Chandni Ghat,8.0,22.0,19.0,5.67,199.2,18.0,,82.2,64.0,24.4,7.33,3,1,2,1,1,1.2951655792998478,False,wet,True,1.0,2.0
2021,9,river,Buriganga,Hazaribagh,10.0,29.0,14.5,5.94,203.3,38.0,,84.7,70.0,25.4,7.13,3,1,2,1,1,0.8779804617231942,False,wet,True,1.0,2.0
2021,9,river,Buriganga,Mirpur Bridge,10.0,34.0,16.5,5.54,201.7,16.0,,83.5,64.0,19.9,6.61,3,1,2,1,1,2.0521093269661446,False,wet,True,2.0,2.0
2021,9,river,Buriganga,Pagla,10.0,27.0,15.0,5.63,209.7,16.0,,88.0,62.0,27.9,7.23,3,1,2,1,1,0.9110451971680202,False,wet,True,1.0,2.0
2021,9,river,Buriganga,Satmosjid Road,8.0,29.0,17.5,5.85,201.7,9.0,,84.2,59.0,25.6,7.32,3,1,2,1,1,1.237250925469199,False,wet,True,1.0,2.0
2021,9,river,Dhaleshwari,Hazratpur,8.0,20.0,30.0,5.5,477.0,12.0,,279.0,281.0,,8.0,3,1,2,1,1,0.8889727860461294,False,wet,True,2.0,2.0
2021,9,river,Dhaleshwari,Mukterpur,14.0,70.0,8.0,2.1,162.0,121.0,,86.0,80.0,,7.28,4,2,2,1,2,2.750184320778638,True,wet,True,2.0,2.0
2021,9,river,Dhaleshwari,Ruhitpur,10.0,22.0,32.0,5.8,482.0,5.0,,284.0,256.0,,7.79,3,1,2,1,1,0.8191288704456626,False,wet,True,2.0,2.0
2021,9,river,Halda,Garduara Sluice gate,3.0,9.0,,5.85,,63.0,,53.3,,,7.02,1,0,2,0,0,0.933133319465677,False,wet,False,,
2021,9,river,Halda,Halda Bridge,4.0,12.0,,5.38,,37.0,,69.1,,,7.61,2,1,2,1,1,0.667496714991082,False,wet,False,,
2021,9,river,Halda,Maduna Ghat,3.0,10.0,,5.76,,76.0,,,,,7.12,1,0,2,0,0,0.819928767719201,False,wet,False,,
2021,9,river,Jamuna,Horipur Kheya Ghat (DN),2.2,,10.0,7.72,,38.0,,124.0,,,7.7,0,0,2,0,0,0.3096523603711225,False,wet,False,,
2021,9,river,Jamuna,Horipur Kheya Ghat (UP),2.2,,10.0,7.72,,38.0,,124.0,,,7.7,0,0,2,0,0,0.3096523603711225,False,wet,False,,
2021,9,river,Jamuna,Jamuna Eco Park (DN),2.3,,11.0,7.62,,36.0,,128.0,,,7.52,0,0,2,0,0,0.4295341872817817,False,wet,False,,
2021,9,river,Jamuna,Jamuna Eco Park (UP),2.3,,11.0,7.62,,36.0,,128.0,,,7.52,0,0,2,0,0,0.4295341872817817,False,wet,False,,
2021,9,river,Jamuna,Mohonganj (DN),2.2,,11.0,7.64,,38.0,,126.0,,,7.54,0,0,2,0,0,0.3867408260757268,False,wet,False,,
2021,9,river,Jamuna,Mohonganj (UP),2.2,,11.0,7.64,,38.0,,126.0,,,7.54,0,0,2,0,0,0.3867408260757268,False,wet,False,,
2021,9,river,Karnaphuli,CUFL,16.0,60.0,,9.7,,55.0,,392.0,,,7.32,2,1,2,1,1,1.3433427184468667,False,wet,False,,
2021,9,river,Karnaphuli,Kalurghat Bridge,8.0,24.0,,7.47,,49.0,,210.0,,,7.53,2,1,2,1,1,0.9048374379820217,False,wet,False,,
2021,9,river,Karnaphuli,Karnafully Paper,13.0,32.0,,7.48,,63.0,,142.0,,,7.58,2,1,2,1,1,1.0127907573974215,False,wet,False,,
2021,9,river,Karnaphuli,Mariam Nagar,7.0,20.0,,7.42,,67.0,,214.0,,,7.69,2,1,2,1,1,0.800560304858524,False,wet,False,,
2021,9,river,Karnaphuli,Shikalbaha,9.0,,,7.45,,120.0,,390.0,,,7.63,2,1,2,1,1,0.6703015612822525,False,wet,False,,
2021,9,river,Karnaphuli,TSP,13.0,41.0,,6.58,,62.0,,70.6,,,7.68,2,1,2,1,1,0.9980836804080566,False,wet,False,,
2021,9,river,Korotoa,Aziz Ahmed Taki Road (Down),4.0,,,4.94,296.0,54.0,,148.0,,,7.02,2,1,2,1,1,0.7178318839955679,False,wet,False,,
2021,9,river,Korotoa,Aziz Ahmed Taki Road (UP),4.0,,,4.94,296.0,54.0,,148.0,,,7.02,2,1,2,1,1,0.7178318839955679,False,wet,False,,
2021,9,river,Korotoa,Dottobari Bridge (Down),4.1,,,4.88,310.0,56.0,,155.0,,,7.12,2,1,2,1,1,0.6462301519009737,False,wet,False,,
2021,9,river,Korotoa,Dottobari Bridge (UP),4.1,,,4.88,310.0,56.0,,155.0,,,7.12,2,1,2,1,1,0.6462301519009737,False,wet,False,,
2021,9,river,Korotoa,Sultanganj- Gabtoli (DN),4.1,,,5.12,308.0,58.0,,154.0,,,7.04,2,1,2,1,1,0.7184157791123923,False,wet,False,,
2021,9,river,Korotoa,Sultanganj- Gabtoli (UP),4.1,,,5.12,308.0,58.0,,154.0,,,7.04,2,1,2,1,1,0.7184157791123923,False,wet,False,,
2021,9,river,Kushiara,Fenchuganj Bridge Point,3.6,18.0,,6.7,96.8,,,54.0,,,,1,0,2,0,0,0.51792201446282,False,wet,False,,
2021,9,river,Meghna,Annando Bazar,2.0,,5.0,5.9,,22.0,,35.2,,,6.48,2,1,2,0,1,0.8517019887897488,False,wet,False,,
2021,9,river,Meghna,Bairob Ferry Ghat,4.0,,7.0,6.3,,14.0,,37.2,,,7.42,1,0,2,0,0,0.5545351909911307,False,wet,False,,
2021,9,river,Meghna,Bish Nondi Ghat,10.0,,4.5,7.56,,2.0,,36.9,,,6.79,2,1,2,1,1,1.2589885784835202,False,wet,False,,
2021,9,river,Meghna,Meghna Ghat,8.0,,9.0,4.5,,19.0,,43.8,,,6.41,4,2,2,1,2,1.7126782508576572,False,wet,False,,
2021,9,river,Shitalakhya,Gorashal,4.0,12.0,16.0,6.4,389.0,12.0,,79.0,73.0,,7.21,1,0,2,0,0,0.7246332888848941,False,wet,True,1.0,1.0
2021,9,river,Shitalakhya,Majira Demra Ghat,8.0,24.0,9.0,6.1,156.6,38.0,,82.5,29.0,,6.57,2,1,2,1,1,1.6493477484913353,False,wet,True,1.0,1.0
2021,9,river,Shitalakhya,Murapara (Rupgonj),12.0,46.0,8.5,6.5,142.6,138.0,,75.9,50.0,,6.58,2,1,2,1,1,1.5979643967715504,False,wet,True,1.0,1.0
2021,9,river,Shitalakhya,Port Road,10.0,30.0,19.0,4.5,422.0,16.0,,158.0,84.0,,6.98,3,1,2,1,1,1.8010090401415992,False,wet,True,1.0,2.0
2021,9,river,Surma,Chhatak,2.4,15.0,,7.28,132.2,,,56.0,,,6.79,0,0,2,0,0,0.5685756371128446,False,wet,False,,
2021,9,river,Surma,Mendibag Point,2.2,13.0,,6.81,126.4,,,51.0,,,6.68,0,0,2,0,0,0.7084460110706985,False,wet,False,,
2021,9,river,Surma,Sheaik Ghat,2.7,18.0,,7.13,129.3,,,54.0,,,6.72,0,0,2,0,0,0.6505126644362622,False,wet,False,,
2021,9,river,Teesta,Nohali Sapmari (Dn),2.2,,10.0,7.68,,38.0,,123.0,,,7.56,0,0,2,0,0,0.35887970000885067,False,wet,False,,
2021,9,river,Teesta,Nohali Sapmari (Up),2.2,,10.0,7.68,,38.0,,123.0,,,7.56,0,0,2,0,0,0.35887970000885067,False,wet,False,,
2021,9,river,Teesta,Teesta Barrage (Dn),2.3,,10.0,7.88,,40.0,,128.0,,,7.96,0,0,2,0,0,0.24030297340832668,False,wet,False,,
2021,9,river,Teesta,Teesta Barrage (Up),2.3,,10.0,7.88,,40.0,,128.0,,,7.96,0,0,2,0,0,0.24030297340832668,False,wet,False,,
2021,9,river,Teesta,Teesta Bridge (Dn),2.3,,10.0,7.84,,42.0,,132.0,,,7.9,0,0,2,0,0,0.25000137854392873,False,wet,False,,
2021,9,river,Teesta,Teesta Bridge (Up),2.3,,10.0,7.84,,42.0,,132.0,,,7.9,0,0,2,0,0,0.25000137854392873,False,wet,False,,
2021,9,river,Turag,Ashulia,14.0,50.0,13.0,5.35,166.0,64.0,,82.0,63.0,,7.11,3,1,2,1,1,1.4547971580075145,False,wet,True,1.0,2.0
2021,9,river,Turag,Kaliakoir,10.0,32.0,14.0,5.1,176.0,322.0,,94.0,62.0,,6.98,3,1,2,1,1,1.4881364791523082,False,wet,True,1.0,2.0
2021,9,river,Turag,Nama Bazar,10.0,32.0,12.0,6.21,154.0,123.0,,76.0,58.0,,7.12,2,1,2,1,1,0.8620063573571823,False,wet,True,1.0,1.0
2021,9,river,Turag,Turag Bridge,12.0,48.0,14.0,5.21,165.0,60.0,,84.0,55.0,,7.08,3,1,2,1,1,1.6078426413907558,False,wet,True,1.0,2.0
2021,9,river,Turag,Vawal,12.0,56.0,14.0,5.44,176.0,146.0,,97.0,68.0,,7.32,3,1,2,1,1,1.3914610545529482,False,wet,True,1.0,2.0
2021,9,urban_lake,Dhanmondi Lake,8 No. Road Bridge,8.0,54.0,26.0,2.9,274.0,4.0,,145.9,89.0,2.25,6.54,4,2,2,1,2,2.0008849538313505,False,wet,False,,
2021,9,urban_lake,Dhanmondi Lake,Near Dhanmondi- Road No 28,6.0,27.0,20.5,3.8,235.0,1.0,,120.9,72.0,7.35,6.73,3,1,2,1,1,0.9650879555086671,False,wet,False,,
2021,9,urban_lake,Dhanmondi Lake,Near Gigatola Pilkhana More,12.0,90.0,20.0,4.5,229.0,3.0,,121.0,87.0,6.05,6.7,3,1,2,1,1,2.4555320297114513,True,wet,False,,
2021,9,urban_lake,Gulshan Lake,Lake View Clinic,32.0,110.0,33.5,3.0,393.0,104.0,,206.8,120.0,40.2,6.94,4,2,2,1,2,8.970662905798727,True,wet,False,,
2021,9,urban_lake,Gulshan Lake,South Bridge,30.0,97.0,32.5,4.8,389.0,110.0,,204.4,89.0,41.0,6.96,3,1,2,1,1,7.827388753918097,True,wet,False,,
2021,9,urban_lake,Gulshan Lake,Taltola Shooting Complex,25.0,78.0,36.0,3.7,439.0,40.0,,236.0,83.0,19.4,6.85,4,2,2,1,2,5.8779186163794215,True,wet,False,,
2021,9,urban_lake,Gulshan Lake,United Hospital,32.0,120.0,33.5,3.8,394.0,119.0,,206.7,81.0,43.0,6.92,4,2,2,1,2,8.921684641661368,True,wet,False,,
2021,9,urban_lake,Hatir Jheel,FDC More Bridge,12.0,46.0,41.5,0.0,498.0,58.0,,267.0,174.0,32.0,6.64,4,2,2,1,2,4.476169146732165,True,wet,False,,
2021,9,urban_lake,Hatir Jheel,Raampura Bridge,30.0,149.0,40.5,0.0,497.0,56.0,,267.0,104.0,33.0,6.86,4,2,2,1,2,8.72576408621663,True,wet,False,,
2021,10,river,Ganges,Gorai off Take,1.0,,46.0,8.76,168.0,50.0,,82.0,,48.4,8.24,0,0,2,0,0,0.4523249522197655,False,wet,False,,
2021,10,river,Gorai,Kamarkhali Bridge,1.3,,72.0,6.37,114.3,55.0,,54.0,,75.0,8.82,1,0,2,0,0,1.225120932611254,False,wet,False,,
2021,10,river,Halda,Garduara Sluice gate,4.0,13.0,,5.4,,45.0,,46.0,,,7.35,2,1,2,1,1,0.7052138979157069,False,wet,False,,
2021,10,river,Halda,Halda Bridge,5.0,12.0,,6.12,,98.0,,49.3,,,7.56,1,0,2,0,0,0.5055300863638574,False,wet,False,,
2021,10,river,Halda,Maduna Ghat,5.0,15.0,,5.49,,67.0,,,,,7.43,2,1,2,1,1,0.6222766529189491,False,wet,False,,
2021,10,river,Jamuna,Horipur Kheya Ghat (DN),2.2,,10.0,7.66,,38.0,,123.0,,,7.7,0,0,2,0,0,0.33743675971440323,False,wet,False,,
2021,10,river,Jamuna,Horipur Kheya Ghat (UP),2.2,,10.0,7.66,,38.0,,123.0,,,7.7,0,0,2,0,0,0.33743675971440323,False,wet,False,,
2021,10,river,Jamuna,Jamuna Eco Park (UP),2.3,,11.0,7.6,,42.0,,131.0,,,7.48,0,0,2,0,0,0.4948617796476397,False,wet,False,,
2021,10,river,Jamuna,Mohonganj (DN),2.2,,11.0,7.66,,38.0,,127.0,,,7.54,0,0,2,0,0,0.38197655426364646,False,wet,False,,
2021,10,river,Jamuna,Mohonganj (UP),2.2,,11.0,7.66,,38.0,,127.0,,,7.54,0,0,2,0,0,0.38197655426364646,False,wet,False,,
2021,10,river,Khakshiali,Boshontopur,9.0,,205.0,3.7,599.0,70.0,,289.0,,89.0,8.23,4,2,2,1,2,1.398116790905301,False,wet,False,,
2021,10,river,Khakshiali,Kaliganj Bazar,10.0,,203.0,3.5,588.0,68.0,,285.0,,90.0,8.2,4,2,2,1,2,1.3348038908220274,False,wet,False,,
2021,10,river,Khakshiali,Uzirpur,9.0,,210.0,3.5,1810.0,69.0,,906.0,,88.0,8.18,4,2,2,1,2,2.1166084410207535,False,wet,False,,
2021,10,river,Korotoa,Aziz Ahmed Taki Road (Down),3.7,,,5.04,312.0,58.0,,156.0,,,7.08,2,1,2,1,1,0.8117212064152091,False,wet,False,,
2021,10,river,Korotoa,Aziz Ahmed Taki Road (UP),3.7,,,5.04,312.0,58.0,,156.0,,,7.08,2,1,2,1,1,0.8117212064152091,False,wet,False,,
2021,10,river,Korotoa,Dottobari Bridge (Down),3.6,,,4.8,320.0,60.0,,160.0,,,7.16,2,1,2,1,1,0.830317328234456,False,wet,False,,
2021,10,river,Korotoa,Dottobari Bridge (UP),3.6,,,4.8,320.0,60.0,,160.0,,,7.16,2,1,2,1,1,0.830317328234456,False,wet,False,,
2021,10,river,Korotoa,Sultanganj- Gabtoli (DN),3.8,,,5.1,328.0,56.0,,164.0,,,7.04,2,1,2,1,1,0.8059518326121163,False,wet,False,,
2021,10,river,Korotoa,Sultanganj- Gabtoli (UP),3.8,,,5.1,328.0,56.0,,164.0,,,7.04,2,1,2,1,1,0.8059518326121163,False,wet,False,,
2021,10,river,Kushiara,Fenchuganj Bridge Point,3.2,17.0,,6.71,97.8,,,53.0,,,,1,0,2,0,0,0.6116003383941155,False,wet,False,,
2021,10,river,Mathavanga,Dorshona Railway Junction,2.2,,65.0,3.2,163.0,,0.08,77.0,,,8.55,3,1,2,0,1,1.6545077763920784,False,wet,False,,
2021,10,river,Modhumoti,Dhalaitala,3.9,,28.0,4.5,176.0,42.0,,155.0,,55.0,7.49,2,1,2,1,1,0.9713404299293222,False,wet,False,,
2021,10,river,Moyuri,Buro Moulavir Darga,88.0,,155.0,0.3,522.0,,0.23,235.0,,49.0,8.01,4,2,2,1,2,35.308170667802365,True,wet,False,,
2021,10,river,Moyuri,Doshgate Jalma,38.0,,269.0,2.6,339.0,,0.15,151.0,,51.4,7.66,4,2,2,1,2,11.584813378415879,True,wet,False,,
2021,10,river,Moyuri,Shoshan Ghat,1.6,,269.0,4.1,368.0,,0.16,164.0,,51.4,7.94,1,0,2,0,0,0.2817269029010462,False,wet,False,,
2021,10,river,Pashur,Banishanta,2.0,,256.0,5.95,178.0,,,85.0,,75.3,8.25,1,0,2,0,0,0.4500597905935908,False,wet,False,,
2021,10,river,Pashur,Batiaghata By Pass,2.7,,249.0,5.6,237.0,,0.1,105.0,,63.1,8.4,1,0,2,0,0,0.5636930442433961,False,wet,False,,
2021,10,river,Pashur,Rampal Power Plant,1.9,,725.0,5.94,180.0,,0.07,84.0,,74.3,8.18,1,0,2,0,0,0.35290503058607053,False,wet,False,,
2021,10,river,Rupsa,"Charer Hat, Sulpur Aijgati (M)",3.3,,372.0,5.0,164.0,65.0,0.07,,,71.04,8.59,3,1,2,1,1,0.9025851189657051,False,wet,False,,
2021,10,river,Rupsa,"Gilatola, Nadan Pratap (M)",1.8,,66.0,3.5,182.0,75.0,0.08,,,70.4,8.56,3,1,2,0,1,1.50079325294451,False,wet,False,,
2021,10,river,Rupsa,Kalibari Ghat (M),3.0,,368.0,5.3,126.0,59.0,0.06,,,75.4,8.73,2,1,2,0,1,0.9333538708351654,False,wet,False,,
2021,10,river,Rupsa,Rupsa Ghat (M),3.1,,386.0,5.2,137.0,62.0,0.06,,,75.0,8.79,3,1,2,1,1,1.0762456098102364,False,wet,False,,
2021,10,river,Surma,Chhatak,2.6,15.0,,7.26,133.2,,,54.0,,,7.76,0,0,2,0,0,0.39991065193748476,False,wet,False,,
2021,10,river,Surma,Mendibag Point,2.4,14.0,,6.89,128.1,,,52.0,,,6.79,0,0,2,0,0,0.7402791152215791,False,wet,False,,
2021,10,river,Surma,Sheaik Ghat,2.8,16.0,,7.21,131.9,,,56.0,,,6.71,0,0,2,0,0,0.6479692334205542,False,wet,False,,
2021,10,river,Teesta,Nohali Sapmari (Dn),2.2,,10.0,7.66,,44.0,,125.0,,,7.68,0,0,2,0,0,0.34191289243903134,False,wet,False,,
2021,10,river,Teesta,Nohali Sapmari (Up),2.2,,10.0,7.66,,44.0,,125.0,,,7.68,0,0,2,0,0,0.34191289243903134,False,wet,False,,
2021,10,river,Teesta,Teesta Barrage (Dn),2.3,,10.0,7.84,,42.0,,127.0,,,8.02,0,0,2,0,0,0.2537871747696271,False,wet,False,,
2021,10,river,Teesta,Teesta Barrage (Up),2.3,,10.0,7.84,,42.0,,127.0,,,8.02,0,0,2,0,0,0.2537871747696271,False,wet,False,,
2021,10,river,Teesta,Teesta Bridge (Dn),2.3,,10.0,7.86,,40.0,,132.0,,,7.9,0,0,2,0,0,0.2388127662226864,False,wet,False,,
2021,10,river,Teesta,Teesta Bridge (Up),2.3,,10.0,7.86,,40.0,,132.0,,,7.9,0,0,2,0,0,0.2388127662226864,False,wet,False,,
2021,11,river,Bhairab,"Basundia Bazar, Aladipur",2.1,,123.0,3.4,210.0,,0.1,101.2,,67.4,8.54,3,1,2,0,1,1.5093422216592616,False,dry,False,,
2021,11,river,Bhairab,"Fultala Ghat, Dhulgram",9.0,,125.0,3.77,208.0,,0.1,99.0,,67.0,8.07,4,2,2,1,2,1.1798263292556832,False,dry,False,,
2021,11,river,Bhairab,Noapara Ferry Ghat,0.9,,113.0,5.93,182.8,,0.09,87.1,,64.5,8.55,2,1,2,0,1,0.750726423326294,False,dry,False,,
2021,11,river,Bhairab,Noapara Jafarpur,2.6,,125.0,4.2,217.7,,0.1,104.0,,69.0,8.09,1,0,2,0,0,0.537295682883037,False,dry,False,,
2021,11,river,Ganges,Gorai off Take,1.1,,38.0,6.8,174.0,53.0,,86.0,,34.2,8.32,0,0,2,0,0,0.5853411417802504,False,dry,False,,
2021,11,river,Gorai,Kamarkhali Bridge,1.0,,75.0,6.64,112.0,52.0,,56.0,,48.0,7.95,0,0,2,0,0,0.5436675599300367,False,dry,False,,
2021,11,river,Halda,Garduara Sluice gate,5.0,14.0,,8.12,,24.0,,15.64,,,7.26,1,0,2,0,0,0.476575981123597,False,dry,False,,
2021,11,river,Halda,Halda Bridge,4.0,10.0,,8.26,,15.0,,17.2,,,7.43,1,0,2,0,0,0.3622622869699321,False,dry,False,,
2021,11,river,Halda,Maduna Ghat,4.0,13.0,,8.07,,14.0,,,,,7.47,1,0,2,0,0,0.25188341397613834,False,dry,False,,
2021,11,river,Jamuna,Horipur Kheya Ghat (DN),2.2,,10.0,7.66,,36.0,,124.0,,,7.76,0,0,2,0,0,0.3717401232447937,False,dry,False,,
2021,11,river,Jamuna,Horipur Kheya Ghat (UP),2.2,,10.0,7.66,,36.0,,124.0,,,7.76,0,0,2,0,0,0.3717401232447937,False,dry,False,,
2021,11,river,Jamuna,Jamuna Eco Park (DN),2.3,,11.0,7.52,,40.0,,128.0,,,7.52,0,0,2,0,0,0.46106165918216185,False,dry,False,,
2021,11,river,Jamuna,Jamuna Eco Park (UP),2.3,,11.0,7.52,,40.0,,128.0,,,7.52,0,0,2,0,0,0.46106165918216185,False,dry,False,,
2021,11,river,Jamuna,Mohonganj (DN),2.2,,11.0,7.66,,38.0,,167.0,,,7.58,0,0,2,0,0,0.3515768308243956,False,dry,False,,
2021,11,river,Jamuna,Mohonganj (UP),2.2,,11.0,7.66,,38.0,,167.0,,,7.58,0,0,2,0,0,0.3515768308243956,False,dry,False,,
2021,11,river,Karnaphuli,CUFL,21.0,92.0,,7.87,,210.0,,6740.0,,,6.44,3,1,2,1,1,3.554538984545032,True,dry,False,,
2021,11,river,Karnaphuli,Kalurghat Bridge,5.0,14.0,,7.87,,32.0,,142.0,,,7.35,1,0,2,0,0,0.5698736104623355,False,dry,False,,
2021,11,river,Karnaphuli,Karnafully Paper,5.0,14.0,,7.68,,59.0,,212.0,,,7.17,1,0,2,0,0,0.6170957990226122,False,dry,False,,
2021,11,river,Karnaphuli,Mariam Nagar,5.0,16.0,,7.49,,89.0,,198.0,,,7.11,1,0,2,0,0,0.6743987943468291,False,dry,False,,
2021,11,river,Karnaphuli,Shikalbaha,6.0,,,7.56,,87.0,,312.0,,,7.24,1,0,2,0,0,0.7031640161914651,False,dry,False,,
2021,11,river,Karnaphuli,TSP,17.0,54.0,,6.69,,178.0,,3710.0,,,6.69,2,1,2,1,1,1.8125078179771268,False,dry,False,,
2021,11,river,Khakshiali,Boshontopur,8.0,,375.0,3.7,523.0,69.0,,268.0,,88.0,8.2,4,2,2,1,2,1.320146066174734,False,dry,False,,
2021,11,river,Khakshiali,Kaliganj Bazar,7.0,,363.0,3.4,512.0,68.0,,262.0,,90.0,8.18,4,2,2,1,2,1.3560642106043728,False,dry,False,,
2021,11,river,Khakshiali,Uzirpur,8.0,,762.0,3.7,1428.0,64.0,,734.0,,84.0,8.17,4,2,2,1,2,1.984469772082951,False,dry,False,,
2021,11,river,Korotoa,Aziz Ahmed Taki Road (Down),3.9,,,4.86,308.0,56.0,,154.0,,,7.06,2,1,2,1,1,0.7162242771428341,False,dry,False,,
2021,11,river,Korotoa,Aziz Ahmed Taki Road (UP),3.9,,,4.86,308.0,56.0,,154.0,,,7.06,2,1,2,1,1,0.7162242771428341,False,dry,False,,
2021,11,river,Korotoa,Dottobari Bridge (Down),4.1,,,4.92,320.0,60.0,,160.0,,,7.1,2,1,2,1,1,0.6501941092913552,False,dry,False,,
2021,11,river,Korotoa,Dottobari Bridge (UP),4.1,,,4.92,320.0,60.0,,160.0,,,7.1,2,1,2,1,1,0.6501941092913552,False,dry,False,,
2021,11,river,Korotoa,Sultanganj- Gabtoli (DN),4.0,,,4.88,316.0,58.0,,158.0,,,7.04,2,1,2,1,1,0.6947998852719186,False,dry,False,,
2021,11,river,Korotoa,Sultanganj- Gabtoli (UP),4.0,,,4.88,316.0,58.0,,158.0,,,7.04,2,1,2,1,1,0.6947998852719186,False,dry,False,,
2021,11,river,Kushiara,Fenchuganj Bridge Point,3.1,16.0,,6.7,98.2,,,52.0,,,,1,0,2,0,0,0.5692097259088362,False,dry,False,,
2021,11,river,Mathavanga,Dorshona Railway Junction,2.1,,135.0,5.02,226.0,,0.11,110.0,,,8.79,2,1,2,0,1,0.9470639390237726,False,dry,False,,
2021,11,river,Modhumoti,Dhalaitala,3.1,,50.0,4.8,174.0,48.0,,86.0,,52.1,7.45,2,1,2,1,1,0.7339486269016262,False,dry,False,,
2021,11,river,Moyuri,Buro Moulavir Darga,26.0,,325.0,3.91,540.0,,0.26,257.0,,49.2,8.03,4,2,2,1,2,5.930114147706667,True,dry,False,,
2021,11,river,Moyuri,Doshgate Jalma,34.0,,225.0,2.56,350.0,,0.18,180.0,,51.1,7.7,4,2,2,1,2,9.725113060336664,True,dry,False,,
2021,11,river,Moyuri,Shoshan Ghat,14.0,,325.0,2.65,540.0,,0.26,257.0,,50.2,8.05,4,2,2,1,2,1.8387423717932125,False,dry,False,,
2021,11,river,Pashur,Banishanta,1.5,,113.0,6.97,178.0,,,67.5,,75.8,8.57,1,0,2,0,0,0.7443181043752874,False,dry,False,,
2021,11,river,Pashur,Batiaghata By Pass,2.5,,250.0,5.09,415.0,,0.2,196.0,,61.2,8.1,1,0,2,0,0,0.40784373761202575,False,dry,False,,
2021,11,river,Pashur,Rampal Power Plant,1.1,,88.0,5.82,,,0.07,90.0,,74.0,8.22,1,0,2,0,0,0.572095102823638,False,dry,False,,
2021,11,river,Rupsa,"Charer Hat, Sulpur Aijgati (M)",0.2,,123.0,7.01,205.6,65.0,0.1,,,71.04,8.15,0,0,2,0,0,0.7427530043249957,False,dry,False,,
2021,11,river,Rupsa,"Gilatola, Nadan Pratap (M)",1.0,,123.0,6.02,204.0,72.0,0.1,,,70.1,8.8,1,0,2,0,0,1.0745175322409661,False,dry,False,,
2021,11,river,Rupsa,Kalibari Ghat (M),3.0,,124.0,5.0,136.0,61.0,0.1,,,75.4,8.23,1,0,2,0,0,0.6787959458455122,False,dry,False,,
2021,11,river,Rupsa,Rupsa Ghat (M),2.1,,138.0,4.5,131.4,61.0,0.11,,,75.0,8.26,1,0,2,0,0,0.5535170836442995,False,dry,False,,
2021,11,river,Surma,Chhatak,2.5,14.0,,7.23,133.2,,,53.0,,,6.79,0,0,2,0,0,0.6021086747033645,False,dry,False,,
2021,11,river,Surma,Mendibag Point,2.3,13.0,,6.88,128.0,,,50.0,,,6.76,0,0,2,0,0,0.718046922675535,False,dry,False,,
2021,11,river,Surma,Sheaik Ghat,2.7,15.0,,7.2,131.7,,,54.0,,,6.72,0,0,2,0,0,0.6246959017744254,False,dry,False,,
2021,11,river,Teesta,Nohali Sapmari (Dn),2.2,,10.0,7.66,,38.0,,129.0,,,7.62,0,0,2,0,0,0.35157683082439595,False,dry,False,,
2021,11,river,Teesta,Nohali Sapmari (Up),2.2,,10.0,7.66,,38.0,,129.0,,,7.62,0,0,2,0,0,0.35157683082439595,False,dry,False,,
2021,11,river,Teesta,Teesta Barrage (Dn),2.3,,10.0,7.92,,42.0,,138.0,,,7.82,0,0,2,0,0,0.27998544607463083,False,dry,False,,
2021,11,river,Teesta,Teesta Barrage (Up),2.3,,10.0,7.92,,42.0,,138.0,,,7.82,0,0,2,0,0,0.27998544607463083,False,dry,False,,
2021,11,river,Teesta,Teesta Bridge (Dn),2.3,,10.0,7.9,,44.0,,130.0,,,7.86,0,0,2,0,0,0.23756584651318458,False,dry,False,,
2021,11,river,Teesta,Teesta Bridge (Up),2.3,,10.0,7.9,,44.0,,130.0,,,7.86,0,0,2,0,0,0.23756584651318458,False,dry,False,,
2021,12,river,Balu,Jolshiri Abason,8.0,22.0,20.0,2.2,407.0,10.0,,218.0,102.0,8.43,6.91,4,2,2,1,2,2.340817176092593,True,dry,True,3.0,2.0
2021,12,river,Balu,Trimohoni Bridge,40.0,119.0,39.0,1.5,723.0,79.0,,393.0,148.0,46.5,7.07,4,2,2,1,2,12.706369927247794,True,dry,True,2.0,2.0
2021,12,river,Bhairab,"Basundia Bazar, Aladipur",3.1,,262.0,6.8,224.0,,0.21,108.0,,65.4,7.86,1,0,2,0,0,0.4748432402041233,False,dry,False,,
2021,12,river,Bhairab,"Fultala Ghat, Dhulgram",2.6,,75.0,5.1,134.0,,0.06,63.0,,60.5,8.12,1,0,2,0,0,0.5802028888176898,False,dry,False,,
2021,12,river,Bhairab,Noapara Ferry Ghat,5.3,,88.0,6.1,147.0,,0.07,70.0,,69.0,8.05,1,0,2,0,0,0.43913208965467454,False,dry,False,,
2021,12,river,Bhairab,Noapara Jafarpur,5.0,,88.0,6.2,149.0,,0.07,71.0,,70.0,8.15,1,0,2,0,0,0.4857004171540632,False,dry,False,,
2021,12,river,Buriganga,B.C.F.B,28.0,80.0,24.0,2.13,521.0,53.0,,285.0,164.0,38.6,7.28,4,2,2,1,2,7.092771939546388,True,dry,True,2.0,2.0
2021,12,river,Buriganga,Bosila Bridge,14.0,37.0,24.0,1.51,514.0,37.0,,281.0,160.0,28.8,7.35,4,2,2,1,2,2.7746723515664304,True,dry,True,2.0,2.0
2021,12,river,Buriganga,Chandni Ghat,32.0,93.0,44.5,1.86,533.0,53.0,,290.0,202.0,36.9,7.32,4,2,2,1,2,8.92591983164776,True,dry,True,2.0,2.0
2021,12,river,Buriganga,Hazaribagh,16.0,39.0,20.0,1.54,524.0,59.0,,286.0,172.0,49.7,7.23,4,2,2,1,2,3.025265029534172,True,dry,True,2.0,2.0
2021,12,river,Buriganga,Mirpur Bridge,40.0,119.0,24.5,1.72,524.0,44.0,,287.0,168.0,33.4,7.28,4,2,2,1,2,12.636744615955088,True,dry,True,2.0,2.0
2021,12,river,Buriganga,Satmosjid Road,26.0,73.0,23.5,1.56,498.0,38.0,,276.0,159.0,22.4,7.27,4,2,2,1,2,6.3610589583691075,True,dry,True,2.0,2.0
2021,12,river,Dhaleshwari,Mukterpur,10.0,34.0,14.0,1.1,312.0,37.0,,165.0,88.0,,7.2,4,2,2,1,2,3.0694153370324,True,dry,True,2.0,2.0
2021,12,river,Dhaleshwari,Pathorghata,12.0,32.0,,6.2,,25.0,,272.0,108.0,,7.64,2,1,2,1,1,0.9234789505408114,False,dry,True,1.0,1.0
2021,12,river,Dhaleshwari,Utorro Mitra,6.0,19.0,34.5,5.1,489.0,14.0,,295.0,190.0,,7.26,2,1,2,1,1,0.8783757490796206,False,dry,True,1.0,1.0
2021,12,river,Ganges,Gorai off Take,4.8,,87.5,7.8,150.0,51.0,,73.0,,34.0,8.24,1,0,2,0,0,0.3351966743238058,False,dry,False,,
2021,12,river,Gorai,Kamarkhali Bridge,3.8,,262.0,7.6,150.0,59.0,,81.4,,49.0,8.49,1,0,2,0,0,0.6164636477036487,False,dry,False,,
2021,12,river,Halda,Garduara Sluice gate,4.0,11.0,,7.44,,37.0,,38.0,,,7.34,1,0,2,0,0,0.5725940355110793,False,dry,False,,
2021,12,river,Halda,Halda Bridge,5.0,14.0,,7.22,,59.0,,64.2,,,7.45,1,0,2,0,0,0.4882876345125622,False,dry,False,,
2021,12,river,Halda,Maduna Ghat,4.0,17.0,,7.89,,46.0,,,,,7.49,1,0,2,0,0,0.18654038271644985,False,dry,False,,
2021,12,river,Jamuna,Horipur Kheya Ghat (DN),2.2,,10.0,7.68,,36.0,,121.0,,,7.76,0,0,2,0,0,0.36291790795732876,False,dry,False,,
2021,12,river,Jamuna,Horipur Kheya Ghat (UP),2.2,,10.0,7.68,,36.0,,121.0,,,7.76,0,0,2,0,0,0.36291790795732876,False,dry,False,,
2021,12,river,Jamuna,Jamuna Eco Park (DN),2.3,,11.0,7.6,,40.0,,128.0,,,7.54,0,0,2,0,0,0.4118571212680983,False,dry,False,,
2021,12,river,Jamuna,Jamuna Eco Park (UP),2.3,,11.0,7.6,,40.0,,128.0,,,7.54,0,0,2,0,0,0.4118571212680983,False,dry,False,,
2021,12,river,Jamuna,Mohonganj (DN),2.2,,11.0,7.66,,38.0,,124.0,,,7.58,0,0,2,0,0,0.3515768308243956,False,dry,False,,
2021,12,river,Jamuna,Mohonganj (UP),2.2,,11.0,7.66,,38.0,,124.0,,,7.58,0,0,2,0,0,0.3515768308243956,False,dry,False,,
2021,12,river,Jamuna,Sarkarkhana,26.0,,18.0,6.5,,12.0,,224.0,,,7.59,2,1,2,1,1,5.8505827199610305,True,dry,False,,
2021,12,river,Kaligonga,Bheutha Ghat,4.0,,15.0,7.6,,9.0,,259.0,,,7.55,1,0,2,0,0,0.3097080310189388,False,dry,True,1.0,1.0
2021,12,river,Karnaphuli,CUFL,19.0,76.0,,7.56,,197.0,,5432.0,,,6.14,3,1,2,1,1,3.0613562420820517,True,dry,False,,
2021,12,river,Karnaphuli,Kalurghat Bridge,4.0,15.0,,7.59,,48.0,,164.0,,,7.19,1,0,2,0,0,0.6323246293231051,False,dry,False,,
2021,12,river,Karnaphuli,Karnafully Paper,5.0,16.0,,7.61,,63.0,,189.0,,,7.37,1,0,2,0,0,0.6307282773502046,False,dry,False,,
2021,12,river,Karnaphuli,Mariam Nagar,5.0,15.0,,7.36,,112.0,,213.0,,,7.24,1,0,2,0,0,0.6010581999501344,False,dry,False,,
2021,12,river,Karnaphuli,Shikalbaha,5.0,,,7.21,,84.0,,432.0,,,7.41,1,0,2,0,0,0.4901695739730423,False,dry,False,,
2021,12,river,Karnaphuli,TSP,11.0,38.0,,6.29,,139.0,,3198.0,,,6.74,2,1,2,1,1,1.6533951288321391,False,dry,False,,
2021,12,river,Khakshiali,Boshontopur,1.0,,138.0,1.4,1942.0,82.0,,1089.0,,88.0,8.09,2,1,2,0,1,2.595987608308416,True,dry,False,,
2021,12,river,Khakshiali,Kaliganj Bazar,6.1,,1375.0,8.7,1926.0,88.0,,1084.0,,90.0,7.69,2,1,2,1,1,0.8273984393492051,False,dry,False,,
2021,12,river,Khakshiali,Uzirpur,4.2,,1375.0,6.7,1945.0,87.0,,1093.0,,98.0,7.86,1,0,2,0,0,1.0160698649208426,False,dry,False,,
2021,12,river,Korotoa,Aziz Ahmed Taki Road (Down),4.2,,,5.0,332.0,54.0,,166.0,,,7.02,2,1,2,1,1,0.6717497114923355,False,dry,False,,
2021,12,river,Korotoa,Aziz Ahmed Taki Road (UP),4.2,,,5.0,332.0,54.0,,166.0,,,7.02,2,1,2,1,1,0.6717497114923355,False,dry,False,,
2021,12,river,Korotoa,Dottobari Bridge (Down),4.1,,,4.9,340.0,58.0,,170.0,,,7.04,2,1,2,1,1,0.6672674234679125,False,dry,False,,
2021,12,river,Korotoa,Dottobari Bridge (UP),4.1,,,4.9,340.0,58.0,,170.0,,,7.04,2,1,2,1,1,0.6672674234679125,False,dry,False,,
2021,12,river,Korotoa,Sultanganj- Gabtoli (DN),4.0,,,5.1,320.0,56.0,,160.0,,,6.98,2,1,2,1,1,0.7907281029581562,False,dry,False,,
2021,12,river,Korotoa,Sultanganj- Gabtoli (UP),4.0,,,5.1,320.0,56.0,,160.0,,,6.98,2,1,2,1,1,0.7907281029581562,False,dry,False,,
2021,12,river,Kushiara,Fenchuganj Bridge Point,2.6,15.0,,7.2,119.4,,,59.0,,,,0,0,2,0,0,0.4414926469124452,False,dry,False,,
2021,12,river,Mathavanga,Dorshona Railway Junction,2.7,,175.0,5.4,304.0,,0.14,146.0,,,7.95,1,0,2,0,0,0.3918360606227897,False,dry,False,,
2021,12,river,Meghna,Annando Bazar,3.0,,7.0,7.2,,9.0,,48.0,,,7.14,0,0,2,0,0,0.6408511008288807,False,dry,False,,
2021,12,river,Meghna,Bairob Ferry Ghat,3.0,,8.5,6.5,,16.0,,44.0,,,6.89,0,0,2,0,0,0.9554860151486327,False,dry,False,,
2021,12,river,Meghna,Bish Nondi Ghat,6.0,,7.0,5.8,,15.0,,60.0,,,7.39,2,1,2,1,1,0.6300620077297961,False,dry,False,,
2021,12,river,Meghna,Meghna Ghat,3.0,,10.0,6.0,,18.0,,66.0,,,7.23,0,0,2,0,0,0.5748928809876743,False,dry,False,,
2021,12,river,Padma,Barha Ghat,4.0,,,6.6,207.0,93.0,,111.0,,,8.01,1,0,2,0,0,0.4736694598554458,False,dry,False,,
2021,12,river,Padma,Mawa ferry Ghat,3.0,,,8.6,240.0,67.0,,128.0,,,7.74,0,0,2,0,0,0.31746355102375445,False,dry,False,,
2021,12,river,Pashur,Banishanta,3.2,,138.0,6.0,244.0,,,116.0,,78.8,7.85,1,0,2,0,0,0.4760755276916468,False,dry,False,,
2021,12,river,Pashur,Rampal Power Plant,1.9,,150.0,4.8,238.0,,0.12,118.4,,74.0,8.64,2,1,2,0,1,0.7796277830556724,False,dry,False,,
2021,12,river,Rupsa,"Gilatola, Nadan Pratap (M)",2.8,,125.0,5.2,212.5,68.0,0.1,,,75.4,7.21,1,0,2,0,0,0.6704825875286371,False,dry,False,,
2021,12,river,Rupsa,Kalibari Ghat (M),3.1,,87.5,5.4,141.0,65.0,0.07,,,74.4,7.17,2,1,2,1,1,0.7284669303014152,False,dry,False,,
2021,12,river,Rupsa,Rupsa Ghat (M),2.5,,75.0,5.5,136.0,57.0,0.06,,,70.8,8.1,1,0,2,0,0,0.6658518396662243,False,dry,False,,
2021,12,river,Shitalakhya,Gorashal,8.0,29.0,14.0,4.5,331.0,29.0,,185.0,76.0,,7.68,3,1,2,1,1,0.9566872352438819,False,dry,True,1.0,2.0
2021,12,river,Shitalakhya,Majira Demra Ghat,12.0,34.0,15.0,3.0,431.0,33.0,,242.0,39.0,,7.28,4,2,2,1,2,2.049512942638262,False,dry,True,1.0,2.0
2021,12,river,Shitalakhya,Murapara (Rupgonj),8.0,30.0,20.0,4.0,510.0,36.0,,222.0,82.0,,7.56,3,1,2,1,1,1.3317128412177233,False,dry,True,1.0,2.0
2021,12,river,Shitalakhya,Port Road,10.0,32.0,24.0,3.4,550.0,38.0,,296.0,102.0,,7.31,4,2,2,1,2,1.5104879775174713,False,dry,True,1.0,2.0
2021,12,river,Surma,Chhatak,2.3,14.0,,7.19,134.3,,,52.0,,,6.76,0,0,2,0,0,0.5649004883850153,False,dry,False,,
2021,12,river,Surma,Mendibag Point,2.9,16.0,,8.55,127.7,,,68.4,,,6.88,0,0,2,0,0,0.46519596533764984,False,dry,False,,
2021,12,river,Surma,Sheaik Ghat,2.8,18.0,,8.23,132.9,,,69.2,,,6.92,0,0,2,0,0,0.44839844880985735,False,dry,False,,
2021,12,river,Teesta,Nohali Sapmari (Dn),2.2,,10.0,7.68,,37.0,,123.0,,,7.62,0,0,2,0,0,0.34703343724411717,False,dry,False,,
2021,12,river,Teesta,Nohali Sapmari (Up),2.2,,10.0,7.68,,37.0,,123.0,,,7.62,0,0,2,0,0,0.34703343724411717,False,dry,False,,
2021,12,river,Teesta,Teesta Barrage (Dn),2.3,,10.0,7.9,,42.0,,128.0,,,7.8,0,0,2,0,0,0.2965064423209372,False,dry,False,,
2021,12,river,Teesta,Teesta Barrage (Up),2.3,,10.0,7.9,,42.0,,128.0,,,7.8,0,0,2,0,0,0.2965064423209372,False,dry,False,,
2021,12,river,Teesta,Teesta Bridge (Dn),2.3,,10.0,7.88,,44.0,,132.0,,,,0,0,2,0,0,0.2197796749810174,False,dry,False,,
2021,12,river,Teesta,Teesta Bridge (Up),2.3,,10.0,7.88,,44.0,,132.0,,,7.9,0,0,2,0,0,0.22814623049164343,False,dry,False,,
2021,12,river,Turag,Ashulia,8.0,22.0,34.5,0.5,455.0,27.0,,257.0,100.0,,7.28,4,2,2,1,2,3.3649330908446586,True,dry,True,3.0,2.0
2021,12,river,Turag,Kaliakoir,12.0,36.0,12.0,2.1,296.0,13.0,,160.0,86.0,,7.6,4,2,2,1,2,2.0987661156869475,False,dry,True,2.0,2.0
2021,12,river,Turag,Nama Bazar,8.0,28.0,31.0,1.2,560.0,22.0,,319.0,109.0,,7.53,4,2,2,1,2,2.8568154296968955,True,dry,True,3.0,2.0
2021,12,river,Turag,Turag Bridge,18.0,51.0,36.0,2.3,422.0,20.0,,240.0,104.0,,7.14,4,2,2,1,2,3.2518401433244395,True,dry,True,2.0,2.0
2021,12,river,Turag,Vawal,8.0,28.0,14.0,3.2,300.0,13.0,,162.0,86.0,,7.12,4,2,2,1,2,1.7950285410321578,False,dry,True,1.0,2.0
2021,12,urban_lake,Dhanmondi Lake,8 No. Road Bridge,28.0,58.0,28.0,3.0,324.0,28.0,,162.2,88.0,4.5,6.85,4,2,2,1,2,7.272799877355049,True,dry,False,,
2021,12,urban_lake,Dhanmondi Lake,Near Dhanmondi- Road No 28,10.0,63.0,38.0,4.3,260.0,10.0,,130.2,84.0,8.7,7.16,3,1,2,1,1,1.7411516281672745,False,dry,False,,
2021,12,urban_lake,Dhanmondi Lake,Near Dhanmondi-32 Bridge,16.0,86.0,26.0,3.6,294.0,16.0,,148.0,86.0,9.0,7.23,4,2,2,1,2,2.340116707046317,True,dry,False,,
2021,12,urban_lake,Dhanmondi Lake,Near Gigatola Pilkhana More,14.0,56.0,24.0,4.2,255.0,14.0,,128.0,85.0,6.6,7.22,3,1,2,1,1,2.1141153408748288,False,dry,False,,
2021,12,urban_lake,Gulshan Lake,Lake View Clinic,50.0,149.0,54.0,7.68,654.0,146.0,,352.0,148.0,52.4,7.33,2,1,2,1,1,17.12170922956029,True,dry,False,,
2021,12,urban_lake,Gulshan Lake,South Bridge,36.0,107.0,41.0,12.04,440.0,152.0,,241.0,148.0,58.9,7.41,2,1,2,1,1,10.549305775509332,True,dry,False,,
2021,12,urban_lake,Gulshan Lake,Taltola Shooting Complex,30.0,88.0,48.0,7.76,551.0,114.0,,302.0,130.0,50.2,7.39,2,1,2,1,1,7.643744360369416,True,dry,False,,
2021,12,urban_lake,Gulshan Lake,United Hospital,38.0,115.0,40.0,4.13,454.0,140.0,,247.0,143.0,56.9,7.28,3,1,2,1,1,11.54001238990209,True,dry,False,,
2021,12,urban_lake,Hatir Jheel,FDC More Bridge,24.0,68.0,44.0,1.68,471.0,48.0,,259.0,108.0,50.7,7.71,4,2,2,1,2,5.380025059953726,True,dry,False,,
2021,12,urban_lake,Hatir Jheel,Raampura Bridge,28.0,83.0,46.0,3.22,531.0,86.0,,294.0,128.0,29.9,7.57,4,2,2,1,2,6.85082734757417,True,dry,False,,
2022,1,river,Balu,Jolshiri Abason,22.0,80.0,8.0,0.43,248.0,8.0,,138.0,138.0,23.4,7.13,4,2,2,1,2,5.381265176247379,True,dry,True,3.0,2.0
2022,1,river,Balu,Trimohoni Bridge,28.0,117.0,79.0,0.0,347.0,69.0,,180.0,336.0,51.0,6.82,4,2,2,1,2,7.975843042324409,True,dry,True,3.0,2.0
2022,1,river,Buriganga,Bosila Bridge,16.0,93.0,59.0,1.9,659.0,,,378.0,186.0,51.3,7.26,4,2,2,1,2,2.7277879673559164,True,dry,True,2.0,2.0
2022,1,river,Buriganga,Chandni Ghat Bridge,18.0,68.0,55.0,1.8,,,,365.0,199.0,44.3,,4,2,2,1,2,3.1960562491044624,True,dry,True,2.0,2.0
2022,1,river,Buriganga,Fatullah,16.0,72.0,53.0,1.9,620.0,,,358.0,182.0,34.5,7.32,4,2,2,1,2,2.6823281157146655,True,dry,True,2.0,2.0
2022,1,river,Buriganga,Hazaribagh,18.0,66.0,52.0,2.4,630.0,,,362.0,190.0,24.1,7.46,4,2,2,1,2,2.8150412542258,True,dry,True,2.0,2.0
2022,1,river,Buriganga,Mirpur Bridge,18.0,56.0,60.0,1.4,664.0,,,379.0,186.0,65.7,7.26,4,2,2,1,2,3.4326131740758297,True,dry,True,2.0,2.0
2022,1,river,Buriganga,Satmosjid Road,16.0,60.0,88.0,1.2,915.0,,,531.0,354.0,86.9,7.0,4,2,2,1,2,3.3811951882876605,True,dry,True,3.0,2.0
2022,1,river,Dhaleshwari,Hazratpur,8.0,22.0,,5.4,610.0,,,290.0,,,7.22,3,1,2,1,1,1.398083002228202,False,dry,True,1.0,2.0
2022,1,river,Dhaleshwari,Mukterpur,10.0,51.0,,0.0,608.0,,,331.0,,,7.48,4,2,2,1,2,3.5635925784159075,True,dry,True,3.0,2.0
2022,1,river,Dhaleshwari,Pathorghata,12.0,36.0,,6.0,580.0,,,280.0,,,7.26,2,1,2,1,1,1.1775002966640293,False,dry,True,1.0,1.0
2022,1,river,Dhaleshwari,Ruhitpur,10.0,32.0,,5.8,304.0,,,290.0,,,7.18,3,1,2,1,1,0.8256223780294252,False,dry,True,1.0,2.0
2022,1,river,Dhaleshwari,Utorro Mitra,8.0,20.0,,4.8,540.0,,,299.0,,,7.31,3,1,2,1,1,1.548391612478059,False,dry,True,1.0,2.0
2022,1,river,Halda,Garduara Sluice Gate,15.0,15.0,,7.32,131.5,,,67.1,,,7.34,2,1,2,1,1,1.0698013782887412,False,dry,False,,
2022,1,river,Halda,Halda Bridge,12.0,12.0,,7.11,124.7,,,63.7,,,7.45,2,1,2,1,1,1.163407870286953,False,dry,False,,
2022,1,river,Halda,Maduna Ghat,14.0,14.0,,7.45,119.7,,,63.1,,,7.49,2,1,2,1,1,0.8397479268534169,False,dry,False,,
2022,1,river,Karnaphuli,CUFL,16.0,49.0,,7.57,2800.0,,,1462.0,,,7.21,2,1,2,1,1,2.806251044299264,True,dry,False,,
2022,1,river,Karnaphuli,Kalurghat Bridge,5.0,13.0,,7.34,286.0,,,149.0,,,7.35,1,0,2,0,0,0.5135232456568004,False,dry,False,,
2022,1,river,Karnaphuli,Karnaphuli Paper,5.0,15.0,,7.43,512.0,,,208.0,,,7.46,1,0,2,0,0,0.607954809828262,False,dry,False,,
2022,1,river,Karnaphuli,Mariam Nagar,4.0,14.0,,7.18,328.0,,,169.0,,,7.32,1,0,2,0,0,0.6872561307597421,False,dry,False,,
2022,1,river,Karnaphuli,Shikalbaha,4.0,14.0,,7.39,689.0,,,329.0,,,7.58,1,0,2,0,0,0.38316973668723014,False,dry,False,,
2022,1,river,Karnaphuli,TSP,13.0,32.0,,7.55,2300.0,,,1189.0,,,7.33,2,1,2,1,1,2.159628495263059,True,dry,False,,
2022,1,river,Meghna,Anondo Bazar,6.0,22.0,,6.2,,29.0,,77.0,,,7.75,1,0,2,0,0,0.8209236310565898,False,dry,False,,
2022,1,river,Meghna,Bhairob Bazar,4.0,36.0,,7.0,,23.0,,60.0,,,7.27,1,0,2,0,0,0.7573771776256534,False,dry,False,,
2022,1,river,Meghna,Bisnondi,6.0,20.0,,5.0,,14.0,,64.0,,,7.71,2,1,2,1,1,0.8536002531128499,False,dry,False,,
2022,1,river,Meghna,Meghna Ghat,4.0,12.0,,5.2,,11.0,,68.0,,,7.28,2,1,2,1,1,0.8525108024218566,False,dry,False,,
2022,1,river,Meghna,Norsingdi Launch Terminal,4.0,14.0,,5.0,,32.0,,193.0,,,7.56,2,1,2,1,1,0.8224160680022136,False,dry,False,,
2022,1,river,Shitalakhya,Gorashal Fertilizer,8.0,18.0,16.0,3.4,367.0,18.0,,197.0,81.0,,7.16,4,2,2,1,2,1.6907822174260172,False,dry,True,1.0,2.0
2022,1,river,Shitalakhya,Majhira Demra Ghat,12.0,42.0,48.0,1.2,643.0,54.0,,345.0,32.0,,7.34,4,2,2,1,2,2.8930657656428704,True,dry,True,3.0,2.0
2022,1,river,Shitalakhya,Murapara (Rupganj),10.0,40.0,42.0,1.8,626.0,50.0,,320.0,54.0,,7.4,4,2,2,1,2,2.288031020700909,True,dry,True,2.0,2.0
2022,1,river,Shitalakhya,Port Road,12.0,48.0,41.0,1.8,607.0,42.0,,349.0,94.0,,7.72,4,2,2,1,2,2.216763679085974,True,dry,True,2.0,2.0
2022,1,river,Turag,Ashulia,14.0,48.0,24.0,1.6,699.0,32.0,,394.0,164.0,,7.34,4,2,2,1,2,2.637066393434168,True,dry,True,2.0,2.0
2022,1,river,Turag,Kaliakoir,8.0,18.0,12.0,4.9,320.0,15.0,,177.0,102.0,,7.55,3,1,2,1,1,1.1951996423862028,False,dry,True,1.0,2.0
2022,1,river,Turag,Nama Bazar,16.0,61.0,21.0,2.4,653.0,34.0,,373.0,184.0,,7.49,4,2,2,1,2,2.2514618983749597,True,dry,True,2.0,2.0
2022,1,river,Turag,Turag Bridge,12.0,46.0,23.0,1.9,649.0,56.0,,369.0,180.0,,7.52,4,2,2,1,2,2.3443395005475893,True,dry,True,2.0,2.0
2022,1,river,Turag,Vawal,8.0,39.0,20.0,3.2,532.0,38.0,,299.0,106.0,,7.49,4,2,2,1,2,1.737733863779671,False,dry,True,1.0,2.0
2022,2,river,Balu,Jolshiri Abason,14.4,44.0,57.0,1.87,674.0,34.0,,385.0,141.0,21.0,7.34,4,2,2,1,2,2.486831088455982,True,dry,True,2.0,2.0
2022,2,river,Balu,Trimohoni Bridge,74.4,120.0,92.5,1.26,818.0,121.0,,470.0,370.0,71.0,7.14,4,2,2,1,2,28.83355799121067,True,dry,True,3.0,2.0
2022,2,river,Brahmaputra,Mymensingh,7.2,,11.0,11.4,,11.0,,148.0,,,7.97,2,1,2,1,1,0.6848047048119423,False,dry,False,,
2022,2,river,Buriganga,Bosila Bridge,22.0,52.0,64.0,0.6,806.0,82.0,,471.0,204.0,24.0,7.61,4,2,2,1,2,4.928381470599168,True,dry,True,3.0,2.0
2022,2,river,Buriganga,Chandni Ghat Bridge,22.0,68.0,59.0,0.4,,,,454.0,186.0,29.0,,4,2,2,1,2,5.156650514381527,True,dry,True,3.0,2.0
2022,2,river,Buriganga,Fatullah,22.0,70.0,56.0,1.8,738.0,82.0,,425.0,182.0,46.0,7.64,4,2,2,1,2,4.446162553258657,True,dry,True,2.0,2.0
2022,2,river,Buriganga,Hazaribagh,28.0,90.0,71.0,0.8,907.0,89.0,,534.0,216.0,54.0,7.47,4,2,2,1,2,7.300914570307506,True,dry,True,3.0,2.0
2022,2,river,Buriganga,Mirpur Bridge,26.0,68.0,68.0,1.1,801.0,80.0,,471.0,204.0,56.0,7.52,4,2,2,1,2,6.352805725488405,True,dry,True,3.0,2.0
2022,2,river,Buriganga,Satmosjid Road,20.0,95.0,70.0,1.3,829.0,90.0,,488.0,291.0,67.0,7.51,4,2,2,1,2,3.902216779645051,True,dry,True,3.0,2.0
2022,2,river,Dhaleshwari,Hazratpur,8.0,34.0,,2.0,648.0,,,327.0,,,7.8,4,2,2,1,2,2.290659847257927,True,dry,True,2.0,2.0
2022,2,river,Dhaleshwari,Mukterpur,18.0,34.0,,0.4,600.0,,,312.0,,,7.16,4,2,2,1,2,4.103866878950239,True,dry,True,3.0,2.0
2022,2,river,Dhaleshwari,Pathorghata,8.0,22.0,,2.5,808.0,,,411.0,,,7.77,4,2,2,1,2,1.9805708636283168,False,dry,True,3.0,2.0
2022,2,river,Dhaleshwari,Ruhitpur,10.0,28.0,,2.1,698.0,,,348.0,,,7.48,4,2,2,1,2,2.0113838964776,False,dry,True,2.0,2.0
2022,2,river,Dhaleshwari,Utorro Mitra,2.0,20.0,,10.0,503.0,,,280.0,,,7.88,0,0,2,0,0,0.17116609772269567,False,dry,True,1.0,0.0
2022,2,river,Ganges,Kanchan Park (Up Stream),2.4,,11.0,7.56,262.0,40.0,,131.0,,12.0,7.62,0,0,2,0,0,0.3117126467444857,False,dry,False,,
2022,2,river,Ganges,Nurullapur (Down Stream),2.4,,10.0,7.66,266.0,42.0,,133.0,,12.0,7.65,0,0,2,0,0,0.35226506594562224,False,dry,False,,
2022,2,river,Ganges,Nurullapur (Up Stream),2.4,,10.0,7.66,266.0,42.0,,133.0,,12.0,7.65,0,0,2,0,0,0.35226506594562224,False,dry,False,,
2022,2,river,Ganges,Sardah (Down Stream),2.3,,10.0,7.6,272.0,44.0,,136.0,,12.0,7.8,0,0,2,0,0,0.23896781002845946,False,dry,False,,
2022,2,river,Ganges,Sardah (Up Stream),2.3,,10.0,7.6,272.0,44.0,,136.0,,12.0,7.8,0,0,2,0,0,0.23896781002845946,False,dry,False,,
2022,2,river,Halda,Garduara Sluice Gate,14.0,14.0,,6.24,141.5,,,97.1,,,7.46,2,1,2,1,1,1.2690138507985196,False,dry,False,,
2022,2,river,Halda,Halda Bridge,15.0,15.0,,6.12,134.5,,,55.7,,,7.55,2,1,2,1,1,1.4935006366422727,False,dry,False,,
2022,2,river,Halda,Maduna Ghat,16.0,16.0,,6.12,129.7,,,73.6,,,7.57,2,1,2,1,1,1.676638567061085,False,dry,False,,
2022,2,river,Jamuna,Horipur Kheya Ghat (D),2.3,,10.0,7.64,,36.0,,120.0,,,7.74,0,0,2,0,0,0.3791685862280565,False,dry,False,,
2022,2,river,Jamuna,Horipur Kheya Ghat (U),2.3,,10.0,7.64,,36.0,,120.0,,,7.74,0,0,2,0,0,0.3791685862280565,False,dry,False,,
2022,2,river,Jamuna,Jamuna Eco Park (D),2.2,,11.0,7.62,,40.0,,128.0,,,7.54,0,0,2,0,0,0.3920703536865419,False,dry,False,,
2022,2,river,Jamuna,Jamuna Eco Park (U),2.2,,11.0,7.62,,40.0,,128.0,,,7.54,0,0,2,0,0,0.3920703536865419,False,dry,False,,
2022,2,river,Jamuna,Mohonganj (D),2.1,,11.0,7.64,,38.0,,129.0,,,7.64,0,0,2,0,0,0.3589849733177107,False,dry,False,,
2022,2,river,Jamuna,Mohonganj (U),2.1,,11.0,7.64,,38.0,,129.0,,,7.64,0,0,2,0,0,0.3589849733177107,False,dry,False,,
2022,2,river,Jamuna,Shariakandi Groin badth (D),2.3,,11.0,7.58,,42.0,,133.0,,,7.5,0,0,2,0,0,0.46835163966159077,False,dry,False,,
2022,2,river,Jamuna,Shariakandi Groin badth (U),2.3,,11.0,7.58,,42.0,,133.0,,,7.5,0,0,2,0,0,0.46835163966159077,False,dry,False,,
2022,2,river,Kaligonga,Bheutha Ghat,12.0,,21.0,8.0,,12.0,,44.0,,,7.72,2,1,2,1,1,0.8511133387512658,False,dry,True,2.0,2.0
2022,2,river,Karnaphuli,CUFL,12.0,28.0,,7.65,2976.0,,,1679.0,,,7.4,2,1,2,1,1,1.712618095093993,False,dry,False,,
2022,2,river,Karnaphuli,Kalurghat Bridge,4.0,13.0,,7.38,249.0,,,129.0,,,7.29,1,0,2,0,0,0.53620302245023,False,dry,False,,
2022,2,river,Karnaphuli,Karnaphuli Paper,5.0,14.0,,7.39,489.0,,,223.0,,,7.4,1,0,2,0,0,0.6376779162074835,False,dry,False,,
2022,2,river,Karnaphuli,Mariam Nagar,4.0,12.0,,7.27,298.0,,,159.0,,,7.19,1,0,2,0,0,0.5382712765008044,False,dry,False,,
2022,2,river,Karnaphuli,Shikalbaha,5.0,16.0,,7.47,769.0,,,435.0,,,7.65,1,0,2,0,0,0.4525827044171038,False,dry,False,,
2022,2,river,Karnaphuli,TSP,6.0,26.0,,7.49,2467.0,,,1235.0,,,7.62,1,0,2,0,0,1.2667754802129605,False,dry,False,,
2022,2,river,Padma,Barha Ghat,10.0,,,7.8,236.0,37.0,,128.0,,,8.5,2,1,2,1,1,1.2414090612238737,False,dry,False,,
2022,2,river,Padma,Mawa Ghat,8.0,,,10.0,245.0,55.0,,133.0,,,8.25,2,1,2,1,1,0.6736995520771172,False,dry,False,,
2022,2,river,Shitalakhya,Gorashal Fertilizer,8.6,20.0,22.0,5.0,230.0,20.0,,135.0,102.0,,6.76,3,1,2,1,1,1.8258733222590378,False,dry,True,1.0,2.0
2022,2,river,Shitalakhya,Majhira Demra Ghat,14.4,78.0,109.0,1.39,677.0,121.0,,383.0,211.0,,7.47,4,2,2,1,2,2.6903876763495305,True,dry,True,2.0,2.0
2022,2,river,Shitalakhya,Murapara (Rupganj),13.2,37.0,26.0,4.88,393.0,14.0,,216.0,190.0,,7.75,3,1,2,1,1,1.1220438979979175,False,dry,True,2.0,2.0
2022,2,river,Shitalakhya,Port Road,24.0,32.0,72.5,1.0,585.0,33.0,,329.0,126.0,,7.61,4,2,2,1,2,5.582254274800268,True,dry,True,2.0,2.0
2022,2,river,Turag,Ashulia,32.0,72.0,90.0,0.23,1134.0,98.0,,641.0,253.0,,7.63,4,2,2,1,2,9.181770178526047,True,dry,True,3.0,2.0
2022,2,river,Turag,Kaliakoir,12.0,36.0,31.0,3.68,464.0,9.0,,257.0,169.0,,7.62,4,2,2,1,2,1.216908893340508,False,dry,True,1.0,2.0
2022,2,river,Turag,Nama Bazar,34.0,44.0,104.5,0.28,1197.0,69.0,,683.0,267.0,,7.47,4,2,2,1,2,10.075077502704982,True,dry,True,3.0,2.0
2022,2,river,Turag,Turag Bridge,28.0,58.0,91.5,2.12,1161.0,74.0,,652.0,264.0,,8.03,4,2,2,1,2,6.988959307020194,True,dry,True,3.0,2.0
2022,2,river,Turag,Vawal,14.0,32.0,82.5,3.9,1110.0,22.0,,623.0,186.0,,7.74,4,2,2,1,2,1.0119901555421185,False,dry,True,2.0,2.0
2022,2,urban_lake,Dhanmondi Lake,8 No. Road Bridge,6.0,27.0,,5.27,251.0,9.0,,138.0,86.0,5.6,7.49,2,1,2,1,1,0.7114139689446466,False,dry,False,,
2022,2,urban_lake,Dhanmondi Lake,Road No 28 at the end of,6.0,51.0,,5.17,,,,,,,7.43,2,1,2,1,1,0.8336897366017142,False,dry,False,,
2022,2,urban_lake,Gulshan Lake,Near Lake View Clinic,32.0,122.0,42.0,5.47,486.0,159.0,,280.0,189.0,61.4,7.32,3,1,2,1,1,8.668611541347133,True,dry,False,,
2022,2,urban_lake,Hatir Jheel,FDC More Bridge,30.0,80.0,44.0,2.75,514.0,11.0,,289.0,186.0,8.3,7.65,4,2,2,1,2,7.822462550639228,True,dry,False,,
2022,2,urban_lake,Hatir Jheel,Raampura Bridge,25.0,117.0,47.0,4.0,559.0,58.0,,315.0,226.0,26.1,7.92,3,1,2,1,1,5.427968733198025,True,dry,False,,
2022,3,river,Balu,Jolshiri Abason,32.0,137.0,58.5,3.35,792.0,220.0,,422.0,320.0,86.3,7.1,4,2,2,1,2,8.796511260720294,True,dry,True,2.0,2.0
2022,3,river,Balu,Trimohoni Bridge,44.0,93.0,102.0,2.18,832.0,69.0,,443.0,300.0,34.4,7.07,4,2,2,1,2,14.479056614592583,True,dry,True,3.0,2.0
2022,3,river,Buriganga,Bosila Bridge,24.0,54.0,85.0,0.13,1231.0,61.0,,543.0,368.0,18.9,7.77,4,2,2,1,2,5.858805842152452,True,dry,True,3.0,2.0
2022,3,river,Buriganga,Chandni Ghat Bridge,28.0,73.0,83.0,0.12,,,,559.0,360.0,66.9,,4,2,2,1,2,7.598537365535115,True,dry,True,3.0,2.0
2022,3,river,Buriganga,Fatullah,26.0,100.0,90.0,0.16,1258.0,97.0,,549.0,370.0,25.7,7.69,4,2,2,1,2,6.6377201101510455,True,dry,True,3.0,2.0
2022,3,river,Buriganga,Hazaribagh,15.0,110.0,79.0,0.24,1395.0,168.0,,558.0,302.0,82.0,7.74,4,2,2,1,2,3.393267858546486,True,dry,True,3.0,2.0
2022,3,river,Buriganga,Mirpur Bridge,26.0,73.0,80.0,0.2,1389.0,80.0,,594.0,350.0,47.8,7.56,4,2,2,1,2,6.638011505030179,True,dry,True,3.0,2.0
2022,3,river,Buriganga,Satmosjid Road,28.0,115.0,100.0,0.17,1334.0,204.0,,555.0,300.0,78.0,7.65,4,2,2,1,2,7.468341040819666,True,dry,True,3.0,2.0
2022,3,river,Dhaleshwari,Hazratpur,8.0,34.0,,2.0,648.0,,,327.0,,,7.8,4,2,2,1,2,2.290659847257927,True,dry,True,2.0,2.0
2022,3,river,Dhaleshwari,Mukterpur,18.0,34.0,,0.4,600.0,,,312.0,,,7.16,4,2,2,1,2,4.103866878950239,True,dry,True,3.0,2.0
2022,3,river,Dhaleshwari,Pathorghata,8.0,22.0,,2.5,808.0,,,411.0,,,7.77,4,2,2,1,2,1.9805708636283168,False,dry,True,3.0,2.0
2022,3,river,Dhaleshwari,Ruhitpur,10.0,28.0,,2.1,698.0,,,348.0,,,7.48,4,2,2,1,2,2.0113838964776,False,dry,True,2.0,2.0
2022,3,river,Dhaleshwari,Utorro Mitra,2.0,10.0,,10.0,503.0,,,280.0,,,7.88,0,0,2,0,0,0.17116609772269567,False,dry,True,1.0,0.0
2022,3,river,Ganges,Kanchan Park (Up Stream),2.2,,11.0,7.54,262.0,40.0,,131.0,,12.0,7.64,0,0,2,0,0,0.2366878606541239,False,dry,False,,
2022,3,river,Ganges,Nurullapur (Down Stream),2.3,,10.0,7.6,266.0,42.0,,133.0,,12.0,7.62,0,0,2,0,0,0.3093466888462776,False,dry,False,,
2022,3,river,Ganges,Nurullapur (Up Stream),2.3,,10.0,7.6,266.0,42.0,,133.0,,12.0,7.62,0,0,2,0,0,0.3093466888462776,False,dry,False,,
2022,3,river,Ganges,Sardah (Down Stream),2.4,,10.0,7.5,272.0,44.0,,136.0,,12.0,7.7,0,0,2,0,0,0.29148488858370386,False,dry,False,,
2022,3,river,Ganges,Sardah (Up Stream),2.4,,10.0,7.5,272.0,44.0,,136.0,,12.0,7.7,0,0,2,0,0,0.29148488858370386,False,dry,False,,
2022,3,river,Halda,Garduara Sluice Gate,13.0,13.0,,6.24,219.0,,,93.3,,,7.72,2,1,2,1,1,1.1162350104308043,False,dry,False,,
2022,3,river,Halda,Halda Bridge,16.0,16.0,,6.12,236.0,,,101.9,,,7.64,2,1,2,1,1,1.5484938862581759,False,dry,False,,
2022,3,river,Halda,Maduna Ghat,14.0,14.0,,6.12,214.5,,,92.8,,,7.47,2,1,2,1,1,1.3043357733699381,False,dry,False,,
2022,3,river,Jamuna,Horipur Kheya Ghat (D),2.4,,10.0,7.62,,36.0,,120.0,,,7.72,0,0,2,0,0,0.399896776421079,False,dry,False,,
2022,3,river,Jamuna,Horipur Kheya Ghat (U),2.4,,10.0,7.62,,36.0,,120.0,,,7.72,0,0,2,0,0,0.399896776421079,False,dry,False,,
2022,3,river,Jamuna,Jamuna Eco Park (D),2.3,,11.0,7.64,,40.0,,128.0,,,7.52,0,0,2,0,0,0.4246750785690941,False,dry,False,,
2022,3,river,Jamuna,Jamuna Eco Park (U),2.3,,11.0,7.64,,40.0,,128.0,,,7.52,0,0,2,0,0,0.4246750785690941,False,dry,False,,
2022,3,river,Jamuna,Kakua,2.1,,5.5,6.0,,16.0,,,,,8.13,0,0,2,0,0,0.27320940418386913,False,dry,False,,
2022,3,river,Jamuna,Mohonganj (D),2.2,,11.0,7.62,,38.0,,129.0,,,7.54,0,0,2,0,0,0.3920703536865419,False,dry,False,,
2022,3,river,Jamuna,Mohonganj (U),2.2,,11.0,7.62,,38.0,,129.0,,,7.54,0,0,2,0,0,0.3920703536865419,False,dry,False,,
2022,3,river,Jamuna,Shariakandi Groin badth (D),2.4,,11.0,7.56,,42.0,,133.0,,,7.52,0,0,2,0,0,0.4643888096441215,False,dry,False,,
2022,3,river,Jamuna,Shariakandi Groin badth (U),2.4,,11.0,7.56,,42.0,,133.0,,,7.52,0,0,2,0,0,0.4643888096441215,False,dry,False,,
2022,3,river,Jamuna,Tarakandi (D),3.0,,12.5,5.8,,7.0,,231.0,,,8.02,1,0,2,0,0,0.4652220679502571,False,dry,False,,
2022,3,river,Jamuna,Tarakandi (U),4.0,,12.5,4.6,,48.0,,222.0,,,7.8,2,1,2,1,1,0.5862088100640963,False,dry,False,,
2022,3,river,Karnaphuli,CUFL,21.0,68.0,,7.64,28789.0,,,17230.0,,,6.55,2,1,2,1,1,34.09889447720015,True,dry,False,,
2022,3,river,Karnaphuli,Kalurghat Bridge,3.0,11.0,,7.56,289.0,,,159.0,,,7.43,0,0,2,0,0,0.5025917191449595,False,dry,False,,
2022,3,river,Karnaphuli,Karnaphuli Paper,4.0,14.0,,7.59,439.0,,,269.0,,,7.58,1,0,2,0,0,0.33837443880599405,False,dry,False,,
2022,3,river,Karnaphuli,Mariam Nagar,3.0,12.0,,7.28,412.0,,,189.0,,,7.39,0,0,2,0,0,0.5120194670531769,False,dry,False,,
2022,3,river,Karnaphuli,Shikalbaha,4.0,15.0,,7.43,765.0,,,380.0,,,7.69,1,0,2,0,0,0.422065616219458,False,dry,False,,
2022,3,river,Karnaphuli,TSP,13.0,58.0,,7.09,26570.0,,,12980.0,,,7.07,2,1,2,1,1,30.55792241573329,True,dry,False,,
2022,3,river,Meghna,Anondo Bazar,8.0,26.0,,3.8,,12.0,,196.0,,,7.24,4,2,2,1,2,1.5663639695159146,False,dry,False,,
2022,3,river,Meghna,Bhairob Bazar,3.2,20.0,,8.0,,6.0,,186.0,,,7.63,1,0,2,0,0,0.43306547623809427,False,dry,False,,
2022,3,river,Meghna,Bisnondi,9.0,28.0,,5.56,,10.0,,122.0,,,7.42,3,1,2,1,1,1.0414543502496876,False,dry,False,,
2022,3,river,Meghna,Meghna Ghat,5.4,24.0,,4.7,,8.0,,130.0,,,7.18,2,1,2,1,1,0.5651172401177046,False,dry,False,,
2022,3,river,Meghna,Norsingdi Launch Terminal,22.0,64.0,,0.5,,29.0,,246.0,,,8.01,4,2,2,1,2,5.1417102833496635,True,dry,False,,
2022,3,river,Padma,Barha Ghat,12.0,,,6.9,244.0,34.0,,132.0,,,7.38,2,1,2,1,1,1.2254415019279505,False,dry,False,,
2022,3,river,Padma,Mawa Ghat,10.0,,,7.2,179.0,173.0,,88.0,,,8.08,2,1,2,1,1,0.530012919605135,False,dry,False,,
2022,3,river,Shitalakhya,Gorashal Fertilizer,14.0,44.0,58.0,3.23,457.0,17.0,,232.0,204.0,,7.95,4,2,2,1,2,1.495973766826682,False,dry,True,2.0,2.0
2022,3,river,Shitalakhya,Majhira Demra Ghat,16.0,82.0,110.0,0.43,680.0,122.0,,389.0,213.0,,7.77,4,2,2,1,2,3.4346207156750235,True,dry,True,3.0,2.0
2022,3,river,Shitalakhya,Murapara (Rupganj),14.0,40.0,29.0,3.21,397.0,16.0,,220.0,192.0,,7.79,4,2,2,1,2,1.5418517879334244,False,dry,True,2.0,2.0
2022,3,river,Shitalakhya,Port Road,24.0,34.0,73.0,0.54,590.0,34.0,,333.0,127.0,,7.67,4,2,2,1,2,5.754095568862001,True,dry,True,2.0,2.0
2022,3,river,Turag,Ashulia,12.0,68.0,6.0,0.21,1847.0,140.0,,837.0,340.0,,7.82,4,2,2,1,2,3.6434049218143283,True,dry,True,3.0,2.0
2022,3,river,Turag,Kaliakoir,6.0,40.0,36.0,4.3,664.0,16.0,,375.0,356.0,,7.29,2,1,2,1,1,0.6869387856771976,False,dry,True,1.0,1.0
2022,3,river,Turag,Nama Bazar,12.0,38.0,16.0,0.3,1199.0,70.0,,688.0,296.0,,7.57,4,2,2,1,2,3.3783528292640996,True,dry,True,3.0,2.0
2022,3,river,Turag,Turag Bridge,12.0,64.0,106.0,0.59,1839.0,56.0,,815.0,400.0,,7.87,4,2,2,1,2,3.3939754178262214,True,dry,True,3.0,2.0
2022,3,river,Turag,Vawal,4.0,38.0,83.0,0.4,1554.0,76.0,,819.0,321.0,,7.79,3,1,2,1,1,3.2809907585083598,True,dry,True,3.0,2.0
2022,4,river,Balu,Jolshiri Abason,22.0,80.0,8.0,0.83,248.0,8.0,,138.0,138.0,18.0,7.13,4,2,2,1,2,5.209630922160109,True,dry,True,2.0,2.0
2022,4,river,Balu,Trimohoni Bridge,30.0,117.0,79.0,0.0,347.0,69.0,,180.0,336.0,51.0,6.82,4,2,2,1,2,8.782699366605797,True,dry,True,3.0,2.0
2022,4,river,Buriganga,Bosila Bridge,34.0,64.0,80.0,0.1,1256.0,80.0,,634.0,350.0,20.0,7.56,4,2,2,1,2,10.109240336742614,True,dry,True,3.0,2.0
2022,4,river,Buriganga,Chandni Ghat Bridge,38.0,84.0,82.0,0.2,,,,700.0,344.0,68.0,,4,2,2,1,2,11.956838087625131,True,dry,True,3.0,2.0
2022,4,river,Buriganga,Fatullah,38.0,110.0,86.0,0.2,1308.0,88.0,,656.0,354.0,26.1,7.69,4,2,2,1,2,11.884042920260871,True,dry,True,3.0,2.0
2022,4,river,Buriganga,Hazaribagh,26.0,120.0,78.0,0.3,1401.0,164.0,,704.0,310.0,124.0,7.74,4,2,2,1,2,6.591456944528766,True,dry,True,3.0,2.0
2022,4,river,Buriganga,Mirpur Bridge,36.0,83.0,80.0,0.2,1392.0,12.0,,697.0,348.0,48.0,7.48,4,2,2,1,2,10.994980636380406,True,dry,True,3.0,2.0
2022,4,river,Buriganga,Satmosjid Road,38.0,126.0,84.0,0.1,1375.0,178.0,,690.0,302.0,112.0,7.65,4,2,2,1,2,11.908075919294575,True,dry,True,3.0,2.0
2022,4,river,Dhaleshwari,Hazratpur,22.0,70.0,,4.5,600.0,,,393.0,,,8.09,3,1,2,1,1,4.125612431920572,True,dry,True,2.0,2.0
2022,4,river,Dhaleshwari,Mukterpur,8.0,22.0,,2.5,413.0,,,214.0,,,7.05,4,2,2,1,2,2.127422909759194,True,dry,True,2.0,2.0
2022,4,river,Dhaleshwari,Pathorghata,12.0,36.0,,6.0,580.0,,,280.0,,,7.28,2,1,2,1,1,1.173944000423743,False,dry,True,1.0,1.0
2022,4,river,Dhaleshwari,Ruhitpur,13.0,46.0,,15.0,623.0,,,356.0,,,8.73,3,1,2,1,1,2.3311267818738486,True,dry,True,0.0,1.0
2022,4,river,Dhaleshwari,Utorro Mitra,2.0,6.0,,7.8,550.0,,,293.0,,,8.23,0,0,2,0,0,0.3319721580105729,False,dry,True,1.0,0.0
2022,4,river,Ganges,Kanchan Park (Up Stream),2.2,,11.0,7.54,262.0,40.0,,131.0,,12.0,7.64,0,0,2,0,0,0.2366878606541239,False,dry,False,,
2022,4,river,Ganges,Nurullapur (Down Stream),2.3,,10.0,7.6,266.0,42.0,,133.0,,12.0,7.62,0,0,2,0,0,0.3093466888462776,False,dry,False,,
2022,4,river,Ganges,Nurullapur (Up Stream),2.3,,10.0,7.6,266.0,42.0,,133.0,,12.0,7.62,0,0,2,0,0,0.3093466888462776,False,dry,False,,
2022,4,river,Ganges,Sardah (Down Stream),2.4,,10.0,7.5,272.0,44.0,,136.0,,12.0,7.7,0,0,2,0,0,0.29148488858370386,False,dry,False,,
2022,4,river,Ganges,Sardah (Up Stream),2.4,,10.0,7.5,272.0,44.0,,136.0,,12.0,7.7,0,0,2,0,0,0.29148488858370386,False,dry,False,,
2022,4,river,Halda,Garduara Sluice Gate,13.0,13.0,,6.11,218.5,,,113.3,,,7.79,2,1,2,1,1,1.0361308234203137,False,dry,False,,
2022,4,river,Halda,Halda Bridge,12.0,12.0,,5.89,245.0,,,124.5,,,7.72,3,1,2,1,1,0.8148914346005343,False,dry,False,,
2022,4,river,Halda,Maduna Ghat,11.0,11.0,,5.96,189.5,,,98.5,,,7.53,3,1,2,1,1,1.0801694472858425,False,dry,False,,
2022,4,river,Jamuna,Horipur Kheya Ghat (D),2.4,,10.0,7.62,,36.0,,120.0,,,7.72,0,0,2,0,0,0.399896776421079,False,dry,False,,
2022,4,river,Jamuna,Horipur Kheya Ghat (U),2.4,,10.0,7.62,,36.0,,120.0,,,7.72,0,0,2,0,0,0.399896776421079,False,dry,False,,
2022,4,river,Jamuna,Jamuna Eco Park (D),2.3,,11.0,7.64,,40.0,,128.0,,,7.52,0,0,2,0,0,0.4246750785690941,False,dry,False,,
2022,4,river,Jamuna,Jamuna Eco Park (U),2.3,,11.0,7.64,,40.0,,128.0,,,7.52,0,0,2,0,0,0.4246750785690941,False,dry,False,,
2022,4,river,Jamuna,Mohonganj (D),2.2,,11.0,7.62,,38.0,,129.0,,,7.54,0,0,2,0,0,0.3920703536865419,False,dry,False,,
2022,4,river,Jamuna,Mohonganj (U),2.2,,11.0,7.62,,38.0,,129.0,,,7.54,0,0,2,0,0,0.3920703536865419,False,dry,False,,
2022,4,river,Jamuna,Shariakandi Groin badth (D),2.4,,11.0,7.56,,42.0,,133.0,,,7.52,0,0,2,0,0,0.4643888096441215,False,dry,False,,
2022,4,river,Jamuna,Shariakandi Groin badth (U),2.4,,11.0,7.56,,42.0,,133.0,,,7.52,0,0,2,0,0,0.4643888096441215,False,dry,False,,
2022,4,river,Karnaphuli,CUFL,12.0,42.0,,7.85,18160.0,,,10250.0,,,7.47,2,1,2,1,1,18.050140924264213,True,dry,False,,
2022,4,river,Karnaphuli,Kalurghat Bridge,3.0,11.0,,7.63,289.0,,,163.0,,,7.51,0,0,2,0,0,0.5722273245352792,False,dry,False,,
2022,4,river,Karnaphuli,Karnaphuli Paper,4.0,13.0,,7.62,439.0,,,287.0,,,7.68,1,0,2,0,0,0.3461846920531217,False,dry,False,,
2022,4,river,Karnaphuli,Mariam Nagar,4.0,12.0,,7.39,412.0,,,214.0,,,7.52,1,0,2,0,0,0.36827165832355185,False,dry,False,,
2022,4,river,Karnaphuli,Shikalbaha,5.0,15.0,,7.52,765.0,,,348.0,,,7.58,1,0,2,0,0,0.6091427845297747,False,dry,False,,
2022,4,river,Karnaphuli,TSP,10.0,37.0,,8.05,16000.0,,,8960.0,,,7.38,2,1,2,1,1,14.903918208385226,True,dry,False,,
2022,4,river,Shitalakhya,Gorashal Fertilizer,5.0,20.0,23.0,5.0,395.0,12.0,,219.0,178.0,,7.25,2,1,2,1,1,0.6583866396858603,False,dry,True,1.0,1.0
2022,4,river,Shitalakhya,Majhira Demra Ghat,20.0,71.0,140.0,0.0,,109.0,,528.0,320.0,,7.72,4,2,2,1,2,4.686607359592958,True,dry,True,3.0,2.0
2022,4,river,Shitalakhya,Murapara (Rupganj),17.0,34.0,95.0,3.0,647.0,22.0,,349.0,229.0,,7.8,4,2,2,1,2,2.1823094138017787,True,dry,True,2.0,2.0
2022,4,river,Shitalakhya,Port Road,10.0,34.0,28.0,3.0,580.0,40.0,,310.0,104.0,,7.11,4,2,2,1,2,1.9540739831856158,False,dry,True,1.0,2.0
2022,4,river,Turag,Ashulia,26.0,72.0,21.0,1.4,706.0,30.0,,367.0,162.0,,7.83,4,2,2,1,2,6.269125605098603,True,dry,True,2.0,2.0
2022,4,river,Turag,Kaliakoir,6.0,46.0,78.0,1.4,996.0,18.0,,517.0,262.0,,7.77,3,1,2,1,1,2.579606729961044,True,dry,True,3.0,2.0
2022,4,river,Turag,Nama Bazar,12.0,44.0,13.0,5.2,192.0,87.0,,105.2,64.0,,7.52,3,1,2,1,1,1.4270377228323936,False,dry,True,1.0,2.0
2022,4,river,Turag,Turag Bridge,24.0,68.0,22.0,1.8,749.0,52.0,,356.0,180.0,,7.86,4,2,2,1,2,5.292678987075254,True,dry,True,3.0,2.0
2022,4,river,Turag,Vawal,4.0,42.0,20.0,3.2,532.0,38.0,,299.0,106.0,,7.49,3,1,2,1,1,1.324598668250766,False,dry,True,1.0,2.0
2022,5,river,Balu,Jolshiri Abason,12.0,73.0,20.0,2.0,260.0,8.0,,135.0,99.0,5.35,7.21,4,2,2,1,2,2.7117331218554166,True,wet,True,3.0,2.0
2022,5,river,Balu,Trimohoni Bridge,14.0,56.0,58.5,0.0,536.0,102.0,,282.0,102.0,78.0,7.1,4,2,2,1,2,3.989944065083096,True,wet,True,3.0,2.0
2022,5,river,Bhairab,Basundia Bazar,3.5,,4212.0,1.01,510.0,,3.4,229.0,,12.0,8.26,3,1,2,1,1,2.750608476297872,True,wet,False,,
2022,5,river,Bhairab,Fultala Ghat,1.7,,845.0,4.7,1219.0,,0.6,655.0,,75.0,7.55,1,0,2,0,0,0.5862363693850602,False,wet,False,,
2022,5,river,Bhairab,Noapara,1.6,,805.0,3.6,1048.0,,0.65,481.0,,66.0,8.09,2,1,2,0,1,0.9059989274860178,False,wet,False,,
2022,5,river,Bhairab,Noapara Ferry Ghat,1.8,,805.0,4.3,1035.0,,0.65,476.0,,75.0,8.19,1,0,2,0,0,0.6969813789062813,False,wet,False,,
2022,5,river,Buriganga,Bosila Bridge,6.0,22.0,71.0,3.02,430.0,49.0,,171.0,102.0,16.0,6.53,3,1,2,1,1,1.4946370073012685,False,wet,True,2.0,2.0
2022,5,river,Buriganga,Chandni Ghat Bridge,6.0,14.0,52.0,0.93,,,,178.0,92.0,12.0,,3,1,2,1,1,2.7450227179198228,True,wet,True,2.0,2.0
2022,5,river,Buriganga,Fatullah,6.0,27.0,55.0,1.79,443.0,53.0,,188.0,124.0,13.1,6.76,3,1,2,1,1,2.248381689449733,True,wet,True,2.0,2.0
2022,5,river,Buriganga,Hazaribagh,8.0,27.0,62.0,1.17,419.0,54.0,,171.0,98.0,22.2,6.83,4,2,2,1,2,2.9915711208685973,True,wet,True,3.0,2.0
2022,5,river,Buriganga,Mirpur Bridge,8.0,27.0,75.0,0.89,482.0,59.0,,206.0,112.0,18.0,6.59,4,2,2,1,2,3.203627961212327,True,wet,True,3.0,2.0
2022,5,river,Buriganga,Satmosjid Road,10.0,46.0,68.0,0.36,519.0,68.0,,214.0,94.0,21.4,6.81,4,2,2,1,2,3.8992025134707515,True,wet,True,3.0,2.0
2022,5,river,Ganges,Gorai off Take,1.1,,,5.3,1647.0,84.0,,764.0,,12.0,7.19,1,0,2,0,0,1.2184647293120494,False,wet,False,,
2022,5,river,Ganges,Kanchan Park (Up Stream),2.3,,,7.6,,,,133.0,,12.0,7.62,0,0,2,0,0,0.38383130188227554,False,wet,False,,
2022,5,river,Ganges,Nurullapur (Down Stream),2.3,,,7.6,,,,133.0,,12.0,7.62,0,0,2,0,0,0.38383130188227554,False,wet,False,,
2022,5,river,Ganges,Nurullapur (Up Stream),2.3,,,7.6,,,,133.0,,12.0,7.62,0,0,2,0,0,0.38383130188227554,False,wet,False,,
2022,5,river,Ganges,Sardah (Down Stream),2.4,,,7.5,,,,136.0,,12.0,7.6,0,0,2,0,0,0.4295165115189717,False,wet,False,,
2022,5,river,Ganges,Sardah (Up Stream),2.4,,,7.5,,,,136.0,,12.0,7.6,0,0,2,0,0,0.4295165115189717,False,wet,False,,
2022,5,river,Halda,Garduara Sluice Gate,14.0,14.0,,5.69,238.5,,,152.3,,,7.59,3,1,2,1,1,1.3337507877141914,False,wet,False,,
2022,5,river,Halda,Halda Bridge,11.0,11.0,,5.63,179.5,,,98.5,,,7.85,3,1,2,1,1,0.6689943801556282,False,wet,False,,
2022,5,river,Halda,Maduna Ghat,12.0,12.0,,5.49,213.5,,,113.5,,,7.67,3,1,2,1,1,1.0281250434563591,False,wet,False,,
2022,5,river,Jamuna,Horipur Kheya Ghat (D),2.4,,10.0,7.62,,36.0,,120.0,,,7.72,0,0,2,0,0,0.399896776421079,False,wet,False,,
2022,5,river,Jamuna,Horipur Kheya Ghat (U),2.4,,10.0,7.62,,36.0,,120.0,,,7.72,0,0,2,0,0,0.399896776421079,False,wet,False,,
2022,5,river,Jamuna,Jamuna Eco Park (D),2.3,,11.0,7.64,,40.0,,128.0,,,7.52,0,0,2,0,0,0.4246750785690941,False,wet,False,,
2022,5,river,Jamuna,Jamuna Eco Park (U),2.3,,11.0,7.64,,40.0,,128.0,,,7.52,0,0,2,0,0,0.4246750785690941,False,wet,False,,
2022,5,river,Jamuna,Mohonganj (D),2.2,,11.0,7.62,,38.0,,129.0,,,7.54,0,0,2,0,0,0.3920703536865419,False,wet,False,,
2022,5,river,Jamuna,Mohonganj (U),2.2,,11.0,7.62,,38.0,,129.0,,,7.54,0,0,2,0,0,0.3920703536865419,False,wet,False,,
2022,5,river,Jamuna,Shariakandi Groin badth (D),2.4,,11.0,7.56,,42.0,,133.0,,,7.52,0,0,2,0,0,0.4643888096441215,False,wet,False,,
2022,5,river,Jamuna,Shariakandi Groin badth (U),2.4,,11.0,7.56,,42.0,,133.0,,,7.52,0,0,2,0,0,0.4643888096441215,False,wet,False,,
2022,5,river,Kaligonga,Bheutha Ghat,6.0,,66.0,7.0,,63.0,,22.0,,,7.63,1,0,2,0,0,0.7088176333296455,False,wet,True,1.0,1.0
2022,5,river,Karnaphuli,CUFL,9.0,36.0,,7.63,18160.0,,,6567.0,,,7.56,2,1,2,1,1,18.115261729405585,True,wet,False,,
2022,5,river,Karnaphuli,Kalurghat Bridge,4.0,12.0,,7.71,289.0,,,179.0,,,7.63,1,0,2,0,0,0.32851984662099826,False,wet,False,,
2022,5,river,Karnaphuli,Karnaphuli Paper,3.0,12.0,,7.72,439.0,,,269.0,,,7.73,0,0,2,0,0,0.4957265798641223,False,wet,False,,
2022,5,river,Karnaphuli,Mariam Nagar,3.0,11.0,,7.46,412.0,,,247.0,,,7.49,0,0,2,0,0,0.5684952868912727,False,wet,False,,
2022,5,river,Karnaphuli,Shikalbaha,5.0,14.0,,7.46,765.0,,,289.0,,,7.63,1,0,2,0,0,0.4912728984855793,False,wet,False,,
2022,5,river,Karnaphuli,TSP,8.0,40.0,,7.85,16000.0,,,8768.0,,,7.46,2,1,2,1,1,14.932100343399162,True,wet,False,,
2022,5,river,Khakshiali,Boshontopur,1.3,,4024.0,5.4,6507.0,,3.3,3201.0,,118.0,7.75,1,0,2,0,0,1.3073859218772959,False,wet,False,,
2022,5,river,Khakshiali,Gobindakathi,1.3,,4068.0,5.1,6580.0,,3.46,3245.0,,117.0,7.75,1,0,2,0,0,1.4675803098300075,False,wet,False,,
2022,5,river,Khakshiali,Kaliganj Bazar,1.3,,4040.0,5.4,6485.0,,3.31,3265.0,,120.0,7.73,1,0,2,0,0,1.3033082194380723,False,wet,False,,
2022,5,river,Kushiara,Fenchuganj Bridge Point,2.3,15.0,,7.24,124.0,,,63.0,,,6.89,0,0,2,0,0,0.6177408184364387,False,wet,False,,
2022,5,river,Meghna,Anondo Bazar,2.0,22.0,,1.8,,19.0,,28.0,,,6.46,3,1,2,0,1,2.2179583036757315,True,wet,False,,
2022,5,river,Meghna,Bhairob Bazar,1.2,22.0,,4.0,,30.0,,110.0,,,6.62,1,0,2,0,0,0.8787770969904172,False,wet,False,,
2022,5,river,Meghna,Bisnondi,3.0,10.0,,5.0,,10.0,,26.0,,,6.55,1,0,2,0,0,0.8144801118077767,False,wet,False,,
2022,5,river,Meghna,Meghna Ghat,6.0,20.0,,6.0,,50.0,,40.0,,,6.8,1,0,2,0,0,1.0303755819400173,False,wet,False,,
2022,5,river,Meghna,Norsingdi Launch Terminal,8.0,22.0,,4.5,,84.0,,51.0,,,7.26,3,1,2,1,1,1.5138026980712422,False,wet,False,,
2022,5,river,Pashur,"Batia Ghat, By Pass (M)",1.2,,13705.0,5.9,18120.0,,12.02,9060.0,,130.0,7.65,1,0,2,0,0,17.981758700562377,True,wet,False,,
2022,5,river,Rupsa,Charer Hat (M),1.3,,4142.0,5.1,1945.0,136.0,3.3,,,98.0,8.06,1,0,2,0,0,1.0683115038327164,False,wet,False,,
2022,5,river,Rupsa,Gilatala,1.4,,3640.0,5.9,1221.0,86.0,3.1,,,82.0,8.01,1,0,2,0,0,0.4985725717533027,False,wet,False,,
2022,5,river,Rupsa,Kalibari Ghat (M),2.1,,655.0,3.9,768.0,135.0,4.55,,,80.0,8.09,2,1,2,0,1,0.4534347131342419,False,wet,False,,
2022,5,river,Rupsa,Rupsa Ghat (M),7.5,,570.0,3.8,678.0,145.0,0.75,,,69.0,8.11,4,2,2,1,2,1.175581787543689,False,wet,False,,
2022,5,river,Shitalakhya,Gorashal Fertilizer,3.0,10.0,72.5,4.0,298.0,33.0,,179.0,126.0,,7.61,1,0,2,0,0,0.6226206627755843,False,wet,True,1.0,1.0
2022,5,river,Shitalakhya,Majhira Demra Ghat,6.0,24.0,74.0,1.6,167.0,46.0,,63.0,118.0,,7.24,3,1,2,1,1,2.318520169408019,True,wet,True,2.0,2.0
2022,5,river,Shitalakhya,Murapara (Rupganj),4.0,15.0,76.0,3.4,184.0,45.0,,92.0,102.0,,7.38,3,1,2,1,1,1.2128149006715017,False,wet,True,1.0,2.0
2022,5,river,Shitalakhya,Port Road,4.0,27.0,76.0,2.2,271.0,83.0,,134.0,152.0,,7.21,3,1,2,1,1,1.8481016669659194,False,wet,True,3.0,2.0
2022,5,river,Surma,Chhatak,2.5,10.0,,6.98,86.0,,,49.0,,,6.84,0,0,2,0,0,0.7474522209790846,False,wet,False,,
2022,5,river,Surma,Kin Bridge Point,2.3,13.0,,6.92,118.0,,,66.0,,,6.68,0,0,2,0,0,0.6673275903808707,False,wet,False,,
2022,5,river,Surma,Mendibag Point,2.1,11.0,,7.02,122.0,,,64.0,,,6.61,0,0,2,0,0,0.4906049770431578,False,wet,False,,
2022,5,river,Surma,Sheaik Ghat,2.8,15.0,,7.06,120.0,,,68.0,,,6.67,0,0,2,0,0,0.6956820147458506,False,wet,False,,
2022,5,river,Turag,Ashulia,32.0,92.0,50.0,5.0,172.0,234.0,,88.0,114.0,,7.29,3,1,2,1,1,8.7035134343597,True,wet,True,1.0,2.0
2022,5,river,Turag,Kaliakoir,5.0,56.0,11.0,6.8,100.0,288.0,,51.0,49.0,,7.41,1,0,2,0,0,0.4171715293436628,False,wet,True,1.0,1.0
2022,5,river,Turag,Nama Bazar,9.0,34.0,45.0,7.2,125.0,372.0,,61.0,70.0,,7.38,2,1,2,1,1,0.9511903816911712,False,wet,True,1.0,1.0
2022,5,river,Turag,Turag Bridge,8.0,31.0,53.0,3.2,139.0,78.0,,72.0,125.0,,7.34,4,2,2,1,2,1.8779624659228662,False,wet,True,2.0,2.0
2022,5,river,Turag,Vawal,3.0,10.0,36.0,6.1,172.0,144.0,,92.0,81.0,,7.75,0,0,2,0,0,0.6235543248908171,False,wet,True,1.0,0.0
2022,5,urban_lake,Dhanmondi Lake,8 No. Road Bridge,4.0,26.0,,4.5,277.0,42.0,,142.0,101.0,5.33,7.35,2,1,2,1,1,0.8541698328495405,False,wet,False,,
2022,5,urban_lake,Dhanmondi Lake,Road No 28 at the end of,6.0,29.0,,1.5,,,,,,,7.41,3,1,2,1,1,2.3881778587910563,True,wet,False,,
2022,5,urban_lake,Gulshan Lake,Near Lake View Clinic,35.0,129.0,33.0,9.4,394.0,199.0,,201.0,198.0,54.5,7.41,2,1,2,1,1,10.001848741081258,True,wet,False,,
2022,5,urban_lake,Hatir Jheel,FDC More Bridge,32.0,80.0,61.0,3.9,496.0,87.0,,261.0,151.0,58.5,7.34,4,2,2,1,2,8.7186134556112,True,wet,False,,
2022,5,urban_lake,Hatir Jheel,Raampura Bridge,23.0,95.0,46.0,1.5,517.0,121.0,,273.0,175.0,67.8,7.34,4,2,2,1,2,5.1017923841237325,True,wet,False,,
2022,6,river,Balu,Jolshiri Abason,18.0,90.0,20.0,2.2,154.0,24.0,,95.0,32.0,20.2,7.34,4,2,2,1,2,3.2607580991599,True,wet,True,2.0,2.0
2022,6,river,Balu,Trimohoni Bridge,10.0,28.0,22.0,2.7,201.0,43.0,,107.0,42.0,22.9,6.99,4,2,2,1,2,2.512382931353497,True,wet,True,2.0,2.0
2022,6,river,Buriganga,Bosila Bridge,6.2,32.0,8.5,2.9,170.0,83.0,,88.4,62.0,50.5,6.89,4,2,2,1,2,1.4406576158046995,False,wet,True,1.0,2.0
2022,6,river,Buriganga,Chandni Ghat Bridge,6.4,29.0,10.0,3.46,,,,86.0,60.0,45.6,,4,2,2,1,2,1.042991011955435,False,wet,True,1.0,2.0
2022,6,river,Buriganga,Fatullah,6.2,24.0,13.5,3.36,211.0,6.0,,109.0,84.0,34.6,7.02,4,2,2,1,2,1.180108374788089,False,wet,True,1.0,2.0
2022,6,river,Buriganga,Hazaribagh,6.8,39.0,9.0,5.71,212.0,60.0,,110.0,68.0,41.2,6.9,3,1,2,1,1,1.0816532813682063,False,wet,True,1.0,2.0
2022,6,river,Buriganga,Mirpur Bridge,6.2,27.0,7.5,5.24,149.0,106.0,,78.0,54.0,72.5,7.05,3,1,2,1,1,0.7782071937272842,False,wet,True,1.0,2.0
2022,6,river,Buriganga,Satmosjid Road,6.2,27.0,12.0,2.18,168.0,62.0,,88.0,52.0,27.6,6.77,4,2,2,1,2,1.927047273621051,False,wet,True,2.0,2.0
2022,6,river,Dhaleshwari,Hazratpur,6.0,15.0,,5.0,165.0,,,86.0,,,7.29,2,1,2,1,1,0.8436950329201761,False,wet,True,1.0,1.0
2022,6,river,Dhaleshwari,Mukterpur,3.0,10.0,,4.6,583.0,,,308.0,,,7.26,1,0,2,0,0,0.7497164826717532,False,wet,True,1.0,1.0
2022,6,river,Dhaleshwari,Pathorghata,6.0,18.0,,4.8,124.0,,,65.0,,,7.6,2,1,2,1,1,0.8756336093786903,False,wet,True,2.0,2.0
2022,6,river,Dhaleshwari,Ruhitpur,10.0,63.0,,6.4,103.0,,,70.0,,,7.23,2,1,2,1,1,0.773016227521918,False,wet,True,1.0,1.0
2022,6,river,Dhaleshwari,Utorro Mitra,8.0,46.0,,4.8,126.0,,,61.0,,,7.53,3,1,2,1,1,1.2970678161891709,False,wet,True,2.0,2.0
2022,6,river,Halda,Garduara Sluice Gate,12.0,12.0,,5.67,112.4,,,58.1,,,6.89,3,1,2,1,1,1.7170154485165634,False,wet,False,,
2022,6,river,Halda,Halda Bridge,10.0,10.0,,6.19,74.8,,,39.5,,,6.62,2,1,2,1,1,1.908841324013362,False,wet,False,,
2022,6,river,Halda,Maduna Ghat,13.0,13.0,,5.69,106.5,,,56.7,,,6.57,3,1,2,1,1,1.8561659347736064,False,wet,False,,
2022,6,river,Jamuna,Kakua,6.2,,5.0,5.8,,403.0,,,,,7.66,3,1,2,1,1,0.7289506265465198,False,wet,False,,
2022,6,river,Jamuna,Tarakandi (D),12.0,,6.0,6.1,,76.0,,67.7,,,7.86,2,1,2,1,1,0.564013689261021,False,wet,False,,
2022,6,river,Karnaphuli,CUFL,16.0,68.0,,7.66,18476.0,,,9872.0,,,7.48,2,1,2,1,1,18.540399739543627,True,wet,False,,
2022,6,river,Karnaphuli,Kalurghat Bridge,5.0,14.0,,8.17,414.0,,,218.0,,,7.52,1,0,2,0,0,0.49210353690641634,False,wet,False,,
2022,6,river,Karnaphuli,TSP,14.0,64.0,,7.99,17014.0,,,8472.0,,,7.32,2,1,2,1,1,16.332797678088426,True,wet,False,,
2022,6,river,Padma,Barha Ghat,8.4,,,7.3,98.0,620.0,,51.0,,,7.9,2,1,2,1,1,0.9011441612201889,False,wet,False,,
2022,6,river,Padma,Mawa Ghat,6.4,,,7.0,143.0,331.0,,76.0,,,7.79,2,1,2,1,1,0.685834292911416,False,wet,False,,
2022,6,river,Shitalakhya,Gorashal Fertilizer,4.0,10.0,10.0,5.4,130.0,20.0,,66.0,29.0,,7.65,2,1,2,1,1,0.6102182400281331,False,wet,True,2.0,2.0
2022,6,river,Shitalakhya,Majhira Demra Ghat,8.0,24.0,10.0,1.39,99.0,144.0,,52.0,22.0,,7.37,4,2,2,1,2,2.8537420383555503,True,wet,True,2.0,2.0
2022,6,river,Shitalakhya,Murapara (Rupganj),10.0,36.0,11.0,4.88,160.0,181.0,,57.0,15.0,,7.1,3,1,2,1,1,1.4754590321568144,False,wet,True,1.0,2.0
2022,6,river,Shitalakhya,Port Road,8.0,27.0,16.0,1.0,149.0,156.0,,74.0,23.0,,7.03,4,2,2,1,2,3.057484499047642,True,wet,True,2.0,2.0
2022,6,river,Turag,Ashulia,6.0,18.0,90.0,5.5,1134.0,137.0,,641.0,253.0,,7.63,2,1,2,1,1,1.211674820523177,False,wet,True,2.0,2.0
2022,6,river,Turag,Kaliakoir,6.0,26.0,31.0,6.0,464.0,318.0,,257.0,169.0,,7.62,1,0,2,0,0,0.7356691788997303,False,wet,True,1.0,1.0
2022,6,river,Turag,Nama Bazar,6.0,22.0,18.0,5.2,116.0,148.0,,65.0,72.0,,7.26,2,1,2,1,1,0.8541184352808788,False,wet,True,1.0,1.0
2022,6,river,Turag,Turag Bridge,6.0,27.0,91.5,4.7,1161.0,83.0,,652.0,264.0,,8.03,2,1,2,1,1,1.3485644123897738,False,wet,True,2.0,2.0
2022,6,river,Turag,Vawal,4.0,12.0,20.0,5.4,119.0,139.0,,67.0,82.0,,7.04,2,1,2,1,1,0.6956744306246541,False,wet,True,1.0,1.0
2022,7,river,Balu,Jolshiri Abason,24.0,127.0,10.0,2.4,306.0,24.0,,160.0,71.0,4.9,7.62,4,2,2,1,2,5.248771532712687,True,wet,True,2.0,2.0
2022,7,river,Balu,Trimohoni Bridge,22.0,95.0,40.0,2.3,556.0,75.0,,294.0,82.0,68.4,7.02,4,2,2,1,2,4.6910964850807515,True,wet,True,2.0,2.0
2022,7,river,Buriganga,Bosila Bridge,6.2,22.0,13.5,5.57,325.0,,,136.0,32.0,39.7,6.64,3,1,2,1,1,0.9221234980868133,False,wet,True,1.0,2.0
2022,7,river,Buriganga,Chandni Ghat Bridge,6.4,18.0,9.0,5.72,,,,91.0,35.0,22.4,,3,1,2,1,1,0.8551267014397955,False,wet,True,1.0,2.0
2022,7,river,Buriganga,Fatullah,6.2,22.0,16.0,5.05,395.0,,,160.0,34.0,33.0,6.71,3,1,2,1,1,1.0268546060908232,False,wet,True,1.0,2.0
2022,7,river,Buriganga,Hazaribagh,6.2,18.0,17.5,5.65,272.0,,,108.0,34.0,26.5,6.64,3,1,2,1,1,0.8992152158488814,False,wet,True,1.0,2.0
2022,7,river,Buriganga,Mirpur Bridge,6.4,20.0,6.5,5.3,194.0,,,81.0,30.0,41.6,6.41,4,2,2,1,2,1.0891715294473916,False,wet,True,2.0,2.0
2022,7,river,Buriganga,Satmosjid Road,6.4,20.0,9.0,5.21,209.0,,,84.0,36.0,31.2,6.71,3,1,2,1,1,0.9551612718150986,False,wet,True,1.0,2.0
2022,7,river,Ganges,Kanchan Park (Up Stream),2.2,,11.0,7.6,262.0,40.0,,131.0,,12.0,7.62,0,0,2,0,0,0.2882042790829059,False,wet,False,,
2022,7,river,Ganges,Nurullapur (Down Stream),2.3,,10.0,7.61,270.0,42.0,,135.0,,12.0,7.6,0,0,2,0,0,0.3385403265579466,False,wet,False,,
2022,7,river,Ganges,Nurullapur (Up Stream),2.3,,10.0,7.61,270.0,42.0,,135.0,,12.0,7.6,0,0,2,0,0,0.3385403265579466,False,wet,False,,
2022,7,river,Ganges,Sardah (Down Stream),2.4,,10.0,7.6,274.0,44.0,,137.0,,12.0,7.52,0,0,2,0,0,0.48974599753390546,False,wet,False,,
2022,7,river,Ganges,Sardah (Up Stream),2.4,,10.0,7.6,274.0,44.0,,137.0,,12.0,7.52,0,0,2,0,0,0.48974599753390546,False,wet,False,,
2022,7,river,Halda,Garduara Sluice Gate,10.0,10.0,,5.2,137.5,,,94.1,,,6.94,3,1,2,1,1,1.5159623192968352,False,wet,False,,
2022,7,river,Halda,Halda Bridge,9.0,9.0,,6.2,123.5,,,68.5,,,6.72,2,1,2,1,1,1.7512042971428092,False,wet,False,,
2022,7,river,Halda,Maduna Ghat,12.0,12.0,,5.67,168.5,,,69.7,,,6.76,3,1,2,1,1,1.9330693561936194,False,wet,False,,
2022,7,river,Karnaphuli,CUFL,8.2,62.0,,7.51,10134.0,,,5320.0,,,7.04,2,1,2,1,1,6.560026765949913,True,wet,False,,
2022,7,river,Karnaphuli,Kalurghat Bridge,3.0,12.0,,7.53,239.0,,,119.0,,,7.73,0,0,2,0,0,0.30957067477402567,False,wet,False,,
2022,7,river,Karnaphuli,Karnaphuli Paper,5.0,14.0,,7.82,524.0,,,242.0,,,7.62,1,0,2,0,0,0.5398454173901842,False,wet,False,,
2022,7,river,Karnaphuli,Mariam Nagar,4.0,13.0,,7.52,469.0,,,247.0,,,7.52,1,0,2,0,0,0.30641463264089686,False,wet,False,,
2022,7,river,Karnaphuli,Shikalbaha,5.0,14.0,,7.57,459.0,,,219.0,,,7.48,1,0,2,0,0,0.5483962663444155,False,wet,False,,
2022,7,river,Karnaphuli,TSP,7.5,58.0,,7.1,8234.0,,,4940.0,,,6.97,2,1,2,1,1,3.963849422094781,True,wet,False,,
2022,7,river,Meghna,Anondo Bazar,4.8,16.0,,6.2,,19.0,,168.0,,,7.27,1,0,2,0,0,0.44725941689641013,False,wet,False,,
2022,7,river,Meghna,Bhairob Bazar,4.0,26.0,,5.0,,30.0,,102.0,,,6.5,2,1,2,1,1,1.1011292125923355,False,wet,False,,
2022,7,river,Meghna,Bisnondi,3.0,8.0,,5.0,,18.0,,64.0,,,6.55,1,0,2,0,0,0.8144801118077767,False,wet,False,,
2022,7,river,Meghna,Meghna Ghat,6.0,19.0,,5.8,,24.0,,27.0,,,6.62,2,1,2,1,1,0.9560981825122721,False,wet,False,,
2022,7,river,Meghna,Norsingdi Launch Terminal,4.0,12.0,,5.0,,13.0,,33.0,,,7.39,2,1,2,1,1,0.8845108903546172,False,wet,False,,
2022,7,river,Shitalakhya,Gorashal Fertilizer,3.0,8.0,43.0,5.2,123.0,19.0,,64.0,43.0,,7.47,1,0,2,0,0,0.6952448899626802,False,wet,True,1.0,1.0
2022,7,river,Shitalakhya,Majhira Demra Ghat,8.0,29.0,11.0,4.6,147.0,30.0,,73.0,11.0,,6.34,4,2,2,1,2,1.732139165654538,False,wet,True,1.0,2.0
2022,7,river,Shitalakhya,Murapara (Rupganj),8.0,34.0,12.0,5.0,1138.0,35.0,,72.0,12.0,,7.34,3,1,2,1,1,1.4325030735623976,False,wet,True,2.0,2.0
2022,7,river,Shitalakhya,Port Road,8.0,35.0,14.0,3.9,150.0,42.0,,87.0,14.0,,6.64,4,2,2,1,2,1.6168518248489272,False,wet,True,1.0,2.0
2022,7,river,Turag,Ashulia,8.2,32.0,12.0,3.6,149.0,62.0,,80.0,24.0,,7.12,4,2,2,1,2,1.804758043052473,False,wet,True,1.0,2.0
2022,7,river,Turag,Kaliakoir,8.2,48.0,28.0,6.4,287.0,163.0,,144.0,28.0,,7.21,2,1,2,1,1,1.076251844980695,False,wet,True,1.0,1.0
2022,7,river,Turag,Nama Bazar,8.2,12.0,30.0,5.4,224.0,140.0,,114.0,30.0,,7.22,3,1,2,1,1,1.3437293816980358,False,wet,True,1.0,2.0
2022,7,river,Turag,Turag Bridge,8.0,34.0,10.0,3.9,159.0,72.0,,78.0,28.0,,7.06,4,2,2,1,2,1.6278267516220097,False,wet,True,2.0,2.0
2022,7,river,Turag,Vawal,8.2,32.0,28.0,5.2,126.0,138.0,,64.0,26.0,,7.23,3,1,2,1,1,1.4746274563450357,False,wet,True,1.0,2.0
2022,8,river,Balu,Jolshiri Abason,8.2,18.0,14.0,2.24,223.0,10.1,,108.0,40.0,10.4,6.86,4,2,2,1,2,2.3554818503134287,True,wet,True,2.0,2.0
2022,8,river,Balu,Trimohoni Bridge,8.4,22.0,48.0,1.2,469.0,22.2,,264.0,72.0,28.3,7.14,4,2,2,1,2,2.983373866152503,True,wet,True,3.0,2.0
2022,8,river,Brahmaputra,Jamalpur Bridge,5.0,,7.5,7.4,,294.0,,57.2,,,6.85,1,0,2,0,0,0.7085068242502879,False,wet,False,,
2022,8,river,Buriganga,Bosila Bridge,6.4,12.0,6.8,5.16,157.0,38.0,,77.0,32.0,32.2,7.26,3,1,2,1,1,0.9747518344086634,False,wet,True,1.0,2.0
2022,8,river,Buriganga,Chandni Ghat Bridge,6.2,12.0,8.4,3.46,,,,90.0,36.0,22.4,,4,2,2,1,2,0.9852115879210082,False,wet,True,1.0,2.0
2022,8,river,Buriganga,Fatullah,6.4,10.0,8.0,4.3,172.0,31.0,,84.0,34.0,28.6,7.16,3,1,2,1,1,0.9214121522637138,False,wet,True,1.0,2.0
2022,8,river,Buriganga,Hazaribagh,10.0,51.0,6.0,5.35,155.0,141.0,,76.0,31.0,100.2,7.26,3,1,2,1,1,1.0854144267178665,False,wet,True,1.0,2.0
2022,8,river,Buriganga,Mirpur Bridge,10.0,46.0,5.6,5.52,154.0,78.0,,75.0,30.0,38.3,7.3,3,1,2,1,1,0.9838317754747695,False,wet,True,1.0,2.0
2022,8,river,Buriganga,Satmosjid Road,10.0,27.0,8.0,5.27,176.0,33.0,,87.0,36.0,36.3,7.13,3,1,2,1,1,1.2042410166698982,False,wet,True,1.0,2.0
2022,8,river,Dhaleshwari,Hazratpur,6.0,60.0,,7.0,139.0,,,67.4,,,7.58,1,0,2,0,0,0.6649481716601331,False,wet,True,1.0,1.0
2022,8,river,Dhaleshwari,Mukterpur,8.0,22.0,,4.7,178.0,,,85.8,,,7.28,3,1,2,1,1,1.5860002382706249,False,wet,True,1.0,2.0
2022,8,river,Dhaleshwari,Pathorghata,28.0,90.0,,5.8,146.0,,,70.4,,,7.53,3,1,2,1,1,6.80440856559093,True,wet,True,1.0,2.0
2022,8,river,Dhaleshwari,Ruhitpur,3.0,10.0,,4.8,146.0,,,71.4,,,7.43,1,0,2,0,0,0.7363348335214527,False,wet,True,1.0,1.0
2022,8,river,Dhaleshwari,Utorro Mitra,12.0,49.0,,6.0,139.0,,,64.4,,,8.5,2,1,2,1,1,1.6642268871208676,False,wet,True,1.0,1.0
2022,8,river,Ganges,Kanchan Park (Up Stream),2.3,,11.0,7.6,260.0,40.0,,130.0,,12.0,7.6,0,0,2,0,0,0.32804120458975006,False,wet,False,,
2022,8,river,Ganges,Nurullapur (Down Stream),2.3,,10.0,7.61,270.0,42.0,,135.0,,12.0,7.62,0,0,2,0,0,0.3172887725469243,False,wet,False,,
2022,8,river,Ganges,Nurullapur (Up Stream),2.3,,10.0,7.61,270.0,42.0,,135.0,,12.0,7.62,0,0,2,0,0,0.3172887725469243,False,wet,False,,
2022,8,river,Ganges,Sardah (Down Stream),2.3,,10.0,7.6,270.0,44.0,,135.0,,12.0,7.5,0,0,2,0,0,0.43636234052992795,False,wet,False,,
2022,8,river,Ganges,Sardah (Up Stream),2.3,,10.0,7.6,270.0,44.0,,135.0,,12.0,7.5,0,0,2,0,0,0.43636234052992795,False,wet,False,,
2022,8,river,Halda,Garduara Sluice Gate,11.0,11.0,,5.39,145.5,,,98.5,,,7.2,3,1,2,1,1,1.193109382134022,False,wet,False,,
2022,8,river,Halda,Halda Bridge,10.0,10.0,,6.43,134.5,,,87.5,,,6.84,2,1,2,1,1,1.3584980629386463,False,wet,False,,
2022,8,river,Halda,Maduna Ghat,9.0,9.0,,5.74,121.5,,,58.7,,,6.87,3,1,2,1,1,1.5222047981485145,False,wet,False,,
2022,8,river,Jamuna,Horipur Kheya Ghat (D),2.3,,10.0,7.62,,36.0,,133.0,,,7.66,0,0,2,0,0,0.3901798164895018,False,wet,False,,
2022,8,river,Jamuna,Horipur Kheya Ghat (U),2.3,,10.0,7.62,,36.0,,133.0,,,7.66,0,0,2,0,0,0.3901798164895018,False,wet,False,,
2022,8,river,Jamuna,Jamuna Eco Park (D),2.3,,11.0,7.62,,40.0,,128.0,,,7.56,0,0,2,0,0,0.38865137075779904,False,wet,False,,
2022,8,river,Jamuna,Jamuna Eco Park (U),2.3,,11.0,7.62,,40.0,,128.0,,,7.56,0,0,2,0,0,0.38865137075779904,False,wet,False,,
2022,8,river,Jamuna,Mohonganj (D),2.2,,11.0,7.64,,38.0,,130.0,,,7.52,0,0,2,0,0,0.41119436898383427,False,wet,False,,
2022,8,river,Jamuna,Mohonganj (U),2.2,,11.0,7.64,,38.0,,130.0,,,7.52,0,0,2,0,0,0.41119436898383427,False,wet,False,,
2022,8,river,Jamuna,Shariakandi Groin badth (D),2.5,,11.0,7.6,,42.0,,133.0,,,7.5,0,0,2,0,0,0.5002838103358328,False,wet,False,,
2022,8,river,Jamuna,Shariakandi Groin badth (U),2.5,,11.0,7.6,,42.0,,133.0,,,7.5,0,0,2,0,0,0.5002838103358328,False,wet,False,,
2022,8,river,Kaligonga,Bheutha Ghat,4.0,,5.5,6.1,,198.0,,20.0,,,6.95,1,0,2,0,0,0.9103447314247547,False,wet,True,1.0,1.0
2022,8,river,Karnaphuli,CUFL,11.0,88.0,,7.59,23380.0,,,12420.0,,,7.18,2,1,2,1,1,25.826042508256684,True,wet,False,,
2022,8,river,Karnaphuli,Kalurghat Bridge,3.0,11.0,,7.28,546.0,,,248.0,,,7.69,0,0,2,0,0,0.5513303885667095,False,wet,False,,
2022,8,river,Karnaphuli,Karnaphuli Paper,3.0,9.0,,7.72,679.0,,,359.0,,,7.73,0,0,2,0,0,0.5391685408134309,False,wet,False,,
2022,8,river,Karnaphuli,Mariam Nagar,4.0,10.0,,7.39,678.0,,,328.0,,,7.67,1,0,2,0,0,0.3200142182332322,False,wet,False,,
2022,8,river,Karnaphuli,Shikalbaha,4.0,10.0,,7.68,745.0,,,328.0,,,7.28,1,0,2,0,0,0.7104140842844762,False,wet,False,,
2022,8,river,Karnaphuli,TSP,9.0,67.0,,7.28,20390.0,,,10250.0,,,6.76,2,1,2,1,1,21.5076675335342,True,wet,False,,
2022,8,river,Shitalakhya,Gorashal Fertilizer,8.0,22.0,12.4,4.21,65.2,8.0,,65.2,22.0,,6.76,3,1,2,1,1,1.5713958304960547,False,wet,True,1.0,2.0
2022,8,river,Shitalakhya,Majhira Demra Ghat,10.0,58.0,12.5,3.25,106.0,68.0,,106.0,22.0,,7.2,4,2,2,1,2,1.9908921781055293,False,wet,True,1.0,2.0
2022,8,river,Shitalakhya,Murapara (Rupganj),8.0,37.0,10.5,3.65,83.4,7.0,,83.4,18.0,,7.31,4,2,2,1,2,1.7549490264062475,False,wet,True,1.0,2.0
2022,8,river,Shitalakhya,Port Road,8.0,42.0,18.9,2.85,229.0,22.0,,112.0,32.0,,7.61,4,2,2,1,2,1.8728351528713438,False,wet,True,2.0,2.0
2022,8,river,Turag,Ashulia,8.0,17.0,9.0,5.4,170.2,54.0,,86.0,30.0,,8.09,3,1,2,1,1,0.9844342078199219,False,wet,True,2.0,2.0
2022,8,river,Turag,Kaliakoir,8.0,15.0,3.0,6.6,130.2,168.0,,65.9,20.0,,8.47,2,1,2,1,1,1.5588233741310789,False,wet,True,1.0,1.0
2022,8,river,Turag,Nama Bazar,8.0,58.0,7.5,5.0,124.4,126.0,,63.4,25.0,,7.16,3,1,2,1,1,1.5470302510025133,False,wet,True,1.0,2.0
2022,8,river,Turag,Turag Bridge,10.0,76.0,8.0,5.0,148.9,56.0,,75.1,27.0,,7.81,3,1,2,1,1,1.1012948042126667,False,wet,True,2.0,2.0
2022,8,river,Turag,Vawal,8.0,71.0,7.5,5.2,128.2,81.0,,64.9,25.0,,7.04,3,1,2,1,1,1.5171748490708505,False,wet,True,1.0,2.0
2022,8,urban_lake,Dhanmondi Lake,8 No. Road Bridge,8.0,34.0,,5.86,302.0,12.0,,132.0,89.0,1.6,7.46,3,1,2,1,1,1.2729987299650758,False,wet,False,,
2022,8,urban_lake,Dhanmondi Lake,Road No 28 at the end of,6.0,19.0,,5.29,,,,,,,7.49,2,1,2,1,1,0.761912417502849,False,wet,False,,
2022,8,urban_lake,Gulshan Lake,Near Lake View Clinic,22.0,75.0,41.0,2.1,443.0,77.0,,41.0,162.0,37.1,7.12,4,2,2,1,2,4.690930800164962,True,wet,False,,
2022,8,urban_lake,Hatir Jheel,FDC More Bridge,22.0,58.0,48.0,8.0,474.0,116.0,,150.0,150.0,72.2,7.4,2,1,2,1,1,3.852592982119398,True,wet,False,,
2022,8,urban_lake,Hatir Jheel,Raampura Bridge,22.0,63.0,44.0,3.65,497.0,110.0,,162.0,162.0,67.6,7.3,4,2,2,1,2,4.219598650754237,True,wet,False,,
2022,9,river,Balu,Jolshiri Abason,10.0,51.0,14.5,4.9,243.0,8.0,,122.5,50.0,5.0,6.5,3,1,2,1,1,2.4974470761383505,True,wet,True,2.0,2.0
2022,9,river,Balu,Trimohoni Bridge,30.0,61.0,50.0,1.0,575.0,59.0,,288.0,78.0,29.0,7.16,4,2,2,1,2,8.265663271093437,True,wet,True,3.0,2.0
2022,9,river,Buriganga,Bosila Bridge,8.2,68.0,6.2,5.1,151.0,53.0,,78.0,31.0,42.7,7.14,3,1,2,1,1,1.5617513295983387,False,wet,True,1.0,2.0
2022,9,river,Buriganga,Chandni Ghat Bridge,12.0,73.0,11.5,5.45,,,,89.0,36.0,36.1,,3,1,2,1,1,0.7510315641819288,False,wet,True,1.0,2.0
2022,9,river,Buriganga,Fatullah,8.0,15.0,10.5,5.0,171.0,38.0,,87.0,34.0,26.8,7.04,3,1,2,1,1,1.5359901173186994,False,wet,True,1.0,2.0
2022,9,river,Buriganga,Hazaribagh,10.0,93.0,8.0,5.16,156.0,67.0,,81.0,33.0,53.1,7.14,3,1,2,1,1,1.2687551317314059,False,wet,True,1.0,2.0
2022,9,river,Buriganga,Mirpur Bridge,8.0,54.0,7.6,5.3,154.0,60.0,,78.0,33.0,51.4,7.13,3,1,2,1,1,1.5286130826658617,False,wet,True,1.0,2.0
2022,9,river,Buriganga,Satmosjid Road,10.0,85.0,10.0,5.2,158.0,51.0,,81.0,34.0,43.0,7.11,3,1,2,1,1,1.2731517673410453,False,wet,True,1.0,2.0
2022,9,river,Ganges,Kanchan Park (Up Stream),2.3,,11.0,7.61,260.0,40.0,,130.0,,12.0,7.62,0,0,2,0,0,0.3117915066976446,False,wet,False,,
2022,9,river,Ganges,Nurullapur (Down Stream),2.3,,10.0,7.6,270.0,42.0,,135.0,,12.0,7.6,0,0,2,0,0,0.33327054091869673,False,wet,False,,
2022,9,river,Ganges,Nurullapur (Up Stream),2.3,,10.0,7.6,270.0,42.0,,135.0,,12.0,7.6,0,0,2,0,0,0.33327054091869673,False,wet,False,,
2022,9,river,Ganges,Sardah (Down Stream),2.4,,10.0,7.62,280.0,44.0,,140.0,,12.0,7.42,0,0,2,0,0,0.38236445453400797,False,wet,False,,
2022,9,river,Ganges,Sardah (Up Stream),2.4,,10.0,7.62,280.0,44.0,,140.0,,12.0,7.42,0,0,2,0,0,0.38236445453400797,False,wet,False,,
2022,9,river,Halda,Garduara Sluice Gate,9.0,9.0,,6.55,115.0,,,62.6,,,7.61,2,1,2,1,1,0.761346468226628,False,wet,False,,
2022,9,river,Halda,Halda Bridge,14.0,14.0,,7.74,110.5,,,58.7,,,7.77,2,1,2,1,1,0.8786323657538451,False,wet,False,,
2022,9,river,Halda,Maduna Ghat,15.5,15.5,,7.92,101.5,,,56.7,,,7.4,2,1,2,1,1,0.8554388084416557,False,wet,False,,
2022,9,river,Jamuna,Horipur Kheya Ghat (D),2.4,,10.0,7.6,,36.0,,135.0,,,7.6,0,0,2,0,0,0.4003927439195555,False,wet,False,,
2022,9,river,Jamuna,Horipur Kheya Ghat (U),2.4,,10.0,7.6,,36.0,,135.0,,,7.6,0,0,2,0,0,0.4003927439195555,False,wet,False,,
2022,9,river,Jamuna,Jamuna Eco Park (D),2.4,,11.0,7.62,,40.0,,130.0,,,7.55,0,0,2,0,0,0.41604936120580915,False,wet,False,,
2022,9,river,Jamuna,Jamuna Eco Park (U),2.4,,11.0,7.62,,40.0,,130.0,,,7.55,0,0,2,0,0,0.41604936120580915,False,wet,False,,
2022,9,river,Jamuna,Kakua,2.0,,3.0,6.2,,305.0,,,,,7.47,0,0,2,0,0,0.26225258482391517,False,wet,False,,
2022,9,river,Jamuna,Mohonganj (D),2.3,,11.0,7.62,,38.0,,130.0,,,7.5,0,0,2,0,0,0.4578066355818235,False,wet,False,,
2022,9,river,Jamuna,Mohonganj (U),2.3,,11.0,7.62,,38.0,,130.0,,,7.5,0,0,2,0,0,0.4578066355818235,False,wet,False,,
2022,9,river,Jamuna,Shariakandi Groin badth (D),2.4,,11.0,7.61,,42.0,,133.0,,,7.52,0,0,2,0,0,0.45003715779626696,False,wet,False,,
2022,9,river,Jamuna,Shariakandi Groin badth (U),2.4,,11.0,7.61,,42.0,,133.0,,,7.52,0,0,2,0,0,0.45003715779626696,False,wet,False,,
2022,9,river,Jamuna,Tarakandi (D),4.0,,5.0,6.1,,127.0,,83.0,,,7.14,1,0,2,0,0,0.8149715164358838,False,wet,False,,
2022,9,river,Karnaphuli,CUFL,10.0,49.0,,7.47,3830.0,,,2060.0,,,7.71,2,1,2,1,1,0.991198741023001,False,wet,False,,
2022,9,river,Karnaphuli,Kalurghat Bridge,4.0,12.0,,7.39,498.0,,,248.0,,,7.46,1,0,2,0,0,0.40827653872921604,False,wet,False,,
2022,9,river,Karnaphuli,Karnaphuli Paper,4.0,10.0,,7.68,699.0,,,359.0,,,7.68,1,0,2,0,0,0.4079189579870561,False,wet,False,,
2022,9,river,Karnaphuli,Mariam Nagar,3.0,9.0,,7.46,635.0,,,328.0,,,7.72,0,0,2,0,0,0.5204550446943905,False,wet,False,,
2022,9,river,Karnaphuli,Shikalbaha,5.0,15.0,,7.49,632.0,,,328.0,,,7.62,1,0,2,0,0,0.48364443962831216,False,wet,False,,
2022,9,river,Karnaphuli,TSP,7.0,42.0,,7.0,348.0,,,174.0,,,8.18,2,1,2,1,1,0.8236839855230249,False,wet,False,,
2022,9,river,Meghna,Anondo Bazar,4.0,22.0,,4.2,,20.0,,158.0,,,,2,1,2,1,1,0.4633469204005578,False,wet,False,,
2022,9,river,Meghna,Bhairob Bazar,2.0,10.0,,5.8,,28.0,,26.9,,,6.92,1,0,2,0,0,0.7225643822746709,False,wet,False,,
2022,9,river,Meghna,Bisnondi,5.0,34.0,,5.0,,18.0,,29.0,,,7.28,2,1,2,1,1,0.7104728949061959,False,wet,False,,
2022,9,river,Meghna,Meghna Ghat,2.0,24.0,,7.0,,22.0,,30.0,,,6.69,0,0,2,0,0,0.807690533283667,False,wet,False,,
2022,9,river,Meghna,Norsingdi Launch Terminal,2.0,10.0,,4.1,,11.0,,42.6,,,6.65,1,0,2,0,0,0.7815941648096324,False,wet,False,,
2022,9,river,Padma,Barha Ghat,4.0,,,7.53,,,,88.0,,,7.88,1,0,2,0,0,0.17946201188274202,False,wet,False,,
2022,9,river,Padma,Mawa Ghat,3.0,,,7.45,,,,93.0,,,7.7,0,0,2,0,0,0.3970877541080232,False,wet,False,,
2022,9,river,Shitalakhya,Gorashal Fertilizer,4.0,24.0,10.0,6.2,184.0,36.0,,88.0,45.0,,7.57,1,0,2,0,0,0.5345909928265082,False,wet,True,1.0,1.0
2022,9,river,Shitalakhya,Majhira Demra Ghat,6.0,39.0,9.0,5.3,166.0,34.0,,81.0,32.0,,7.4,2,1,2,1,1,0.766181785011648,False,wet,True,1.0,1.0
2022,9,river,Shitalakhya,Murapara (Rupganj),4.0,36.0,14.0,4.3,176.0,39.0,,90.0,32.0,,7.29,2,1,2,1,1,0.880630925749726,False,wet,True,1.0,1.0
2022,9,river,Shitalakhya,Port Road,6.0,40.0,19.0,1.8,235.0,28.0,,122.0,34.0,,7.69,3,1,2,1,1,2.166861594983842,True,wet,True,2.0,2.0
2022,9,river,Turag,Ashulia,4.0,40.0,5.2,4.7,121.0,58.0,,80.0,23.0,,7.08,2,1,2,1,1,0.7284769936587936,False,wet,True,1.0,1.0
2022,9,river,Turag,Kaliakoir,8.0,97.0,4.0,6.3,134.0,325.0,,64.0,31.0,,7.52,2,1,2,1,1,1.2373514262612746,False,wet,True,1.0,1.0
2022,9,river,Turag,Nama Bazar,8.0,73.0,4.0,7.8,133.0,192.0,,68.0,26.0,,7.36,2,1,2,1,1,0.8159879300430317,False,wet,True,1.0,1.0
2022,9,river,Turag,Turag Bridge,8.0,44.0,5.5,4.8,171.0,62.0,,84.0,24.0,,7.2,3,1,2,1,1,1.537790593483427,False,wet,True,1.0,2.0
2022,9,river,Turag,Vawal,4.0,39.0,3.0,7.1,134.0,229.0,,67.0,32.0,,7.32,1,0,2,0,0,0.6296398629533855,False,wet,True,1.0,1.0
2022,10,river,Balu,Jolshiri Abason,6.0,10.0,13.0,2.0,183.3,14.0,,96.5,42.0,12.0,7.16,3,1,2,1,1,2.027910198378566,False,wet,True,2.0,2.0
2022,10,river,Balu,Trimohoni Bridge,22.0,53.0,43.5,0.4,506.0,81.0,,271.0,89.0,34.7,7.46,4,2,2,1,2,5.128165510493187,True,wet,True,3.0,2.0
2022,10,river,Buriganga,Bosila Bridge,6.4,22.0,5.0,5.2,168.4,39.0,,83.8,28.0,34.2,7.48,3,1,2,1,1,0.8786526757939979,False,wet,True,1.0,2.0
2022,10,river,Buriganga,Chandni Ghat Bridge,6.2,20.0,9.5,2.5,,,,99.6,33.0,25.4,,4,2,2,1,2,1.6059758810902598,False,wet,True,2.0,2.0
2022,10,river,Buriganga,Fatullah,6.4,20.0,7.0,3.0,177.0,35.0,,86.8,28.0,34.2,7.01,4,2,2,1,2,1.4164702982224426,False,wet,True,1.0,2.0
2022,10,river,Buriganga,Hazaribagh,6.8,48.0,4.5,5.6,159.3,42.0,,78.8,29.0,35.0,7.74,3,1,2,1,1,0.969484308645377,False,wet,True,2.0,2.0
2022,10,river,Buriganga,Mirpur Bridge,6.2,36.0,5.5,5.4,163.8,44.0,,80.8,30.0,34.2,7.97,3,1,2,1,1,0.8071483491407032,False,wet,True,1.0,2.0
2022,10,river,Buriganga,Satmosjid Road,6.2,27.0,7.5,3.7,170.9,27.0,,85.6,30.0,32.6,6.96,4,2,2,1,2,1.0067967523692611,False,wet,True,1.0,2.0
2022,10,river,Dhaleshwari,Hazratpur,3.0,6.0,,6.0,196.9,,,100.6,,,7.36,0,0,2,0,0,0.1972477566037287,False,wet,True,1.0,0.0
2022,10,river,Dhaleshwari,Mukterpur,3.0,10.0,,4.2,126.2,,,72.3,,,7.09,1,0,2,0,0,0.7697368642917491,False,wet,True,1.0,1.0
2022,10,river,Dhaleshwari,Pathorghata,3.0,20.0,,5.2,112.8,,,62.8,,,6.92,1,0,2,0,0,0.9641636397349977,False,wet,True,1.0,1.0
2022,10,river,Dhaleshwari,Ruhitpur,3.0,7.0,,4.6,126.1,,,64.7,,,7.44,1,0,2,0,0,0.6852573208860231,False,wet,True,1.0,1.0
2022,10,river,Dhaleshwari,Utorro Mitra,6.0,10.0,,5.0,144.4,,,74.9,,,6.91,2,1,2,1,1,0.6821694390287428,False,wet,True,1.0,1.0
2022,10,river,Ganges,Kanchan Park (Up Stream),2.3,,11.0,7.62,264.0,40.0,,132.0,,12.0,7.62,0,0,2,0,0,0.319697368461759,False,wet,False,,
2022,10,river,Ganges,Nurullapur (Down Stream),2.4,,10.0,7.62,270.0,42.0,,135.0,,12.0,7.6,0,0,2,0,0,0.3661246916498282,False,wet,False,,
2022,10,river,Ganges,Nurullapur (Up Stream),2.4,,10.0,7.62,270.0,42.0,,135.0,,12.0,7.6,0,0,2,0,0,0.3661246916498282,False,wet,False,,
2022,10,river,Ganges,Sardah (Down Stream),2.5,,10.0,7.64,286.0,44.0,,143.0,,12.0,7.4,0,0,2,0,0,0.4098311895302781,False,wet,False,,
2022,10,river,Ganges,Sardah (Up Stream),2.5,,10.0,7.64,286.0,44.0,,143.0,,12.0,7.4,0,0,2,0,0,0.4098311895302781,False,wet,False,,
2022,10,river,Halda,Garduara Sluice Gate,10.0,10.0,,8.22,124.0,,,108.7,,,8.58,3,1,2,1,1,1.0934556827954438,False,wet,False,,
2022,10,river,Halda,Halda Bridge,12.5,12.5,,8.21,207.1,,,168.2,,,8.63,3,1,2,1,1,1.6382537181467842,False,wet,False,,
2022,10,river,Halda,Maduna Ghat,13.4,13.4,,8.28,136.9,,,144.0,,,8.45,2,1,2,1,1,1.444614210969361,False,wet,False,,
2022,10,river,Jamuna,Horipur Kheya Ghat (D),2.4,,10.0,7.62,,36.0,,135.0,,,7.56,0,0,2,0,0,0.4084424642162344,False,wet,False,,
2022,10,river,Jamuna,Horipur Kheya Ghat (U),2.4,,10.0,7.62,,36.0,,135.0,,,7.56,0,0,2,0,0,0.4084424642162344,False,wet,False,,
2022,10,river,Jamuna,Jamuna Eco Park (D),2.4,,11.0,7.64,,40.0,,130.0,,,7.52,0,0,2,0,0,0.4428592111955898,False,wet,False,,
2022,10,river,Jamuna,Jamuna Eco Park (U),2.4,,11.0,7.64,,40.0,,130.0,,,7.52,0,0,2,0,0,0.4428592111955898,False,wet,False,,
2022,10,river,Jamuna,Mohonganj (D),2.3,,11.0,7.64,,38.0,,131.0,,,7.5,0,0,2,0,0,0.4532507252025021,False,wet,False,,
2022,10,river,Jamuna,Mohonganj (U),2.3,,11.0,7.64,,38.0,,131.0,,,7.5,0,0,2,0,0,0.4532507252025021,False,wet,False,,
2022,10,river,Jamuna,Shariakandi Groin badth (D),2.4,,11.0,7.6,,42.0,,133.0,,,7.54,0,0,2,0,0,0.4305829152699382,False,wet,False,,
2022,10,river,Jamuna,Shariakandi Groin badth (U),2.4,,11.0,7.6,,42.0,,133.0,,,7.54,0,0,2,0,0,0.4305829152699382,False,wet,False,,
2022,10,river,Karnaphuli,CUFL,8.0,45.0,,7.47,4216.0,,,2060.0,,,7.79,2,1,2,1,1,1.679875054474838,False,wet,False,,
2022,10,river,Karnaphuli,Kalurghat Bridge,5.0,10.0,,7.39,512.0,,,248.0,,,7.57,1,0,2,0,0,0.5825677706479792,False,wet,False,,
2022,10,river,Karnaphuli,Karnaphuli Paper,5.0,12.0,,7.68,748.0,,,359.0,,,7.79,1,0,2,0,0,0.34456801582611096,False,wet,False,,
2022,10,river,Karnaphuli,Mariam Nagar,4.0,11.0,,7.46,689.0,,,328.0,,,7.72,1,0,2,0,0,0.37309417488529956,False,wet,False,,
2022,10,river,Karnaphuli,Shikalbaha,5.6,13.0,,7.49,678.0,,,328.0,,,7.78,1,0,2,0,0,0.3676000322436337,False,wet,False,,
2022,10,river,Karnaphuli,TSP,7.0,38.0,,7.0,359.0,,,174.0,,,7.89,2,1,2,1,1,0.4735148174063208,False,wet,False,,
2022,10,river,Shitalakhya,Gorashal Fertilizer,4.0,10.0,8.0,4.9,182.5,35.0,,96.0,40.0,,7.47,2,1,2,1,1,0.8294397959487256,False,wet,True,1.0,1.0
2022,10,river,Shitalakhya,Majhira Demra Ghat,8.4,34.0,9.0,4.2,157.5,43.0,,82.0,31.0,,7.23,3,1,2,1,1,1.777166220625522,False,wet,True,1.0,2.0
2022,10,river,Shitalakhya,Murapara (Rupganj),6.0,41.0,18.0,3.8,450.0,97.0,,246.0,37.0,,7.04,3,1,2,1,1,0.903597292581205,False,wet,True,1.0,2.0
2022,10,river,Shitalakhya,Port Road,8.6,42.0,20.0,3.2,265.0,25.0,,138.0,37.0,,7.18,4,2,2,1,2,2.0266969859546315,False,wet,True,2.0,2.0
2022,10,river,Turag,Ashulia,10.0,63.0,4.0,5.0,136.4,52.0,,74.7,28.0,,6.88,3,1,2,1,1,1.7155500461839535,False,wet,True,1.0,2.0
2022,10,river,Turag,Kaliakoir,4.0,10.0,17.0,5.8,124.9,229.0,,67.6,32.0,,7.84,2,1,2,1,1,0.5889328760942589,False,wet,True,2.0,2.0
2022,10,river,Turag,Nama Bazar,7.0,15.0,6.0,4.9,195.6,235.0,,90.6,29.0,,7.54,3,1,2,1,1,1.1686053158411815,False,wet,True,1.0,2.0
2022,10,river,Turag,Turag Bridge,12.0,60.0,10.0,5.2,185.0,50.8,,74.7,67.6,,7.54,3,1,2,1,1,1.3904795670488692,False,wet,True,1.0,2.0
2022,10,river,Turag,Vawal,2.0,17.0,9.0,6.0,141.4,63.0,,76.2,30.0,,7.46,0,0,2,0,0,0.401333572630012,False,wet,True,1.0,0.0
2022,11,river,Balu,Jolshiri Abason,3.0,12.0,12.0,8.0,169.4,7.0,,90.0,40.0,5.68,7.52,0,0,2,0,0,0.4174083955577853,False,dry,True,1.0,0.0
2022,11,river,Balu,Trimohoni Bridge,6.0,90.0,80.0,0.1,703.0,58.0,,407.0,124.0,65.0,7.25,3,1,2,1,1,3.390620857151204,True,dry,True,3.0,2.0
2022,11,river,Buriganga,Bosila Bridge,8.2,22.0,5.0,4.1,149.0,32.0,,84.0,32.0,30.1,7.29,3,1,2,1,1,1.7154346512325689,False,dry,True,1.0,2.0
2022,11,river,Buriganga,Chandni Ghat Bridge,8.4,54.0,12.0,0.2,,,,134.7,49.0,28.9,,4,2,2,1,2,3.43930563196499,True,dry,True,3.0,2.0
2022,11,river,Buriganga,Fatullah,8.2,28.0,10.0,3.0,169.0,27.0,,95.4,38.0,25.2,7.31,4,2,2,1,2,2.0024662442100785,False,dry,True,1.0,2.0
2022,11,river,Buriganga,Hazaribagh,8.4,24.0,7.0,3.9,154.0,24.0,,86.8,30.0,21.9,7.28,4,2,2,1,2,1.8184454997457247,False,dry,True,2.0,2.0
2022,11,river,Buriganga,Mirpur Bridge,8.0,90.0,6.0,4.2,148.0,27.0,,82.4,31.0,29.7,7.5,3,1,2,1,1,1.4307487974493087,False,dry,True,2.0,2.0
2022,11,river,Buriganga,Satmosjid Road,8.6,22.0,8.0,3.2,161.0,23.0,,90.7,36.0,26.2,7.22,4,2,2,1,2,2.0644805153140777,False,dry,True,2.0,2.0
2022,11,river,Dhaleshwari,Hazratpur,2.0,8.0,,7.2,154.8,,,86.2,,,7.24,0,0,2,0,0,0.5883260957946526,False,dry,True,1.0,0.0
2022,11,river,Dhaleshwari,Mukterpur,3.0,10.0,,6.2,156.4,,,84.2,,,7.25,0,0,2,0,0,0.404377057698387,False,dry,True,1.0,0.0
2022,11,river,Dhaleshwari,Pathorghata,2.0,15.0,,5.5,149.5,,,82.7,,,7.23,1,0,2,0,0,0.46577722724980536,False,dry,True,1.0,1.0
2022,11,river,Dhaleshwari,Ruhitpur,2.0,10.0,,7.4,154.2,,,85.9,,,7.23,0,0,2,0,0,0.5278289419065018,False,dry,True,1.0,0.0
2022,11,river,Dhaleshwari,Utorro Mitra,5.0,15.0,,6.8,168.1,,,95.2,,,7.03,1,0,2,0,0,0.5114070538057881,False,dry,True,1.0,1.0
2022,11,river,Kaligonga,Bheutha Ghat,2.0,,8.0,6.1,,46.0,,8.0,,,7.65,0,0,2,0,0,0.5293818935856875,False,dry,True,1.0,0.0
2022,11,river,Karnaphuli,CUFL,7.0,56.0,,6.47,14200.0,,,7960.0,,,6.11,3,1,2,1,1,12.607884494394366,True,dry,False,,
2022,11,river,Karnaphuli,Kalurghat Bridge,3.0,9.0,,7.19,569.0,,,312.0,,,7.42,0,0,2,0,0,0.6824283390065602,False,dry,False,,
2022,11,river,Karnaphuli,Karnaphuli Paper,4.0,11.0,,7.49,694.0,,,345.0,,,7.11,1,0,2,0,0,0.8781572686585302,False,dry,False,,
2022,11,river,Karnaphuli,Mariam Nagar,3.0,10.0,,7.33,489.0,,,280.0,,,7.24,0,0,2,0,0,0.6372209613680333,False,dry,False,,
2022,11,river,Karnaphuli,Shikalbaha,4.0,10.0,,7.1,489.0,,,289.0,,,7.57,1,0,2,0,0,0.3422713911906336,False,dry,False,,
2022,11,river,Karnaphuli,TSP,6.0,37.0,,5.7,9570.0,,,5320.0,,,6.45,3,1,2,1,1,5.977543022895828,True,dry,False,,
2022,11,river,Meghna,Anondo Bazar,6.2,58.0,,5.8,,53.0,,44.7,,,7.54,3,1,2,1,1,0.7403336281491719,False,dry,False,,
2022,11,river,Meghna,Bhairob Bazar,6.7,25.0,,6.3,,32.0,,39.7,,,7.56,2,1,2,1,1,0.9534437804947591,False,dry,False,,
2022,11,river,Meghna,Bisnondi,6.2,51.0,,5.4,,22.0,,49.3,,,7.57,3,1,2,1,1,0.7412914733997767,False,dry,False,,
2022,11,river,Meghna,Meghna Ghat,2.0,8.0,,5.1,,25.0,,41.7,,,7.7,1,0,2,0,0,0.24992942290153103,False,dry,False,,
2022,11,river,Meghna,Norsingdi Launch Terminal,6.2,14.0,,5.8,,10.0,,75.7,,,7.58,3,1,2,1,1,0.721262161717404,False,dry,False,,
2022,11,river,Padma,Barha Ghat,2.0,,,8.0,134.0,148.0,,74.0,,,7.58,0,0,2,0,0,0.4608768252049296,False,dry,False,,
2022,11,river,Padma,Mawa Ghat,2.0,,,8.0,138.0,89.0,,75.0,,,7.42,0,0,2,0,0,0.3086882550199746,False,dry,False,,
2022,11,river,Shitalakhya,Gorashal Fertilizer,3.0,10.0,44.0,7.9,227.0,14.0,,123.6,44.0,,7.78,0,0,2,0,0,0.4005347026385813,False,dry,True,1.0,0.0
2022,11,river,Shitalakhya,Majhira Demra Ghat,6.1,17.0,24.0,5.4,289.0,23.0,,162.9,24.0,,7.37,3,1,2,1,1,0.8408056879308923,False,dry,True,1.0,2.0
2022,11,river,Shitalakhya,Murapara (Rupganj),3.6,27.0,35.0,5.8,215.0,30.0,,113.2,35.0,,7.31,2,1,2,1,1,0.31014443789545926,False,dry,True,1.0,1.0
2022,11,river,Shitalakhya,Port Road,5.6,14.0,12.0,6.5,225.0,28.0,,122.5,34.0,,7.49,1,0,2,0,0,0.600035364422975,False,dry,True,1.0,1.0
2022,11,river,Turag,Ashulia,3.0,10.0,4.0,6.2,141.3,12.0,,77.5,29.0,,7.41,0,0,2,0,0,0.2497564520007136,False,dry,True,1.0,0.0
2022,11,river,Turag,Kaliakoir,6.0,22.0,17.0,3.8,116.4,113.0,,64.2,22.0,,7.02,3,1,2,1,1,0.9275823232394262,False,dry,True,1.0,2.0
2022,11,river,Turag,Nama Bazar,3.0,10.0,6.0,5.2,150.5,82.0,,79.9,28.0,,7.64,1,0,2,0,0,0.6250357044052353,False,dry,True,2.0,1.0
2022,11,river,Turag,Turag Bridge,3.0,14.0,9.0,5.8,159.8,22.0,,82.0,27.0,,7.42,1,0,2,0,0,0.26280151703265564,False,dry,True,1.0,1.0
2022,11,river,Turag,Vawal,4.0,10.0,11.0,4.9,669.0,49.0,,334.0,39.0,,6.69,2,1,2,1,1,1.2570167225394837,False,dry,True,1.0,1.0
2022,11,urban_lake,Dhanmondi Lake,8 No. Road Bridge,2.8,30.0,,4.3,222.0,48.0,,121.7,89.0,56.0,7.62,1,0,2,0,0,0.5420692004796207,False,dry,False,,
2022,11,urban_lake,Dhanmondi Lake,Road No 28 at the end of,2.2,16.0,,2.2,,,,,,,7.52,2,1,2,0,1,1.6844321762694245,False,dry,False,,
2022,11,urban_lake,Gulshan Lake,Near Lake View Clinic,38.0,78.0,44.0,5.0,356.0,159.0,,269.0,158.0,61.4,7.32,3,1,2,1,1,11.516223862436473,True,dry,False,,
2022,11,urban_lake,Hatir Jheel,FDC More Bridge,26.0,115.0,66.0,2.1,555.0,116.0,,284.0,218.0,123.0,7.72,4,2,2,1,2,6.110993351371585,True,dry,False,,
2022,11,urban_lake,Hatir Jheel,Raampura Bridge,21.0,39.0,45.0,5.5,426.0,29.0,,235.0,189.0,35.0,7.92,3,1,2,1,1,3.4775704624184596,True,dry,False,,
2022,12,river,Balu,Jolshiri Abason,5.4,39.0,13.0,2.1,242.0,33.0,,142.3,104.0,44.0,7.26,3,1,2,1,1,1.8845535728170577,False,dry,True,2.0,2.0
2022,12,river,Balu,Trimohoni Bridge,88.5,222.0,93.0,0.1,842.0,48.0,,446.0,296.0,49.0,7.22,4,2,2,1,2,35.5614244897279,True,dry,True,3.0,2.0
2022,12,river,Brahmaputra,Jamalpur Bridge,3.0,,2.0,7.7,,8.0,,156.7,,,7.83,0,0,2,0,0,0.3604209612127433,False,dry,False,,
2022,12,river,Brahmaputra,Jamalpur Rail Bridge,1.8,,11.5,8.0,,19.9,,169.5,,,7.93,0,0,2,0,0,0.13314587522719662,False,dry,False,,
2022,12,river,Buriganga,Bosila Bridge,10.4,44.0,30.0,1.2,396.0,49.0,,230.0,110.0,57.0,7.52,4,2,2,1,2,2.7879289630000526,True,dry,True,2.0,2.0
2022,12,river,Buriganga,Chandni Ghat Bridge,10.2,42.0,30.0,1.8,,,,236.0,118.0,52.0,,4,2,2,1,2,2.1708471801904126,True,dry,True,2.0,2.0
2022,12,river,Buriganga,Fatullah,12.6,28.0,32.0,1.8,418.0,56.0,,241.0,138.0,65.0,7.39,4,2,2,1,2,2.5681199019312104,True,dry,True,2.0,2.0
2022,12,river,Buriganga,Hazaribagh,10.4,68.0,55.0,1.2,657.0,136.0,,384.0,221.0,145.0,7.32,4,2,2,1,2,2.7470928500419274,True,dry,True,3.0,2.0
2022,12,river,Buriganga,Mirpur Bridge,10.8,92.0,28.0,2.4,377.0,39.0,,214.0,99.0,48.0,7.34,4,2,2,1,2,2.1435315369192542,True,dry,True,2.0,2.0
2022,12,river,Buriganga,Satmosjid Road,10.2,60.0,46.0,1.2,627.0,149.0,,368.0,186.0,158.0,7.28,4,2,2,1,2,2.7825749864959537,True,dry,True,3.0,2.0
2022,12,river,Dhaleshwari,Hazratpur,1.2,,,7.9,455.0,,,255.0,,,7.97,0,0,2,0,0,0.36535986843735463,False,dry,True,1.0,0.0
2022,12,river,Dhaleshwari,Mukterpur,3.3,10.2,,1.5,342.0,,,174.3,,,7.17,3,1,2,1,1,2.3859865466135672,True,dry,True,2.0,2.0
2022,12,river,Dhaleshwari,Pathorghata,4.2,10.0,,5.6,510.0,,,250.0,,,7.42,2,1,2,1,1,0.6712052955922704,False,dry,True,1.0,1.0
2022,12,river,Dhaleshwari,Ruhitpur,1.2,,,5.7,437.0,,,246.0,,,7.9,1,0,2,0,0,0.4026122021721187,False,dry,True,2.0,1.0
2022,12,river,Dhaleshwari,Utorro Mitra,2.0,6.0,,5.2,441.0,,,258.0,,,7.32,1,0,2,0,0,0.6213924910688495,False,dry,True,1.0,1.0
2022,12,river,Ganges,Kanchan Park (Up Stream),2.3,,11.0,7.62,264.0,40.0,,132.0,,12.0,7.6,0,0,2,0,0,0.3407987601547297,False,dry,False,,
2022,12,river,Ganges,Nurullapur (Down Stream),2.4,,10.0,7.6,280.0,42.0,,140.0,,12.0,7.5,0,0,2,0,0,0.4632137601729258,False,dry,False,,
2022,12,river,Ganges,Nurullapur (Up Stream),2.4,,10.0,7.6,280.0,42.0,,140.0,,12.0,7.5,0,0,2,0,0,0.4632137601729258,False,dry,False,,
2022,12,river,Ganges,Sardah (Down Stream),2.4,,10.0,7.64,286.0,44.0,,143.0,,12.0,7.4,0,0,2,0,0,0.38429025491056606,False,dry,False,,
2022,12,river,Ganges,Sardah (Up Stream),2.4,,10.0,7.64,286.0,44.0,,143.0,,12.0,7.4,0,0,2,0,0,0.38429025491056606,False,dry,False,,
2022,12,river,Jamuna,Horipur Kheya Ghat (D),2.4,,10.0,7.62,,36.0,,130.0,,,7.62,0,0,2,0,0,0.39807388015549816,False,dry,False,,
2022,12,river,Jamuna,Horipur Kheya Ghat (U),2.4,,10.0,7.62,,36.0,,130.0,,,7.62,0,0,2,0,0,0.39807388015549816,False,dry,False,,
2022,12,river,Jamuna,Jamuna Eco Park (D),2.4,,11.0,7.6,,40.0,,132.0,,,7.54,0,0,2,0,0,0.4305829152699382,False,dry,False,,
2022,12,river,Jamuna,Jamuna Eco Park (U),2.4,,11.0,7.6,,40.0,,132.0,,,7.54,0,0,2,0,0,0.4305829152699382,False,dry,False,,
2022,12,river,Jamuna,Kakua,2.3,,40.0,11.5,,15.0,,4.0,,,8.57,1,0,2,0,0,0.39882755628855565,False,dry,False,,
2022,12,river,Jamuna,Mohonganj (D),2.3,,11.0,7.6,,38.0,,131.0,,,7.6,0,0,2,0,0,0.3801828386451932,False,dry,False,,
2022,12,river,Jamuna,Mohonganj (U),2.3,,11.0,7.6,,38.0,,131.0,,,7.6,0,0,2,0,0,0.3801828386451932,False,dry,False,,
2022,12,river,Jamuna,Shariakandi Groin badth (D),2.4,,11.0,7.5,,42.0,,135.0,,,7.5,0,0,2,0,0,0.5104126842206115,False,dry,False,,
2022,12,river,Jamuna,Shariakandi Groin badth (U),2.4,,11.0,7.5,,42.0,,135.0,,,7.5,0,0,2,0,0,0.5104126842206115,False,dry,False,,
2022,12,river,Jamuna,Tarakandi (D),2.6,,6.0,7.9,,42.0,,225.0,,,7.87,0,0,2,0,0,0.32381813453287284,False,dry,False,,
2022,12,river,Karnaphuli,CUFL,6.0,48.0,,8.42,36500.0,,,18550.0,,,7.44,1,0,2,0,0,45.34012956491412,True,dry,False,,
2022,12,river,Karnaphuli,Kalurghat Bridge,4.0,9.0,,7.77,459.0,,,286.0,,,7.21,1,0,2,0,0,0.6325698045421744,False,dry,False,,
2022,12,river,Karnaphuli,Karnaphuli Paper,3.0,10.0,,7.39,523.0,,,269.0,,,7.28,0,0,2,0,0,0.679992469819089,False,dry,False,,
2022,12,river,Karnaphuli,Mariam Nagar,4.0,8.0,,7.28,358.0,,,318.0,,,7.41,1,0,2,0,0,0.5313825492846094,False,dry,False,,
2022,12,river,Karnaphuli,Shikalbaha,5.0,9.0,,7.38,538.0,,,189.0,,,7.18,1,0,2,0,0,0.7591077103862026,False,dry,False,,
2022,12,river,Karnaphuli,TSP,7.0,32.0,,7.4,19110.0,,,11480.0,,,7.53,2,1,2,1,1,19.492120251078827,True,dry,False,,
2022,12,river,Meghna,Anondo Bazar,2.2,5.0,,5.8,,11.0,,98.5,,,6.49,2,1,2,0,1,0.8719773826112139,False,dry,False,,
2022,12,river,Meghna,Bhairob Bazar,3.0,10.0,,6.2,,10.0,,54.0,,,7.52,0,0,2,0,0,0.497712372823087,False,dry,False,,
2022,12,river,Meghna,Bisnondi,3.5,5.0,,6.4,,34.0,,59.2,,,7.6,1,0,2,0,0,0.3575829239071263,False,dry,False,,
2022,12,river,Meghna,Meghna Ghat,2.4,17.0,,4.9,,17.0,,77.5,,,6.99,1,0,2,0,0,0.7951464682923837,False,dry,False,,
2022,12,river,Meghna,Norsingdi Launch Terminal,2.3,12.0,,6.0,,12.0,,52.0,,,7.41,0,0,2,0,0,0.18800036380061555,False,dry,False,,
2022,12,river,Padma,Barha Ghat,0.7,,,8.07,196.9,66.0,,109.4,,,,0,0,2,0,0,0.4945718226074998,False,dry,False,,
2022,12,river,Padma,Mawa Ghat,3.0,,,7.56,202.0,68.0,,110.0,,,,0,0,2,0,0,0.5157438986390885,False,dry,False,,
2022,12,river,Shitalakhya,Gorashal Fertilizer,4.0,12.0,16.0,4.2,224.2,36.0,,114.5,28.0,,7.68,2,1,2,1,1,0.8343784391207993,False,dry,True,1.0,1.0
2022,12,river,Shitalakhya,Majhira Demra Ghat,8.0,35.0,14.0,2.0,216.0,42.0,,110.3,42.0,,7.35,4,2,2,1,2,2.4458517836539087,True,dry,True,2.0,2.0
2022,12,river,Shitalakhya,Murapara (Rupganj),10.0,41.0,10.0,4.7,214.0,86.0,,112.0,36.0,,7.32,3,1,2,1,1,1.4821021973324269,False,dry,True,1.0,2.0
2022,12,river,Shitalakhya,Port Road,6.0,40.0,12.0,4.0,228.0,24.0,,116.2,40.0,,7.4,2,1,2,1,1,0.9869301537618725,False,dry,True,1.0,1.0
2022,12,river,Turag,Ashulia,3.4,12.0,10.0,5.1,280.0,16.0,,148.4,90.0,,7.59,2,1,2,1,1,0.7501591074604016,False,dry,True,1.0,1.0
2022,12,river,Turag,Kaliakoir,3.2,24.0,8.0,8.7,214.7,28.0,,124.6,90.0,,7.68,1,0,2,0,0,0.3762838396322685,False,dry,True,1.0,1.0
2022,12,river,Turag,Nama Bazar,3.2,10.0,11.0,5.2,296.0,19.0,,156.4,95.0,,7.64,2,1,2,1,1,0.6124624805883306,False,dry,True,2.0,2.0
2022,12,river,Turag,Turag Bridge,5.4,22.0,9.0,6.0,274.0,5.0,,145.9,93.0,,7.69,1,0,2,0,0,0.503979116828918,False,dry,True,1.0,1.0
2022,12,river,Turag,Vawal,2.2,30.0,10.0,6.1,544.0,13.0,,313.0,36.0,,7.02,0,0,2,0,0,0.8252423458335526,False,dry,True,1.0,0.0
2023,1,river,Balu,Jolshiri Abason,18.0,60.0,18.0,1.41,248.0,28.0,,132.0,108.0,,7.13,4,2,2,1,2,3.746206365073628,True,dry,True,2.0,2.0
2023,1,river,Balu,Trimohoni Bridge,68.0,217.0,99.0,0.0,847.0,59.0,,480.0,330.0,50.0,6.82,4,2,2,1,2,25.985817260392082,True,dry,True,3.0,2.0
2023,1,river,Bhairab,"Basundia Bazar, Aladipur",2.7,,,4.21,,,,,,,6.22,2,1,2,0,1,1.0466026213858677,False,dry,False,,
2023,1,river,Bhairab,"Fultala Ghat, Dhulgram",2.9,,161.0,4.7,646.0,,0.07,323.0,,31.0,6.58,1,0,2,0,0,0.9906684856302712,False,dry,False,,
2023,1,river,Bhairab,Noapara Ferry Ghat,4.8,,187.0,6.34,1146.0,,0.13,573.0,,59.0,7.82,1,0,2,0,0,0.4785510602906487,False,dry,False,,
2023,1,river,Bhairab,Noapara Jafarpur,4.6,,289.0,6.29,1156.0,,0.11,578.0,,61.0,7.84,1,0,2,0,0,0.43221307398261105,False,dry,False,,
2023,1,river,Buriganga,Bosila Bridge (B.B),12.0,66.0,30.0,1.5,407.0,,,232.0,112.0,23.0,7.37,4,2,2,1,2,2.7667170833488464,True,dry,True,2.0,2.0
2023,1,river,Buriganga,Chandni Ghat (Cg.),13.0,66.0,82.0,1.2,757.0,,,437.0,260.0,58.0,7.11,4,2,2,1,2,3.1658368027177266,True,dry,True,3.0,2.0
2023,1,river,Buriganga,Fatullah (Fh),13.0,68.0,32.0,1.4,436.0,,,248.0,124.0,90.0,7.51,4,2,2,1,2,2.7007830349365296,True,dry,True,2.0,2.0
2023,1,river,Buriganga,Hazaribagh (Hg.),11.0,72.0,22.0,1.5,426.0,,,243.0,120.0,36.0,7.39,4,2,2,1,2,2.6467050460936346,True,dry,True,2.0,2.0
2023,1,river,Buriganga,Mirpur Bridge (M.B),12.0,70.0,21.0,1.9,389.0,76.0,,217.0,136.0,29.0,7.35,4,2,2,1,2,2.5527820544863453,True,dry,True,2.0,2.0
2023,1,river,Buriganga,Satmosjid Road (S.R),12.0,62.0,28.0,1.6,420.0,,,242.0,122.0,29.0,7.37,4,2,2,1,2,2.704313569711429,True,dry,True,2.0,2.0
2023,1,river,Ganges,Gorai off Take,3.4,,70.5,4.7,282.0,25.0,,142.0,,26.0,6.42,3,1,2,1,1,0.8540555993150246,False,dry,False,,
2023,1,river,Gorai,Kamarkhali Bridge,3.2,,39.0,6.5,158.0,22.0,,79.0,,17.0,7.48,1,0,2,0,0,0.4577050135509317,False,dry,False,,
2023,1,river,Halda,Garduara Sluice gate,4.0,11.0,,8.46,242.0,39.0,,,,,6.88,1,0,2,0,0,0.32541466750832215,False,dry,False,,
2023,1,river,Halda,Halda Bridge,5.0,10.0,,6.93,221.0,46.0,,,,,6.79,1,0,2,0,0,0.5463672020687852,False,dry,False,,
2023,1,river,Halda,Maduna Ghat,4.0,9.0,,7.12,235.0,58.0,,,,,7.0,1,0,2,0,0,0.3759813158056265,False,dry,False,,
2023,1,river,Jamuna,Horipur Kheya ghat (Dn),2.5,,,7.6,262.0,36.0,,131.0,,,7.52,0,0,2,0,0,0.5007473397506197,False,dry,False,,
2023,1,river,Jamuna,Horipur Kheya ghat (Up),2.5,,,7.6,262.0,36.0,,131.0,,,7.52,0,0,2,0,0,0.5007473397506197,False,dry,False,,
2023,1,river,Jamuna,Jamuna Eco Park (Dn),2.4,,,7.6,264.0,40.0,,132.0,,,7.52,0,0,2,0,0,0.48169990130557777,False,dry,False,,
2023,1,river,Jamuna,Jamuna Eco Park (Up),2.4,,,7.6,264.0,40.0,,132.0,,,7.52,0,0,2,0,0,0.48169990130557777,False,dry,False,,
2023,1,river,Jamuna,MohonGanj (Dn),2.3,,,7.6,262.0,38.0,,131.0,,,7.54,0,0,2,0,0,0.4284029643848911,False,dry,False,,
2023,1,river,Jamuna,MohonGanj (Up),2.3,,,7.6,262.0,38.0,,131.0,,,7.54,0,0,2,0,0,0.4284029643848911,False,dry,False,,
2023,1,river,Jamuna,Shariakand Kheya Ghat (Dn),2.3,,,7.5,270.0,42.0,,135.0,,,7.5,0,0,2,0,0,0.4528372847052071,False,dry,False,,
2023,1,river,Jamuna,Shariakand Kheya Ghat (Up),2.3,,,7.5,270.0,42.0,,135.0,,,7.5,0,0,2,0,0,0.4528372847052071,False,dry,False,,
2023,1,river,Karnaphuli,CUFL,7.0,42.0,,7.7,,170.0,,14480.0,,,7.04,2,1,2,1,1,0.6703174696838818,False,dry,False,,
2023,1,river,Karnaphuli,Kalurghat Bridge,3.0,8.0,,7.63,,59.0,,189.0,,,7.35,0,0,2,0,0,0.6119169438677585,False,dry,False,,
2023,1,river,Karnaphuli,Karnafully Paper,4.0,11.0,,7.41,,74.0,,361.0,,,7.19,1,0,2,0,0,0.6253356925178231,False,dry,False,,
2023,1,river,Karnaphuli,Mariam Nagar,5.0,9.0,,7.39,,69.0,,289.0,,,7.38,1,0,2,0,0,0.5730367213121715,False,dry,False,,
2023,1,river,Karnaphuli,TSP,6.0,34.0,,6.42,,57.0,,12750.0,,,7.81,1,0,2,0,0,0.6999109552803761,False,dry,False,,
2023,1,river,Khakshiali,Boshontopur,3.7,,1027.0,7.63,4110.0,83.0,,2055.0,,73.0,6.72,1,0,2,0,0,1.461781987086546,False,dry,False,,
2023,1,river,Khakshiali,Kaliganj Bazar,3.5,,1000.0,7.35,4000.0,72.0,,2000.0,,79.0,6.67,1,0,2,0,0,1.5857068925591722,False,dry,False,,
2023,1,river,Khakshiali,Uzirpur,2.8,,314.0,6.23,1254.0,55.0,,627.0,,53.0,7.21,0,0,2,0,0,0.7368134260574222,False,dry,False,,
2023,1,river,Korotoa,Aziz Ahmed Taki Road (Down),2.2,,,6.0,390.0,54.0,,195.0,,,7.36,0,0,2,0,0,0.25035205697138824,False,dry,False,,
2023,1,river,Korotoa,Aziz Ahmed Taki Road (UP),2.2,,,6.0,390.0,54.0,,195.0,,,7.36,0,0,2,0,0,0.25035205697138824,False,dry,False,,
2023,1,river,Korotoa,Dottobari Bridge (Down),2.2,,,6.0,390.0,58.0,,194.0,,,7.36,0,0,2,0,0,0.25035205697138824,False,dry,False,,
2023,1,river,Korotoa,Dottobari Bridge (UP),2.2,,,6.0,390.0,58.0,,194.0,,,7.36,0,0,2,0,0,0.25035205697138824,False,dry,False,,
2023,1,river,Mathavanga,"Pipe Ghat, (M.P)",2.1,,96.0,3.5,,,,192.0,,24.0,7.62,2,1,2,0,1,0.7229750257119025,False,dry,False,,
2023,1,river,Meghna,Annondo Bazar,6.0,20.0,54.0,7.0,,,,61.0,,,7.61,1,0,2,0,0,0.7079147919432869,False,dry,False,,
2023,1,river,Meghna,Bairob Bazar,4.0,30.0,7.0,7.4,,,,61.0,,,7.31,1,0,2,0,0,0.6505794677368945,False,dry,False,,
2023,1,river,Meghna,Bishondi Ferry Ghat,6.0,18.0,8.1,5.0,,,,64.0,,,7.69,2,1,2,1,1,0.8387765462716478,False,dry,False,,
2023,1,river,Meghna,Meghna Ghat,5.0,14.0,13.0,5.4,,,,65.0,,,7.26,2,1,2,1,1,0.7749165633639997,False,dry,False,,
2023,1,river,Meghna,Narshingdi Launch Ghat,3.0,15.0,17.0,2.9,,,,220.0,,,7.34,2,1,2,0,1,1.3139886541847716,False,dry,False,,
2023,1,river,Modhumoti,Dhalaitala,2.4,,179.0,5.2,718.0,48.0,,359.0,,42.0,6.23,2,1,2,0,1,1.3283474644928068,False,dry,False,,
2023,1,river,Moyuri,Buro Moulavir Darga,1.2,,46.0,0.0,186.0,,0.02,93.0,,11.0,7.64,2,1,2,0,1,3.4524158783993353,True,dry,False,,
2023,1,river,Moyuri,Doshgate Jalma,1.7,,189.0,2.27,754.0,,0.08,377.0,,17.0,6.52,2,1,2,0,1,2.091109386725659,False,dry,False,,
2023,1,river,Moyuri,Shoshan Ghat,1.1,,48.0,0.0,192.0,,0.04,96.0,,13.0,7.74,2,1,2,0,1,3.45597728121533,True,dry,False,,
2023,1,river,Padma,Barha Ghat,10.0,,,6.9,244.0,7.38,,132.0,,,7.38,2,1,2,1,1,0.7747630687863334,False,dry,False,,
2023,1,river,Padma,Mawa Ghat,4.0,,,8.9,189.0,7.98,,106.0,,,7.98,1,0,2,0,0,0.23789158149594702,False,dry,False,,
2023,1,river,Pashur,Banishanta,5.6,,460.0,7.53,1842.0,,,921.0,,67.0,6.44,2,1,2,0,1,2.151734023478575,True,dry,False,,
2023,1,river,Pashur,Batiaghata By Pass,3.9,,182.0,6.45,728.0,87.0,,96.0,,46.0,7.53,1,0,2,0,0,0.5283821761787957,False,dry,False,,
2023,1,river,Pashur,Rampal Power Plant,4.8,,387.0,7.62,1546.0,74.0,,773.0,,57.0,6.75,1,0,2,0,0,1.5100942993410151,False,dry,False,,
2023,1,river,Rupsa,"Charer Hat, Sulpur Aijgati (M)",3.4,,,5.43,864.0,132.0,0.08,,,47.0,7.68,2,1,2,1,1,0.7891795992406132,False,dry,False,,
2023,1,river,Rupsa,"Gilatola , Nadan Pratap (M)",3.7,,136.0,5.9,542.0,37.0,0.08,,,27.0,6.42,3,1,2,1,1,1.2729676996951715,False,dry,False,,
2023,1,river,Rupsa,Kalibari Ghat (M),2.2,,246.0,4.15,984.0,125.0,0.12,,,52.0,7.61,1,0,2,0,0,0.4711432654172896,False,dry,False,,
2023,1,river,Rupsa,Rupsa Ghat (M),2.4,,208.0,5.35,832.0,136.0,0.13,,,53.0,7.56,1,0,2,0,0,0.6774947043326905,False,dry,False,,
2023,1,river,Shitalakhya,Gorashal,5.0,18.0,16.0,3.4,367.0,38.0,,197.0,81.0,,7.16,3,1,2,1,1,0.9113090131818942,False,dry,True,1.0,2.0
2023,1,river,Shitalakhya,Majira Demra Ghat,12.0,42.0,48.0,1.2,643.0,54.0,,345.0,32.0,,7.34,4,2,2,1,2,2.8930657656428704,True,dry,True,3.0,2.0
2023,1,river,Shitalakhya,Murapara (Rupgonj),11.0,44.0,19.0,4.6,372.0,34.0,,214.0,50.0,,7.4,3,1,2,1,1,1.4907033002698467,False,dry,True,1.0,2.0
2023,1,river,Shitalakhya,Port Road,12.0,48.0,41.0,1.8,607.0,42.0,,349.0,94.0,,7.72,4,2,2,1,2,2.216763679085974,True,dry,True,2.0,2.0
2023,1,river,Teesta,Kanchan Park (Down),2.3,,10.0,7.6,,42.0,,130.0,,,7.62,0,0,2,0,0,0.38383130188227554,False,dry,False,,
2023,1,river,Teesta,Kanchan Park (Up),2.3,,10.0,7.6,,42.0,,130.0,,,7.62,0,0,2,0,0,0.38383130188227554,False,dry,False,,
2023,1,river,Teesta,Nurullapur (Down),2.4,,10.0,7.62,,37.0,,127.0,,,7.56,0,0,2,0,0,0.4084424642162344,False,dry,False,,
2023,1,river,Teesta,Nurullapur (Up),2.4,,10.0,7.62,,37.0,,127.0,,,7.56,0,0,2,0,0,0.4084424642162344,False,dry,False,,
2023,1,river,Teesta,Sardah (Down),2.4,,10.0,7.6,,44.0,,130.0,,,7.56,0,0,2,0,0,0.41408243068347184,False,dry,False,,
2023,1,river,Teesta,Sardah (Up),2.4,,10.0,7.6,,44.0,,130.0,,,7.56,0,0,2,0,0,0.41408243068347184,False,dry,False,,
2023,1,river,Turag,Ashulia,24.0,38.0,34.0,0.6,599.0,42.0,,395.0,194.0,,7.34,4,2,2,1,2,5.805623719101726,True,dry,True,3.0,2.0
2023,1,river,Turag,Kaliakoir,10.0,28.0,10.0,4.7,280.0,10.0,,127.0,90.0,,7.45,3,1,2,1,1,1.491162210357943,False,dry,True,1.0,2.0
2023,1,river,Turag,Nama Bazar,12.0,51.0,21.0,0.4,633.0,24.0,,370.0,84.0,,7.4,4,2,2,1,2,3.4176219313548906,True,dry,True,3.0,2.0
2023,1,river,Turag,Turag Bridge,22.0,48.0,20.0,2.9,449.0,15.0,,260.0,110.0,,7.52,4,2,2,1,2,4.2493618558224675,True,dry,True,2.0,2.0
2023,1,river,Turag,Vawal,9.0,29.0,20.0,3.0,432.0,28.0,,270.0,70.0,,7.4,4,2,2,1,2,1.7634978716423044,False,dry,True,1.0,2.0
2023,2,river,Balu,Jolshiri Abason,20.0,56.0,23.0,0.1,334.0,40.0,,235.0,124.0,,7.41,4,2,2,1,2,4.719100905605581,True,dry,True,3.0,2.0
2023,2,river,Balu,Trimohoni Bridge,38.0,63.0,81.0,0.0,858.0,122.0,,487.0,382.0,83.9,7.02,4,2,2,1,2,12.071612051745165,True,dry,True,3.0,2.0
2023,2,river,Bhairab,"Basundia Bazar, Aladipur",2.9,,,5.34,,,,,,,7.46,1,0,2,0,0,0.602762399210999,False,dry,False,,
2023,2,river,Bhairab,"Fultala Ghat, Dhulgram",2.9,,162.0,6.23,646.0,,0.13,323.0,,41.0,7.87,0,0,2,0,0,0.5671013834467866,False,dry,False,,
2023,2,river,Bhairab,Noapara Ferry Ghat,4.6,,85.0,6.25,340.0,,0.17,170.0,,62.0,8.05,1,0,2,0,0,0.4889346091945817,False,dry,False,,
2023,2,river,Bhairab,Noapara Jafarpur,3.4,,77.0,7.2,307.0,,0.15,154.0,,67.0,8.22,1,0,2,0,0,0.5612179798901143,False,dry,False,,
2023,2,river,Brahmaputra,Mymensingh,8.0,,10.0,5.0,,14.0,,150.0,,,7.85,3,1,2,1,1,0.7064233849235568,False,dry,False,,
2023,2,river,Brahmaputra,"Rail Bridge, Shamvoganj",7.2,,11.0,4.5,,11.0,,148.0,,,7.97,3,1,2,1,1,0.6598316437304081,False,dry,False,,
2023,2,river,Buriganga,Bosila Bridge (B.B),17.0,68.0,32.0,0.7,724.0,74.0,,376.0,164.0,32.3,7.65,4,2,2,1,2,3.400168115308995,True,dry,True,3.0,2.0
2023,2,river,Buriganga,Chandni Ghat (Cg.),16.0,64.0,40.0,0.5,760.0,93.0,,444.0,280.0,59.2,7.5,4,2,2,1,2,3.3968752481044575,True,dry,True,3.0,2.0
2023,2,river,Buriganga,Fatullah (Fh),16.0,64.0,46.0,1.5,730.0,69.0,,420.0,180.0,66.1,7.61,4,2,2,1,2,2.6989388602288673,True,dry,True,2.0,2.0
2023,2,river,Buriganga,Hazaribagh (Hg.),16.0,79.0,33.0,0.63,735.0,54.0,,378.0,172.0,41.4,7.6,4,2,2,1,2,3.283103418369157,True,dry,True,3.0,2.0
2023,2,river,Buriganga,Mirpur Bridge (M.B),16.0,76.0,49.0,1.31,759.0,103.0,,400.0,244.0,51.8,7.63,4,2,2,1,2,2.8083945232069527,True,dry,True,2.0,2.0
2023,2,river,Buriganga,Satmosjid Road (S.R),17.0,64.0,49.0,0.81,744.0,65.0,,381.0,224.0,61.1,7.84,4,2,2,1,2,3.34004316017364,True,dry,True,3.0,2.0
2023,2,river,Dhaleshwari,Hazaratpur,3.0,18.0,35.0,5.7,648.0,17.0,,340.0,286.0,,7.75,1,0,2,0,0,0.6583185551811881,False,dry,True,2.0,1.0
2023,2,river,Dhaleshwari,Mukterpur,8.0,32.0,25.0,0.8,478.0,22.0,,255.0,159.0,,7.27,4,2,2,1,2,3.154069000869578,True,dry,True,2.0,2.0
2023,2,river,Dhaleshwari,Pathorghata,6.0,20.0,26.0,5.3,245.0,20.0,,133.0,156.0,,8.25,2,1,2,1,1,0.8391283171359278,False,dry,True,2.0,2.0
2023,2,river,Dhaleshwari,Ruhitpur,2.0,9.0,31.0,5.9,650.0,28.0,,344.0,212.0,,7.88,1,0,2,0,0,0.3415898963910012,False,dry,True,2.0,1.0
2023,2,river,Dhaleshwari,Utorro Mitra,4.0,10.0,32.0,6.0,560.0,26.0,,284.0,220.0,,7.65,1,0,2,0,0,0.6330950237474512,False,dry,True,1.0,1.0
2023,2,river,Ganges,Gorai off Take,2.6,,214.0,6.71,854.0,54.0,,127.0,,37.0,7.23,0,0,2,0,0,0.6760249676356254,False,dry,False,,
2023,2,river,Gorai,Kamarkhali Bridge,2.7,,162.0,5.27,648.0,29.0,,324.0,,19.0,6.18,2,1,2,0,1,1.391606392809096,False,dry,False,,
2023,2,river,Halda,Garduara Sluice gate,4.0,9.0,,5.02,400.0,28.0,,,,,6.27,3,1,2,1,1,1.1494151196415805,False,dry,False,,
2023,2,river,Halda,Halda Bridge,3.0,9.0,,6.26,309.0,32.0,,,,,6.08,1,0,2,0,0,1.0602428543042115,False,dry,False,,
2023,2,river,Halda,Maduna Ghat,5.0,11.0,,6.53,790.0,42.0,,,,,6.46,2,1,2,1,1,1.188438691325374,False,dry,False,,
2023,2,river,Jamuna,Horipur Kheya ghat (Dn),2.2,,,7.6,264.0,36.0,,132.0,,,7.6,0,0,2,0,0,0.31252680499602115,False,dry,False,,
2023,2,river,Jamuna,Horipur Kheya ghat (Up),2.2,,,7.6,264.0,36.0,,132.0,,,7.6,0,0,2,0,0,0.31252680499602115,False,dry,False,,
2023,2,river,Jamuna,Jamuna Eco Park (Dn),2.4,,,7.6,264.0,40.0,,132.0,,,7.52,0,0,2,0,0,0.48169990130557777,False,dry,False,,
2023,2,river,Jamuna,Jamuna Eco Park (Up),2.4,,,7.6,264.0,40.0,,132.0,,,7.52,0,0,2,0,0,0.48169990130557777,False,dry,False,,
2023,2,river,Jamuna,MohonGanj (Dn),2.2,,,7.6,262.0,38.0,,131.0,,,7.6,0,0,2,0,0,0.3114467755545477,False,dry,False,,
2023,2,river,Jamuna,MohonGanj (Up),2.2,,,7.6,262.0,38.0,,131.0,,,7.6,0,0,2,0,0,0.3114467755545477,False,dry,False,,
2023,2,river,Jamuna,Shariakand Kheya Ghat (Dn),2.3,,,7.5,272.0,42.0,,136.0,,,7.5,0,0,2,0,0,0.45464496570389157,False,dry,False,,
2023,2,river,Jamuna,Shariakand Kheya Ghat (Up),2.3,,,7.5,272.0,42.0,,136.0,,,7.5,0,0,2,0,0,0.45464496570389157,False,dry,False,,
2023,2,river,Kaligonga,Bheutha Ghat,16.0,48.0,68.0,4.7,,,,316.0,,,7.61,3,1,2,1,1,1.8211419204632506,False,dry,True,2.0,2.0
2023,2,river,Karnaphuli,CUFL,9.0,56.0,,7.72,,314.0,,18640.0,,,6.85,2,1,2,1,1,1.2466635593915927,False,dry,False,,
2023,2,river,Karnaphuli,Kalurghat Bridge,4.0,9.0,,7.48,,62.0,,289.0,,,7.11,1,0,2,0,0,0.5168306160195195,False,dry,False,,
2023,2,river,Karnaphuli,Karnafully Paper,5.0,12.0,,7.49,,64.0,,169.0,,,7.36,1,0,2,0,0,0.6343473272569528,False,dry,False,,
2023,2,river,Karnaphuli,Mariam Nagar,4.0,8.0,,7.33,,58.0,,159.0,,,7.36,1,0,2,0,0,0.5931715616008754,False,dry,False,,
2023,2,river,Karnaphuli,TSP,7.0,39.0,,7.69,,224.0,,9000.0,,,7.09,2,1,2,1,1,0.6644563653155713,False,dry,False,,
2023,2,river,Khakshiali,Boshontopur,4.8,,991.0,6.73,3964.0,87.0,,1982.0,,38.0,6.77,1,0,2,0,0,1.6305881148299315,False,dry,False,,
2023,2,river,Khakshiali,Kaliganj Bazar,2.8,,963.0,6.67,3850.0,65.0,,1925.0,,62.0,6.78,0,0,2,0,0,1.83867881429429,False,dry,False,,
2023,2,river,Khakshiali,Uzirpur,2.6,,307.0,5.8,1228.0,62.0,,614.0,,68.0,8.17,1,0,2,0,0,0.4338179882093579,False,dry,False,,
2023,2,river,Korotoa,Aziz Ahmed Taki Road (Down),4.2,,,4.0,392.0,54.0,,195.0,,,7.38,2,1,2,1,1,0.8128378913499026,False,dry,False,,
2023,2,river,Korotoa,Aziz Ahmed Taki Road (UP),4.2,,,4.0,392.0,54.0,,195.0,,,7.38,2,1,2,1,1,0.8128378913499026,False,dry,False,,
2023,2,river,Korotoa,Dottobari Bridge (Down),4.2,,,4.0,392.0,58.0,,195.0,,,7.38,2,1,2,1,1,0.8128378913499026,False,dry,False,,
2023,2,river,Korotoa,Dottobari Bridge (UP),4.2,,,4.0,392.0,58.0,,195.0,,,7.38,2,1,2,1,1,0.8128378913499026,False,dry,False,,
2023,2,river,Mathavanga,"Pipe Ghat, (M.P)",1.1,,117.0,2.6,,,,233.0,,26.0,7.87,2,1,2,0,1,1.4411602722777241,False,dry,False,,
2023,2,river,Modhumoti,Dhalaitala,3.6,,204.0,6.34,816.0,52.0,,408.0,,47.0,8.07,1,0,2,0,0,0.7918887935561255,False,dry,False,,
2023,2,river,Moyuri,Buro Moulavir Darga,1.3,,61.0,0.0,244.0,,0.06,122.0,,21.0,7.82,2,1,2,0,1,3.4291590131777405,True,dry,False,,
2023,2,river,Moyuri,Doshgate Jalma,1.9,,461.0,4.32,1845.0,,0.09,923.0,,37.0,7.64,1,0,2,0,0,0.6371857010756987,False,dry,False,,
2023,2,river,Moyuri,Shoshan Ghat,1.2,,54.0,0.0,216.0,,0.08,108.0,,24.0,7.95,2,1,2,0,1,3.4334655525015867,True,dry,False,,
2023,2,river,Pashur,Banishanta,3.6,,481.0,5.51,1924.0,,,962.0,,72.0,7.54,2,1,2,1,1,0.9286264339180592,False,dry,False,,
2023,2,river,Pashur,Batiaghata By Pass,4.8,,311.0,7.5,1245.0,76.0,,623.0,,42.0,7.72,1,0,2,0,0,0.7580660513818663,False,dry,False,,
2023,2,river,Pashur,Rampal Power Plant,4.3,,429.0,5.54,1714.0,67.0,,857.0,,59.0,7.87,2,1,2,1,1,0.96202940816158,False,dry,False,,
2023,2,river,Rupsa,"Charer Hat, Sulpur Aijgati (M)",1.9,,,6.75,884.0,138.0,0.18,,,49.0,8.72,1,0,2,0,0,0.9528400612195507,False,dry,False,,
2023,2,river,Rupsa,"Gilatola , Nadan Pratap (M)",2.4,,182.0,6.8,728.0,42.0,0.15,,,36.0,7.82,0,0,2,0,0,0.5632123495336664,False,dry,False,,
2023,2,river,Rupsa,Kalibari Ghat (M),2.26,,246.0,6.19,984.0,128.0,0.14,,,64.0,8.04,0,0,2,0,0,0.20596939686576907,False,dry,False,,
2023,2,river,Rupsa,Rupsa Ghat (M),4.8,,305.0,6.48,1218.0,144.0,0.22,,,87.0,8.65,2,1,2,0,1,1.2526373163060818,False,dry,False,,
2023,2,river,Shitalakhya,Gorashal,7.0,20.0,17.0,3.2,380.0,38.0,,200.0,85.0,,7.1,4,2,2,1,2,1.4300493057117911,False,dry,True,1.0,2.0
2023,2,river,Shitalakhya,Majira Demra Ghat,37.0,59.0,66.0,0.1,775.0,94.0,,440.0,212.0,,7.18,4,2,2,1,2,11.550310817569656,True,dry,True,3.0,2.0
2023,2,river,Shitalakhya,Murapara (Rupgonj),38.0,61.0,43.0,0.1,544.0,83.0,,300.0,191.0,,6.99,4,2,2,1,2,12.090651417647138,True,dry,True,3.0,2.0
2023,2,river,Shitalakhya,Port Road,20.0,39.0,80.0,1.0,667.0,70.0,,352.0,240.0,,7.36,4,2,2,1,2,4.156781312019482,True,dry,True,3.0,2.0
2023,2,river,Teesta,Kanchan Park (Down),2.3,,10.0,7.6,,42.0,,130.0,,,7.6,0,0,2,0,0,0.3801828386451932,False,dry,False,,
2023,2,river,Teesta,Kanchan Park (Up),2.3,,10.0,7.6,,42.0,,130.0,,,7.6,0,0,2,0,0,0.3801828386451932,False,dry,False,,
2023,2,river,Teesta,Nurullapur (Down),2.4,,10.0,7.62,,37.0,,131.0,,,7.56,0,0,2,0,0,0.4084424642162344,False,dry,False,,
2023,2,river,Teesta,Nurullapur (Up),2.4,,10.0,7.62,,37.0,,131.0,,,7.56,0,0,2,0,0,0.4084424642162344,False,dry,False,,
2023,2,river,Teesta,Sardah (Down),2.5,,10.0,7.6,,44.0,,130.0,,,7.54,0,0,2,0,0,0.45352425603812374,False,dry,False,,
2023,2,river,Teesta,Sardah (Up),2.5,,10.0,7.6,,44.0,,130.0,,,7.54,0,0,2,0,0,0.45352425603812374,False,dry,False,,
2023,2,river,Turag,Ashulia,26.0,41.0,50.0,0.2,731.0,54.0,,413.0,232.0,,7.41,4,2,2,1,2,6.702320666684655,True,dry,True,3.0,2.0
2023,2,river,Turag,Kaliakoir,19.0,7.0,31.0,3.68,464.0,9.0,,257.0,169.0,,7.62,4,2,2,1,2,2.8329461342313325,True,dry,True,1.0,2.0
2023,2,river,Turag,Nama Bazar,21.0,65.0,42.0,0.2,688.0,15.0,,377.0,78.0,,7.34,4,2,2,1,2,4.891040206914226,True,dry,True,3.0,2.0
2023,2,river,Turag,Turag Bridge,27.0,61.0,48.0,0.1,697.0,154.0,,391.0,264.0,,7.33,4,2,2,1,2,7.177005313802412,True,dry,True,3.0,2.0
2023,2,river,Turag,Vawal,14.0,27.0,16.0,3.7,476.0,13.0,,285.0,57.0,,7.34,4,2,2,1,2,1.7874720251517284,False,dry,True,1.0,2.0
2023,2,urban_lake,Dhanmondi Lake,8 No. Road Bridge,14.0,12.0,33.0,5.37,305.0,18.0,,159.0,112.0,8.41,7.7,3,1,2,1,1,1.2298452165105191,False,dry,False,,
2023,2,urban_lake,Dhanmondi Lake,Near Dhanmondi- Road No 28,14.0,22.0,63.0,5.27,500.0,17.0,,263.0,168.0,8.11,7.76,3,1,2,1,1,1.1999092046641127,False,dry,False,,
2023,2,urban_lake,Dhanmondi Lake,Near Dhanmondi-32 Bridge,13.0,7.0,42.0,6.18,375.0,18.0,,196.0,140.0,9.0,7.96,2,1,2,1,1,0.9429376279300203,False,dry,False,,
2023,2,urban_lake,Dhanmondi Lake,Near Gigatola Pilkhana More,13.0,39.0,35.0,5.65,299.0,16.0,,156.0,120.0,8.09,7.55,3,1,2,1,1,1.4157883603961336,False,dry,False,,
2023,2,urban_lake,Gulshan Lake,Lake View Clinic,37.0,68.0,52.0,6.78,562.0,241.0,,302.0,276.0,107.0,7.19,2,1,2,1,1,10.978739021649613,True,dry,False,,
2023,2,urban_lake,Gulshan Lake,South Bridge,25.0,58.0,58.0,7.08,559.0,202.0,,304.0,240.0,78.0,7.33,2,1,2,1,1,5.366531612650311,True,dry,False,,
2023,2,urban_lake,Gulshan Lake,Taltola Shooting Complex,24.0,51.0,66.0,5.32,665.0,122.0,,358.0,280.0,52.0,7.32,3,1,2,1,1,5.017519056983393,True,dry,False,,
2023,2,urban_lake,Gulshan Lake,United Hospital,25.0,54.0,54.0,6.96,540.0,194.0,,286.0,212.0,92.0,7.1,2,1,2,1,1,5.354957605500608,True,dry,False,,
2023,2,urban_lake,Hatir Jheel,FDC More Bridge,13.0,24.0,63.0,6.42,580.0,33.0,,313.0,208.0,17.3,7.5,2,1,2,1,1,1.4401140054497634,False,dry,False,,
2023,2,urban_lake,Hatir Jheel,Raampura Bridge,34.0,63.0,75.0,2.37,667.0,83.0,,366.0,252.0,33.0,7.45,4,2,2,1,2,9.720046343669159,True,dry,False,,
2023,3,river,Balu,Jolshiri Abason,22.0,54.0,43.0,2.1,418.0,40.0,,224.0,186.0,,7.1,4,2,2,1,2,4.71747651382865,True,dry,True,3.0,2.0
2023,3,river,Balu,Trimohoni Bridge,40.0,76.0,73.0,0.1,826.0,110.0,,455.0,262.0,32.8,7.09,4,2,2,1,2,12.928894632787294,True,dry,True,3.0,2.0
2023,3,river,Bhairab,"Basundia Bazar, Aladipur",3.07,,,6.86,,,,,,,6.39,2,1,2,0,1,0.8106775239034579,False,dry,False,,
2023,3,river,Bhairab,"Fultala Ghat, Dhulgram",3.08,,307.0,6.27,1228.0,,3.64,614.0,,22.0,6.48,2,1,2,0,1,1.779565403935619,False,dry,False,,
2023,3,river,Bhairab,Noapara Ferry Ghat,4.8,,174.0,6.3,694.0,,3.17,347.0,,24.0,6.64,1,0,2,0,0,1.1479489414504238,False,dry,False,,
2023,3,river,Bhairab,Noapara Jafarpur,3.02,,164.0,7.02,656.0,,3.2,328.0,,37.0,6.62,1,0,2,0,0,1.1317728459758225,False,dry,False,,
2023,3,river,Buriganga,Bosila Bridge (B.B),25.0,66.0,66.0,0.1,747.0,28.0,,411.0,242.0,11.4,7.41,4,2,2,1,2,6.341774676407821,True,dry,True,3.0,2.0
2023,3,river,Buriganga,Chandni Ghat (Cg.),24.0,56.0,75.0,0.2,770.0,33.0,,424.0,257.0,11.3,7.39,4,2,2,1,2,5.9170147400840785,True,dry,True,3.0,2.0
2023,3,river,Buriganga,Fatullah (Fh),26.0,51.0,75.0,0.2,773.0,27.0,,427.0,226.0,18.8,7.72,4,2,2,1,2,6.652398041846949,True,dry,True,3.0,2.0
2023,3,river,Buriganga,Hazaribagh (Hg.),29.0,71.0,76.0,0.1,766.0,19.0,,425.0,262.0,8.15,7.36,4,2,2,1,2,7.989864556571872,True,dry,True,3.0,2.0
2023,3,river,Buriganga,Mirpur Bridge (M.B),26.0,66.0,63.0,0.2,715.0,126.0,,384.0,216.0,90.5,7.26,4,2,2,1,2,6.7615095691359794,True,dry,True,3.0,2.0
2023,3,river,Buriganga,Satmosjid Road (S.R),28.0,68.0,76.0,0.2,773.0,16.0,,426.0,259.0,26.1,7.4,4,2,2,1,2,7.523139801488259,True,dry,True,3.0,2.0
2023,3,river,Ganges,Gorai off Take,2.6,,214.0,6.71,854.0,54.0,,427.0,,22.0,7.23,0,0,2,0,0,0.6760249676356254,False,dry,False,,
2023,3,river,Gorai,Kamarkhali Bridge,2.47,,54.0,5.17,216.0,36.0,,108.0,,23.0,6.72,1,0,2,0,0,0.8174432784761415,False,dry,False,,
2023,3,river,Halda,Garduara Sluice gate,5.0,12.0,,8.26,318.0,29.0,,,,,6.98,1,0,2,0,0,0.5072367617518915,False,dry,False,,
2023,3,river,Halda,Halda Bridge,4.0,9.0,,6.48,242.0,36.0,,,,,6.89,1,0,2,0,0,0.7816111492841447,False,dry,False,,
2023,3,river,Halda,Maduna Ghat,4.0,10.0,,7.22,275.0,40.0,,,,,7.2,1,0,2,0,0,0.5510997140878529,False,dry,False,,
2023,3,river,Karnaphuli,CUFL,11.0,64.0,,7.72,,181.0,,21500.0,,,8.09,2,1,2,1,1,0.5952819410453631,False,dry,False,,
2023,3,river,Karnaphuli,Kalurghat Bridge,5.0,12.0,,7.52,,59.0,,217.0,,,7.48,1,0,2,0,0,0.5822697469207528,False,dry,False,,
2023,3,river,Karnaphuli,Karnafully Paper,4.0,12.0,,7.49,,68.0,,405.0,,,8.1,1,0,2,0,0,0.23256779832720026,False,dry,False,,
2023,3,river,Karnaphuli,Mariam Nagar,4.0,18.0,,6.92,,74.0,,187.0,,,7.99,1,0,2,0,0,0.3780051117293237,False,dry,False,,
2023,3,river,Karnaphuli,TSP,9.0,52.0,,6.64,,65.0,,19140.0,,,8.09,2,1,2,1,1,0.765225961318325,False,dry,False,,
2023,3,river,Khakshiali,Boshontopur,4.8,,991.0,6.73,3964.0,87.0,,1982.0,,38.0,6.77,1,0,2,0,0,1.6305881148299315,False,dry,False,,
2023,3,river,Khakshiali,Kaliganj Bazar,3.04,,237.0,5.24,946.0,43.0,,473.0,,78.0,7.19,2,1,2,1,1,0.8280742663647359,False,dry,False,,
2023,3,river,Khakshiali,Uzirpur,2.6,,307.0,5.8,1228.0,62.0,,614.0,,68.0,8.47,1,0,2,0,0,0.6466444012825799,False,dry,False,,
2023,3,river,Kushiara,Fenchuganj Bridge Point,2.9,16.0,,7.65,148.0,,,74.0,,,7.53,0,0,2,0,0,0.5344173312662087,False,dry,False,,
2023,3,river,Kushiara,Fenchuganj Fertilizer Industry,23.0,82.0,,8.81,218.0,,,111.0,,,8.79,3,1,2,1,1,4.751301920678691,True,dry,False,,
2023,3,river,Mathavanga,"Pipe Ghat, (M.P)",2.08,,25.0,7.89,,,,50.0,,34.0,6.84,0,0,2,0,0,0.5312785544728198,False,dry,False,,
2023,3,river,Meghna,Annondo Bazar,9.6,46.0,20.0,0.9,,,,258.0,,,7.86,4,2,2,1,2,2.8401292673202123,True,dry,False,,
2023,3,river,Meghna,Bairob Bazar,4.0,17.0,9.0,7.2,,,,65.0,,,7.24,1,0,2,0,0,0.7434606084935949,False,dry,False,,
2023,3,river,Meghna,Bishondi Ferry Ghat,2.0,9.0,42.0,2.8,,,,128.0,,,7.0,2,1,2,0,1,1.3668992653744858,False,dry,False,,
2023,3,river,Meghna,Meghna Ghat,9.9,17.0,46.0,0.5,,,,153.0,,,6.79,4,2,2,1,2,3.8859547676322297,True,dry,False,,
2023,3,river,Meghna,Narshingdi Launch Ghat,1.0,,17.0,0.9,,,,220.0,,,7.34,2,1,2,0,1,2.7775087951307684,True,dry,False,,
2023,3,river,Modhumoti,Dhalaitala,2.04,,43.0,7.18,171.0,41.0,,86.0,,32.0,7.11,0,0,2,0,0,0.6220332680169727,False,dry,False,,
2023,3,river,Moyuri,Buro Moulavir Darga,0.05,,81.0,0.0,326.0,,0.03,163.0,,12.0,5.72,3,1,2,0,1,3.990960214902639,True,dry,False,,
2023,3,river,Moyuri,Doshgate Jalma,1.3,,213.0,2.04,852.0,,2.12,426.0,,24.0,5.42,3,1,2,0,1,3.3778820966035306,True,dry,False,,
2023,3,river,Moyuri,Shoshan Ghat,1.1,,156.0,0.0,625.0,,0.05,313.0,,16.0,6.45,3,1,2,0,1,3.6248271951683226,True,dry,False,,
2023,3,river,Padma,Barha Ghat,1.0,,,8.8,172.7,17.0,,101.0,,,8.06,0,0,2,0,0,0.4010015723092631,False,dry,False,,
2023,3,river,Padma,Mawa Ghat,1.0,,,8.7,173.2,13.0,,100.3,,,8.04,0,0,2,0,0,0.35186250072532294,False,dry,False,,
2023,3,river,Pashur,Banishanta,2.3,,2435.0,7.4,9740.0,,,4870.0,,27.0,6.41,1,0,2,0,0,5.822136824389355,True,dry,False,,
2023,3,river,Pashur,Batiaghata By Pass,2.4,,182.0,5.5,728.0,65.0,,364.0,,52.0,6.04,2,1,2,0,1,1.5607731092333093,False,dry,False,,
2023,3,river,Pashur,Rampal Power Plant,2.7,,2407.0,7.37,9626.0,52.0,,4813.0,,32.0,6.47,1,0,2,0,0,5.605977782845604,True,dry,False,,
2023,3,river,Rupsa,"Charer Hat, Sulpur Aijgati (M)",3.4,,,6.54,5036.0,78.0,3.66,,,51.0,6.24,2,1,2,0,1,2.067244282819978,False,dry,False,,
2023,3,river,Rupsa,"Gilatola , Nadan Pratap (M)",4.02,,1000.0,6.05,4038.0,43.0,2.89,,,28.0,6.34,2,1,2,1,1,1.8578655860462285,False,dry,False,,
2023,3,river,Rupsa,Kalibari Ghat (M),2.28,,1714.0,6.85,6854.0,68.0,3.75,,,48.0,6.62,0,0,2,0,0,2.0400881877233896,False,dry,False,,
2023,3,river,Rupsa,Rupsa Ghat (M),4.07,,1755.0,6.9,7020.0,82.0,3.69,,,54.0,6.53,1,0,2,0,0,2.359656118593114,True,dry,False,,
2023,3,river,Shitalakhya,Majira Demra Ghat,36.0,71.0,68.0,0.1,879.0,86.0,,478.0,234.0,,7.41,4,2,2,1,2,11.036218623431298,True,dry,True,3.0,2.0
2023,3,river,Shitalakhya,Murapara (Rupgonj),287.0,59.0,49.0,1.2,656.0,84.0,,359.0,212.0,,7.47,4,2,2,1,2,129.63018657876543,True,dry,True,3.0,2.0
2023,3,river,Shitalakhya,Port Road,22.0,61.0,101.0,0.2,864.0,96.0,,437.0,276.0,,7.48,4,2,2,1,2,5.138676492346963,True,dry,True,3.0,2.0
2023,3,river,Surma,Chhatak,2.9,,,8.27,172.0,58.0,,85.0,,,7.69,0,0,2,0,0,0.18464746953097083,False,dry,False,,
2023,3,river,Surma,Kin Bridge Point,3.1,,,7.27,302.0,66.0,,151.0,,,7.36,1,0,2,0,0,0.4352264195133894,False,dry,False,,
2023,3,river,Surma,Mendibag Point,2.6,,,7.24,296.0,64.0,,144.0,,,7.33,0,0,2,0,0,0.5035243508810675,False,dry,False,,
2023,3,river,Surma,Sheaik Ghat,3.6,,,7.3,306.0,69.0,,149.0,,,7.41,1,0,2,0,0,0.4883539588414802,False,dry,False,,
2023,3,river,Turag,Ashulia,28.0,46.0,64.0,0.2,703.0,73.0,,381.0,194.0,,7.44,4,2,2,1,2,7.522294657729061,True,dry,True,3.0,2.0
2023,3,river,Turag,Kaliakoir,4.0,10.0,32.0,3.5,470.0,18.0,,244.0,170.0,,7.38,3,1,2,1,1,1.0319270168956953,False,dry,True,1.0,2.0
2023,3,river,Turag,Nama Bazar,22.0,64.0,32.0,0.2,688.0,20.0,,377.0,78.0,,7.34,4,2,2,1,2,5.225199353876114,True,dry,True,3.0,2.0
2023,3,river,Turag,Turag Bridge,29.0,75.0,56.0,0.3,788.0,105.0,,433.0,168.0,,7.5,4,2,2,1,2,7.8902455399037335,True,dry,True,3.0,2.0
2023,3,river,Turag,Vawal,15.0,44.0,16.0,1.1,538.0,23.0,,293.0,59.0,,7.33,4,2,2,1,2,3.078660433485665,True,dry,True,3.0,2.0
2023,4,river,Halda,Garduara Sluice gate,4.0,10.0,,7.31,391.0,44.0,,,,,7.29,1,0,2,0,0,0.7170232292310442,False,dry,False,,
2023,4,river,Halda,Halda Bridge,5.0,11.0,,6.32,344.0,28.0,,,,,7.25,1,0,2,0,0,0.48969894395782154,False,dry,False,,
2023,4,river,Halda,Maduna Ghat,3.0,9.0,,6.63,336.0,30.0,,,,,7.31,0,0,2,0,0,0.5162067950055479,False,dry,False,,
2023,4,river,Jamuna,Horipur Kheya ghat (Dn),2.1,,,7.5,280.0,36.0,,140.0,,,7.45,0,0,2,0,0,0.37834766917864115,False,dry,False,,
2023,4,river,Jamuna,Horipur Kheya ghat (Up),2.1,,,7.5,280.0,36.0,,140.0,,,7.45,0,0,2,0,0,0.37834766917864115,False,dry,False,,
2023,4,river,Jamuna,Jamuna Eco Park (Dn),2.2,,,7.6,266.0,40.0,,133.0,,,7.56,0,0,2,0,0,0.378106186430924,False,dry,False,,
2023,4,river,Jamuna,Jamuna Eco Park (Up),2.2,,,7.6,266.0,40.0,,133.0,,,7.56,0,0,2,0,0,0.378106186430924,False,dry,False,,
2023,4,river,Jamuna,MohonGanj (Dn),2.2,,,7.6,262.0,38.0,,131.0,,,7.4,0,0,2,0,0,0.3210492678114517,False,dry,False,,
2023,4,river,Jamuna,MohonGanj (Up),2.2,,,7.6,262.0,38.0,,131.0,,,7.4,0,0,2,0,0,0.3210492678114517,False,dry,False,,
2023,4,river,Jamuna,Shariakand Kheya Ghat (Dn),2.4,,,7.55,270.0,42.0,,135.0,,,7.5,0,0,2,0,0,0.46041960953894906,False,dry,False,,
2023,4,river,Jamuna,Shariakand Kheya Ghat (Up),2.4,,,7.55,270.0,42.0,,135.0,,,7.5,0,0,2,0,0,0.46041960953894906,False,dry,False,,
2023,4,river,Karnaphuli,CUFL,8.0,47.0,,8.43,,241.0,,18240.0,,,8.09,2,1,2,1,1,0.48015951596447204,False,dry,False,,
2023,4,river,Karnaphuli,Kalurghat Bridge,3.0,8.0,,7.36,,39.0,,328.0,,,7.21,0,0,2,0,0,0.6640717016257146,False,dry,False,,
2023,4,river,Karnaphuli,Karnafully Paper,4.0,10.0,,7.62,,42.0,,210.0,,,7.53,1,0,2,0,0,0.28271179263696483,False,dry,False,,
2023,4,river,Karnaphuli,Mariam Nagar,3.0,7.0,,7.45,,49.0,,169.0,,,7.42,0,0,2,0,0,0.5423705242965756,False,dry,False,,
2023,4,river,Karnaphuli,TSP,7.0,36.0,,8.85,,159.0,,16850.0,,,8.16,2,1,2,1,1,0.6498799510376198,False,dry,False,,
2023,4,river,Korotoa,Aziz Ahmed Taki Road (Down),4.2,,,3.0,392.0,54.0,,196.0,,,7.4,3,1,2,1,1,1.3234825032288267,False,dry,False,,
2023,4,river,Korotoa,Aziz Ahmed Taki Road (UP),4.2,,,3.0,392.0,54.0,,196.0,,,7.4,3,1,2,1,1,1.3234825032288267,False,dry,False,,
2023,4,river,Korotoa,Dottobari Bridge (Down),4.2,,,3.0,392.0,58.0,,196.0,,,7.4,3,1,2,1,1,1.3234825032288267,False,dry,False,,
2023,4,river,Korotoa,Dottobari Bridge (UP),4.2,,,3.0,392.0,58.0,,196.0,,,7.4,3,1,2,1,1,1.3234825032288267,False,dry,False,,
2023,4,river,Teesta,Kanchan Park (Down),2.3,,10.0,7.4,,42.0,,133.0,,,7.55,0,0,2,0,0,0.4598502675779324,False,dry,False,,
2023,4,river,Teesta,Kanchan Park (Up),2.3,,10.0,7.4,,42.0,,133.0,,,7.55,0,0,2,0,0,0.4598502675779324,False,dry,False,,
2023,4,river,Teesta,Nurullapur (Down),2.2,,10.0,7.62,,37.0,,130.0,,,7.52,0,0,2,0,0,0.41621088977844883,False,dry,False,,
2023,4,river,Teesta,Nurullapur (Up),2.2,,10.0,7.62,,37.0,,130.0,,,7.52,0,0,2,0,0,0.41621088977844883,False,dry,False,,
2023,4,river,Teesta,Sardah (Down),2.4,,10.0,7.58,,44.0,,135.0,,,7.45,0,0,2,0,0,0.5117074747199071,False,dry,False,,
2023,4,river,Teesta,Sardah (Up),2.4,,10.0,7.58,,44.0,,135.0,,,7.45,0,0,2,0,0,0.5117074747199071,False,dry,False,,
2023,5,river,Bhairab,"Basundia Bazar, Aladipur",8.8,,,5.67,,,,,,,7.57,3,1,2,1,1,1.2190322731453382,False,wet,False,,
2023,5,river,Bhairab,"Fultala Ghat, Dhulgram",11.7,,312.0,7.15,1248.0,,8.22,624.0,,32.0,8.29,2,1,2,1,1,1.3458732841118786,False,wet,False,,
2023,5,river,Bhairab,Noapara Ferry Ghat,16.8,,356.0,7.45,1424.0,,11.18,712.0,,24.0,7.85,2,1,2,1,1,2.0175251090371558,False,wet,False,,
2023,5,river,Bhairab,Noapara Jafarpur,17.6,,361.0,7.28,1445.0,,10.2,723.0,,26.0,7.66,2,1,2,1,1,2.23592395904923,True,wet,False,,
2023,5,river,Ganges,Gorai off Take,5.2,,205.0,6.7,820.0,66.0,,410.0,,65.0,6.22,2,1,2,1,1,1.227697316082614,False,wet,False,,
2023,5,river,Halda,Garduara Sluice gate,4.0,9.0,,7.51,400.0,43.0,,,,,5.98,2,1,2,1,1,1.297651445249986,False,wet,False,,
2023,5,river,Halda,Halda Bridge,4.0,10.0,,6.1,309.0,34.0,,,,,6.26,2,1,2,1,1,1.1064408795584706,False,wet,False,,
2023,5,river,Halda,Maduna Ghat,5.0,11.0,,7.13,790.0,37.0,,,,,6.53,1,0,2,0,0,1.2454918946993017,False,wet,False,,
2023,5,river,Jamuna,Horipur Kheya ghat (Dn),2.2,,,7.52,270.0,36.0,,135.0,,,7.4,0,0,2,0,0,0.34669874303351267,False,wet,False,,
2023,5,river,Jamuna,Horipur Kheya ghat (Up),2.2,,,7.52,270.0,36.0,,135.0,,,7.4,0,0,2,0,0,0.34669874303351267,False,wet,False,,
2023,5,river,Jamuna,Jamuna Eco Park (Dn),2.2,,,7.62,280.0,40.0,,140.0,,,7.52,0,0,2,0,0,0.4655328311577067,False,wet,False,,
2023,5,river,Jamuna,Jamuna Eco Park (Up),2.2,,,7.62,280.0,40.0,,140.0,,,7.52,0,0,2,0,0,0.4655328311577067,False,wet,False,,
2023,5,river,Jamuna,MohonGanj (Dn),2.3,,,7.62,260.0,38.0,,130.0,,,7.42,0,0,2,0,0,0.3378039455778479,False,wet,False,,
2023,5,river,Jamuna,MohonGanj (Up),2.3,,,7.62,260.0,38.0,,130.0,,,7.42,0,0,2,0,0,0.3378039455778479,False,wet,False,,
2023,5,river,Jamuna,Shariakand Kheya Ghat (Dn),2.4,,,7.56,270.0,42.0,,135.0,,,7.54,0,0,2,0,0,0.43493229409429685,False,wet,False,,
2023,5,river,Jamuna,Shariakand Kheya Ghat (Up),2.4,,,7.56,270.0,42.0,,135.0,,,7.54,0,0,2,0,0,0.43493229409429685,False,wet,False,,
2023,5,river,Karnaphuli,CUFL,8.0,36.0,,8.1,,278.0,,15280.0,,,8.18,2,1,2,1,1,0.744751719149166,False,wet,False,,
2023,5,river,Karnaphuli,Kalurghat Bridge,4.0,9.0,,7.48,,28.0,,289.0,,,7.37,1,0,2,0,0,0.4969619024558728,False,wet,False,,
2023,5,river,Karnaphuli,Karnafully Paper,3.0,7.0,,7.42,,39.0,,247.0,,,7.42,0,0,2,0,0,0.5300766197993994,False,wet,False,,
2023,5,river,Karnaphuli,Mariam Nagar,4.0,8.0,,7.6,,60.0,,174.0,,,7.27,1,0,2,0,0,0.5901479972416196,False,wet,False,,
2023,5,river,Karnaphuli,TSP,6.0,29.0,,8.09,,247.0,,14567.0,,,8.34,1,0,2,0,0,0.6607118293644967,False,wet,False,,
2023,5,river,Korotoa,Aziz Ahmed Taki Road (Down),4.1,,,3.0,380.0,54.0,,190.0,,,7.42,3,1,2,1,1,1.3619626275692926,False,wet,False,,
2023,5,river,Korotoa,Aziz Ahmed Taki Road (UP),4.1,,,3.0,380.0,54.0,,190.0,,,7.42,3,1,2,1,1,1.3619626275692926,False,wet,False,,
2023,5,river,Korotoa,Dottobari Bridge (Down),4.1,,,3.0,380.0,58.0,,190.0,,,7.42,3,1,2,1,1,1.3619626275692926,False,wet,False,,
2023,5,river,Korotoa,Dottobari Bridge (UP),4.1,,,3.0,380.0,58.0,,190.0,,,7.42,3,1,2,1,1,1.3619626275692926,False,wet,False,,
2023,5,river,Moyuri,Buro Moulavir Darga,26.4,,96.0,0.0,384.0,,0.08,38.0,,22.0,5.42,5,2,2,1,2,8.631516051647273,True,wet,False,,
2023,5,river,Moyuri,Doshgate Jalma,21.5,,372.0,5.8,1486.0,,4.1,68.0,,32.0,7.64,3,1,2,1,1,3.87711403855001,True,wet,False,,
2023,5,river,Moyuri,Shoshan Ghat,28.6,,107.0,0.0,428.0,,0.09,42.0,,25.0,5.35,5,2,2,1,2,9.442303915226088,True,wet,False,,
2023,5,river,Pashur,Batiaghata By Pass,9.8,,258.0,6.64,1032.0,55.0,,516.0,,77.0,7.64,2,1,2,1,1,0.9373708339162976,False,wet,False,,
2023,5,river,Rupsa,"Charer Hat, Sulpur Aijgati (M)",13.2,,,6.58,1328.0,67.0,12.7,,,78.0,7.21,2,1,2,1,1,1.7648732914797696,False,wet,False,,
2023,5,river,Rupsa,"Gilatola , Nadan Pratap (M)",9.2,,286.0,6.8,1142.0,47.0,8.13,,,42.0,7.75,2,1,2,1,1,1.0591744252160415,False,wet,False,,
2023,5,river,Rupsa,Kalibari Ghat (M),11.12,,462.0,5.1,1846.0,74.0,11.45,,,58.0,7.55,3,1,2,1,1,1.5060367786223519,False,wet,False,,
2023,5,river,Rupsa,Rupsa Ghat (M),32.5,,406.0,7.66,1624.0,105.0,15.7,,,74.0,7.65,2,1,2,1,1,8.904424217251949,True,wet,False,,
2023,5,river,Teesta,Kanchan Park (Down),2.4,,10.0,7.42,,42.0,,135.0,,,7.56,0,0,2,0,0,0.46359775311119966,False,wet,False,,
2023,5,river,Teesta,Kanchan Park (Up),2.4,,10.0,7.42,,42.0,,135.0,,,7.56,0,0,2,0,0,0.46359775311119966,False,wet,False,,
2023,5,river,Teesta,Nurullapur (Down),2.1,,10.0,7.6,,37.0,,135.0,,,7.5,0,0,2,0,0,0.4429412457319894,False,wet,False,,
2023,5,river,Teesta,Nurullapur (Up),2.1,,10.0,7.6,,37.0,,135.0,,,7.5,0,0,2,0,0,0.4429412457319894,False,wet,False,,
2023,5,river,Teesta,Sardah (Down),2.5,,10.0,7.56,,44.0,,140.0,,,7.4,0,0,2,0,0,0.48324353996437996,False,wet,False,,
2023,5,river,Teesta,Sardah (Up),2.5,,10.0,7.56,,44.0,,140.0,,,7.4,0,0,2,0,0,0.48324353996437996,False,wet,False,,
2023,6,river,Bhairab,"Basundia Bazar, Aladipur",9.14,,,7.52,,,,,,,7.14,2,1,2,1,1,0.7712854401204142,False,wet,False,,
2023,6,river,Bhairab,"Fultala Ghat, Dhulgram",18.9,,288.0,6.3,1152.0,,88.7,576.0,,52.0,6.96,2,1,2,1,1,2.836675050955426,True,wet,False,,
2023,6,river,Bhairab,Noapara Ferry Ghat,16.8,,297.0,6.37,1147.0,,90.9,574.0,,63.0,6.65,2,1,2,1,1,2.3094603484670713,True,wet,False,,
2023,6,river,Bhairab,Noapara Jafarpur,17.8,,280.0,6.3,1153.0,,88.7,577.0,,26.0,6.93,2,1,2,1,1,2.4355347126225206,True,wet,False,,
2023,6,river,Ganges,Gorai off Take,8.7,,439.0,7.23,1754.0,72.0,,877.0,,95.0,7.22,2,1,2,1,1,1.3076681716541083,False,wet,False,,
2023,6,river,Gorai,Kamarkhali Bridge,7.2,,182.0,7.24,728.0,34.0,,364.0,,35.0,6.32,3,1,2,1,1,1.5008610273454153,False,wet,False,,
2023,6,river,Halda,Garduara Sluice gate,3.0,8.0,,6.39,418.0,67.0,,,,,6.21,1,0,2,0,0,0.9484335838238083,False,wet,False,,
2023,6,river,Halda,Halda Bridge,3.0,7.0,,7.24,378.0,89.0,,,,,6.49,1,0,2,0,0,0.7407349552722955,False,wet,False,,
2023,6,river,Halda,Maduna Ghat,4.0,11.0,,6.49,479.0,58.0,,,,,6.78,1,0,2,0,0,0.9166037941475637,False,wet,False,,
2023,6,river,Jamuna,Horipur Kheya ghat (Dn),2.4,,,7.5,280.0,36.0,,140.0,,,7.5,0,0,2,0,0,0.4787656021478243,False,wet,False,,
2023,6,river,Jamuna,Horipur Kheya ghat (Up),2.4,,,7.5,280.0,36.0,,140.0,,,7.5,0,0,2,0,0,0.4787656021478243,False,wet,False,,
2023,6,river,Jamuna,Jamuna Eco Park (Dn),2.4,,,7.6,286.0,40.0,,143.0,,,7.5,0,0,2,0,0,0.4688363502599811,False,wet,False,,
2023,6,river,Jamuna,Jamuna Eco Park (Up),2.4,,,7.6,286.0,40.0,,143.0,,,7.5,0,0,2,0,0,0.4688363502599811,False,wet,False,,
2023,6,river,Jamuna,MohonGanj (Dn),2.4,,,7.6,266.0,38.0,,133.0,,,7.5,0,0,2,0,0,0.4505105741075273,False,wet,False,,
2023,6,river,Jamuna,MohonGanj (Up),2.4,,,7.6,266.0,38.0,,133.0,,,7.5,0,0,2,0,0,0.4505105741075273,False,wet,False,,
2023,6,river,Jamuna,Shariakand Kheya Ghat (Dn),2.2,,,7.54,280.0,42.0,,140.0,,,7.4,0,0,2,0,0,0.3537814795065657,False,wet,False,,
2023,6,river,Jamuna,Shariakand Kheya Ghat (Up),2.2,,,7.54,280.0,42.0,,140.0,,,7.4,0,0,2,0,0,0.3537814795065657,False,wet,False,,
2023,6,river,Karnaphuli,CUFL,7.0,45.0,,7.98,,328.0,,17310.0,,,8.07,2,1,2,1,1,0.5537970526234977,False,wet,False,,
2023,6,river,Karnaphuli,Kalurghat Bridge,3.0,8.0,,7.63,,39.0,,189.0,,,7.47,0,0,2,0,0,0.5497601668426763,False,wet,False,,
2023,6,river,Karnaphuli,Karnafully Paper,4.0,9.0,,7.62,,34.0,,347.0,,,7.22,1,0,2,0,0,0.6358706529127036,False,wet,False,,
2023,6,river,Karnaphuli,Mariam Nagar,3.0,6.0,,7.5,,89.0,,184.0,,,7.47,0,0,2,0,0,0.5658316159725811,False,wet,False,,
2023,6,river,Karnaphuli,TSP,6.0,35.0,,7.79,,419.0,,16240.0,,,8.39,1,0,2,0,0,0.7417731833193477,False,wet,False,,
2023,6,river,Khakshiali,Boshontopur,8.2,,4110.0,6.17,16440.0,74.0,,8220.0,,88.0,7.05,2,1,2,1,1,15.601568576689788,True,wet,False,,
2023,6,river,Khakshiali,Kaliganj Bazar,9.4,,3935.0,5.79,15740.0,64.0,,7870.0,,94.0,6.95,3,1,2,1,1,14.567803336443024,True,wet,False,,
2023,6,river,Khakshiali,Uzirpur,8.6,,3945.0,5.37,15780.0,75.0,,7890.0,,96.0,6.69,3,1,2,1,1,14.697036752950282,True,wet,False,,
2023,6,river,Korotoa,Aziz Ahmed Taki Road (Down),4.0,,,3.2,396.0,54.0,,198.0,,,7.54,3,1,2,1,1,1.3102002305382034,False,wet,False,,
2023,6,river,Korotoa,Aziz Ahmed Taki Road (UP),4.0,,,3.2,396.0,54.0,,198.0,,,7.54,3,1,2,1,1,1.3102002305382034,False,wet,False,,
2023,6,river,Korotoa,Dottobari Bridge (Down),4.0,,,3.2,396.0,58.0,,198.0,,,7.54,3,1,2,1,1,1.3102002305382034,False,wet,False,,
2023,6,river,Korotoa,Dottobari Bridge (UP),4.0,,,3.2,396.0,58.0,,198.0,,,7.54,3,1,2,1,1,1.3102002305382034,False,wet,False,,
2023,6,river,Mathavanga,"Pipe Ghat, (M.P)",50.0,,86.0,2.45,,,,171.0,,54.0,7.75,4,2,2,1,2,17.22153316898886,True,wet,False,,
2023,6,river,Modhumoti,Dhalaitala,4.6,,236.0,7.8,942.0,65.0,,471.0,,56.0,6.45,2,1,2,0,1,1.2544822821077497,False,wet,False,,
2023,6,river,Moyuri,Buro Moulavir Darga,26.4,,189.0,0.0,756.0,,0.08,370.0,,35.0,5.14,5,2,2,1,2,8.965503237345315,True,wet,False,,
2023,6,river,Moyuri,Doshgate Jalma,37.8,,224.0,2.3,896.0,,4.1,448.0,,37.0,7.05,4,2,2,1,2,11.586407132623528,True,wet,False,,
2023,6,river,Moyuri,Shoshan Ghat,28.6,,107.0,0.0,957.0,,36.4,214.0,,39.0,7.0,4,2,2,1,2,8.001082589055535,True,wet,False,,
2023,6,river,Pashur,Banishanta,22.4,,3062.0,6.7,12246.0,,,6123.0,,66.0,7.35,2,1,2,1,1,10.138072492895667,True,wet,False,,
2023,6,river,Pashur,Batiaghata By Pass,9.8,,258.0,6.64,1032.0,55.0,,516.0,,77.0,7.64,2,1,2,1,1,0.9373708339162976,False,wet,False,,
2023,6,river,Pashur,Rampal Power Plant,20.7,,3050.0,6.5,12210.0,72.0,,6105.0,,64.0,7.27,2,1,2,1,1,9.831209781243373,True,wet,False,,
2023,6,river,Rupsa,"Charer Hat, Sulpur Aijgati (M)",13.2,,,6.3,1153.0,68.0,90.9,,,87.0,6.93,2,1,2,1,1,1.6798303702639512,False,wet,False,,
2023,6,river,Rupsa,"Gilatola , Nadan Pratap (M)",9.2,,298.0,5.68,1151.0,47.0,79.7,,,42.0,7.04,3,1,2,1,1,1.5436470303157712,False,wet,False,,
2023,6,river,Rupsa,Kalibari Ghat (M),35.2,,294.0,6.8,1174.0,64.0,36.5,,,78.0,6.47,3,1,2,1,1,10.258730957536578,True,wet,False,,
2023,6,river,Rupsa,Rupsa Ghat (M),37.8,,287.0,6.6,1148.0,125.0,38.5,,,82.0,6.55,2,1,2,1,1,11.462540571961432,True,wet,False,,
2023,6,river,Teesta,Kanchan Park (Down),2.3,,12.0,7.4,,42.0,,135.0,,,7.5,0,0,2,0,0,0.5361655521763691,False,wet,False,,
2023,6,river,Teesta,Kanchan Park (Up),2.3,,12.0,7.4,,42.0,,135.0,,,7.5,0,0,2,0,0,0.5361655521763691,False,wet,False,,
2023,6,river,Teesta,Nurullapur (Down),2.2,,13.0,7.62,,37.0,,138.0,,,7.4,0,0,2,0,0,0.42032851312608543,False,wet,False,,
2023,6,river,Teesta,Nurullapur (Up),2.2,,13.0,7.62,,37.0,,138.0,,,7.4,0,0,2,0,0,0.42032851312608543,False,wet,False,,
2023,6,river,Teesta,Sardah (Down),2.2,,12.0,7.52,,44.0,,145.0,,,7.42,0,0,2,0,0,0.4601226105135162,False,wet,False,,
2023,6,river,Teesta,Sardah (Up),2.2,,12.0,7.52,,44.0,,145.0,,,7.42,0,0,2,0,0,0.4601226105135162,False,wet,False,,
2023,7,river,Balu,Jolshiri Abason,3.0,36.0,26.0,8.3,510.0,16.9,,268.0,97.0,,7.38,0,0,2,0,0,0.6610144665131741,False,wet,True,1.0,0.0
2023,7,river,Balu,Trimohoni Bridge,34.0,119.0,49.0,0.3,664.0,8.45,,349.0,164.0,7.52,7.33,4,2,2,1,2,10.130657819546244,True,wet,True,3.0,2.0
2023,7,river,Bhairab,"Basundia Bazar, Aladipur",9.45,,,6.15,,,,,,,7.42,2,1,2,1,1,0.7313624566059673,False,wet,False,,
2023,7,river,Bhairab,"Fultala Ghat, Dhulgram",14.3,,80.0,6.36,320.0,,14.0,160.0,,68.0,7.95,2,1,2,1,1,0.9880798412462288,False,wet,False,,
2023,7,river,Bhairab,Noapara Jafarpur,13.6,,491.0,6.36,1962.0,,89.0,981.0,,47.0,7.32,2,1,2,1,1,2.153157955736856,True,wet,False,,
2023,7,river,Brahmaputra,"Rail Bridge, Shamvoganj",10.0,,16.0,2.7,,35.0,,218.0,,,7.25,4,2,2,1,2,2.0191932849462173,False,wet,False,,
2023,7,river,Buriganga,Bosila Bridge (B.B),1.0,66.0,16.0,5.09,164.0,,,91.0,59.0,47.1,7.56,1,0,2,0,0,0.6917426856011335,False,wet,True,1.0,1.0
2023,7,river,Buriganga,Chandni Ghat (Cg.),2.0,17.0,16.0,3.3,167.0,,,94.0,63.0,41.7,7.42,2,1,2,0,1,0.9276491571210719,False,wet,True,2.0,2.0
2023,7,river,Buriganga,Fatullah (Fh),2.0,44.0,20.0,3.89,201.0,,,113.0,80.0,29.5,7.33,2,1,2,0,1,0.566263949060323,False,wet,True,2.0,2.0
2023,7,river,Buriganga,Hazaribagh (Hg.),1.0,36.0,15.0,5.2,166.0,,,90.0,58.0,47.7,7.69,1,0,2,0,0,0.6132474817633478,False,wet,True,2.0,1.0
2023,7,river,Buriganga,Mirpur Bridge (M.B),4.0,39.0,17.0,4.77,170.0,100.0,,95.0,63.0,42.5,7.47,2,1,2,1,1,0.8658129447916776,False,wet,True,1.0,1.0
2023,7,river,Buriganga,Satmosjid Road (S.R),2.0,73.0,14.0,5.86,160.0,,,90.0,57.0,40.9,7.35,1,0,2,0,0,0.43073669036503637,False,wet,True,1.0,1.0
2023,7,river,Dhaleshwari,Utorro Mitra,10.0,41.0,16.0,5.98,415.0,35.0,,218.0,88.0,,6.92,3,1,2,1,1,1.200340969843386,False,wet,True,1.0,2.0
2023,7,river,Halda,Garduara Sluice gate,4.0,8.0,,7.48,412.0,68.0,,,,,6.38,2,1,2,1,1,0.9288966522210464,False,wet,False,,
2023,7,river,Halda,Halda Bridge,3.0,8.0,,7.63,318.0,59.0,,,,,6.46,1,0,2,0,0,0.6937926505947252,False,wet,False,,
2023,7,river,Halda,Maduna Ghat,4.0,10.0,,7.38,348.0,45.0,,,,,6.33,2,1,2,1,1,0.9234679369794042,False,wet,False,,
2023,7,river,Jamuna,Horipur Kheya ghat (Dn),2.5,,,7.52,280.0,36.0,,140.0,,,7.52,0,0,2,0,0,0.4884673576872722,False,wet,False,,
2023,7,river,Jamuna,Horipur Kheya ghat (Up),2.5,,,7.52,280.0,36.0,,140.0,,,7.52,0,0,2,0,0,0.4884673576872722,False,wet,False,,
2023,7,river,Jamuna,Jamuna Eco Park (Dn),2.3,,,7.6,280.0,44.0,,140.0,,,7.48,0,0,2,0,0,0.4167785161107747,False,wet,False,,
2023,7,river,Jamuna,Jamuna Eco Park (Up),2.3,,,7.6,280.0,44.0,,140.0,,,7.48,0,0,2,0,0,0.4167785161107747,False,wet,False,,
2023,7,river,Jamuna,MohonGanj (Dn),2.3,,,7.56,260.0,40.0,,130.0,,,7.45,0,0,2,0,0,0.36688631511715053,False,wet,False,,
2023,7,river,Jamuna,MohonGanj (Up),2.3,,,7.56,260.0,40.0,,130.0,,,7.45,0,0,2,0,0,0.36688631511715053,False,wet,False,,
2023,7,river,Jamuna,Shariakand Kheya Ghat (Dn),2.2,,,7.5,280.0,45.0,,140.0,,,7.42,0,0,2,0,0,0.36779555440406553,False,wet,False,,
2023,7,river,Jamuna,Shariakand Kheya Ghat (Up),2.2,,,7.5,280.0,45.0,,140.0,,,7.42,0,0,2,0,0,0.36779555440406553,False,wet,False,,
2023,7,river,Karnaphuli,CUFL,5.0,36.0,,8.48,,238.0,,14390.0,,,7.89,1,0,2,0,0,0.2435077774322357,False,wet,False,,
2023,7,river,Karnaphuli,Kalurghat Bridge,4.0,9.0,,7.75,,27.0,,157.0,,,7.57,1,0,2,0,0,0.2528619129961601,False,wet,False,,
2023,7,river,Karnaphuli,Karnafully Paper,3.0,8.0,,7.82,,36.0,,264.0,,,7.42,0,0,2,0,0,0.5529660573114723,False,wet,False,,
2023,7,river,Karnaphuli,Mariam Nagar,4.0,7.0,,7.63,,32.0,,236.0,,,7.67,1,0,2,0,0,0.37513409596526576,False,wet,False,,
2023,7,river,Karnaphuli,TSP,4.0,26.0,,8.39,,439.0,,12940.0,,,7.97,1,0,2,0,0,0.20873491181360337,False,wet,False,,
2023,7,river,Korotoa,Aziz Ahmed Taki Road (Down),4.2,,,3.0,390.0,56.0,,195.0,,,7.76,3,1,2,1,1,1.2296081619827421,False,wet,False,,
2023,7,river,Korotoa,Aziz Ahmed Taki Road (UP),4.2,,,3.0,390.0,56.0,,195.0,,,7.76,3,1,2,1,1,1.2296081619827421,False,wet,False,,
2023,7,river,Korotoa,Dottobari Bridge (Down),4.2,,,3.0,390.0,56.0,,195.0,,,7.76,3,1,2,1,1,1.2296081619827421,False,wet,False,,
2023,7,river,Korotoa,Dottobari Bridge (UP),4.2,,,3.0,390.0,56.0,,195.0,,,7.76,3,1,2,1,1,1.2296081619827421,False,wet,False,,
2023,7,river,Kushiara,Fenchuganj Bridge Point,2.7,14.0,,7.66,143.0,,,70.0,,,7.48,0,0,2,0,0,0.4297556688166879,False,wet,False,,
2023,7,river,Kushiara,Fenchuganj Fertilizer Industry,18.0,75.0,,8.76,213.0,,,106.0,,,8.72,3,1,2,1,1,2.712184282769532,True,wet,False,,
2023,7,river,Meghna,Annondo Bazar,2.0,19.0,4.0,6.7,,,,28.7,,,7.42,0,0,2,0,0,0.46099977535054637,False,wet,False,,
2023,7,river,Meghna,Bairob Bazar,5.0,51.0,4.5,5.57,,,,58.0,,,6.89,2,1,2,1,1,0.7840697025482544,False,wet,False,,
2023,7,river,Meghna,Bishondi Ferry Ghat,4.0,17.0,4.0,6.4,,,,30.8,,,6.75,1,0,2,0,0,0.8936244900093846,False,wet,False,,
2023,7,river,Meghna,Meghna Ghat,1.0,29.0,4.5,5.7,,,,33.1,,,7.25,1,0,2,0,0,0.7047758185338777,False,wet,False,,
2023,7,river,Meghna,Narshingdi Launch Ghat,4.0,100.0,5.0,4.1,,,,47.5,,,6.73,2,1,2,1,1,0.994714198635098,False,wet,False,,
2023,7,river,Moyuri,Shoshan Ghat,35.6,,62.0,0.0,248.0,,2.4,124.0,,36.0,5.46,5,2,2,1,2,12.01188005794689,True,wet,False,,
2023,7,river,Pashur,Banishanta,27.9,,363.0,6.9,1452.0,,,726.0,,87.0,7.68,2,1,2,1,1,6.803397581115789,True,wet,False,,
2023,7,river,Pashur,Rampal Power Plant,25.2,,342.0,6.8,1366.0,83.0,,683.0,,68.0,7.47,2,1,2,1,1,5.565358323686194,True,wet,False,,
2023,7,river,Rupsa,"Charer Hat, Sulpur Aijgati (M)",17.6,,,6.78,518.0,83.0,0.23,,,92.0,7.89,2,1,2,1,1,2.041602391853874,False,wet,False,,
2023,7,river,Rupsa,Kalibari Ghat (M),33.7,,230.0,6.4,918.0,67.0,0.3,,,85.0,7.55,2,1,2,1,1,9.485614121170382,True,wet,False,,
2023,7,river,Rupsa,Rupsa Ghat (M),37.8,,80.0,6.65,319.0,138.0,0.4,,,97.0,8.09,2,1,2,1,1,11.3562753802085,True,wet,False,,
2023,7,river,Shitalakhya,Gorashal,7.0,15.0,9.0,5.1,144.0,50.0,,64.0,29.0,,7.69,3,1,2,1,1,0.9862075193320444,False,wet,True,2.0,2.0
2023,7,river,Shitalakhya,Majira Demra Ghat,4.0,24.0,15.0,3.4,148.0,40.0,,80.0,35.0,,6.94,3,1,2,1,1,1.0987329047518712,False,wet,True,1.0,2.0
2023,7,river,Shitalakhya,Murapara (Rupgonj),1.0,24.0,22.0,4.6,380.0,55.0,,198.0,57.0,,7.41,1,0,2,0,0,0.5835821250689314,False,wet,True,1.0,1.0
2023,7,river,Shitalakhya,Port Road,7.0,83.0,21.0,3.73,216.0,28.0,,114.0,57.0,,6.81,4,2,2,1,2,1.3181585715928845,False,wet,True,2.0,2.0
2023,7,river,Surma,Chhatak,3.1,,,7.21,226.0,52.0,,112.0,,,7.14,1,0,2,0,0,0.5866385047753045,False,wet,False,,
2023,7,river,Surma,Kin Bridge Point,3.4,,,7.19,222.0,67.0,,113.0,,,7.17,1,0,2,0,0,0.5428289467213604,False,wet,False,,
2023,7,river,Surma,Mendibag Point,2.3,,,7.13,218.0,64.0,,108.0,,,7.12,0,0,2,0,0,0.6184609147436253,False,wet,False,,
2023,7,river,Surma,Sheaik Ghat,3.2,,,7.18,234.0,72.0,,118.0,,,7.19,1,0,2,0,0,0.6386400076104715,False,wet,False,,
2023,7,river,Teesta,Kanchan Park (Down),2.3,,12.0,7.46,,45.0,,135.0,,,7.42,0,0,2,0,0,0.4897222389210212,False,wet,False,,
2023,7,river,Teesta,Kanchan Park (Up),2.3,,12.0,7.46,,45.0,,135.0,,,7.42,0,0,2,0,0,0.4897222389210212,False,wet,False,,
2023,7,river,Teesta,Nurullapur (Down),2.1,,13.0,7.6,,38.0,,138.0,,,7.42,0,0,2,0,0,0.4351158469603906,False,wet,False,,
2023,7,river,Teesta,Nurullapur (Up),2.1,,13.0,7.6,,38.0,,138.0,,,7.42,0,0,2,0,0,0.4351158469603906,False,wet,False,,
2023,7,river,Teesta,Sardah (Down),2.4,,12.0,7.5,,45.0,,141.0,,,7.4,0,0,2,0,0,0.476611742933215,False,wet,False,,
2023,7,river,Teesta,Sardah (Up),2.4,,12.0,7.5,,45.0,,141.0,,,7.4,0,0,2,0,0,0.476611742933215,False,wet,False,,
2023,7,river,Turag,Ashulia,5.0,32.0,11.0,5.71,183.0,86.0,,97.0,31.0,,6.83,2,1,2,1,1,0.7438658977337862,False,wet,True,1.0,1.0
2023,7,river,Turag,Kaliakoir,2.0,46.0,9.0,6.64,143.0,141.0,,80.0,21.0,,7.56,0,0,2,0,0,0.5419616272878812,False,wet,True,1.0,0.0
2023,7,river,Turag,Nama Bazar,4.0,41.0,16.0,7.2,168.0,195.0,,91.0,28.0,,6.75,1,0,2,0,0,0.41489146125696585,False,wet,True,1.0,1.0
2023,7,river,Turag,Vawal,1.0,17.0,8.0,7.0,147.0,186.0,,76.0,28.0,,6.5,0,0,2,0,0,0.4727175723106656,False,wet,True,1.0,0.0
2023,8,river,Balu,Jolshiri Abason,2.1,5.0,15.0,3.2,405.0,7.0,,176.0,61.0,,6.49,3,1,2,0,1,1.2409392260866259,False,wet,True,2.0,2.0
2023,8,river,Balu,Trimohoni Bridge,22.8,48.0,25.5,0.0,553.0,36.0,,249.0,70.0,30.8,6.71,4,2,2,1,2,6.135437104789633,True,wet,True,3.0,2.0
2023,8,river,Bhairab,"Basundia Bazar, Aladipur",18.4,,,2.08,,,,,,,6.08,5,2,2,1,2,4.970063328660349,True,wet,False,,
2023,8,river,Bhairab,"Fultala Ghat, Dhulgram",9.14,,380.0,5.14,1518.0,,7.24,759.0,,55.0,6.44,4,2,2,1,2,2.7200078650191184,True,wet,False,,
2023,8,river,Bhairab,Noapara Ferry Ghat,14.4,,578.0,5.07,2310.0,,6.23,1155.0,,66.0,7.62,3,1,2,1,1,1.9990645309833448,False,wet,False,,
2023,8,river,Bhairab,Noapara Jafarpur,11.7,,577.0,5.09,2318.0,,6.27,1159.0,,69.0,7.63,3,1,2,1,1,1.5090915647731622,False,wet,False,,
2023,8,river,Brahmaputra,"Rail Bridge, Shamvoganj",1.0,,14.0,2.67,,267.0,,84.0,,,7.52,2,1,2,0,1,1.3976589341051395,False,wet,False,,
2023,8,river,Buriganga,Bosila Bridge (B.B),4.0,15.0,14.5,4.64,188.4,,,82.0,11.0,56.8,7.17,2,1,2,1,1,0.7211293533960198,False,wet,True,1.0,1.0
2023,8,river,Buriganga,Chandni Ghat (Cg.),25.0,27.0,12.5,2.94,224.0,,,97.0,12.0,54.6,7.27,4,2,2,1,2,5.723364055648503,True,wet,True,2.0,2.0
2023,8,river,Buriganga,Fatullah (Fh),4.0,15.0,13.5,3.25,235.0,,,100.0,10.0,40.6,7.17,3,1,2,1,1,1.1787709038286363,False,wet,True,1.0,2.0
2023,8,river,Buriganga,Hazaribagh (Hg.),4.0,7.0,14.0,5.05,194.3,,,85.0,10.0,53.2,6.87,2,1,2,1,1,0.7168798580776167,False,wet,True,1.0,1.0
2023,8,river,Buriganga,Mirpur Bridge (M.B),3.0,36.0,25.5,5.34,500.0,100.0,,225.0,10.0,69.4,7.06,1,0,2,0,0,1.0177401616279882,False,wet,True,1.0,1.0
2023,8,river,Buriganga,Satmosjid Road (S.R),5.0,122.0,18.5,5.13,341.0,,,150.0,12.0,45.4,7.02,2,1,2,1,1,0.5996284384786651,False,wet,True,1.0,1.0
2023,8,river,Dhaleshwari,Hazaratpur,5.4,75.0,16.0,6.15,154.0,185.0,,83.0,30.0,,7.04,1,0,2,0,0,0.6564269827113506,False,wet,True,1.0,1.0
2023,8,river,Dhaleshwari,Pathorghata,3.0,61.0,12.0,6.41,153.5,365.0,,83.0,34.0,,7.25,0,0,2,0,0,0.4914079718640511,False,wet,True,1.0,0.0
2023,8,river,Dhaleshwari,Ruhitpur,6.0,63.0,11.5,6.09,176.0,303.0,,95.3,37.0,,6.93,1,0,2,0,0,0.8505998061621124,False,wet,True,1.0,1.0
2023,8,river,Halda,Garduara Sluice gate,3.0,6.0,,6.78,326.0,61.0,,,,,6.52,0,0,2,0,0,0.8197342977966657,False,wet,False,,
2023,8,river,Halda,Halda Bridge,2.0,5.0,,7.01,262.0,55.0,,,,,6.55,0,0,2,0,0,0.5139027151543912,False,wet,False,,
2023,8,river,Halda,Maduna Ghat,3.0,9.0,,6.49,336.0,40.0,,,,,6.51,0,0,2,0,0,0.8543458156624825,False,wet,False,,
2023,8,river,Jamuna,Horipur Kheya ghat (Dn),2.4,,,7.52,284.0,36.0,,142.0,,,7.5,0,0,2,0,0,0.4783157123580069,False,wet,False,,
2023,8,river,Jamuna,Horipur Kheya ghat (Up),2.4,,,7.52,284.0,36.0,,142.0,,,7.5,0,0,2,0,0,0.4783157123580069,False,wet,False,,
2023,8,river,Jamuna,Jamuna Eco Park (Dn),2.3,,,7.58,282.0,44.0,,141.0,,,7.46,0,0,2,0,0,0.39733407642333524,False,wet,False,,
2023,8,river,Jamuna,Jamuna Eco Park (Up),2.3,,,7.58,282.0,44.0,,141.0,,,7.46,0,0,2,0,0,0.39733407642333524,False,wet,False,,
2023,8,river,Jamuna,Kakua,2.4,,,7.3,164.0,163.0,,82.4,,,7.46,0,0,2,0,0,0.4239054586785377,False,wet,False,,
2023,8,river,Jamuna,MohonGanj (Dn),2.2,,,7.54,270.0,40.0,,140.0,,,7.42,0,0,2,0,0,0.34578790601828396,False,wet,False,,
2023,8,river,Jamuna,MohonGanj (Up),2.2,,,7.54,270.0,40.0,,140.0,,,7.42,0,0,2,0,0,0.34578790601828396,False,wet,False,,
2023,8,river,Jamuna,Shariakand Kheya Ghat (Dn),2.4,,,7.52,280.0,45.0,,140.0,,,7.44,0,0,2,0,0,0.4083784238825012,False,wet,False,,
2023,8,river,Jamuna,Shariakand Kheya Ghat (Up),2.4,,,7.52,280.0,45.0,,140.0,,,7.44,0,0,2,0,0,0.4083784238825012,False,wet,False,,
2023,8,river,Jamuna,Tarakandi,4.8,,,6.1,679.0,33.0,,352.0,,,9.0,2,1,2,0,1,1.643081804104707,False,wet,False,,
2023,8,river,Kaligonga,Bheutha Ghat,1.8,44.0,11.0,6.2,,,,64.0,,,7.27,0,0,2,0,0,0.5224120348618754,False,wet,True,1.0,0.0
2023,8,river,Karnaphuli,CUFL,3.0,36.0,,7.25,,204.0,,15401.0,,,7.56,0,0,2,0,0,0.5551506932152912,False,wet,False,,
2023,8,river,Karnaphuli,Kalurghat Bridge,5.0,11.0,,8.25,,24.0,,285.0,,,6.7,1,0,2,0,0,0.5559727484585006,False,wet,False,,
2023,8,river,Karnaphuli,Karnafully Paper,5.0,25.0,,7.82,,31.0,,205.0,,,6.25,2,1,2,1,1,0.6800669968283479,False,wet,False,,
2023,8,river,Karnaphuli,Mariam Nagar,6.0,21.0,,7.63,,36.0,,264.0,,,7.12,1,0,2,0,0,0.5623743289939425,False,wet,False,,
2023,8,river,Karnaphuli,TSP,4.0,24.0,,7.41,,328.0,,14380.0,,,7.1,1,0,2,0,0,0.5092508382490601,False,wet,False,,
2023,8,river,Korotoa,Aziz Ahmed Taki Road (Down),4.3,,,4.3,396.0,56.0,,198.0,,,7.72,2,1,2,1,1,0.714302349505532,False,wet,False,,
2023,8,river,Korotoa,Aziz Ahmed Taki Road (UP),4.3,,,4.3,396.0,56.0,,198.0,,,7.72,2,1,2,1,1,0.714302349505532,False,wet,False,,
2023,8,river,Korotoa,Dottobari Bridge (Down),4.3,,,4.3,396.0,56.0,,198.0,,,7.72,2,1,2,1,1,0.714302349505532,False,wet,False,,
2023,8,river,Korotoa,Dottobari Bridge (UP),4.3,,,4.3,396.0,56.0,,198.0,,,7.72,2,1,2,1,1,0.714302349505532,False,wet,False,,
2023,8,river,Mathavanga,"Pipe Ghat, (M.P)",47.0,,39.0,2.82,,,,77.0,,69.0,7.28,4,2,2,1,2,15.822998712223663,True,wet,False,,
2023,8,river,Meghna,Bishondi Ferry Ghat,2.8,10.0,9.0,4.9,,,,35.0,,,7.9,1,0,2,0,0,0.5752821829827806,False,wet,False,,
2023,8,river,Modhumoti,Dhalaitala,4.8,,79.0,6.4,316.0,57.0,,158.0,,26.0,7.47,1,0,2,0,0,0.411366002965471,False,wet,False,,
2023,8,river,Moyuri,Shoshan Ghat,45.6,,186.0,0.0,742.0,,1.04,371.0,,76.0,4.46,5,2,2,1,2,16.979886873765228,True,wet,False,,
2023,8,river,Pashur,Banishanta,22.4,,675.0,5.92,2700.0,,,1350.0,,92.0,7.61,3,1,2,1,1,4.82862726611135,True,wet,False,,
2023,8,river,Pashur,Rampal Power Plant,21.1,,638.0,5.57,2550.0,63.0,,1275.0,,97.0,7.65,3,1,2,1,1,4.146431877736995,True,wet,False,,
2023,8,river,Rupsa,"Charer Hat, Sulpur Aijgati (M)",19.8,,,6.67,1376.0,46.0,0.06,,,66.0,7.54,2,1,2,1,1,3.242677366939966,True,wet,False,,
2023,8,river,Rupsa,Kalibari Ghat (M),26.9,,370.0,7.22,1478.0,55.0,8.72,,,74.0,6.87,2,1,2,1,1,6.3812364867655855,True,wet,False,,
2023,8,river,Rupsa,Rupsa Ghat (M),42.8,,437.0,7.32,1747.0,54.0,0.08,,,74.0,7.66,2,1,2,1,1,13.778404328953096,True,wet,False,,
2023,8,river,Shitalakhya,Gorashal,1.8,18.0,11.0,4.5,186.0,70.0,,97.0,30.0,,8.38,1,0,2,0,0,0.7147831088041824,False,wet,True,2.0,1.0
2023,8,river,Shitalakhya,Majira Demra Ghat,3.0,22.0,18.0,3.39,189.0,52.0,,104.0,41.0,,7.32,2,1,2,0,1,0.9898597586680812,False,wet,True,1.0,1.0
2023,8,river,Shitalakhya,Murapara (Rupgonj),2.3,3.0,14.0,4.1,281.0,56.0,,123.0,49.0,,7.75,1,0,2,0,0,0.42002955798831754,False,wet,True,1.0,1.0
2023,8,river,Shitalakhya,Port Road,4.2,24.0,12.0,2.6,209.0,69.0,,108.0,9.0,,6.3,4,2,2,1,2,1.7073342579380535,False,wet,True,2.0,2.0
2023,8,river,Teesta,Kanchan Park (Down),2.3,,12.0,7.44,,45.0,,136.0,,,7.44,0,0,2,0,0,0.5183820721362901,False,wet,False,,
2023,8,river,Teesta,Kanchan Park (Up),2.3,,12.0,7.44,,45.0,,136.0,,,7.44,0,0,2,0,0,0.5183820721362901,False,wet,False,,
2023,8,river,Teesta,Nurullapur (Down),2.2,,14.0,7.62,,38.0,,138.0,,,7.4,0,0,2,0,0,0.42032851312608543,False,wet,False,,
2023,8,river,Teesta,Nurullapur (Up),2.2,,14.0,7.62,,38.0,,138.0,,,7.4,0,0,2,0,0,0.42032851312608543,False,wet,False,,
2023,8,river,Teesta,Sardah (Down),2.3,,11.0,7.52,,45.0,,141.0,,,7.38,0,0,2,0,0,0.44170822375881985,False,wet,False,,
2023,8,river,Teesta,Sardah (Up),2.3,,11.0,7.52,,45.0,,141.0,,,7.38,0,0,2,0,0,0.44170822375881985,False,wet,False,,
2023,8,river,Turag,Ashulia,1.8,0.87,11.0,6.17,158.0,65.0,,81.5,32.0,,7.58,0,0,2,0,0,0.5726476715448308,False,wet,True,1.0,0.0
2023,8,river,Turag,Kaliakoir,2.1,11.0,8.0,6.0,180.0,183.0,,72.0,19.0,,8.27,0,0,2,0,0,0.4759132744038671,False,wet,True,1.0,0.0
2023,8,river,Turag,Nama Bazar,1.8,16.0,10.0,6.0,183.0,133.0,,95.0,21.0,,7.81,0,0,2,0,0,0.479203875036152,False,wet,True,1.0,0.0
2023,8,river,Turag,Turag Bridge,1.5,1.74,14.0,6.29,148.0,59.0,,76.8,41.0,,7.7,0,0,2,0,0,0.5650883291974894,False,wet,True,1.0,0.0
2023,8,river,Turag,Vawal,2.4,13.0,11.0,5.0,209.0,83.0,,109.0,27.0,,7.93,1,0,2,0,0,0.5059566333841673,False,wet,True,2.0,1.0
2023,8,urban_lake,Dhanmondi Lake,8 No. Road Bridge,2.1,26.0,47.0,1.66,297.0,1.0,,131.0,90.0,2.01,7.82,2,1,2,0,1,2.1167556323426147,False,wet,False,,
2023,8,urban_lake,Dhanmondi Lake,Near Dhanmondi- Road No 28,2.4,14.0,54.0,2.19,664.0,1.0,,299.0,149.0,1.59,7.28,2,1,2,0,1,1.851648729683946,False,wet,False,,
2023,8,urban_lake,Dhanmondi Lake,Near Dhanmondi-32 Bridge,2.4,64.0,49.0,2.97,467.0,4.0,,212.0,101.0,3.28,7.3,2,1,2,0,1,1.2387382219973841,False,wet,False,,
2023,8,urban_lake,Dhanmondi Lake,Near Gigatola Pilkhana More,1.8,66.0,50.0,2.64,288.0,4.0,,128.0,91.0,5.32,7.6,2,1,2,0,1,1.3703263792791236,False,wet,False,,
2023,8,urban_lake,Gulshan Lake,Lake View Clinic,14.1,62.0,42.0,1.59,477.0,65.0,,215.0,142.0,34.5,7.43,4,2,2,1,2,2.682774720450454,True,wet,False,,
2023,8,urban_lake,Gulshan Lake,South Bridge,11.1,65.0,43.0,1.3,508.0,17.0,,227.0,131.0,16.9,7.69,4,2,2,1,2,2.6133876303264354,True,wet,False,,
2023,8,urban_lake,Gulshan Lake,Taltola Shooting Complex,11.4,71.0,48.0,4.67,534.0,20.0,,240.0,138.0,18.4,7.56,3,1,2,1,1,1.287047197698623,False,wet,False,,
2023,8,urban_lake,Gulshan Lake,United Hospital,16.2,73.0,40.0,2.72,483.0,14.0,,215.0,110.0,15.8,7.62,4,2,2,1,2,2.1844372955917897,True,wet,False,,
2023,8,urban_lake,Hatir Jheel,FDC More Bridge,18.6,73.0,61.0,1.3,611.0,7.0,,276.0,183.0,2.52,7.59,4,2,2,1,2,3.4899290602115944,True,wet,False,,
2023,8,urban_lake,Hatir Jheel,Raampura Bridge,16.8,70.0,48.0,2.24,519.0,14.0,,230.0,131.0,3.91,7.68,4,2,2,1,2,2.5281855148925603,True,wet,False,,
2023,9,river,Bhairab,"Basundia Bazar, Aladipur",9.14,,,7.52,,,,,,,7.14,2,1,2,1,1,0.7712854401204142,False,wet,False,,
2023,9,river,Bhairab,"Fultala Ghat, Dhulgram",18.9,,285.0,6.3,1152.0,,8.7,576.0,,25.0,6.96,2,1,2,1,1,2.836675050955426,True,wet,False,,
2023,9,river,Bhairab,Noapara Ferry Ghat,16.8,,298.0,6.37,1147.0,,9.9,574.0,,63.0,6.65,2,1,2,1,1,2.3094603484670713,True,wet,False,,
2023,9,river,Bhairab,Noapara Jafarpur,17.8,,275.0,6.3,1153.0,,8.7,577.0,,26.0,6.93,2,1,2,1,1,2.4355347126225206,True,wet,False,,
2023,9,river,Buriganga,Bosila Bridge (B.B),6.0,7.0,11.0,4.66,241.0,,,105.0,12.0,34.4,6.87,2,1,2,1,1,0.6983313734481106,False,wet,True,1.0,1.0
2023,9,river,Buriganga,Chandni Ghat (Cg.),5.0,7.0,15.0,3.93,256.0,,,109.0,14.0,30.6,6.76,3,1,2,1,1,0.8205335429727066,False,wet,True,2.0,2.0
2023,9,river,Buriganga,Fatullah (Fh),5.0,12.0,12.0,3.89,257.0,,,110.0,10.0,19.0,6.65,3,1,2,1,1,0.8149213936507251,False,wet,True,1.0,2.0
2023,9,river,Buriganga,Hazaribagh (Hg.),7.0,7.0,15.0,4.83,243.0,,,105.0,11.0,25.5,6.87,3,1,2,1,1,1.0820287694824646,False,wet,True,1.0,2.0
2023,9,river,Buriganga,Mirpur Bridge (M.B),6.0,11.0,18.0,6.09,243.0,26.0,,105.0,12.0,36.9,6.84,1,0,2,0,0,0.9146832737492449,False,wet,True,1.0,1.0
2023,9,river,Buriganga,Satmosjid Road (S.R),4.0,15.0,15.0,3.94,240.0,,,103.0,13.0,47.6,6.85,3,1,2,1,1,0.9296673357548058,False,wet,True,2.0,2.0
2023,9,river,Ganges,Gorai off Take,8.7,,397.0,7.23,1754.0,72.0,,877.0,,95.0,7.22,2,1,2,1,1,1.3076681716541083,False,wet,False,,
2023,9,river,Gorai,Kamarkhali Bridge,7.2,,198.0,7.24,728.0,34.0,,364.0,,34.0,6.39,3,1,2,1,1,1.5075689987871062,False,wet,False,,
2023,9,river,Halda,Garduara Sluice gate,4.0,10.0,,7.12,330.0,49.0,,,,,6.49,2,1,2,0,1,0.9332298290660365,False,wet,False,,
2023,9,river,Halda,Halda Bridge,3.0,9.0,,6.98,285.0,40.0,,,,,6.71,0,0,2,0,0,0.8115043311468836,False,wet,False,,
2023,9,river,Halda,Maduna Ghat,3.0,8.0,,7.56,340.0,32.0,,,,,6.55,0,0,2,0,0,0.7079504136462961,False,wet,False,,
2023,9,river,Jamuna,Horipur Kheya ghat (Dn),2.5,,,7.52,280.0,36.0,,140.0,,,7.52,0,0,2,0,0,0.4884673576872722,False,wet,False,,
2023,9,river,Jamuna,Horipur Kheya ghat (Up),2.5,,,7.52,280.0,36.0,,140.0,,,7.52,0,0,2,0,0,0.4884673576872722,False,wet,False,,
2023,9,river,Jamuna,Jamuna Eco Park (Dn),2.3,,,7.58,284.0,44.0,,142.0,,,7.44,0,0,2,0,0,0.38168550667106105,False,wet,False,,
2023,9,river,Jamuna,Jamuna Eco Park (Up),2.3,,,7.58,284.0,44.0,,142.0,,,7.44,0,0,2,0,0,0.38168550667106105,False,wet,False,,
2023,9,river,Jamuna,MohonGanj (Dn),2.3,,,7.54,276.0,40.0,,138.0,,,7.4,0,0,2,0,0,0.36472514361941094,False,wet,False,,
2023,9,river,Jamuna,MohonGanj (Up),2.3,,,7.54,276.0,40.0,,138.0,,,7.4,0,0,2,0,0,0.36472514361941094,False,wet,False,,
2023,9,river,Jamuna,Shariakand Kheya Ghat (Dn),2.2,,,7.52,280.0,45.0,,140.0,,,7.45,0,0,2,0,0,0.38210115103297104,False,wet,False,,
2023,9,river,Jamuna,Shariakand Kheya Ghat (Up),2.2,,,7.52,280.0,45.0,,140.0,,,7.45,0,0,2,0,0,0.38210115103297104,False,wet,False,,
2023,9,river,Karnaphuli,CUFL,4.0,30.0,,7.48,,189.0,,9510.0,,,7.85,1,0,2,0,0,0.25039317652199966,False,wet,False,,
2023,9,river,Karnaphuli,Kalurghat Bridge,6.0,17.0,,7.0,,31.0,,201.0,,,7.29,1,0,2,0,0,0.7317466659172083,False,wet,False,,
2023,9,river,Karnaphuli,Karnafully Paper,5.0,25.0,,7.29,,45.0,,198.0,,,7.42,1,0,2,0,0,0.5198064267520061,False,wet,False,,
2023,9,river,Karnaphuli,Mariam Nagar,5.0,19.0,,8.11,,28.0,,215.0,,,7.14,1,0,2,0,0,0.4706425480013574,False,wet,False,,
2023,9,river,Karnaphuli,TSP,3.0,29.0,,7.51,,156.0,,10510.0,,,6.96,0,0,2,0,0,0.7100781817945838,False,wet,False,,
2023,9,river,Korotoa,Aziz Ahmed Taki Road (Down),4.2,,,4.0,394.0,56.0,,197.0,,,7.75,2,1,2,1,1,0.7032002078983766,False,wet,False,,
2023,9,river,Korotoa,Aziz Ahmed Taki Road (UP),4.2,,,4.0,394.0,56.0,,197.0,,,7.75,2,1,2,1,1,0.7032002078983766,False,wet,False,,
2023,9,river,Korotoa,Dottobari Bridge (Down),4.2,,,4.0,394.0,56.0,,197.0,,,7.75,2,1,2,1,1,0.7032002078983766,False,wet,False,,
2023,9,river,Korotoa,Dottobari Bridge (UP),4.2,,,4.0,394.0,56.0,,197.0,,,7.75,2,1,2,1,1,0.7032002078983766,False,wet,False,,
2023,9,river,Mathavanga,"Pipe Ghat, (M.P)",28.0,,98.0,2.8,,,,197.0,,44.0,7.18,4,2,2,1,2,7.057726535684067,True,wet,False,,
2023,9,river,Meghna,Annondo Bazar,0.8,41.0,10.0,6.1,,,,29.6,,,7.65,0,0,2,0,0,0.6226020124309496,False,wet,False,,
2023,9,river,Meghna,Bishondi Ferry Ghat,0.6,37.0,4.5,6.7,,,,37.4,,,7.74,0,0,2,0,0,0.4955633851607473,False,wet,False,,
2023,9,river,Meghna,Meghna Ghat,1.2,40.0,10.5,5.9,,,,38.0,,,6.88,1,0,2,0,0,0.6614906061390958,False,wet,False,,
2023,9,river,Meghna,Narshingdi Launch Ghat,2.2,6.0,6.5,5.1,,,,43.4,,,8.17,1,0,2,0,0,0.3021388713445249,False,wet,False,,
2023,9,river,Modhumoti,Dhalaitala,5.7,,219.0,6.9,874.0,58.0,,437.0,,58.0,6.77,1,0,2,0,0,0.9928878215106623,False,wet,False,,
2023,9,river,Moyuri,Buro Moulavir Darga,26.4,,156.0,0.0,756.0,,0.08,470.0,,35.0,5.14,5,2,2,1,2,8.965503237345315,True,wet,False,,
2023,9,river,Moyuri,Doshgate Jalma,37.8,,225.0,2.3,896.0,,4.1,548.0,,35.0,7.05,4,2,2,1,2,11.586407132623528,True,wet,False,,
2023,9,river,Moyuri,Shoshan Ghat,28.6,,109.0,0.0,957.0,,36.4,314.0,,40.0,7.0,4,2,2,1,2,8.001082589055535,True,wet,False,,
2023,9,river,Padma,Barha Ghat,1.1,,,6.78,174.2,377.0,,93.3,,,7.43,0,0,2,0,0,0.5344264816115838,False,wet,False,,
2023,9,river,Padma,Mawa Ghat,0.9,,,7.05,172.4,184.0,,92.0,,,7.6,0,0,2,0,0,0.5586114697838432,False,wet,False,,
2023,9,river,Pashur,Batiaghata By Pass,9.8,,354.0,6.64,1032.0,55.0,,616.0,,71.0,7.64,2,1,2,1,1,0.9373708339162976,False,wet,False,,
2023,9,river,Pashur,Rampal Power Plant,6.7,,86.0,6.5,342.0,65.0,,171.0,,70.0,7.58,2,1,2,1,1,1.0045019450389514,False,wet,False,,
2023,9,river,Rupsa,"Charer Hat, Sulpur Aijgati (M)",13.2,,,6.3,1153.0,68.0,9.9,,,85.0,6.55,2,1,2,1,1,2.0826433317402335,False,wet,False,,
2023,9,river,Rupsa,"Gilatola , Nadan Pratap (M)",9.2,,295.0,5.68,1151.0,17.0,7.7,,,40.0,6.04,4,2,2,1,2,2.8163326396915087,True,wet,False,,
2023,9,river,Rupsa,Kalibari Ghat (M),35.2,,293.0,6.8,1174.0,64.0,9.5,,,75.0,6.45,3,1,2,1,1,10.2634849136037,True,wet,False,,
2023,9,river,Rupsa,Rupsa Ghat (M),37.8,,282.0,6.6,1148.0,125.0,8.5,,,80.0,7.55,2,1,2,1,1,11.416333895275091,True,wet,False,,
2023,9,river,Shitalakhya,Majira Demra Ghat,3.0,31.0,14.0,1.8,201.4,47.0,,108.7,23.0,,6.57,2,1,2,0,1,2.2740837588202267,True,wet,True,2.0,2.0
2023,9,river,Shitalakhya,Port Road,6.0,54.0,12.0,1.2,230.0,46.0,,123.3,11.0,,7.41,3,1,2,1,1,2.643615239226125,True,wet,True,3.0,2.0
2023,9,river,Teesta,Kanchan Park (Down),2.4,,12.0,7.44,,45.0,,170.0,,,7.46,0,0,2,0,0,0.5589008018769349,False,wet,False,,
2023,9,river,Teesta,Kanchan Park (Up),2.4,,12.0,7.44,,45.0,,170.0,,,7.46,0,0,2,0,0,0.5589008018769349,False,wet,False,,
2023,9,river,Teesta,Nurullapur (Down),2.2,,14.0,7.62,,38.0,,160.0,,,7.42,0,0,2,0,0,0.43977371905644586,False,wet,False,,
2023,9,river,Teesta,Nurullapur (Up),2.2,,14.0,7.62,,38.0,,160.0,,,7.42,0,0,2,0,0,0.43977371905644586,False,wet,False,,
2023,9,river,Teesta,Sardah (Down),2.4,,11.0,7.52,,45.0,,175.0,,,7.39,0,0,2,0,0,0.46449929940943363,False,wet,False,,
2023,9,river,Teesta,Sardah (Up),2.4,,11.0,7.52,,45.0,,175.0,,,7.39,0,0,2,0,0,0.46449929940943363,False,wet,False,,
2023,9,river,Turag,Kaliakoir,0.9,31.0,7.0,5.7,141.3,82.0,,74.7,21.0,,7.61,1,0,2,0,0,0.7061639668532086,False,wet,True,2.0,1.0
2023,9,river,Turag,Nama Bazar,2.9,7.5,10.0,5.2,163.0,90.0,,84.2,21.0,,6.87,1,0,2,0,0,0.9103511953556825,False,wet,True,1.0,1.0
2023,9,river,Turag,Vawal,4.0,27.0,10.0,5.3,184.0,78.0,,99.3,19.0,,6.58,2,1,2,1,1,0.8479617818109768,False,wet,True,2.0,2.0
2023,10,river,Balu,Jolshiri Abason,4.0,14.0,13.0,2.1,219.2,7.0,,112.0,14.0,,6.73,3,1,2,1,1,1.9567558584765414,False,wet,True,2.0,2.0
2023,10,river,Balu,Trimohoni Bridge,6.0,19.0,19.0,1.8,263.0,13.0,,136.0,16.0,8.0,6.98,3,1,2,1,1,2.1618698497229474,True,wet,True,2.0,2.0
2023,10,river,Bhairab,"Basundia Bazar, Aladipur",9.12,,,7.5,,,,,,,7.12,2,1,2,1,1,0.7859511727643556,False,wet,False,,
2023,10,river,Bhairab,"Fultala Ghat, Dhulgram",18.8,,65.0,4.16,260.0,,0.11,130.0,,22.0,7.1,3,1,2,1,1,3.1710216478859286,True,wet,False,,
2023,10,river,Bhairab,Noapara Ferry Ghat,16.9,,49.0,5.18,195.0,,0.8,98.0,,23.0,7.08,3,1,2,1,1,2.0824967341457956,False,wet,False,,
2023,10,river,Bhairab,Noapara Jafarpur,16.8,,65.0,1.69,259.0,,0.11,130.0,,21.0,7.16,4,2,2,1,2,3.3104277345445774,True,wet,False,,
2023,10,river,Buriganga,Bosila Bridge (B.B),4.0,11.0,8.5,4.89,157.0,,,81.0,9.0,17.9,6.97,2,1,2,1,1,0.6953214815671594,False,wet,True,1.0,1.0
2023,10,river,Buriganga,Chandni Ghat (Cg.),7.0,8.0,9.5,1.82,168.0,,,86.0,8.0,41.2,6.92,4,2,2,1,2,2.292600860030507,True,wet,True,2.0,2.0
2023,10,river,Buriganga,Fatullah (Fh),8.0,12.0,12.0,1.9,203.7,,,102.1,10.0,37.9,7.18,4,2,2,1,2,2.482797804211161,True,wet,True,2.0,2.0
2023,10,river,Buriganga,Hazaribagh (Hg.),5.0,8.0,9.0,4.11,159.0,,,82.0,10.0,19.4,6.93,2,1,2,1,1,0.6597329438290332,False,wet,True,1.0,1.0
2023,10,river,Buriganga,Mirpur Bridge (M.B),6.0,10.0,7.5,5.5,156.0,57.0,,79.2,8.0,38.1,7.07,2,1,2,1,1,0.7297326656152398,False,wet,True,1.0,1.0
2023,10,river,Buriganga,Satmosjid Road (S.R),7.0,10.0,8.0,3.94,164.0,,,83.0,9.0,28.1,6.89,4,2,2,1,2,1.211304483367899,False,wet,True,2.0,2.0
2023,10,river,Dhaleshwari,Hazaratpur,5.1,,10.5,5.9,169.0,155.0,,90.0,14.0,,6.63,2,1,2,1,1,0.7142670066835536,False,wet,True,1.0,1.0
2023,10,river,Dhaleshwari,Mukterpur,6.0,8.0,6.5,5.1,173.4,77.0,,91.0,23.0,,7.68,2,1,2,1,1,0.7296838227692029,False,wet,True,2.0,2.0
2023,10,river,Dhaleshwari,Pathorghata,4.2,1.5,10.0,6.0,166.0,140.0,,88.0,10.0,,6.94,1,0,2,0,0,0.8090883315748056,False,wet,True,1.0,1.0
2023,10,river,Dhaleshwari,Ruhitpur,2.4,6.0,12.0,5.9,158.3,141.0,,83.5,8.0,,6.69,1,0,2,0,0,0.6511494014822836,False,wet,True,1.0,1.0
2023,10,river,Dhaleshwari,Utorro Mitra,1.0,3.0,11.0,5.3,176.4,83.0,,89.7,10.0,,7.28,1,0,2,0,0,0.6846299719603358,False,wet,True,1.0,1.0
2023,10,river,Ganges,Gorai off Take,8.9,,145.0,6.96,580.0,22.0,,324.0,,32.0,7.58,2,1,2,1,1,0.7572408105096107,False,wet,False,,
2023,10,river,Gorai,Kamarkhali Bridge,8.3,,184.0,7.8,736.0,32.0,,368.0,,31.0,6.18,3,1,2,1,1,1.9335517368554416,False,wet,False,,
2023,10,river,Halda,Garduara Sluice gate,3.0,8.0,,6.46,336.0,45.0,,,,,6.65,0,0,2,0,0,0.7971243418806017,False,wet,False,,
2023,10,river,Halda,Halda Bridge,3.0,9.0,,6.88,310.0,42.0,,,,,6.79,0,0,2,0,0,0.8067092508593537,False,wet,False,,
2023,10,river,Halda,Maduna Ghat,3.0,8.0,,6.19,356.0,37.0,,,,,6.7,0,0,2,0,0,0.8209574846693931,False,wet,False,,
2023,10,river,Jamuna,Horipur Kheya ghat (Dn),2.4,,,7.5,284.0,36.0,,142.0,,,7.45,0,0,2,0,0,0.4247672946435825,False,wet,False,,
2023,10,river,Jamuna,Horipur Kheya ghat (Up),2.4,,,7.5,284.0,36.0,,142.0,,,7.45,0,0,2,0,0,0.4247672946435825,False,wet,False,,
2023,10,river,Jamuna,Jamuna Eco Park (Dn),2.4,,,7.55,290.0,44.0,,145.0,,,7.4,0,0,2,0,0,0.39937665751835255,False,wet,False,,
2023,10,river,Jamuna,Jamuna Eco Park (Up),2.4,,,7.55,290.0,44.0,,145.0,,,7.4,0,0,2,0,0,0.39937665751835255,False,wet,False,,
2023,10,river,Jamuna,MohonGanj (Dn),2.4,,,7.5,290.0,40.0,,145.0,,,7.45,0,0,2,0,0,0.43101530962004725,False,wet,False,,
2023,10,river,Jamuna,MohonGanj (Up),2.4,,,7.5,290.0,40.0,,145.0,,,7.45,0,0,2,0,0,0.43101530962004725,False,wet,False,,
2023,10,river,Jamuna,Shariakand Kheya Ghat (Dn),2.3,,,7.4,280.0,45.0,,140.0,,,7.42,0,0,2,0,0,0.4164122065792073,False,wet,False,,
2023,10,river,Jamuna,Shariakand Kheya Ghat (Up),2.3,,,7.4,280.0,45.0,,140.0,,,7.42,0,0,2,0,0,0.4164122065792073,False,wet,False,,
2023,10,river,Karnaphuli,CUFL,4.0,26.0,,6.99,,201.0,,8601.0,,,7.19,1,0,2,0,0,0.7241238205122384,False,wet,False,,
2023,10,river,Karnaphuli,Kalurghat Bridge,5.0,17.0,,7.41,,23.0,,185.0,,,7.22,1,0,2,0,0,0.6050866016524833,False,wet,False,,
2023,10,river,Karnaphuli,Karnafully Paper,3.0,30.0,,8.05,,31.0,,260.0,,,6.85,0,0,2,0,0,0.699778565864708,False,wet,False,,
2023,10,river,Karnaphuli,Mariam Nagar,4.0,32.0,,7.28,,22.0,,189.0,,,6.99,1,0,2,0,0,0.5195398985747557,False,wet,False,,
2023,10,river,Karnaphuli,TSP,3.0,21.0,,7.01,,358.0,,10110.0,,,7.67,0,0,2,0,0,0.5276563293745795,False,wet,False,,
2023,10,river,Khakshiali,Boshontopur,8.3,,792.0,6.18,2169.0,64.0,,1085.0,,31.0,7.05,2,1,2,1,1,2.0345414751952875,False,wet,False,,
2023,10,river,Khakshiali,Kaliganj Bazar,9.7,,798.0,6.52,3190.0,66.0,,1595.0,,34.0,7.11,2,1,2,1,1,1.7407355052902163,False,wet,False,,
2023,10,river,Khakshiali,Uzirpur,8.5,,738.0,6.07,2950.0,73.0,,1475.0,,32.0,6.78,2,1,2,1,1,2.213165706011869,True,wet,False,,
2023,10,river,Korotoa,Aziz Ahmed Taki Road (Down),4.0,,,3.5,390.0,56.0,,195.0,,,7.74,3,1,2,1,1,0.9371424685468188,False,wet,False,,
2023,10,river,Korotoa,Aziz Ahmed Taki Road (UP),4.0,,,3.5,390.0,56.0,,195.0,,,7.74,3,1,2,1,1,0.9371424685468188,False,wet,False,,
2023,10,river,Korotoa,Dottobari Bridge (Down),4.0,,,3.5,390.0,56.0,,195.0,,,7.74,3,1,2,1,1,0.9371424685468188,False,wet,False,,
2023,10,river,Korotoa,Dottobari Bridge (UP),4.0,,,3.5,390.0,56.0,,195.0,,,7.74,3,1,2,1,1,0.9371424685468188,False,wet,False,,
2023,10,river,Mathavanga,"Pipe Ghat, (M.P)",32.0,,107.0,5.76,,,,216.0,,48.0,7.22,3,1,2,1,1,8.637335607721505,True,wet,False,,
2023,10,river,Meghna,Annondo Bazar,3.5,42.0,7.0,7.4,,,,59.6,,,7.27,1,0,2,0,0,0.730377960285044,False,wet,False,,
2023,10,river,Meghna,Bishondi Ferry Ghat,1.8,7.0,6.0,6.7,,,,31.2,,,7.65,0,0,2,0,0,0.4265898647141351,False,wet,False,,
2023,10,river,Meghna,Meghna Ghat,4.5,30.0,8.0,5.6,,,,36.6,,,7.31,2,1,2,1,1,0.6370127702433604,False,wet,False,,
2023,10,river,Meghna,Narshingdi Launch Ghat,3.1,0.9,6.0,7.4,,,,77.9,,,6.35,2,1,2,0,1,0.8394720107493102,False,wet,False,,
2023,10,river,Modhumoti,Dhalaitala,6.7,,164.0,6.7,660.0,38.0,,330.0,,28.0,6.52,2,1,2,1,1,1.3284769204574631,False,wet,False,,
2023,10,river,Moyuri,Buro Moulavir Darga,25.4,,194.0,0.0,776.0,,0.08,388.0,,35.0,5.36,5,2,2,1,2,8.411506886716008,True,wet,False,,
2023,10,river,Moyuri,Doshgate Jalma,37.7,,299.0,2.3,1196.0,,0.15,598.0,,35.0,7.05,4,2,2,1,2,11.53124131913783,True,wet,False,,
2023,10,river,Moyuri,Shoshan Ghat,8.9,,306.0,1.11,1222.0,,0.62,611.0,,35.0,6.96,4,2,2,1,2,3.1489427173031825,True,wet,False,,
2023,10,river,Padma,Mawa Ghat,3.1,,,7.4,147.0,103.0,,77.9,,,6.35,2,1,2,1,1,0.692361660299108,False,wet,False,,
2023,10,river,Pashur,Banishanta,18.2,,31.0,6.99,161.6,,,61.0,,35.0,7.04,2,1,2,1,1,2.256204932744111,True,wet,False,,
2023,10,river,Pashur,Batiaghata By Pass,9.9,,284.0,6.64,1035.0,48.0,,568.0,,65.0,7.62,2,1,2,1,1,0.9019989436828069,False,wet,False,,
2023,10,river,Pashur,Rampal Power Plant,12.2,,54.0,6.7,216.0,52.0,,108.0,,32.0,7.8,2,1,2,1,1,0.7886665836450477,False,wet,False,,
2023,10,river,Rupsa,"Charer Hat, Sulpur Aijgati (M)",9.2,,,6.35,653.0,38.0,0.09,,,65.0,6.59,2,1,2,1,1,1.9792733084657077,False,wet,False,,
2023,10,river,Rupsa,"Gilatola , Nadan Pratap (M)",8.2,,74.0,3.55,295.0,37.0,0.13,,,10.0,7.35,4,2,2,1,2,1.7804155158841968,False,wet,False,,
2023,10,river,Rupsa,Kalibari Ghat (M),32.2,,145.0,6.9,574.0,44.0,0.05,,,55.0,6.74,2,1,2,1,1,8.710095535998137,True,wet,False,,
2023,10,river,Rupsa,Rupsa Ghat (M),37.8,,282.0,6.61,127.0,125.0,0.05,,,72.0,7.39,2,1,2,1,1,11.355918088175617,True,wet,False,,
2023,10,river,Shitalakhya,Gorashal,7.0,39.0,8.5,3.2,120.0,22.0,,63.0,10.0,,7.05,4,2,2,1,2,1.4806263926544758,False,wet,True,1.0,2.0
2023,10,river,Shitalakhya,Majira Demra Ghat,6.0,7.0,44.5,2.9,112.4,37.0,,59.1,8.0,,6.75,3,1,2,1,1,1.4054061386549164,False,wet,True,1.0,2.0
2023,10,river,Shitalakhya,Murapara (Rupgonj),4.0,13.0,11.5,3.4,175.1,57.0,,88.9,11.0,,6.42,4,2,2,1,2,1.3141355315936818,False,wet,True,2.0,2.0
2023,10,river,Shitalakhya,Port Road,6.0,22.0,39.5,0.2,341.0,29.0,,180.6,14.0,,7.57,3,1,2,1,1,3.395643009090433,True,wet,True,3.0,2.0
2023,10,river,Teesta,Kanchan Park (Down),2.3,,12.0,7.4,,45.0,,140.0,,,7.45,0,0,2,0,0,0.544619137603782,False,wet,False,,
2023,10,river,Teesta,Kanchan Park (Up),2.3,,12.0,7.4,,45.0,,140.0,,,7.45,0,0,2,0,0,0.544619137603782,False,wet,False,,
2023,10,river,Teesta,Nurullapur (Down),2.4,,14.0,7.6,,38.0,,145.0,,,7.38,0,0,2,0,0,0.4418770927008574,False,wet,False,,
2023,10,river,Teesta,Nurullapur (Up),2.4,,14.0,7.6,,38.0,,145.0,,,7.38,0,0,2,0,0,0.4418770927008574,False,wet,False,,
2023,10,river,Teesta,Sardah (Down),2.3,,11.0,7.4,,45.0,,143.0,,,7.42,0,0,2,0,0,0.5109497694139201,False,wet,False,,
2023,10,river,Teesta,Sardah (Up),2.3,,11.0,7.4,,45.0,,143.0,,,7.42,0,0,2,0,0,0.5109497694139201,False,wet,False,,
2023,10,river,Turag,Ashulia,5.0,10.0,6.0,5.2,171.2,58.0,,87.0,10.0,,7.03,2,1,2,1,1,0.53526886753104,False,wet,True,1.0,1.0
2023,10,river,Turag,Kaliakoir,1.5,20.0,9.0,5.9,131.2,120.0,,66.5,11.0,,7.11,1,0,2,0,0,0.7193894469919914,False,wet,True,1.0,1.0
2023,10,river,Turag,Nama Bazar,8.0,8.0,7.0,5.6,155.0,48.0,,79.0,9.0,,7.57,3,1,2,1,1,1.3533227290716963,False,wet,True,2.0,2.0
2023,10,river,Turag,Turag Bridge,4.0,8.0,7.5,5.7,168.4,149.0,,85.0,12.0,,7.12,2,1,2,1,1,0.7930251707829439,False,wet,True,1.0,1.0
2023,10,river,Turag,Vawal,1.4,12.0,11.0,5.5,200.7,69.0,,107.6,12.0,,6.34,2,1,2,0,1,0.9831163203304863,False,wet,True,2.0,2.0
2023,11,river,Balu,Jolshiri Abason,5.0,27.0,32.0,6.01,538.0,19.0,,253.0,28.0,,7.27,1,0,2,0,0,0.48451861480736336,False,dry,True,1.0,1.0
2023,11,river,Balu,Trimohoni Bridge,7.0,27.0,52.0,1.04,815.0,83.0,,388.0,22.0,22.5,6.39,5,2,2,1,2,2.991802209642632,True,dry,True,3.0,2.0
2023,11,river,Bhairab,"Basundia Bazar, Aladipur",7.07,,,2.37,,,,,,,7.45,4,2,2,1,2,1.9996832153368873,False,dry,False,,
2023,11,river,Bhairab,"Fultala Ghat, Dhulgram",14.3,,137.0,6.09,547.0,,0.26,259.0,,17.0,7.14,2,1,2,1,1,1.2290791908461702,False,dry,False,,
2023,11,river,Bhairab,Noapara Ferry Ghat,18.7,,245.0,2.97,979.0,,0.47,469.0,,21.0,7.15,4,2,2,1,2,3.0382961495311895,True,dry,False,,
2023,11,river,Bhairab,Noapara Jafarpur,22.4,,171.0,5.7,684.0,,0.48,343.0,,19.0,6.88,3,1,2,1,1,4.322600597555231,True,dry,False,,
2023,11,river,Brahmaputra,"Rail Bridge, Shamvoganj",2.0,,24.0,7.6,,46.0,,158.9,,,7.59,0,0,2,0,0,0.35348727881470293,False,dry,False,,
2023,11,river,Buriganga,Bosila Bridge (B.B),3.0,12.0,20.0,0.19,516.0,,,243.0,29.0,6.9,7.18,2,1,2,0,1,3.343380426200806,True,dry,True,3.0,2.0
2023,11,river,Buriganga,Chandni Ghat (Cg.),6.0,11.0,19.0,0.53,478.0,,,224.0,20.0,14.6,7.08,3,1,2,1,1,3.0746363436406616,True,dry,True,3.0,2.0
2023,11,river,Buriganga,Fatullah (Fh),4.0,11.0,20.0,1.49,507.0,,,239.0,24.0,11.6,6.99,3,1,2,1,1,2.3972694345461596,True,dry,True,2.0,2.0
2023,11,river,Buriganga,Hazaribagh (Hg.),34.0,48.0,25.0,0.93,467.0,,,218.4,26.0,10.6,7.07,4,2,2,1,2,10.105531432056114,True,dry,True,2.0,2.0
2023,11,river,Buriganga,Mirpur Bridge (M.B),4.0,7.0,19.0,2.99,526.0,120.0,,244.0,18.0,20.2,7.09,3,1,2,1,1,1.2797989490735264,False,dry,True,1.0,2.0
2023,11,river,Buriganga,Satmosjid Road (S.R),8.0,23.0,17.5,1.21,464.0,,,218.0,20.0,13.2,7.21,4,2,2,1,2,2.8728211355191586,True,dry,True,2.0,2.0
2023,11,river,Ganges,Gorai off Take,3.17,,107.0,2.65,428.0,13.0,,214.0,,22.0,7.78,3,1,2,1,1,1.4591213053845002,False,dry,False,,
2023,11,river,Gorai,Kamarkhali Bridge,6.9,,157.0,8.16,626.0,35.0,,313.0,,23.0,7.19,2,1,2,1,1,0.7340535489482134,False,dry,False,,
2023,11,river,Halda,Garduara Sluice gate,4.0,9.0,,7.41,212.6,35.0,,,,,6.9,1,0,2,0,0,0.37419839060891885,False,dry,False,,
2023,11,river,Halda,Halda Bridge,3.0,8.0,,7.06,189.7,47.0,,,,,6.96,0,0,2,0,0,0.6334796933401826,False,dry,False,,
2023,11,river,Halda,Maduna Ghat,4.0,9.0,,7.83,114.4,41.0,,,,,6.81,1,0,2,0,0,0.39086435318562157,False,dry,False,,
2023,11,river,Jamuna,Horipur Kheya ghat (Dn),2.5,,,7.45,300.0,36.0,,150.0,,,7.45,0,0,2,0,0,0.47668206549463965,False,dry,False,,
2023,11,river,Jamuna,Horipur Kheya ghat (Up),2.5,,,7.45,300.0,36.0,,150.0,,,7.45,0,0,2,0,0,0.47668206549463965,False,dry,False,,
2023,11,river,Jamuna,Jamuna Eco Park (Dn),2.4,,,7.5,300.0,44.0,,150.0,,,7.46,0,0,2,0,0,0.45022885350906033,False,dry,False,,
2023,11,river,Jamuna,Jamuna Eco Park (Up),2.4,,,7.5,300.0,44.0,,150.0,,,7.46,0,0,2,0,0,0.45022885350906033,False,dry,False,,
2023,11,river,Jamuna,MohonGanj (Dn),2.5,,,7.48,310.0,40.0,,155.0,,,7.5,0,0,2,0,0,0.5307473417299813,False,dry,False,,
2023,11,river,Jamuna,MohonGanj (Up),2.5,,,7.48,310.0,40.0,,155.0,,,7.5,0,0,2,0,0,0.5307473417299813,False,dry,False,,
2023,11,river,Jamuna,Shariakand Kheya Ghat (Dn),2.4,,,7.41,320.0,45.0,,160.0,,,7.44,0,0,2,0,0,0.4819269450639769,False,dry,False,,
2023,11,river,Jamuna,Shariakand Kheya Ghat (Up),2.4,,,7.41,320.0,45.0,,160.0,,,7.44,0,0,2,0,0,0.4819269450639769,False,dry,False,,
2023,11,river,Kaligonga,Bheutha Ghat,2.0,9.0,18.0,7.2,,,,211.5,,,7.51,0,0,2,0,0,0.5098931444909474,False,dry,True,1.0,0.0
2023,11,river,Karnaphuli,CUFL,4.0,15.0,,7.39,,218.0,,11890.0,,,6.79,1,0,2,0,0,0.6095872213230242,False,dry,False,,
2023,11,river,Karnaphuli,Kalurghat Bridge,5.0,28.0,,7.88,,27.0,,195.0,,,6.87,1,0,2,0,0,0.5609287640452651,False,dry,False,,
2023,11,river,Karnaphuli,Karnafully Paper,5.0,11.0,,7.99,,36.0,,239.0,,,6.71,1,0,2,0,0,0.5461848170219246,False,dry,False,,
2023,11,river,Karnaphuli,Mariam Nagar,6.0,32.0,,7.72,,32.0,,201.0,,,6.69,1,0,2,0,0,0.7624907571679218,False,dry,False,,
2023,11,river,Karnaphuli,TSP,4.0,17.0,,7.4,,305.0,,9510.0,,,6.81,1,0,2,0,0,0.5999347710026574,False,dry,False,,
2023,11,river,Khakshiali,Boshontopur,7.17,,480.0,6.18,1920.0,54.0,,960.0,,37.0,7.69,2,1,2,1,1,1.4030759049800325,False,dry,False,,
2023,11,river,Khakshiali,Kaliganj Bazar,7.9,,778.0,5.17,2612.0,46.0,,1304.0,,34.0,7.26,3,1,2,1,1,1.59275085695666,False,dry,False,,
2023,11,river,Khakshiali,Uzirpur,6.3,,629.0,5.17,2516.0,73.0,,1258.0,,32.0,6.89,3,1,2,1,1,1.279134070232071,False,dry,False,,
2023,11,river,Korotoa,Aziz Ahmed Taki Road (Down),4.2,,,2.5,410.0,55.0,,205.0,,,7.85,3,1,2,1,1,1.5302767906332575,False,dry,False,,
2023,11,river,Korotoa,Aziz Ahmed Taki Road (UP),4.2,,,2.5,410.0,55.0,,205.0,,,7.85,3,1,2,1,1,1.5302767906332575,False,dry,False,,
2023,11,river,Korotoa,Dottobari Bridge (Down),4.2,,,2.5,410.0,56.0,,205.0,,,7.85,3,1,2,1,1,1.5302767906332575,False,dry,False,,
2023,11,river,Korotoa,Dottobari Bridge (UP),4.2,,,2.5,410.0,56.0,,205.0,,,7.85,3,1,2,1,1,1.5302767906332575,False,dry,False,,
2023,11,river,Mathavanga,"Pipe Ghat, (M.P)",36.0,,123.0,7.78,,,,269.0,,42.0,7.25,2,1,2,1,1,10.477948418051298,True,dry,False,,
2023,11,river,Meghna,Annondo Bazar,5.0,8.0,10.0,8.11,,,,53.2,,,7.05,1,0,2,0,0,0.5498004583451576,False,dry,False,,
2023,11,river,Meghna,Bairob Bazar,17.0,48.0,14.0,4.2,,,,58.9,,,7.41,3,1,2,1,1,2.2166362570961664,True,dry,False,,
2023,11,river,Meghna,Bishondi Ferry Ghat,5.0,14.0,9.0,6.87,,,,55.9,,,7.88,1,0,2,0,0,0.223541337212881,False,dry,False,,
2023,11,river,Meghna,Meghna Ghat,5.0,19.0,10.0,6.59,,,,62.5,,,7.46,1,0,2,0,0,0.43724611435810584,False,dry,False,,
2023,11,river,Meghna,Narshingdi Launch Ghat,6.0,31.0,22.0,2.3,,,,92.6,,,7.48,3,1,2,1,1,1.8808157646270438,False,dry,False,,
2023,11,river,Modhumoti,Dhalaitala,6.7,,164.0,6.7,660.0,38.0,,330.0,,28.0,6.52,2,1,2,1,1,1.3284769204574631,False,dry,False,,
2023,11,river,Moyuri,Buro Moulavir Darga,23.9,,107.0,0.0,426.0,,0.06,213.0,,25.0,5.38,5,2,2,1,2,7.9161720947051695,True,dry,False,,
2023,11,river,Moyuri,Doshgate Jalma,42.8,,212.0,3.17,846.0,,0.17,423.0,,36.0,7.44,4,2,2,1,2,13.762155333933753,True,dry,False,,
2023,11,river,Moyuri,Shoshan Ghat,24.4,,234.0,0.0,936.0,,0.08,4.68,,27.0,5.88,5,2,2,1,2,7.66565316881908,True,dry,False,,
2023,11,river,Pashur,Banishanta,15.5,,397.0,5.74,1586.0,,,793.0,,54.0,7.55,3,1,2,1,1,1.7433589291162739,False,dry,False,,
2023,11,river,Pashur,Batiaghata By Pass,9.18,,388.0,7.25,1550.0,27.0,,897.0,,24.0,7.22,2,1,2,1,1,1.1084648780148467,False,dry,False,,
2023,11,river,Pashur,Rampal Power Plant,8.14,,357.0,7.26,1426.0,66.0,,713.0,,45.0,7.43,2,1,2,1,1,1.2014679210135502,False,dry,False,,
2023,11,river,Rupsa,"Charer Hat, Sulpur Aijgati (M)",8.9,,,6.74,518.0,36.0,0.27,,,47.0,7.39,2,1,2,1,1,0.8621078281410423,False,dry,False,,
2023,11,river,Rupsa,"Gilatola , Nadan Pratap (M)",5.24,,81.0,5.19,324.0,28.0,0.18,,,13.0,7.64,2,1,2,1,1,0.5184378649473762,False,dry,False,,
2023,11,river,Rupsa,Kalibari Ghat (M),25.6,,212.0,5.13,846.0,36.0,0.08,,,27.0,7.18,3,1,2,1,1,5.799213859259682,True,dry,False,,
2023,11,river,Rupsa,Rupsa Ghat (M),27.3,,87.0,6.52,348.0,125.0,0.29,,,64.0,7.66,2,1,2,1,1,6.4318229848134525,True,dry,False,,
2023,11,river,Shitalakhya,Gorashal,1.0,4.0,22.0,4.7,298.0,35.0,,158.8,36.0,,7.96,1,0,2,0,0,0.5762551991369502,False,dry,True,2.0,1.0
2023,11,river,Shitalakhya,Majira Demra Ghat,11.0,30.0,26.0,3.54,520.0,24.0,,242.0,26.0,,7.0,4,2,2,1,2,2.072756060181585,False,dry,True,1.0,2.0
2023,11,river,Shitalakhya,Murapara (Rupgonj),5.0,13.0,68.5,4.79,535.0,25.0,,243.0,28.0,,7.02,2,1,2,1,1,0.6133786662369634,False,dry,True,1.0,1.0
2023,11,river,Shitalakhya,Port Road,9.0,43.0,38.0,1.1,503.0,30.0,,225.0,24.0,,7.03,4,2,2,1,2,3.187136630021127,True,dry,True,3.0,2.0
2023,11,river,Teesta,Kanchan Park (Down),2.4,,12.0,7.42,,45.0,,155.0,,,7.46,0,0,2,0,0,0.5651997035226763,False,dry,False,,
2023,11,river,Teesta,Kanchan Park (Up),2.4,,12.0,7.42,,45.0,,155.0,,,7.46,0,0,2,0,0,0.5651997035226763,False,dry,False,,
2023,11,river,Teesta,Nurullapur (Down),2.5,,14.0,7.5,,38.0,,145.0,,,7.44,0,0,2,0,0,0.535225225914257,False,dry,False,,
2023,11,river,Teesta,Nurullapur (Up),2.5,,14.0,7.5,,38.0,,145.0,,,7.44,0,0,2,0,0,0.535225225914257,False,dry,False,,
2023,11,river,Teesta,Sardah (Down),2.3,,11.0,7.4,,45.0,,150.0,,,7.52,0,0,2,0,0,0.512236470589183,False,dry,False,,
2023,11,river,Teesta,Sardah (Up),2.3,,11.0,7.4,,45.0,,150.0,,,7.52,0,0,2,0,0,0.512236470589183,False,dry,False,,
2023,11,river,Turag,Ashulia,6.0,21.0,16.5,2.5,353.0,19.0,,189.6,30.0,,8.1,3,1,2,1,1,1.6209558778263373,False,dry,True,2.0,2.0
2023,11,river,Turag,Kaliakoir,1.0,4.0,10.0,6.4,221.0,30.0,,118.2,18.0,,8.08,0,0,2,0,0,0.5669271335658571,False,dry,True,1.0,0.0
2023,11,river,Turag,Nama Bazar,10.0,13.0,16.0,3.5,335.0,21.0,,180.0,24.0,,7.91,4,2,2,1,2,1.0868194377880618,False,dry,True,2.0,2.0
2023,11,river,Turag,Turag Bridge,7.0,17.0,15.0,2.9,346.0,23.0,,185.6,26.0,,8.16,4,2,2,1,2,1.5852676557236962,False,dry,True,2.0,2.0
2023,11,river,Turag,Vawal,3.7,13.0,18.5,5.1,349.0,28.0,,187.6,21.0,,7.96,2,1,2,1,1,0.49194022865483006,False,dry,True,2.0,2.0
2023,11,urban_lake,Dhanmondi Lake,8 No. Road Bridge,7.0,23.0,36.0,3.39,242.0,13.0,,113.4,24.0,5.23,7.56,4,2,2,1,2,1.5057077205564287,False,dry,False,,
2023,11,urban_lake,Dhanmondi Lake,Near Dhanmondi- Road No 28,5.0,9.0,35.0,3.48,463.0,32.0,,221.0,36.0,3.2,7.23,3,1,2,1,1,0.8153981571891252,False,dry,False,,
2023,11,urban_lake,Dhanmondi Lake,Near Dhanmondi-32 Bridge,5.0,54.0,34.0,6.54,314.0,17.0,,148.5,32.0,6.85,7.43,1,0,2,0,0,0.4237123079449029,False,dry,False,,
2023,11,urban_lake,Dhanmondi Lake,Near Gigatola Pilkhana More,5.0,19.0,39.0,3.84,257.0,14.0,,120.8,24.0,3.2,7.59,3,1,2,1,1,0.9314174560610567,False,dry,False,,
2023,11,urban_lake,Gulshan Lake,Lake View Clinic,25.5,138.0,45.5,9.48,555.0,163.0,,261.0,36.0,61.7,7.15,2,1,2,1,1,5.5984649273749945,True,dry,False,,
2023,11,urban_lake,Gulshan Lake,South Bridge,33.0,133.0,47.0,2.66,510.0,151.0,,266.0,48.0,62.3,7.19,4,2,2,1,2,9.318922047009062,True,dry,False,,
2023,11,urban_lake,Gulshan Lake,Taltola Shooting Complex,22.5,122.0,45.0,1.39,568.0,154.0,,265.0,52.0,61.0,7.2,4,2,2,1,2,5.013697860422664,True,dry,False,,
2023,11,urban_lake,Gulshan Lake,United Hospital,22.5,153.0,44.5,6.63,590.0,165.0,,255.0,48.0,64.4,7.54,2,1,2,1,1,4.292243786314308,True,dry,False,,
2023,11,urban_lake,Hatir Jheel,FDC More Bridge,9.0,62.0,50.0,10.98,511.0,24.0,,230.0,44.0,23.9,7.7,2,1,2,1,1,0.8204492089129646,False,dry,False,,
2023,11,urban_lake,Hatir Jheel,Raampura Bridge,13.0,74.0,47.0,3.58,590.0,63.0,,264.0,36.0,28.7,7.59,4,2,2,1,2,1.4134410074497599,False,dry,False,,
2023,12,river,Balu,Jolshiri Abason,5.0,15.0,28.0,2.0,411.0,21.0,,224.0,56.0,,7.35,3,1,2,1,1,1.9340448479731185,False,dry,True,2.0,2.0
2023,12,river,Balu,Trimohoni Bridge,22.0,41.0,50.0,0.5,637.0,64.0,,353.0,58.0,47.0,6.89,4,2,2,1,2,5.443105278720277,True,dry,True,3.0,2.0
2023,12,river,Bhairab,"Basundia Bazar, Aladipur",8.12,,,3.46,,,,,,,7.88,4,2,2,1,2,1.2577809216864808,False,dry,False,,
2023,12,river,Bhairab,"Fultala Ghat, Dhulgram",17.8,,146.0,6.54,584.0,,0.37,294.0,,22.0,7.09,2,1,2,1,1,2.164605470294645,True,dry,False,,
2023,12,river,Bhairab,Noapara Ferry Ghat,20.4,,165.0,6.61,659.0,,0.35,350.0,,16.0,7.33,2,1,2,1,1,3.2888119244336176,True,dry,False,,
2023,12,river,Bhairab,Noapara Jafarpur,24.2,,166.0,6.64,662.0,,0.35,331.0,,17.0,7.37,2,1,2,1,1,5.011966045330959,True,dry,False,,
2023,12,river,Buriganga,Bosila Bridge (B.B),9.0,14.0,34.0,0.6,476.0,,,263.0,60.0,31.4,7.82,4,2,2,1,2,3.1038412226493843,True,dry,True,2.0,2.0
2023,12,river,Buriganga,Chandni Ghat (Cg.),12.0,28.0,35.0,0.9,482.0,,,266.0,50.0,22.8,7.73,4,2,2,1,2,2.8470729437150895,True,dry,True,2.0,2.0
2023,12,river,Buriganga,Fatullah (Fh),7.0,22.0,35.0,2.2,444.0,,,246.0,60.0,33.3,7.73,4,2,2,1,2,2.038050159299939,False,dry,True,2.0,2.0
2023,12,river,Buriganga,Hazaribagh (Hg.),10.0,24.0,34.0,1.8,475.0,,,263.0,54.0,25.1,7.49,4,2,2,1,2,2.332514806190971,True,dry,True,2.0,2.0
2023,12,river,Buriganga,Mirpur Bridge (M.B),9.0,21.0,33.0,2.0,469.0,11.0,,258.0,30.0,49.8,7.92,4,2,2,1,2,2.0833681125131096,False,dry,True,2.0,2.0
2023,12,river,Buriganga,Satmosjid Road (S.R),13.0,44.0,39.0,0.8,473.0,,,261.0,38.0,26.4,7.57,4,2,2,1,2,3.0602171280289125,True,dry,True,2.0,2.0
2023,12,river,Dhaleshwari,Hazaratpur,2.0,9.0,26.0,7.5,429.0,15.0,,231.0,30.0,,7.21,0,0,2,0,0,0.5244097091625874,False,dry,True,1.0,0.0
2023,12,river,Dhaleshwari,Mukterpur,10.0,14.0,48.0,0.0,434.0,46.0,,242.0,39.0,,7.13,4,2,2,1,2,3.8122622934377692,True,dry,True,3.0,2.0
2023,12,river,Dhaleshwari,Pathorghata,4.0,11.0,26.0,5.0,409.0,13.0,,222.0,30.0,,7.19,2,1,2,1,1,0.7510292350463845,False,dry,True,1.0,1.0
2023,12,river,Dhaleshwari,Ruhitpur,1.0,6.0,20.0,5.7,421.0,17.0,,232.0,13.0,,7.04,1,0,2,0,0,0.9668270900407837,False,dry,True,1.0,1.0
2023,12,river,Dhaleshwari,Utorro Mitra,7.0,14.0,28.0,4.6,548.0,16.0,,301.0,56.0,,7.3,3,1,2,1,1,1.082608106011865,False,dry,True,1.0,2.0
2023,12,river,Ganges,Gorai off Take,5.19,,117.0,4.24,468.0,11.0,,232.0,,16.0,6.29,3,1,2,1,1,0.9524771552659609,False,dry,False,,
2023,12,river,Gorai,Kamarkhali Bridge,5.17,,118.0,7.07,472.0,29.0,,236.0,,27.0,7.22,1,0,2,0,0,0.6754221032496244,False,dry,False,,
2023,12,river,Halda,Garduara Sluice gate,4.0,10.0,,7.41,198.0,40.0,,,,,7.12,1,0,2,0,0,0.2896135206906643,False,dry,False,,
2023,12,river,Halda,Halda Bridge,4.0,12.0,,7.06,181.0,41.2,,,,,7.26,1,0,2,0,0,0.6527872950588982,False,dry,False,,
2023,12,river,Halda,Maduna Ghat,5.0,13.0,,7.83,114.4,114.4,,,,,7.25,1,0,2,0,0,0.5014461688670913,False,dry,False,,
2023,12,river,Jamuna,Horipur Kheya ghat (Dn),2.5,,,7.44,302.0,36.0,,151.0,,,7.44,0,0,2,0,0,0.4749812696847771,False,dry,False,,
2023,12,river,Jamuna,Horipur Kheya ghat (Up),2.5,,,7.44,302.0,36.0,,151.0,,,7.44,0,0,2,0,0,0.4749812696847771,False,dry,False,,
2023,12,river,Jamuna,Jamuna Eco Park (Dn),2.3,,,7.45,306.0,44.0,,153.0,,,7.45,0,0,2,0,0,0.44377967380502903,False,dry,False,,
2023,12,river,Jamuna,Jamuna Eco Park (Up),2.3,,,7.45,306.0,44.0,,153.0,,,7.45,0,0,2,0,0,0.44377967380502903,False,dry,False,,
2023,12,river,Jamuna,Kakua,2.0,,,7.6,225.0,84.0,,121.6,,,7.47,0,0,2,0,0,0.3199497398735969,False,dry,False,,
2023,12,river,Jamuna,MohonGanj (Dn),2.3,,,7.45,308.0,40.0,,154.0,,,7.48,0,0,2,0,0,0.47547656453269443,False,dry,False,,
2023,12,river,Jamuna,MohonGanj (Up),2.3,,,7.45,308.0,40.0,,154.0,,,7.48,0,0,2,0,0,0.47547656453269443,False,dry,False,,
2023,12,river,Jamuna,Shariakand Kheya Ghat (Dn),2.4,,,7.4,300.0,45.0,,150.0,,,7.42,0,0,2,0,0,0.4552621697138893,False,dry,False,,
2023,12,river,Jamuna,Shariakand Kheya Ghat (Up),2.4,,,7.4,300.0,45.0,,150.0,,,7.42,0,0,2,0,0,0.4552621697138893,False,dry,False,,
2023,12,river,Jamuna,Tarakandi,2.0,,,7.8,201.1,34.0,,107.2,,,7.58,0,0,2,0,0,0.4352805649285728,False,dry,False,,
2023,12,river,Karnaphuli,CUFL,11.0,36.0,,6.55,,206.0,,8860.0,,,7.63,2,1,2,1,1,0.7100984870118585,False,dry,False,,
2023,12,river,Karnaphuli,Kalurghat Bridge,6.0,16.0,,7.49,,30.0,,261.0,,,7.33,1,0,2,0,0,0.8110680616106116,False,dry,False,,
2023,12,river,Karnaphuli,Karnafully Paper,5.0,13.0,,6.69,,35.0,,203.0,,,6.86,1,0,2,0,0,0.6664347753942974,False,dry,False,,
2023,12,river,Karnaphuli,Mariam Nagar,5.0,12.0,,6.9,,39.0,,207.0,,,6.99,1,0,2,0,0,0.6563117778440245,False,dry,False,,
2023,12,river,Karnaphuli,TSP,14.0,49.0,,7.05,,237.0,,6740.0,,,7.8,2,1,2,1,1,0.9050967262178428,False,dry,False,,
2023,12,river,Khakshiali,Boshontopur,5.46,,482.0,4.21,1928.0,52.0,,964.0,,35.0,7.74,2,1,2,1,1,1.4784054623215925,False,dry,False,,
2023,12,river,Khakshiali,Kaliganj Bazar,5.7,,456.0,4.24,1824.0,34.0,,912.0,,32.0,7.66,2,1,2,1,1,1.4752658777274985,False,dry,False,,
2023,12,river,Khakshiali,Uzirpur,8.4,,312.0,3.34,1246.0,65.0,,623.0,,24.0,7.34,4,2,2,1,2,1.4598097079559074,False,dry,False,,
2023,12,river,Korotoa,Aziz Ahmed Taki Road (Down),4.3,,,2.4,410.0,55.0,,210.0,,,7.83,3,1,2,1,1,1.615072764329918,False,dry,False,,
2023,12,river,Korotoa,Aziz Ahmed Taki Road (UP),4.3,,,2.4,420.0,55.0,,210.0,,,7.83,3,1,2,1,1,1.6152637697838703,False,dry,False,,
2023,12,river,Korotoa,Dottobari Bridge (Down),4.3,,,2.4,420.0,56.0,,210.0,,,7.83,3,1,2,1,1,1.6152637697838703,False,dry,False,,
2023,12,river,Korotoa,Dottobari Bridge (UP),4.3,,,2.4,420.0,56.0,,210.0,,,7.83,3,1,2,1,1,1.6152637697838703,False,dry,False,,
2023,12,river,Mathavanga,"Pipe Ghat, (M.P)",42.7,,117.0,5.12,,,,233.0,,35.0,7.74,3,1,2,1,1,13.68390624729494,True,dry,False,,
2023,12,river,Moyuri,Buro Moulavir Darga,25.5,,87.0,0.0,348.0,,0.02,174.0,,62.0,4.19,5,2,2,1,2,10.06742934622146,True,dry,False,,
2023,12,river,Moyuri,Doshgate Jalma,32.2,,198.0,5.34,796.0,,0.24,398.0,,27.0,7.65,3,1,2,1,1,8.746056517920634,True,dry,False,,
2023,12,river,Moyuri,Shoshan Ghat,29.2,,79.0,0.0,316.0,,0.02,158.0,,64.0,4.14,5,2,2,1,2,11.195609029405441,True,dry,False,,
2023,12,river,Padma,Barha Ghat,2.0,,,7.8,183.9,35.0,,100.2,,,6.66,0,0,2,0,0,0.37496010194393997,False,dry,False,,
2023,12,river,Padma,Mawa Ghat,2.0,,,7.6,183.3,48.0,,98.5,,,7.19,0,0,2,0,0,0.4395751845288631,False,dry,False,,
2023,12,river,Pashur,Banishanta,11.19,,160.0,7.72,641.0,,,321.0,,42.0,7.11,2,1,2,1,1,1.0266135960695513,False,dry,False,,
2023,12,river,Pashur,Batiaghata By Pass,12.6,,206.0,7.13,822.0,23.0,,411.0,,16.0,7.34,2,1,2,1,1,1.3484985240464473,False,dry,False,,
2023,12,river,Pashur,Rampal Power Plant,9.19,,120.0,7.6,480.0,62.0,,239.0,,36.0,7.21,2,1,2,1,1,0.7831353487590538,False,dry,False,,
2023,12,river,Rupsa,"Charer Hat, Sulpur Aijgati (M)",9.17,,,5.11,428.0,27.0,0.29,,,47.0,7.44,3,1,2,1,1,1.2782700704988383,False,dry,False,,
2023,12,river,Rupsa,"Gilatola , Nadan Pratap (M)",6.65,,79.0,4.28,316.0,32.0,0.24,,,10.0,7.74,3,1,2,1,1,0.9475667591435979,False,dry,False,,
2023,12,river,Rupsa,Kalibari Ghat (M),18.2,,162.0,4.19,648.0,24.0,0.32,,,14.0,7.26,3,1,2,1,1,2.6241481967223144,True,dry,False,,
2023,12,river,Rupsa,Rupsa Ghat (M),29.7,,130.0,5.23,518.0,57.0,0.45,,,75.0,7.37,3,1,2,1,1,7.628494039375106,True,dry,False,,
2023,12,river,Shitalakhya,Gorashal,2.0,6.0,13.0,6.4,306.0,37.0,,159.0,21.0,,7.96,0,0,2,0,0,0.20289306957401365,False,dry,True,1.0,0.0
2023,12,river,Shitalakhya,Majira Demra Ghat,19.0,42.0,77.0,0.0,628.0,63.0,,345.0,60.0,,6.88,4,2,2,1,2,4.845477526721083,True,dry,True,3.0,2.0
2023,12,river,Shitalakhya,Murapara (Rupgonj),5.0,7.0,72.0,3.2,450.0,26.0,,246.0,39.0,,7.21,3,1,2,1,1,1.0070581384388968,False,dry,True,1.0,2.0
2023,12,river,Shitalakhya,Port Road,7.0,10.0,73.0,4.0,578.0,15.0,,325.0,57.0,,7.02,3,1,2,1,1,1.1857374924815238,False,dry,True,1.0,2.0
2023,12,river,Teesta,Kanchan Park (Down),2.3,,12.0,7.4,,45.0,,155.0,,,7.48,0,0,2,0,0,0.5640352399346773,False,dry,False,,
2023,12,river,Teesta,Kanchan Park (Up),2.3,,12.0,7.4,,45.0,,155.0,,,7.48,0,0,2,0,0,0.5640352399346773,False,dry,False,,
2023,12,river,Teesta,Nurullapur (Down),2.5,,14.0,7.45,,38.0,,140.0,,,7.45,0,0,2,0,0,0.5609467648530991,False,dry,False,,
2023,12,river,Teesta,Nurullapur (Up),2.5,,14.0,7.45,,38.0,,140.0,,,7.45,0,0,2,0,0,0.5609467648530991,False,dry,False,,
2023,12,river,Teesta,Sardah (Down),2.4,,11.0,7.4,,45.0,,150.0,,,7.5,0,0,2,0,0,0.5506803591228804,False,dry,False,,
2023,12,river,Teesta,Sardah (Up),2.4,,11.0,7.4,,45.0,,150.0,,,7.5,0,0,2,0,0,0.5506803591228804,False,dry,False,,
2023,12,river,Turag,Ashulia,3.0,20.0,29.0,1.69,446.0,24.0,,245.0,49.0,,7.3,2,1,2,0,1,2.208847117905962,True,dry,True,2.0,2.0
2023,12,river,Turag,Kaliakoir,6.0,27.0,18.0,8.12,298.0,33.0,,146.0,39.0,,7.67,1,0,2,0,0,0.5803483412018319,False,dry,True,1.0,1.0
2023,12,river,Turag,Nama Bazar,3.0,17.0,32.0,1.31,442.0,25.0,,242.0,30.0,,7.2,2,1,2,0,1,2.4997837067781368,True,dry,True,2.0,2.0
2023,12,river,Turag,Turag Bridge,8.0,22.0,33.0,1.38,460.0,40.0,,250.0,40.0,,7.35,4,2,2,1,2,2.7851200980944824,True,dry,True,2.0,2.0
2023,12,river,Turag,Vawal,5.0,14.0,21.0,7.73,277.0,31.0,,150.0,49.0,,7.57,1,0,2,0,0,0.5148146762801638,False,dry,True,1.0,1.0
