year,month,water_type,river,station,BOD,COD,Chloride,DO,EC,SS,Salinity,TDS,TotalAlkalinity,Turbidity,pH
2021,1,river,Balu,Jolshiri Abason,30.0,92.0,71.0,0.0,659.0,8.0,,382.0,236.0,32.4,7.09
2021,1,river,Balu,Trimohoni Bridge,32.0,134.0,58.0,0.0,714.0,2.0,,411.0,252.0,14.7,7.48
2021,1,river,Bhairab,"Basundia Bazar, Aladipur",,,70.0,5.65,542.0,,0.16,263.0,,64.8,8.32
2021,1,river,Bhairab,"Fultala Ghat, Dhulgram",,,72.0,5.78,551.0,,0.13,274.0,,65.5,8.9
2021,1,river,Bhairab,Noapara Ferry Ghat,,,70.0,6.74,694.0,,0.14,339.0,,63.5,8.59
2021,1,river,Bhairab,Noapara Jafarpur,,,72.0,4.39,695.0,,0.11,344.0,,66.5,8.87
2021,1,river,Brahmaputra,JamalpurRail Bridge,9.0,,10.0,8.8,,5.0,,141.0,,,7.12
2021,1,river,Brahmaputra,"Rail Bridge, Shamvoganj",7.0,,11.0,8.0,,19.0,,155.8,,,7.66
2021,1,river,Buriganga,B.C.F.B,5.8,63.0,49.0,0.2,663.0,40.0,,353.0,211.0,137.0,7.54
2021,1,river,Buriganga,Bosila Bridge,6.0,62.0,52.5,0.1,666.0,50.0,,356.0,205.0,219.0,7.45
2021,1,river,Buriganga,Chandni Ghat,5.8,53.0,50.2,0.1,666.0,41.0,,354.0,208.0,148.0,7.48
2021,1,river,Buriganga,Fatullah,6.0,50.0,46.0,0.1,647.0,53.0,,,210.0,,7.47
2021,1,river,Buriganga,Hazaribagh,6.0,64.0,47.0,0.1,673.0,45.0,,356.0,201.0,181.0,7.48
2021,1,river,Buriganga,Mirpur Bridge,6.0,68.0,42.0,0.2,678.0,88.0,,358.0,215.0,428.0,7.94
2021,1,river,Buriganga,Mohammadpur,5.8,43.0,42.5,0.7,671.0,58.0,,356.0,214.0,280.0,7.48
2021,1,river,Buriganga,Pagla,5.8,36.0,47.5,0.1,651.0,55.0,,346.0,212.0,219.0,7.46
2021,1,river,Buriganga,Sadarghat,6.0,63.0,51.0,0.1,665.0,37.0,,354.0,210.0,138.0,7.44
2021,1,river,Buriganga,Satmosjid Road,5.8,72.0,52.0,0.1,669.0,48.0,,356.0,214.0,189.0,7.47
2021,1,river,Dhaleshwari,Alipur,12.0,44.0,69.5,2.8,675.0,4.0,,401.0,199.0,,7.86
2021,1,river,Dhaleshwari,Hazratpur,8.0,27.0,29.5,11.2,477.0,12.0,,279.0,281.0,,8.0
2021,1,river,Dhaleshwari,Mukterpur,34.0,90.0,43.0,0.6,464.0,34.0,,276.0,158.0,,6.91
2021,1,river,Dhaleshwari,Ruhitpur,12.0,29.0,32.0,4.0,482.0,5.0,,284.0,256.0,,7.79
2021,1,river,Dhaleshwari,Sirajnagor,8.4,34.0,30.5,0.5,477.0,8.0,,279.0,239.0,,7.86
2021,1,river,Ganges,Gorai off Take,,,46.0,8.76,168.0,50.0,,82.0,,132.0,8.24
2021,1,river,Gorai,Kamarkhali Bridge,,,40.0,8.56,156.0,54.0,,76.0,,47.3,8.22
2021,1,river,Halda,Garduara Sluice gate,10.0,45.0,,7.82,,136.0,,74.7,,,9.03
2021,1,river,Halda,Halda Bridge,9.0,36.0,,7.75,,139.0,,75.1,,,8.98
2021,1,river,Halda,Maduna Ghat,12.0,60.0,,8.0,,169.0,,,,,8.95
2021,1,river,Jamuna,Horipur Kheya Ghat (DN),2.3,,10.0,7.68,,38.0,,122.0,,,7.68
2021,1,river,Jamuna,Horipur Kheya Ghat (UP),2.3,,10.0,7.68,,38.0,,122.0,,,7.68
2021,1,river,Jamuna,Jamuna Eco Park (DN),2.3,,13.0,7.78,,38.0,,113.0,,,7.68
2021,1,river,Jamuna,Jamuna Eco Park (UP),2.3,,13.0,7.78,,38.0,,113.0,,,7.68
2021,1,river,Jamuna,Kakua,2.0,,11.0,4.7,,13.0,,149.0,,,7.27
2021,1,river,Jamuna,Mohonganj (DN),2.2,,11.0,7.82,,40.0,,118.0,,,7.71
2021,1,river,Jamuna,Mohonganj (UP),2.2,,11.0,7.82,,40.0,,118.0,,,7.71
2021,1,river,Jamuna,Sarkarkhana,2.0,,12.0,8.0,,8.0,,209.0,,,7.36
2021,1,river,Kalabodar,Kalabodar Ferry Ghat (M),,,,6.6,305.0,,,151.0,,,7.9
2021,1,river,Kalabodar,Kalabodar Ferry Ghat (S),,,,5.5,306.0,,,154.0,,,7.8
2021,1,river,Kaligonga,Bheutha Ghat,5.0,,16.0,9.2,,3.0,,246.0,,,7.47
2021,1,river,Karnaphuli,CUFL,150.0,520.0,,6.56,,73.0,,8040.0,,,7.0
2021,1,river,Karnaphuli,Kalurghat Bridge,4.0,12.0,,7.04,,55.0,,72.4,,,8.19
2021,1,river,Karnaphuli,Karnafully Paper,10.0,51.0,,7.48,,12.0,,68.5,,,7.23
2021,1,river,Karnaphuli,Mariam Nagar,4.0,10.0,,6.47,,49.0,,79.2,,,8.2
2021,1,river,Karnaphuli,Shikalbaha,15.0,,,6.43,,21.0,,2080.0,,,7.89
2021,1,river,Karnaphuli,TSP,167.0,560.0,,8.1,,130.0,,11370.0,,,6.59
2021,1,river,Khakshiali,Boshontopur,,,152.0,7.28,444.0,56.0,,220.0,,58.2,8.34
2021,1,river,Khakshiali,Kaliganj Bazar,,,148.0,7.21,434.0,52.0,,228.0,,56.3,8.24
2021,1,river,Khakshiali,Uzirpur,,,154.0,7.28,440.0,56.0,,216.0,,53.2,8.32
2021,1,river,Kirtankhola,Dopdopia Kheyaghat (M),,,,5.6,304.0,,,152.0,,,7.7
2021,1,river,Kirtankhola,Dopdopia Kheyaghat (S),,,,5.7,300.0,,,149.0,,,7.8
2021,1,river,Kirtankhola,Kaower Char (M),,,,5.9,292.0,,,146.0,,,7.9
2021,1,river,Kirtankhola,Kaower Char (S),,,,6.1,300.0,,,148.0,,,8.0
2021,1,river,Kirtankhola,Launch Ghat (M),,,,6.0,299.0,,,148.0,,,8.0
2021,1,river,Kirtankhola,Launch Ghat (S),,,,5.8,303.0,,,150.0,,,7.9
2021,1,river,Korotoa,Aziz Ahmed Taki Road (Down),6.0,,,3.84,340.0,63.0,,170.0,,,6.92
2021,1,river,Korotoa,Aziz Ahmed Taki Road (UP),6.0,,,3.84,340.0,63.0,,170.0,,,6.92
2021,1,river,Korotoa,Dottobari Bridge (Down),6.1,,,3.88,334.0,62.0,,167.0,,,7.02
2021,1,river,Korotoa,Dottobari Bridge (UP),6.1,,,3.88,334.0,62.0,,167.0,,,7.02
2021,1,river,Korotoa,Sultanganj- Gabtoli (DN),5.8,,,3.96,324.0,56.0,,162.0,,,7.04
2021,1,river,Korotoa,Sultanganj- Gabtoli (UP),5.8,,,3.96,324.0,56.0,,162.0,,,7.04
2021,1,river,Kushiara,Fcnchuganj Bridge Point,,,,,,,,,,,7.3
2021,1,river,Kushiara,Fenchuganj Bridge Point,2.7,15.0,,7.2,112.6,,,55.4,,,
2021,1,river,Lohalia,Patuakhali L.G (M),,,,5.7,302.0,,,153.0,,,
2021,1,river,Lohalia,Patuakhali L.G (S),,,,5.8,299.0,,,150.0,,,
2021,1,river,Lohalia,Patuakhali Launch Ghat (M),,,,,,,,,,,7.9
2021,1,river,Lohalia,Patuakhali Launch Ghat (S),,,,,,,,,,,8.0
2021,1,river,Mathavanga,Dorshona Railway,,,,,,,,,,44.3,
2021,1,river,Mathavanga,Dorshona Railway Junction,,,26.0,6.28,310.0,,0.01,148.0,,,8.63
2021,1,river,Meghna,Bairob Ferry Ghat,3.0,,7.0,7.4,,13.0,,50.0,,,7.4
2021,1,river,Meghna,Meghna Ghat,3.0,,16.0,5.0,,38.0,,70.4,,,7.9
2021,1,river,Meghna,Narshingdi Launch Ghat,23.0,,25.0,1.5,,16.0,,177.0,,,7.82
2021,1,river,Meghna,Shajalal Paper,20.0,,14.5,5.9,,25.0,,64.5,,,7.53
2021,1,river,Modhumoti,Dhalaitala,,,28.0,6.1,176.0,58.0,,84.0,,30.6,7.59
2021,1,river,Moyuri,Buro Moulavir Darga,,,88.0,0.81,3620.0,,1.77,1866.0,,57.0,7.77
2021,1,river,Moyuri,Doshgate Jalma,,,93.0,6.67,5630.0,,2.84,2815.0,,56.0,7.85
2021,1,river,Moyuri,Shoshan Ghat,,,88.0,0.64,1635.0,,0.76,762.0,,57.1,7.81
2021,1,river,Padma,Gordhor Bazar,2.0,,,6.8,179.0,14.0,,103.0,,,8.02
2021,1,river,Padma,Josldia,5.0,,,6.1,166.0,,,96.0,,,7.75
2021,1,river,Padma,Kandipara,4.0,,,6.3,175.0,12.0,,101.0,,,7.84
2021,1,river,Padma,Khoiria,4.0,,,6.9,179.0,12.0,,103.0,,,7.94
2021,1,river,Padma,Mawa ferry Ghat,4.0,,,6.4,257.0,20.0,,148.0,,,8.17
2021,1,river,Padma,Shimolia,1.0,,,6.2,178.0,17.0,,102.0,,,7.99
2021,1,river,Padma,Sitardor,4.0,,,6.2,175.0,14.0,,101.0,,,7.8
2021,1,river,Pashur,Banishanta,,,96.0,7.74,1616.0,,,802.0,,60.4,8.15
2021,1,river,Pashur,"Banishanta, Mongla",,,,,,,1.5,,,,
2021,1,river,Pashur,Batiaghata By Pass,,,88.0,8.35,576.0,,1.2,276.0,,58.2,8.23
2021,1,river,Pashur,Rampal Power Plant,,,96.0,7.76,1640.0,,1.6,818.0,,68.5,8.18
2021,1,river,Rupsa,"Charer Hat, Sulpur Aijgati (M)",,,70.0,7.24,330.0,62.0,0.15,,,67.3,8.78
2021,1,river,Rupsa,"Gilatola, Nadan Pratap (M)",,,66.0,8.25,330.0,70.0,0.16,,,68.9,8.75
2021,1,river,Rupsa,Kalibari Ghat (M),,,66.0,7.16,324.0,66.0,0.14,,,66.2,8.76
2021,1,river,Rupsa,Rupsa Ghat (M),,,68.0,8.15,349.0,76.0,0.17,,,68.4,8.65
2021,1,river,Shitalakhya,Gorashal,12.0,54.0,10.5,5.8,251.0,7.0,,158.0,61.0,,7.48
2021,1,river,Shitalakhya,Majira Demra Ghat,4.5,20.0,39.0,0.4,429.0,26.0,,247.0,112.0,,7.06
2021,1,river,Shitalakhya,Murapara (Rupgonj),4.6,32.0,37.0,0.0,407.0,59.0,,235.0,164.0,,7.26
2021,1,river,Surma,Chhatak,3.8,16.0,,6.81,132.0,,,65.0,,,7.2
2021,1,river,Surma,Kin Bridge Point,1.7,12.0,,7.0,122.6,,,47.0,,,6.61
2021,1,river,Surma,Mendibag Point,1.9,14.0,,6.9,120.1,,,44.0,,,6.56
2021,1,river,Surma,Sheaik Ghat,2.1,13.0,,7.1,127.3,,,49.0,,,6.7
2021,1,river,Teesta,Nohali Sapmari (Dn),2.3,,10.0,8.07,,40.0,,128.0,,,8.12
2021,1,river,Teesta,Nohali Sapmari (Up),2.3,,10.0,8.07,,40.0,,128.0,,,8.12
2021,1,river,Teesta,Teesta Barrage (Dn),2.3,,10.0,8.14,,36.0,,124.0,,,8.16
2021,1,river,Teesta,Teesta Barrage (Up),2.3,,10.0,8.14,,36.0,,124.0,,,8.16
2021,1,river,Teesta,Teesta Bridge (Dn),2.2,,10.0,7.84,,40.0,,126.0,,,7.94
2021,1,river,Teesta,Teesta Bridge (Up),2.2,,10.0,7.84,,40.0,,126.0,,,7.94
2021,1,river,Tetulia,Vadura Launch Ghat (M),,,,6.1,308.0,,,155.0,,,8.0
2021,1,river,Tetulia,Vadura Launch Ghat (S),,,,5.8,311.0,,,156.0,,,7.7
2021,1,urban_lake,Dhanmondi Lake,8 No. Road Bridge,7.0,21.0,39.5,2.8,255.0,18.0,,150.0,126.0,65.2,7.3
2021,1,urban_lake,Dhanmondi Lake,Near Dhanmondi- Road No 28,10.0,26.0,44.5,5.1,207.0,11.0,,122.0,179.0,47.6,7.37
2021,1,urban_lake,Dhanmondi Lake,Near Dhanmondi-32 Bridge,8.0,24.0,47.0,4.0,237.0,17.0,,134.0,102.0,46.2,7.28
2021,1,urban_lake,Dhanmondi Lake,Near Gigatola Pilkhana More,6.0,24.0,49.0,6.1,207.0,8.0,,122.0,120.0,39.0,7.41
2021,1,urban_lake,Gulshan Lake,Lake View Clinic,40.8,122.0,30.5,3.9,403.0,165.0,,249.0,249.0,461.0,7.43
2021,1,urban_lake,Gulshan Lake,South Bridge,39.6,127.0,34.3,3.8,430.0,171.0,,272.0,238.0,522.0,7.65
2021,1,urban_lake,Gulshan Lake,United Hospital,48.0,141.0,32.1,3.8,406.0,181.0,,252.0,252.0,462.0,7.54
2021,1,urban_lake,Hatir Jheel,FDC More Bridge,12.0,60.0,62.0,2.7,527.0,13.0,,314.0,252.0,68.8,7.46
2021,1,urban_lake,Hatir Jheel,Raampura Bridge,22.0,117.0,45.5,5.0,505.0,82.0,,301.0,189.0,214.0,7.45
2021,2,river,Balu,Jolshiri Abason,10.0,68.0,60.0,0.8,901.0,103.0,,523.0,260.0,336.0,7.51
2021,2,river,Balu,Trimohoni Bridge,28.0,120.0,73.0,0.0,699.0,84.0,,401.0,239.0,304.0,7.06
2021,2,river,Brahmaputra,JamalpurRail Bridge,6.0,,10.0,8.7,,25.0,,147.8,,,7.28
2021,2,river,Buriganga,B.C.F.B,14.0,85.0,64.5,0.5,746.0,67.0,,414.0,181.0,164.0,7.34
2021,2,river,Buriganga,Bosila Bridge,66.0,66.0,67.0,0.4,795.0,56.0,,443.0,199.0,178.0,7.37
2021,2,river,Buriganga,Chandni Ghat,19.0,58.0,64.5,0.1,791.0,47.0,,433.0,181.0,142.0,7.32
2021,2,river,Buriganga,Hazaribagh,17.0,71.0,63.5,0.3,793.0,54.0,,440.0,169.0,186.0,7.35
2021,2,river,Buriganga,Mirpur Bridge,22.0,68.0,65.0,0.7,814.0,85.0,,448.0,178.0,327.0,7.47
2021,2,river,Buriganga,Pagla,17.0,71.0,63.5,0.1,695.0,60.0,,386.0,198.0,231.0,7.49
2021,2,river,Buriganga,Satmosjid Road,19.0,58.0,62.5,0.2,785.0,53.0,,436.0,186.0,147.0,7.37
2021,2,river,Dhaleshwari,Hazratpur,10.0,36.0,33.0,6.5,509.0,11.0,,291.0,262.0,,7.69
2021,2,river,Dhaleshwari,Mukterpur,12.0,39.0,47.0,0.5,644.0,31.0,,350.0,113.0,,7.49
2021,2,river,Dhaleshwari,Ruhitpur,10.0,32.0,33.5,9.0,490.0,8.0,,280.0,222.0,,7.77
2021,2,river,Dhaleshwari,Utorro Mitra,12.0,39.0,31.0,6.1,489.0,7.0,,279.0,243.0,,7.14
2021,2,river,Ganges,Gorai off Take,,,46.0,8.76,168.0,50.0,,82.0,,132.0,8.24
2021,2,river,Gorai,Kamarkhali Bridge,,,410.0,9.13,1644.0,54.0,,780.0,,47.7,8.88
2021,2,river,Halda,Garduara Sluice gate,7.0,20.0,,7.4,,32.0,,67.4,,,8.02
2021,2,river,Halda,Halda Bridge,4.0,15.0,,7.68,,37.0,,69.9,,,7.55
2021,2,river,Halda,Maduna Ghat,6.0,20.0,,7.8,,29.0,,,,,7.54
2021,2,river,Jamuna,Horipur Kheya Ghat (DN),2.3,,10.0,7.66,,36.0,,121.0,,,7.63
2021,2,river,Jamuna,Horipur Kheya Ghat (UP),2.3,,10.0,7.66,,36.0,,121.0,,,7.63
2021,2,river,Jamuna,Jamuna Eco Park (DN),2.3,,12.0,7.76,,36.0,,115.0,,,7.66
2021,2,river,Jamuna,Jamuna Eco Park (UP),2.3,,12.0,7.76,,36.0,,115.0,,,7.66
2021,2,river,Jamuna,Mohonganj (DN),2.3,,11.0,7.8,,42.0,,119.0,,,7.69
2021,2,river,Jamuna,Mohonganj (UP),2.3,,11.0,7.8,,42.0,,119.0,,,7.69
2021,2,river,Kaligonga,Bheutha Ghat,8.0,,14.0,9.8,,5.0,,244.0,,,7.24
2021,2,river,Karnaphuli,CUFL,120.0,480.0,,6.36,,79.0,,8340.0,,,7.32
2021,2,river,Karnaphuli,Kalurghat Bridge,4.0,16.0,,,,38.0,,145.0,,,7.22
2021,2,river,Karnaphuli,Karnafully Paper,11.0,49.0,,7.44,,5.0,,58.2,,,7.16
2021,2,river,Karnaphuli,Mariam Nagar,5.0,18.0,,6.56,,29.0,,121.0,,,7.35
2021,2,river,Karnaphuli,Shikalbaha,,,,6.69,,35.0,,2130.0,,,
2021,2,river,Karnaphuli,TSP,140.0,540.0,,8.42,,145.0,,1240.0,,,7.1
2021,2,river,Khakshiali,Boshontopur,,,1005.0,7.29,4250.0,55.0,,2210.0,,132.0,8.45
2021,2,river,Khakshiali,Kaliganj Bazar,,,945.0,6.03,3880.0,52.0,,2010.0,,124.0,8.46
2021,2,river,Khakshiali,Uzirpur,,,1015.0,5.51,4170.0,59.0,,2156.0,,153.0,8.37
2021,2,river,Kirtankhola,Dopdopia Kheyaghat (M),,,,6.3,324.0,,,164.0,,,7.6
2021,2,river,Kirtankhola,Dopdopia Kheyaghat (S),,,,6.1,340.0,,,171.0,,,7.8
2021,2,river,Kirtankhola,Kaower Char (M),,,,6.3,321.0,,,160.0,,,7.6
2021,2,river,Kirtankhola,Kaower Char (S),,,,6.0,332.0,,,164.0,,,8.0
2021,2,river,Kirtankhola,Launch Ghat (M),,,,6.0,314.0,,,154.0,,,7.6
2021,2,river,Kirtankhola,Launch Ghat (S),,,,6.2,320.0,,,158.0,,,7.7
2021,2,river,Korotoa,Aziz Ahmed Taki Road (Down),5.9,,,3.94,328.0,58.0,,164.0,,,7.06
2021,2,river,Korotoa,Aziz Ahmed Taki Road (UP),5.9,,,3.94,328.0,58.0,,164.0,,,7.06
2021,2,river,Korotoa,Dottobari Bridge (Down),6.2,,,3.78,344.0,64.0,,172.0,,,7.0
2021,2,river,Korotoa,Dottobari Bridge (UP),6.2,,,3.78,344.0,64.0,,172.0,,,7.0
2021,2,river,Korotoa,Sultanganj- Gabtoli (DN),6.1,,,3.76,348.0,65.0,,174.0,,,6.94
2021,2,river,Korotoa,Sultanganj- Gabtoli (UP),6.1,,,3.76,348.0,65.0,,174.0,,,6.94
2021,2,river,Kushiara,Fcnchuganj Bridge Point,,,,,,,,,,,7.1
2021,2,river,Kushiara,Fenchuganj Bridge Point,2.9,20.0,,7.3,114.6,,,56.4,,,
2021,2,river,Mathavanga,Dorshona Railway,,,,,,,,,,44.3,
2021,2,river,Mathavanga,Dorshona Railway Junction,,,26.0,7.62,405.0,,0.19,194.0,,,8.36
2021,2,river,Meghna,Annando Bazar,8.0,,9.0,9.8,,9.0,,60.2,,,6.98
2021,2,river,Meghna,Bairob Ferry Ghat,14.0,,8.5,7.2,,13.0,,56.2,,,7.71
2021,2,river,Meghna,Bish Nondi Ghat,12.0,,8.0,5.1,,1.0,,68.3,,,7.36
2021,2,river,Meghna,Meghna Ghat,16.0,,21.5,5.2,,4.0,,80.7,,,6.42
2021,2,river,Meghna,Narshingdi Launch Ghat,3.0,,34.5,2.1,,20.0,,237.0,,,8.65
2021,2,river,Modhumoti,Dhalaitala,,,28.0,6.1,912.0,58.0,,84.0,,30.6,8.21
2021,2,river,Moyuri,Buro Moulavir Darga,,,89.0,1.0,792.0,,1.4,409.0,,57.7,7.97
2021,2,river,Moyuri,Doshgate Jalma,,,95.0,6.47,3220.0,,1.68,1658.0,,56.2,8.36
2021,2,river,Moyuri,Shoshan Ghat,,,87.0,0.64,979.0,,0.5,502.0,,58.6,7.98
2021,2,river,Pashur,Banishanta,,,627.0,6.01,2540.0,,,1292.0,,59.5,8.36
2021,2,river,Pashur,"Banishanta, Mongla",,,,,,,1.32,,,,
2021,2,river,Pashur,Batiaghata By Pass,,,235.0,8.05,930.0,,2.56,2049.0,,68.4,8.47
2021,2,river,Pashur,Rampal Power Plant,,,98.0,7.48,927.0,,2.46,2400.0,,68.9,8.45
2021,2,river,Rupsa,"Charer Hat, Sulpur Aijgati (M)",,,72.0,4.88,912.0,64.0,0.56,,,69.3,8.16
2021,2,river,Rupsa,"Gilatola, Nadan Pratap (M)",,,69.0,4.91,1102.0,72.0,0.52,,,67.8,8.13
2021,2,river,Rupsa,Kalibari Ghat (M),,,67.0,4.93,1112.0,77.0,0.57,,,69.6,8.11
2021,2,river,Rupsa,Rupsa Ghat (M),,,68.0,7.2,1925.0,76.0,1.02,,,68.4,8.08
2021,2,river,Shitalakhya,Gorashal,6.0,28.0,14.0,5.2,277.0,11.0,,164.0,63.0,,7.21
2021,2,river,Shitalakhya,Majira Demra Ghat,32.4,80.0,51.0,0.0,584.0,26.0,,338.0,196.0,,7.34
2021,2,river,Shitalakhya,Murapara (Rupgonj),6.0,27.0,41.0,4.1,489.0,94.0,,274.0,166.0,,7.44
2021,2,river,Shitalakhya,Port Road,49.2,166.0,70.0,0.0,634.0,65.0,,354.0,262.0,,6.97
2021,2,river,Surma,Chhatak,2.4,16.0,,4.97,117.2,,,51.6,,,6.51
2021,2,river,Surma,Mendibag Point,2.3,18.0,,6.8,122.3,,,48.0,,,6.57
2021,2,river,Surma,Sheaik Ghat,2.5,21.0,,6.9,126.2,,,53.0,,,6.62
2021,2,river,Teesta,Nohali Sapmari (Dn),2.3,,10.0,8.03,,44.0,,131.0,,,8.1
2021,2,river,Teesta,Nohali Sapmari (Up),2.3,,10.0,8.03,,44.0,,131.0,,,8.1
2021,2,river,Teesta,Teesta Barrage (Dn),2.3,,10.0,8.14,,37.0,,126.0,,,8.15
2021,2,river,Teesta,Teesta Barrage (Up),2.3,,10.0,8.14,,37.0,,126.0,,,8.15
2021,2,river,Teesta,Teesta Bridge (Dn),2.2,,10.0,7.86,,40.0,,127.0,,,7.93
2021,2,river,Teesta,Teesta Bridge (Up),2.2,,10.0,7.86,,40.0,,127.0,,,7.93
2021,2,river,Turag,Ashulia,6.2,28.0,62.0,0.0,916.0,86.0,,525.0,206.0,,7.5
2021,2,river,Turag,Kaliakoir,6.2,23.0,50.0,4.9,327.0,1.0,,195.0,159.0,,7.05
2021,2,river,Turag,Nama Bazar,16.0,78.0,83.0,0.0,726.0,65.0,,449.0,156.0,,7.19
2021,2,river,Turag,Turag Bridge,6.4,24.0,62.0,0.0,867.0,57.0,,498.0,226.0,,7.41
2021,2,river,Turag,Vawal,36.0,120.0,110.0,0.0,124.1,81.0,,67.0,116.0,,7.0
2021,2,urban_lake,Dhanmondi Lake,8 No. Road Bridge,10.0,30.0,39.5,6.2,243.0,18.0,,128.2,128.0,65.2,7.12
2021,2,urban_lake,Dhanmondi Lake,Near Dhanmondi- Road No 28,8.0,24.0,44.5,9.2,295.0,8.0,,160.1,182.0,47.6,7.31
2021,2,urban_lake,Dhanmondi Lake,Near Dhanmondi-32 Bridge,6.0,18.0,47.0,8.9,263.0,6.0,,141.5,146.0,46.2,7.14
2021,2,urban_lake,Dhanmondi Lake,Near Gigatola Pilkhana More,8.0,24.0,49.0,9.6,230.0,8.0,,124.6,133.0,39.0,7.55
2021,2,urban_lake,Gulshan Lake,Lake View Clinic,42.0,120.0,39.0,1.4,425.0,19.0,,249.0,232.0,86.3,7.26
2021,2,urban_lake,Gulshan Lake,South Bridge,38.0,180.0,39.5,1.6,430.0,54.0,,246.0,239.0,131.0,7.23
2021,2,urban_lake,Gulshan Lake,United Hospital,35.0,146.0,40.0,0.8,439.0,32.0,,252.0,256.0,112.0,7.33
2021,2,urban_lake,Hatir Jheel,FDC More Bridge,20.0,51.0,63.0,6.0,530.0,13.0,,313.0,260.0,64.0,7.7
2021,2,urban_lake,Hatir Jheel,Raampura Bridge,22.0,120.0,65.5,1.9,545.0,82.0,,313.0,220.0,214.0,7.38
2021,3,river,Balu,Jolshiri Abason,10.0,90.0,63.0,0.0,1022.0,70.0,,562.0,269.0,290.0,7.15
2021,3,river,Balu,Trimohoni Bridge,54.0,153.0,90.0,0.0,1115.0,62.0,,618.0,256.0,234.0,7.15
2021,3,river,Bhairab,"Basundia Bazar, Aladipur",,,68.0,0.0,8480.0,,0.41,4160.0,,65.8,8.46
2021,3,river,Bhairab,"Fultala Ghat, Dhulgram",,,71.0,6.14,2860.0,,0.56,1466.0,,65.3,8.36
2021,3,river,Bhairab,Noapara Ferry Ghat,,,73.0,5.88,930.0,,0.28,335.0,,63.1,8.34
2021,3,river,Bhairab,Noapara Jafarpur,,,71.0,5.49,1229.0,,0.62,611.0,,66.2,8.44
2021,3,river,Brahmaputra,JamalpurRail Bridge,5.0,,14.0,8.7,,5.0,,124.0,,,7.41
2021,3,river,Buriganga,B.C.F.B,30.0,78.0,74.0,0.0,837.0,75.0,,462.0,220.0,383.0,6.94
2021,3,river,Buriganga,Bosila Bridge,32.0,120.0,74.0,0.0,955.0,157.0,,534.0,199.0,344.0,6.88
2021,3,river,Buriganga,Chandni Ghat,30.0,98.0,70.0,0.0,949.0,254.0,,528.0,262.0,342.0,7.16
2021,3,river,Buriganga,Hazaribagh,8.0,76.0,67.0,0.0,941.0,69.0,,517.0,213.0,232.0,7.21
2021,3,river,Buriganga,Mirpur Bridge,10.0,76.0,70.0,0.0,799.0,75.0,,438.0,186.0,267.0,6.75
2021,3,river,Buriganga,Pagla,10.0,85.0,63.0,0.0,851.0,71.0,,471.0,209.0,253.0,7.14
2021,3,river,Buriganga,Satmosjid Road,23.0,52.0,68.0,0.0,907.0,79.0,,501.0,196.0,512.0,7.28
2021,3,river,Dhaleshwari,Hazratpur,12.0,45.0,44.5,7.2,607.0,12.0,,332.0,249.0,,7.99
2021,3,river,Dhaleshwari,Mukterpur,8.0,38.0,38.0,5.0,531.0,30.0,,270.0,254.0,,6.12
2021,3,river,Dhaleshwari,Ruhitpur,10.0,42.0,41.5,16.1,499.0,25.0,,270.0,280.0,,8.07
2021,3,river,Dhaleshwari,Utorro Mitra,10.0,39.0,23.6,6.3,534.0,4.0,,253.0,253.0,,6.96
2021,3,river,Gorai,Kamarkhali Bridge,,,411.0,9.13,1644.0,53.0,,780.0,,47.7,8.88
2021,3,river,Halda,Garduara Sluice gate,5.0,23.0,,7.56,,42.0,,89.4,,,7.89
2021,3,river,Halda,Halda Bridge,4.0,19.0,,7.74,,49.0,,73.9,,,7.67
2021,3,river,Halda,Maduna Ghat,7.0,25.0,,7.78,,36.0,,,,,7.62
2021,3,river,Jamuna,Horipur Kheya Ghat (DN),2.2,,10.0,8.12,,39.0,,131.0,,,8.13
2021,3,river,Jamuna,Horipur Kheya Ghat (UP),2.2,,10.0,8.12,,39.0,,131.0,,,8.13
2021,3,river,Jamuna,Jamuna Eco Park (DN),2.2,,11.0,7.6,,40.0,,128.0,,,7.46
2021,3,river,Jamuna,Jamuna Eco Park (UP),2.2,,11.0,7.6,,40.0,,128.0,,,7.46
2021,3,river,Jamuna,Mohonganj (DN),2.2,,11.0,7.72,,34.0,,118.0,,,7.64
2021,3,river,Jamuna,Mohonganj (UP),2.2,,11.0,7.72,,34.0,,118.0,,,7.64
2021,3,river,Kalabodar,Kalabodar Ferry Ghat (M),,,,5.3,748.0,,,374.0,,,7.6
2021,3,river,Kalabodar,Kalabodar Ferry Ghat (S),,,,5.5,788.0,,,394.0,,,7.8
2021,3,river,Kaligonga,Bheutha Ghat,6.0,,15.0,6.9,,12.0,,244.0,,,7.28
2021,3,river,Karnaphuli,CUFL,112.0,420.0,,6.43,,120.0,,9670.0,,,7.42
2021,3,river,Karnaphuli,Kalurghat Bridge,6.0,18.0,,7.53,,34.0,,167.0,,,7.32
2021,3,river,Karnaphuli,Karnafully Paper,14.0,54.0,,7.45,,10.0,,69.0,,,7.26
2021,3,river,Karnaphuli,Mariam Nagar,4.0,21.0,,6.63,,42.0,,148.0,,,7.43
2021,3,river,Karnaphuli,Shikalbaha,24.0,,,6.59,,42.0,,2360.0,,,7.67
2021,3,river,Karnaphuli,TSP,123.0,460.0,,8.23,,154.0,,13450.0,,,7.21
2021,3,river,Khakshiali,Boshontopur,,,972.0,6.5,7140.0,56.0,,3840.0,,132.0,8.43
2021,3,river,Khakshiali,Kaliganj Bazar,,,950.0,6.23,7430.0,51.0,,3990.0,,124.0,8.39
2021,3,river,Khakshiali,Uzirpur,,,1000.0,3.7,6240.0,60.0,,3320.0,,153.0,8.28
2021,3,river,Kirtankhola,Dopdopia Kheyaghat (M),,,,5.6,1240.0,,,620.0,,,8.2
2021,3,river,Kirtankhola,Dopdopia Kheyaghat (S),,,,5.4,1242.0,,,622.0,,,8.0
2021,3,river,Kirtankhola,Kaower Char (M),,,,5.4,1342.0,,,672.0,,,7.8
2021,3,river,Kirtankhola,Kaower Char (S),,,,5.3,1331.0,,,667.0,,,7.6
2021,3,river,Kirtankhola,Launch Ghat (M),,,,5.2,1362.0,,,682.0,,,7.4
2021,3,river,Kirtankhola,Launch Ghat (S),,,,5.1,1360.0,,,681.0,,,7.5
2021,3,river,Korotoa,Aziz Ahmed Taki Road (Down),6.2,,,3.8,380.0,60.0,,190.0,,,7.06
2021,3,river,Korotoa,Aziz Ahmed Taki Road (UP),6.2,,,3.8,380.0,60.0,,190.0,,,7.06
2021,3,river,Korotoa,Dottobari Bridge (Down),6.46,,,3.52,392.0,64.0,,196.0,,,6.98
2021,3,river,Korotoa,Dottobari Bridge (UP),6.46,,,3.52,392.0,64.0,,196.0,,,6.98
2021,3,river,Korotoa,Sultanganj- Gabtoli (DN),6.3,,,3.48,408.0,66.0,,270.0,,,6.94
2021,3,river,Korotoa,Sultanganj- Gabtoli (UP),6.3,,,3.48,408.0,66.0,,270.0,,,6.94
2021,3,river,Kushiara,Fcnchuganj Bridge Point,,,,,,,,,,,7.2
2021,3,river,Kushiara,Fenchuganj Bridge Point,2.9,20.0,,7.1,118.6,,,57.4,,,
2021,3,river,Lohalia,Patuakhali L.G (M),,,,5.6,998.0,,,499.0,,,
2021,3,river,Lohalia,Patuakhali L.G (S),,,,5.4,1022.0,,,512.0,,,
2021,3,river,Lohalia,Patuakhali Launch Ghat (M),,,,,,,,,,,7.6
2021,3,river,Lohalia,Patuakhali Launch Ghat (S),,,,,,,,,,,7.8
2021,3,river,Mathavanga,Dorshona Railway,,,,,,,,,,44.3,
2021,3,river,Mathavanga,Dorshona Railway Junction,,,29.0,5.94,301.0,,0.14,1439.0,,,8.36
2021,3,river,Meghna,Bairob Ferry Ghat,8.0,,9.0,7.0,,3.0,,64.0,,,7.1
2021,3,river,Meghna,Meghna Ghat,6.0,,20.0,5.2,,29.0,,92.0,,,7.18
2021,3,river,Modhumoti,Dhalaitala,,,202.0,0.0,4810.0,56.0,,2330.0,,30.6,8.57
2021,3,river,Padma,Mawa ferry Ghat,4.0,,,9.2,193.0,31.0,,109.0,,,7.62
2021,3,river,Pashur,Banishanta,,,234.0,6.57,7610.0,,,3810.0,,68.4,8.09
2021,3,river,Pashur,"Banishanta, Mongla",,,,,,,3.91,,,,
2021,3,river,Pashur,Batiaghata By Pass,,,610.0,5.86,7670.0,,4.21,4120.0,,59.4,7.98
2021,3,river,Pashur,Rampal Power Plant,,,99.0,6.7,7550.0,,3.87,3770.0,,68.1,7.9
2021,3,river,Rupsa,"Charer Hat, Sulpur Aijgati (M)",,,72.0,6.72,3520.0,66.0,1.85,,,69.3,8.16
2021,3,river,Rupsa,"Gilatola, Nadan Pratap (M)",,,69.0,6.46,3870.0,70.0,2.04,,,67.8,8.03
2021,3,river,Rupsa,Kalibari Ghat (M),,,68.0,6.42,3740.0,76.0,1.85,,,68.2,7.15
2021,3,river,Rupsa,Rupsa Ghat (M),,,69.0,6.17,4250.0,74.0,2.13,,,68.2,7.68
2021,3,river,Surma,Chhatak,2.7,16.0,,7.12,128.4,,,53.6,,,6.72
2021,3,river,Surma,Mendibag Point,2.8,15.0,,6.9,126.9,,,48.6,,,6.62
2021,3,river,Surma,Sheaik Ghat,2.9,19.0,,7.1,128.2,,,51.9,,,6.68
2021,3,river,Teesta,Nohali Sapmari (Dn),2.2,,10.0,7.7,,32.0,,118.0,,,7.66
2021,3,river,Teesta,Nohali Sapmari (Up),2.2,,10.0,7.7,,32.0,,118.0,,,7.66
2021,3,river,Teesta,Teesta Barrage (Dn),2.2,,10.0,7.68,,36.0,,114.0,,,7.67
2021,3,river,Teesta,Teesta Barrage (Up),2.2,,10.0,7.68,,36.0,,114.0,,,7.67
2021,3,river,Teesta,Teesta Bridge (Dn),2.2,,10.0,8.02,,44.0,,136.0,,,8.08
2021,3,river,Teesta,Teesta Bridge (Up),2.2,,10.0,8.02,,44.0,,136.0,,,8.08
2021,3,river,Tetulia,Vadura Launch Ghat (M),,,,5.1,638.0,,,322.0,,,7.8
2021,3,river,Tetulia,Vadura Launch Ghat (S),,,,5.0,622.0,,,313.0,,,7.9
2021,3,river,Turag,Ashulia,30.0,129.0,71.0,0.0,916.0,396.0,,525.0,286.0,,7.5
2021,3,river,Turag,Kaliakoir,8.0,30.0,26.0,1.8,527.0,29.0,,301.0,162.0,,7.38
2021,3,river,Turag,Nama Bazar,12.0,49.0,112.0,0.0,1363.0,59.0,,721.0,233.0,,7.36
2021,3,river,Turag,Turag Bridge,30.0,124.0,82.0,0.0,876.0,86.0,,498.0,230.0,,7.41
2021,3,river,Turag,Vawal,18.0,88.0,95.0,0.0,1372.0,64.0,,732.0,358.0,,7.34
2021,3,urban_lake,Dhanmondi Lake,8 No. Road Bridge,8.0,27.0,56.0,5.2,266.0,23.0,,135.0,133.0,62.0,7.46
2021,3,urban_lake,Dhanmondi Lake,Near Dhanmondi- Road No 28,8.0,24.0,50.5,5.2,230.0,15.0,,125.0,133.0,44.0,7.55
2021,3,urban_lake,Dhanmondi Lake,Near Dhanmondi-32 Bridge,6.0,24.0,56.0,5.1,295.0,29.0,,160.0,182.0,75.0,7.31
2021,3,urban_lake,Dhanmondi Lake,Near Gigatola Pilkhana More,10.0,26.0,52.0,5.0,276.0,27.0,,142.0,180.0,56.0,7.41
2021,3,urban_lake,Gulshan Lake,Lake View Clinic,32.0,136.0,39.0,6.3,425.0,19.0,,249.0,232.0,87.0,7.26
2021,3,urban_lake,Gulshan Lake,South Bridge,34.0,138.0,39.5,6.2,430.0,54.0,,246.0,239.0,131.0,7.23
2021,3,urban_lake,Gulshan Lake,United Hospital,32.0,135.0,40.0,2.3,439.0,32.0,,252.0,256.0,112.0,7.33
2021,3,urban_lake,Hatir Jheel,FDC More Bridge,28.0,110.0,40.0,4.5,530.0,3.0,,313.0,260.0,25.0,7.7
2021,3,urban_lake,Hatir Jheel,Raampura Bridge,30.0,120.0,42.0,1.9,545.0,20.0,,313.0,220.0,88.0,7.38
2021,4,river,Balu,Jolshiri Abason,6.0,13.0,74.0,2.4,845.0,3.0,,422.0,287.0,42.0,6.77
2021,4,river,Balu,Trimohoni Bridge,30.0,120.0,72.0,0.0,849.0,46.0,,420.0,272.0,142.0,6.82
2021,4,river,Bhairab,"Fultala Ghat, Dhulgram",0.44,,1631.0,6.14,3262.0,,1.85,1631.0,,65.8,8.52
2021,4,river,Bhairab,Noapara Ferry Ghat,0.65,,983.0,5.88,3930.0,,1.95,1965.0,,67.4,7.39
2021,4,river,Bhairab,Noapara Jafarpur,0.74,,406.0,6.51,1624.0,,1.62,812.0,,76.4,7.35
2021,4,river,Buriganga,B.C.F.B,23.0,76.0,66.0,0.9,943.0,5.0,,493.0,255.0,36.0,7.45
2021,4,river,Buriganga,Bosila Bridge,18.0,59.0,74.0,0.4,990.0,2.0,,518.0,199.0,31.0,7.36
2021,4,river,Buriganga,Chandni Ghat,15.0,66.0,68.0,0.4,948.0,4.0,,495.0,204.0,22.0,7.32
2021,4,river,Buriganga,Hazaribagh,33.0,90.0,76.0,0.6,966.0,7.0,,506.0,185.0,94.0,7.35
2021,4,river,Buriganga,Mirpur Bridge,24.0,76.0,73.0,0.3,1149.0,2.0,,594.0,170.0,97.0,7.35
2021,4,river,Buriganga,Pagla,23.0,72.0,63.0,0.8,930.0,27.0,,485.0,215.0,98.0,7.49
2021,4,river,Buriganga,Satmosjid Road,10.0,78.0,72.0,0.8,974.0,2.0,,511.0,232.0,33.0,7.32
2021,4,river,Dhaleshwari,Mukterpur,14.0,59.0,43.0,3.4,396.0,10.0,,185.0,134.0,,7.5
2021,4,river,Ganges,Gorai off Take,0.43,,305.0,6.36,1218.0,58.0,,609.0,,52.6,7.84
2021,4,river,Halda,Garduara Sluice gate,5.0,20.0,,7.61,,48.0,,79.5,,,7.71
2021,4,river,Halda,Halda Bridge,4.0,19.0,,7.74,,49.0,,73.9,,,7.76
2021,4,river,Halda,Maduna Ghat,6.0,21.0,,7.69,,28.0,,,,,7.72
2021,4,river,Jamuna,Horipur Kheya Ghat (DN),2.2,,10.0,8.1,,38.0,,132.0,,,8.11
2021,4,river,Jamuna,Horipur Kheya Ghat (UP),2.2,,10.0,8.1,,38.0,,132.0,,,8.11
2021,4,river,Jamuna,Jamuna Eco Park (DN),2.2,,11.0,7.62,,38.0,,128.0,,,7.8
2021,4,river,Jamuna,Jamuna Eco Park (UP),2.2,,11.0,7.62,,38.0,,128.0,,,7.8
2021,4,river,Jamuna,Mohonganj (DN),2.2,,11.0,7.7,,34.0,,118.0,,,7.62
2021,4,river,Jamuna,Mohonganj (UP),2.2,,11.0,7.7,,34.0,,118.0,,,7.62
2021,4,river,Karnaphuli,CUFL,112.0,420.0,,5.89,,66.0,,9480.0,,,7.42
2021,4,river,Karnaphuli,Kalurghat Bridge,5.0,19.0,,7.8,,32.0,,179.0,,,7.69
2021,4,river,Karnaphuli,Karnafully Paper,12.0,42.0,,7.52,,23.0,,59.0,,,7.43
2021,4,river,Karnaphuli,Mariam Nagar,5.0,18.0,,6.72,,46.0,,156.0,,,7.54
2021,4,river,Karnaphuli,Shikalbaha,22.0,,,6.59,,63.0,,2453.0,,,7.73
2021,4,river,Karnaphuli,TSP,123.0,460.0,,7.98,,300.0,,5980.0,,,7.21
2021,4,river,Korotoa,Aziz Ahmed Taki Road (Down),6.22,,,3.81,390.0,65.0,,195.0,,,7.08
2021,4,river,Korotoa,Aziz Ahmed Taki Road (UP),6.22,,,3.81,390.0,65.0,,195.0,,,7.08
2021,4,river,Korotoa,Dottobari Bridge (Down),6.44,,,3.51,396.0,72.0,,198.0,,,6.97
2021,4,river,Korotoa,Dottobari Bridge (UP),6.44,,,3.51,396.0,72.0,,198.0,,,6.97
2021,4,river,Korotoa,Sultanganj- Gabtoli (DN),6.32,,,3.49,404.0,64.0,,202.0,,,6.96
2021,4,river,Korotoa,Sultanganj- Gabtoli (UP),6.32,,,3.49,404.0,64.0,,202.0,,,6.96
2021,4,river,Kushiara,Fcnchuganj Bridge Point,,,,,,,,,,,7.23
2021,4,river,Kushiara,Fenchuganj Bridge Point,2.8,22.0,,7.13,118.3,,,58.3,,,
2021,4,river,Meghna,Bish Nondi Ghat,8.0,,21.0,0.7,,5.0,,83.0,,,6.99
2021,4,river,Meghna,Narshingdi Launch Ghat,6.0,,44.5,5.5,,8.0,,209.0,,,7.98
2021,4,river,Pashur,Banishanta,1.72,,2675.0,4.2,10700.0,,,5860.0,,78.3,7.87
2021,4,river,Pashur,"Banishanta, Mongla",,,,,,,6.04,,,,
2021,4,river,Pashur,Rampal Power Plant,1.78,,920.0,6.97,3680.0,,1.97,1938.0,,75.4,7.78
2021,4,river,Rupsa,"Gilatola, Nadan Pratap (M)",0.68,,928.0,6.4,3712.0,78.0,5.34,,,72.6,7.25
2021,4,river,Shitalakhya,Majira Demra Ghat,14.0,36.0,65.0,0.0,919.0,57.0,,445.0,227.0,,7.07
2021,4,river,Shitalakhya,Murapara (Rupgonj),6.4,18.0,52.0,4.2,610.0,5.0,,299.0,192.0,,7.38
2021,4,river,Surma,Chhatak,2.8,22.0,,7.09,128.6,,,52.9,,,6.69
2021,4,river,Surma,Mendibag Point,2.6,17.0,,6.8,128.9,,,49.7,,,6.61
2021,4,river,Surma,Sheaik Ghat,2.7,19.0,,7.2,129.2,,,51.8,,,6.67
2021,4,river,Teesta,Nohali Sapmari (Dn),2.2,,10.0,7.72,,34.0,,118.0,,,7.64
2021,4,river,Teesta,Nohali Sapmari (Up),2.2,,10.0,7.72,,34.0,,118.0,,,7.64
2021,4,river,Teesta,Teesta Barrage (Dn),2.2,,10.0,7.66,,36.0,,116.0,,,7.65
2021,4,river,Teesta,Teesta Barrage (Up),2.2,,10.0,7.66,,36.0,,116.0,,,7.65
2021,4,river,Teesta,Teesta Bridge (Dn),2.2,,10.0,8.04,,46.0,,134.0,,,8.06
2021,4,river,Teesta,Teesta Bridge (Up),2.2,,10.0,8.04,,46.0,,134.0,,,8.06
2021,4,river,Turag,Ashulia,18.0,70.0,66.0,0.0,1296.0,78.0,,791.0,267.0,,7.6
2021,4,river,Turag,Kaliakoir,30.0,59.0,72.0,1.6,895.0,38.0,,534.0,152.0,,7.51
2021,4,river,Turag,Nama Bazar,30.0,126.0,71.0,1.0,1165.0,37.0,,705.0,220.0,,7.58
2021,4,river,Turag,Turag Bridge,32.0,128.0,85.0,0.6,1106.0,128.0,,670.0,272.0,,7.98
2021,4,river,Turag,Vawal,32.0,100.0,76.0,1.2,1338.0,46.0,,813.0,302.0,,7.55
2021,4,urban_lake,Dhanmondi Lake,8 No. Road Bridge,8.0,41.0,52.0,5.21,250.0,4.0,,145.0,112.0,47.0,7.43
2021,4,urban_lake,Dhanmondi Lake,Near Dhanmondi- Road No 28,14.0,66.0,47.0,5.14,297.0,3.0,,172.0,144.0,48.0,7.45
2021,4,urban_lake,Dhanmondi Lake,Near Dhanmondi-32 Bridge,12.0,46.0,55.0,7.87,264.0,5.0,,156.0,135.0,52.0,7.5
2021,4,urban_lake,Dhanmondi Lake,Near Gigatola Pilkhana More,10.0,42.0,56.0,7.94,235.0,7.0,,137.0,132.0,50.0,7.57
2021,4,urban_lake,Gulshan Lake,Lake View Clinic,34.0,146.0,42.0,8.64,402.0,190.0,,222.0,245.0,223.0,7.19
2021,4,urban_lake,Gulshan Lake,South Bridge,32.0,139.0,31.0,12.0,390.0,200.0,,224.0,200.0,184.0,7.32
2021,4,urban_lake,Gulshan Lake,United Hospital,30.0,103.0,40.0,0.94,390.0,39.0,,230.0,199.0,209.0,7.12
2021,4,urban_lake,Hatir Jheel,FDC More Bridge,22.0,93.0,62.0,18.68,441.0,30.0,,260.0,240.0,339.0,8.42
2021,4,urban_lake,Hatir Jheel,Raampura Bridge,22.0,98.0,57.0,16.3,430.0,30.0,,254.0,230.0,687.0,8.02
2021,5,river,Balu,Jolshiri Abason,7.0,20.0,55.0,2.9,763.0,18.0,,399.0,225.0,39.0,6.93
2021,5,river,Balu,Trimohoni Bridge,26.0,70.0,72.0,0.2,689.0,15.0,,360.0,194.0,131.0,6.6
2021,5,river,Buriganga,B.C.F.B,28.0,97.0,45.0,0.7,978.0,27.0,,541.0,189.0,68.0,7.47
2021,5,river,Buriganga,Bosila Bridge,30.0,97.0,45.0,0.7,896.0,20.0,,496.0,157.0,60.0,7.39
2021,5,river,Buriganga,Chandni Ghat,30.0,80.0,46.0,0.6,1000.0,25.0,,546.0,199.0,89.0,7.34
2021,5,river,Buriganga,Hazaribagh,28.0,79.0,48.0,0.9,917.0,22.0,,500.0,177.0,50.0,7.18
2021,5,river,Buriganga,Mirpur Bridge,28.0,90.0,46.0,0.6,730.0,19.0,,386.0,147.0,62.0,6.95
2021,5,river,Buriganga,Pagla,28.0,80.0,44.0,0.8,993.0,35.0,,540.0,200.0,68.0,7.43
2021,5,river,Buriganga,Satmosjid Road,32.0,80.0,49.0,0.8,970.0,18.0,,536.0,192.0,61.0,7.4
2021,5,river,Halda,Garduara Sluice gate,6.0,25.0,,7.29,,89.0,,540.0,,,8.09
2021,5,river,Halda,Halda Bridge,4.0,20.0,,7.72,,176.0,,190.2,,,8.48
2021,5,river,Halda,Maduna Ghat,7.0,28.0,,7.43,,219.0,,,,,8.57
2021,5,river,Jamuna,Horipur Kheya Ghat (DN),2.2,,10.0,7.66,,34.0,,118.0,,,7.82
2021,5,river,Jamuna,Horipur Kheya Ghat (UP),2.2,,10.0,7.66,,34.0,,118.0,,,7.82
2021,5,river,Jamuna,Jamuna Eco Park (DN),2.3,,11.0,7.66,,40.0,,126.0,,,7.52
2021,5,river,Jamuna,Jamuna Eco Park (UP),2.3,,11.0,7.66,,40.0,,126.0,,,7.52
2021,5,river,Jamuna,Kakua,8.0,,12.0,7.8,,42.0,,149.0,,,7.13
2021,5,river,Jamuna,Mohonganj (DN),2.2,,11.0,7.58,,36.0,,120.0,,,7.64
2021,5,river,Jamuna,Mohonganj (UP),2.2,,11.0,7.58,,36.0,,120.0,,,7.64
2021,5,river,Jamuna,Sarkarkhana,6.0,,13.0,4.0,,7.0,,253.0,,,7.32
2021,5,river,Kaligonga,Bheutha Ghat,1.0,,26.0,5.0,,6.0,,216.0,,,8.21
2021,5,river,Karnaphuli,CUFL,110.0,390.0,,6.23,,84.0,,7430.0,,,7.42
2021,5,river,Karnaphuli,Kalurghat Bridge,6.0,22.0,,7.47,,48.0,,127.0,,,7.52
2021,5,river,Karnaphuli,Karnafully Paper,13.0,58.0,,7.49,,12.0,,67.5,,,7.32
2021,5,river,Karnaphuli,Mariam Nagar,7.0,19.0,,6.72,,39.0,,136.0,,,7.47
2021,5,river,Karnaphuli,Shikalbaha,24.0,,,6.78,,45.0,,1890.0,,,7.67
2021,5,river,Karnaphuli,TSP,123.0,460.0,,8.49,,156.0,,1140.0,,,7.34
2021,5,river,Korotoa,Aziz Ahmed Taki Road (Down),5.42,,,3.72,360.0,62.0,,180.0,,,7.12
2021,5,river,Korotoa,Aziz Ahmed Taki Road (UP),5.42,,,3.72,360.0,62.0,,180.0,,,7.12
2021,5,river,Korotoa,Dottobari Bridge (Down),5.94,,,3.8,360.0,68.0,,180.0,,,7.02
2021,5,river,Korotoa,Dottobari Bridge (UP),5.94,,,3.8,360.0,68.0,,180.0,,,7.02
2021,5,river,Korotoa,Sultanganj- Gabtoli (DN),5.84,,,3.94,380.0,62.0,,190.0,,,7.08
2021,5,river,Korotoa,Sultanganj- Gabtoli (UP),5.84,,,3.94,380.0,62.0,,190.0,,,7.08
2021,5,river,Kushiara,Fcnchuganj Bridge Point,,,,,,,,,,,7.18
2021,5,river,Kushiara,Fenchuganj Bridge Point,3.6,16.0,,6.71,92.6,,,47.0,,,
2021,5,river,Meghna,Annando Bazar,4.0,,35.0,4.3,,32.0,,72.0,,,7.88
2021,5,river,Meghna,Bairob Ferry Ghat,2.0,,46.0,5.2,,40.0,,64.0,,,7.32
2021,5,river,Meghna,Bish Nondi Ghat,8.0,,21.0,5.5,,5.0,,83.0,,,6.99
2021,5,river,Meghna,Meghna Ghat,8.0,,42.0,4.5,,35.0,,60.0,,,7.12
2021,5,river,Meghna,Narshingdi Launch Ghat,16.0,,45.0,0.7,,34.0,,209.0,,,7.98
2021,5,river,Padma,Mawa ferry Ghat,12.0,,,6.2,128.0,70.0,,66.0,,,6.89
2021,5,river,Shitalakhya,Majira Demra Ghat,10.0,58.0,45.0,0.0,611.0,6.0,,320.0,186.0,,6.93
2021,5,river,Shitalakhya,Murapara (Rupgonj),8.0,21.0,37.0,1.3,501.0,9.0,,259.0,252.0,,7.13
2021,5,river,Shitalakhya,Port Road,12.0,70.0,42.0,1.2,598.0,10.0,,285.0,251.0,,7.35
2021,5,river,Surma,Chhatak,2.6,21.0,,7.19,127.6,,,53.0,,,6.71
2021,5,river,Surma,Mendibag Point,2.7,16.0,,6.81,126.9,,,49.8,,,6.62
2021,5,river,Surma,Sheaik Ghat,2.9,20.0,,7.09,128.2,,,51.9,,,6.69
2021,5,river,Teesta,Nohali Sapmari (Dn),2.2,,10.0,7.76,,36.0,,121.0,,,7.64
2021,5,river,Teesta,Nohali Sapmari (Up),2.2,,10.0,7.76,,36.0,,121.0,,,7.64
2021,5,river,Teesta,Teesta Barrage (Dn),2.2,,10.0,7.98,,40.0,,128.0,,,8.06
2021,5,river,Teesta,Teesta Barrage (Up),2.2,,10.0,7.98,,40.0,,128.0,,,8.06
2021,5,river,Teesta,Teesta Bridge (Dn),2.2,,10.0,7.94,,42.0,,132.0,,,8.02
2021,5,river,Teesta,Teesta Bridge (Up),2.2,,10.0,7.94,,42.0,,132.0,,,8.02
2021,5,river,Turag,Ashulia,8.2,24.0,26.0,2.9,399.0,1.0,,211.0,120.0,,7.32
2021,5,river,Turag,Kaliakoir,6.2,10.0,20.5,4.9,163.0,2.0,,86.0,49.0,,7.46
2021,5,river,Turag,Nama Bazar,8.4,34.0,25.0,2.9,322.0,1.0,,170.0,92.0,,7.27
2021,5,river,Turag,Turag Bridge,12.0,39.0,44.5,2.8,868.0,4.0,,472.0,203.0,,7.27
2021,5,river,Turag,Vawal,6.2,51.0,24.5,4.9,322.0,4.0,,168.0,89.0,,7.26
2021,6,river,Buriganga,B.C.F.B,6.2,22.0,30.0,2.75,219.0,15.0,,113.4,102.0,30.4,7.02
2021,6,river,Buriganga,Bosila Bridge,8.4,20.0,31.0,3.4,226.0,18.0,,117.9,102.0,24.4,6.98
2021,6,river,Buriganga,Chandni Ghat,8.2,22.0,31.0,2.05,261.0,10.0,,132.1,137.0,23.5,6.98
2021,6,river,Buriganga,Hazaribagh,6.2,12.0,31.0,3.1,227.0,16.0,,118.5,127.0,27.3,6.92
2021,6,river,Buriganga,Mirpur Bridge,8.2,24.0,30.0,4.1,218.1,20.0,,112.5,139.0,33.2,7.06
2021,6,river,Buriganga,Pagla,8.2,24.0,31.0,2.75,264.0,14.0,,138.0,139.0,25.2,7.0
2021,6,river,Buriganga,Satmosjid Road,9.2,28.0,32.0,2.5,358.0,23.0,,188.9,150.0,30.9,6.82
2021,6,river,Dhaleshwari,Hazratpur,12.0,44.0,70.0,2.8,124.1,4.0,,65.1,199.0,,7.86
2021,6,river,Dhaleshwari,Mukterpur,22.0,82.0,9.0,2.4,206.0,20.0,,107.0,82.0,,6.73
2021,6,river,Dhaleshwari,Pathorghata,12.0,39.0,,4.0,,5.0,,72.3,256.0,,7.69
2021,6,river,Dhaleshwari,Ruhitpur,8.0,27.0,30.0,7.2,130.0,12.0,,68.2,281.0,,8.01
2021,6,river,Dhaleshwari,Sirajnagor,,,,,152.0,,,,,,
2021,6,river,Dhaleshwari,Utorro Mitra,9.0,24.0,11.0,6.0,236.0,25.0,,118.1,129.0,,6.79
2021,6,river,Halda,Garduara Sluice gate,4.0,18.0,,6.37,,481.0,,79.8,,,8.64
2021,6,river,Halda,Halda Bridge,5.0,22.0,,6.01,,548.0,,72.3,,,8.38
2021,6,river,Halda,Maduna Ghat,6.0,24.0,,5.91,,151.0,,,,,8.31
2021,6,river,Jamuna,Horipur Kheya Ghat (DN),2.2,,10.0,7.68,,36.0,,121.0,,,7.74
2021,6,river,Jamuna,Horipur Kheya Ghat (UP),2.2,,10.0,7.68,,36.0,,121.0,,,7.74
2021,6,river,Jamuna,Jamuna Eco Park (DN),2.3,,11.0,7.6,,40.0,,128.0,,,7.52
2021,6,river,Jamuna,Jamuna Eco Park (UP),2.3,,11.0,7.6,,40.0,,128.0,,,7.52
2021,6,river,Jamuna,Mohonganj (DN),2.2,,11.0,7.66,,38.0,,124.0,,,7.56
2021,6,river,Jamuna,Mohonganj (UP),2.2,,11.0,7.66,,38.0,,124.0,,,7.56
2021,6,river,Kaligonga,Bheutha Ghat,7.0,,8.0,6.9,,272.0,,62.1,,,6.94
2021,6,river,Karnaphuli,CUFL,95.0,358.0,,7.81,,98.0,,10060.0,,,7.33
2021,6,river,Karnaphuli,Kalurghat Bridge,7.0,32.0,,7.63,,58.0,,149.0,,,7.68
2021,6,river,Karnaphuli,Karnafully Paper,12.0,45.0,,7.67,,21.0,,79.6,,,7.43
2021,6,river,Karnaphuli,Mariam Nagar,6.0,24.0,,6.96,,48.0,,168.0,,,7.58
2021,6,river,Karnaphuli,Shikalbaha,21.0,,,6.89,,64.0,,2140.0,,,7.46
2021,6,river,Karnaphuli,TSP,109.0,426.0,,7.82,,118.0,,10230.0,,,7.32
2021,6,river,Kirtankhola,Dopdopia Kheyaghat (M),,,,5.1,2322.0,,,1162.0,,,7.4
2021,6,river,Kirtankhola,Dopdopia Kheyaghat (S),,,,5.3,2392.0,,,1196.0,,,7.5
2021,6,river,Korotoa,Aziz Ahmed Taki Road (Down),3.8,,,5.0,300.0,54.0,,150.0,,,7.12
2021,6,river,Korotoa,Aziz Ahmed Taki Road (UP),3.8,,,5.0,300.0,54.0,,150.0,,,7.12
2021,6,river,Korotoa,Dottobari Bridge (Down),3.8,,,5.1,300.0,58.0,,150.0,,,7.2
2021,6,river,Korotoa,Dottobari Bridge (UP),3.8,,,5.1,300.0,58.0,,150.0,,,7.2
2021,6,river,Korotoa,Sultanganj- Gabtoli (DN),3.9,,,5.2,320.0,56.0,,160.0,,,7.08
2021,6,river,Korotoa,Sultanganj- Gabtoli (UP),3.9,,,5.2,320.0,56.0,,160.0,,,7.08
2021,6,river,Kushiara,Fcnchuganj Bridge Point,,,,,,,,,,,7.24
2021,6,river,Kushiara,Fenchuganj Bridge Point,2.8,20.0,,7.14,115.1,,,56.0,,,
2021,6,river,Meghna,Bairob Ferry Ghat,8.0,,5.0,3.6,,15.0,,37.1,,,7.76
2021,6,river,Meghna,Bish Nondi Ghat,8.0,,10.0,6.2,,11.0,,35.7,,,6.85
2021,6,river,Meghna,Narshingdi Launch Ghat,7.0,,11.5,1.0,,100.0,,55.9,,,6.74
2021,6,river,Padma,Barha Ghat,13.0,,,8.0,122.9,393.0,,64.6,,,7.35
2021,6,river,Padma,Mawa ferry Ghat,30.0,,,6.5,123.2,355.0,,62.4,,,6.35
2021,6,river,Shitalakhya,Gorashal,7.0,19.0,11.0,2.4,156.7,78.0,,79.4,11.0,,7.02
2021,6,river,Shitalakhya,Majira Demra Ghat,14.0,46.0,34.5,2.6,263.0,6.0,,134.0,138.0,,7.09
2021,6,river,Shitalakhya,Murapara (Rupgonj),12.0,44.0,19.0,1.4,318.0,12.0,,167.4,19.0,,7.07
2021,6,river,Shitalakhya,Port Road,14.0,42.0,30.5,3.0,364.0,28.0,,186.0,149.0,,7.29
2021,6,river,Surma,Chhatak,2.8,22.0,,7.27,133.4,,,54.0,,,6.78
2021,6,river,Surma,Mendibag Point,3.3,17.0,,6.88,127.8,,,49.0,,,6.69
2021,6,river,Surma,Sheaik Ghat,3.2,19.0,,7.19,131.6,,,52.0,,,6.75
2021,6,river,Teesta,Nohali Sapmari (Dn),2.2,,10.0,7.68,,38.0,,123.0,,,7.6
2021,6,river,Teesta,Nohali Sapmari (Up),2.2,,10.0,7.68,,38.0,,123.0,,,7.6
2021,6,river,Teesta,Teesta Barrage (Dn),2.3,,10.0,7.9,,42.0,,128.0,,,9.96
2021,6,river,Teesta,Teesta Barrage (Up),2.3,,10.0,7.9,,42.0,,128.0,,,9.96
2021,6,river,Teesta,Teesta Bridge (Dn),2.3,,10.0,7.88,,44.0,,130.0,,,7.94
2021,6,river,Teesta,Teesta Bridge (Up),2.3,,10.0,7.88,,44.0,,130.0,,,7.94
2021,6,river,Turag,Ashulia,18.0,44.0,18.0,3.1,188.8,42.0,,96.3,97.0,,7.48
2021,6,river,Turag,Kaliakoir,18.0,51.0,16.0,7.6,148.2,213.0,,75.1,51.0,,7.5
2021,6,river,Turag,Nama Bazar,8.0,22.0,6.0,4.5,131.2,235.0,,69.6,54.0,,6.9
2021,6,river,Turag,Turag Bridge,9.0,41.0,18.0,3.4,195.9,23.0,,99.4,102.0,,7.8
2021,6,river,Turag,Vawal,13.0,20.0,14.5,6.0,147.8,155.0,,76.9,50.0,,7.25
2021,6,urban_lake,Dhanmondi Lake,8 No. Road Bridge,4.0,16.0,34.5,8.37,266.0,9.0,,131.7,95.0,50.8,7.46
2021,6,urban_lake,Dhanmondi Lake,Near Dhanmondi- Road No 28,6.0,20.0,39.0,5.53,332.0,8.0,,164.8,101.0,41.8,7.36
2021,6,urban_lake,Dhanmondi Lake,Near Dhanmondi-32 Bridge,6.0,22.0,35.0,7.52,292.0,17.0,,144.5,89.0,43.3,7.4
2021,6,urban_lake,Dhanmondi Lake,Near Gigatola Pilkhana More,7.0,17.0,34.0,7.54,268.0,23.0,,132.1,91.0,53.2,7.41
2021,6,urban_lake,Gulshan Lake,Lake View Clinic,32.0,95.0,29.5,3.4,337.0,96.0,,166.3,149.0,220.0,7.47
2021,6,urban_lake,Gulshan Lake,South Bridge,40.0,137.0,30.0,7.77,378.0,67.0,,186.0,148.0,129.0,7.55
2021,6,urban_lake,Gulshan Lake,United Hospital,35.0,124.0,24.0,2.19,355.0,107.0,,173.8,142.0,144.0,7.67
2021,6,urban_lake,Hatir Jheel,FDC More Bridge,6.0,22.0,46.0,2.02,514.0,41.0,,298.0,149.0,95.0,7.3
2021,6,urban_lake,Hatir Jheel,Raampura Bridge,22.0,78.0,42.0,8.54,427.0,74.0,,286.7,137.0,112.0,7.38
2021,7,river,Balu,Jolshiri Abason,4.0,10.0,13.5,3.46,175.8,20.0,,95.5,73.0,,6.85
2021,7,river,Balu,Trimohoni Bridge,22.0,63.0,53.5,1.26,496.0,45.0,,272.0,164.0,,6.59
2021,7,river,Buriganga,B.C.F.B,18.0,51.0,15.5,4.57,152.7,49.0,,84.8,54.0,58.0,6.84
2021,7,river,Buriganga,Bosila Bridge,16.8,32.0,17.0,4.57,187.5,48.0,,103.5,57.0,63.0,6.9
2021,7,river,Buriganga,Chandni Ghat,14.4,37.0,15.5,2.66,149.4,21.0,,83.1,54.0,63.0,6.87
2021,7,river,Buriganga,Hazaribagh,16.8,51.0,14.5,4.21,131.1,92.0,,73.4,50.0,59.0,6.9
2021,7,river,Buriganga,Mirpur Bridge,14.4,34.0,14.0,4.9,122.4,115.0,,68.7,50.0,52.0,6.93
2021,7,river,Buriganga,Pagla,15.6,34.0,16.0,1.36,155.2,34.0,,87.6,55.0,64.0,6.9
2021,7,river,Buriganga,Satmosjid Road,16.8,36.0,15.5,2.74,134.9,53.0,,75.3,52.0,61.0,7.08
2021,7,river,Dhaleshwari,Hazratpur,10.0,40.0,10.0,7.8,140.0,40.0,,72.0,58.0,,7.76
2021,7,river,Dhaleshwari,Mukterpur,8.0,35.0,8.0,4.99,155.0,28.0,,78.0,82.0,,7.27
2021,7,river,Dhaleshwari,Pathorghata,6.0,10.0,,5.2,,30.0,,70.0,62.0,,6.54
2021,7,river,Dhaleshwari,Ruhitpur,8.0,34.0,8.0,7.9,140.0,90.0,,77.0,62.0,,7.43
2021,7,river,Dhaleshwari,Sirajnagor,,,,,127.0,,,,,,
2021,7,river,Dhaleshwari,Utorro Mitra,8.0,22.0,8.0,6.1,146.0,20.0,,70.0,62.0,,7.23
2021,7,river,Halda,Garduara Sluice gate,4.0,18.0,,4.25,,135.0,,51.8,,,8.14
2021,7,river,Halda,Halda Bridge,5.0,17.0,,4.17,,139.0,,49.7,,,8.09
2021,7,river,Halda,Maduna Ghat,6.0,20.0,,5.05,,121.0,,,,,8.34
2021,7,river,Kaligonga,Bheutha Ghat,8.0,,14.0,9.8,,5.0,,244.0,,,7.24
2021,7,river,Karnaphuli,CUFL,52.0,240.0,,8.44,,310.0,,2610.0,,,6.7
2021,7,river,Karnaphuli,Kalurghat Bridge,6.0,18.0,,7.69,,58.0,,140.0,,,7.48
2021,7,river,Karnaphuli,Karnafully Paper,14.0,42.0,,7.59,,41.0,,79.0,,,7.46
2021,7,river,Karnaphuli,Mariam Nagar,5.0,16.0,,6.87,,49.0,,139.0,,,7.58
2021,7,river,Karnaphuli,Shikalbaha,16.0,,,7.59,,63.0,,1580.0,,,7.42
2021,7,river,Karnaphuli,TSP,67.0,284.0,,8.89,,533.0,,4750.0,,,6.34
2021,7,river,Kushiara,Fcnchuganj Bridge Point,,,,,,,,,,,7.21
2021,7,river,Kushiara,Fenchuganj Bridge Point,2.5,19.0,,7.23,115.1,,,54.0,,,
2021,7,river,Lohalia,Patuakhali L.G (M),,,,5.5,,,,,,,
2021,7,river,Lohalia,Patuakhali L.G (S),,,,5.7,,,,,,,
2021,7,river,Meghna,Bairob Ferry Ghat,4.0,,20.0,5.6,,32.0,,36.0,,,7.12
2021,7,river,Meghna,Bish Nondi Ghat,4.0,,8.0,7.16,,18.0,,45.0,,,7.76
2021,7,river,Meghna,Meghna Ghat,5.0,,9.0,6.2,,17.0,,28.3,,,7.65
2021,7,river,Padma,Barha Ghat,7.0,,,8.7,271.0,25.0,,147.0,,,7.28
2021,7,river,Padma,Mawa ferry Ghat,16.0,,,5.2,157.0,4.0,,40.0,,,6.42
2021,7,river,Shitalakhya,Majira Demra Ghat,12.0,37.0,15.5,4.69,109.1,120.0,,58.1,47.0,,6.83
2021,7,river,Shitalakhya,Murapara (Rupgonj),12.0,60.0,6.0,4.99,101.5,143.0,,54.9,49.0,,6.91
2021,7,river,Shitalakhya,Port Road,14.0,38.0,35.0,4.51,264.0,26.0,,134.0,88.0,,7.19
2021,7,river,Surma,Chhatak,2.7,21.0,,7.26,133.4,,,53.0,,,6.72
2021,7,river,Surma,Mendibag Point,3.2,19.0,,6.81,127.8,,,47.0,,,6.68
2021,7,river,Surma,Sheaik Ghat,3.1,23.0,,7.18,131.6,,,51.0,,,6.77
2021,7,river,Turag,Ashulia,15.6,29.0,13.0,5.1,164.0,115.0,,92.3,55.0,,6.8
2021,7,river,Turag,Kaliakoir,16.8,54.0,9.0,7.49,93.4,316.0,,53.6,47.0,,6.91
2021,7,river,Turag,Nama Bazar,20.4,41.0,7.0,6.96,115.2,266.0,,64.6,51.0,,6.88
2021,7,river,Turag,Turag Bridge,16.8,61.0,12.0,5.6,120.9,96.0,,68.0,49.0,,6.86
2021,7,river,Turag,Vawal,18.0,49.0,10.0,6.86,110.0,205.0,,63.2,46.0,,6.94
2021,7,urban_lake,Dhanmondi Lake,8 No. Road Bridge,6.0,18.0,33.0,8.54,278.0,10.0,,132.0,96.0,,7.23
2021,7,urban_lake,Dhanmondi Lake,Near Dhanmondi- Road No 28,8.0,22.0,40.0,6.23,349.0,11.0,,164.0,106.0,,7.76
2021,7,urban_lake,Dhanmondi Lake,Near Dhanmondi-32 Bridge,6.0,20.0,36.0,8.22,321.0,18.0,,144.0,92.0,,7.43
2021,7,urban_lake,Dhanmondi Lake,Near Gigatola Pilkhana More,8.0,20.0,34.0,8.14,275.0,25.0,,136.0,93.0,,7.45
2021,7,urban_lake,Gulshan Lake,Lake View Clinic,26.0,86.0,28.0,3.8,333.0,105.0,,165.0,138.0,,7.13
2021,7,urban_lake,Gulshan Lake,South Bridge,28.0,94.0,27.0,3.8,348.0,114.0,,169.0,136.0,,7.14
2021,7,urban_lake,Gulshan Lake,Taltola Shooting Complex,30.0,140.0,27.0,3.5,365.0,93.0,,174.0,143.0,,7.24
2021,7,urban_lake,Gulshan Lake,United Hospital,30.0,100.0,23.0,3.3,342.0,98.0,,176.0,138.0,,7.21
2021,7,urban_lake,Hatir Jheel,FDC More Bridge,8.0,28.0,44.0,5.02,469.0,44.0,,243.0,143.0,106.0,7.12
2021,7,urban_lake,Hatir Jheel,Raampura Bridge,16.0,108.0,40.0,8.54,417.0,80.0,,205.0,127.0,211.0,7.28
2021,8,river,Balu,Jolshiri Abason,20.0,48.0,17.0,4.15,177.0,8.0,,95.0,81.0,,7.7
2021,8,river,Balu,Trimohoni Bridge,19.0,42.0,15.0,0.59,147.0,95.0,,78.0,200.0,,7.77
2021,8,river,Bhairab,"Basundia Bazar, Aladipur",,,1311.0,5.94,5245.0,,1.65,3246.0,,66.4,7.3
2021,8,river,Bhairab,"Fultala Ghat, Dhulgram",,,1630.0,6.13,3260.0,,1.84,1512.0,,65.7,8.5
2021,8,river,Bhairab,Noapara Ferry Ghat,,,982.0,5.87,3931.0,,1.94,1960.0,,67.3,7.38
2021,8,river,Bhairab,Noapara Jafarpur,,,403.0,6.5,1620.0,,1.61,810.0,,76.5,7.33
2021,8,river,Brahmaputra,JamalpurRail Bridge,3.0,,10.0,6.7,,480.0,,480.0,,,7.82
2021,8,river,Brahmaputra,"Rail Bridge, Shamvoganj",2.0,,9.0,6.2,,307.0,,307.0,,,8.03
2021,8,river,Buriganga,B.C.F.B,28.0,62.0,15.0,3.21,161.0,37.0,,85.0,58.0,,7.58
2021,8,river,Buriganga,Bosila Bridge,30.0,54.0,14.0,4.64,155.0,44.0,,82.0,63.0,,7.98
2021,8,river,Buriganga,Chandni Ghat,32.0,60.0,14.0,3.13,159.0,22.0,,85.0,63.0,,7.55
2021,8,river,Buriganga,Hazaribagh,32.0,62.0,15.0,4.23,175.0,21.0,,93.0,59.0,,7.61
2021,8,river,Buriganga,Mirpur Bridge,33.0,60.0,15.0,4.68,188.0,151.0,,89.0,52.0,,7.6
2021,8,river,Buriganga,Pagla,24.0,64.0,15.0,3.29,185.0,39.0,,98.0,64.0,,7.99
2021,8,river,Buriganga,Satmosjid Road,28.0,68.0,20.0,0.44,294.0,21.0,,157.0,61.0,,7.9
2021,8,river,Dhaleshwari,Hazratpur,14.0,56.0,8.0,7.2,143.0,77.0,,80.0,60.0,,7.7
2021,8,river,Dhaleshwari,Mukterpur,12.0,44.0,9.0,4.9,165.0,24.0,,89.0,84.0,,7.72
2021,8,river,Dhaleshwari,Pathorghata,4.0,12.0,,5.1,,26.0,,72.3,64.0,,6.94
2021,8,river,Dhaleshwari,Ruhitpur,14.0,58.0,9.0,7.0,147.0,85.0,,82.0,62.0,,7.72
2021,8,river,Dhaleshwari,Sirajnagor,,,,,137.0,,,,,,
2021,8,river,Dhaleshwari,Utorro Mitra,10.0,30.0,6.0,5.5,152.0,18.0,,74.2,66.0,,7.45
2021,8,river,Halda,Garduara Sluice gate,4.0,15.0,,5.34,,142.0,,51.3,,,7.55
2021,8,river,Halda,Halda Bridge,6.0,18.0,,5.52,,113.0,,66.3,,,7.72
2021,8,river,Halda,Maduna Ghat,4.0,16.0,,5.74,,105.0,,,,,7.62
2021,8,river,Jamuna,Horipur Kheya Ghat (DN),2.3,,10.0,7.64,,34.0,,124.0,,,7.68
2021,8,river,Jamuna,Horipur Kheya Ghat (UP),2.3,,10.0,7.64,,34.0,,124.0,,,7.68
2021,8,river,Jamuna,Jamuna Eco Park (DN),2.3,,11.0,7.58,,38.0,,127.0,,,7.58
2021,8,river,Jamuna,Jamuna Eco Park (UP),2.3,,11.0,7.58,,38.0,,127.0,,,7.58
2021,8,river,Jamuna,Kakua,15.0,,5.0,7.5,,428.0,,75.0,,,7.65
2021,8,river,Jamuna,Mohonganj (DN),2.3,,11.0,7.64,,36.0,,126.0,,,7.62
2021,8,river,Jamuna,Mohonganj (UP),2.3,,11.0,7.64,,36.0,,126.0,,,7.62
2021,8,river,Jamuna,Sarkarkhana,12.0,,5.0,6.8,,440.0,,74.3,,,7.56
2021,8,river,Kaligonga,Bheutha Ghat,3.0,,14.0,7.2,,8.0,,75.0,,,7.39
2021,8,river,Karnaphuli,CUFL,25.0,96.0,,7.66,,205.0,,1385.0,,,7.3
2021,8,river,Karnaphuli,Kalurghat Bridge,7.0,20.0,,7.34,,63.0,,167.0,,,7.53
2021,8,river,Karnaphuli,Karnafully Paper,15.0,38.0,,7.63,,52.0,,123.0,,,7.58
2021,8,river,Karnaphuli,Mariam Nagar,6.0,18.0,,7.12,,64.0,,149.0,,,7.69
2021,8,river,Karnaphuli,Shikalbaha,13.0,,,7.64,,97.0,,1260.0,,,7.63
2021,8,river,Karnaphuli,TSP,23.0,74.0,,7.74,,137.0,,1256.0,,,7.31
2021,8,river,Kirtankhola,Dopdopia Kheyaghat (M),,,,5.2,4376.0,,,2188.0,,,8.1
2021,8,river,Kirtankhola,Dopdopia Kheyaghat (S),,,,5.4,4620.0,,,2310.0,,,8.3
2021,8,river,Kirtankhola,Kaower Char (M),,,,4.0,3368.0,,,1684.0,,,7.8
2021,8,river,Kirtankhola,Kaower Char (S),,,,4.2,3422.0,,,1711.0,,,7.6
2021,8,river,Kirtankhola,Launch Ghat (M),,,,3.4,3288.0,,,1644.0,,,8.0
2021,8,river,Kirtankhola,Launch Ghat (S),,,,3.2,3390.0,,,1695.0,,,7.8
2021,8,river,Korotoa,Aziz Ahmed Taki Road (Down),3.1,,,6.6,268.0,46.0,,134.0,,,7.26
2021,8,river,Korotoa,Aziz Ahmed Taki Road (UP),3.1,,,6.6,268.0,46.0,,134.0,,,7.26
2021,8,river,Korotoa,Dottobari Bridge (Down),3.0,,,6.8,280.0,48.0,,140.0,,,7.24
2021,8,river,Korotoa,Dottobari Bridge (UP),3.0,,,6.8,280.0,48.0,,140.0,,,7.24
2021,8,river,Korotoa,Sultanganj- Gabtoli (DN),3.2,,,6.7,276.0,50.0,,138.0,,,7.16
2021,8,river,Korotoa,Sultanganj- Gabtoli (UP),3.2,,,6.7,276.0,50.0,,138.0,,,7.16
2021,8,river,Kushiara,Fcnchuganj Bridge Point,,,,,,,,,,,7.22
2021,8,river,Kushiara,Fenchuganj Bridge Point,2.6,21.0,,7.25,116.2,,,54.0,,,
2021,8,river,Lohalia,Patuakhali L.G (M),,,,,2188.0,,,1094.0,,,
2021,8,river,Lohalia,Patuakhali L.G (S),,,,,2210.0,,,1106.0,,,
2021,8,river,Lohalia,Patuakhali Launch Ghat (M),,,,,,,,,,,8.0
2021,8,river,Lohalia,Patuakhali Launch Ghat (S),,,,,,,,,,,8.2
2021,8,river,Mathavanga,Dorshona Railway,,,,,,,,,,41.0,
2021,8,river,Mathavanga,Dorshona Railway Junction,,,29.0,6.8,1200.0,,0.05,1410.0,,,7.44
2021,8,river,Meghna,Bairob Ferry Ghat,10.0,,6.0,6.5,,11.0,,27.0,,,7.31
2021,8,river,Meghna,Bish Nondi Ghat,4.2,,6.0,7.18,,20.0,,30.0,,,8.15
2021,8,river,Meghna,Meghna Ghat,10.0,,5.0,7.2,,12.0,,23.0,,,7.36
2021,8,river,Meghna,Narshingdi Launch Ghat,4.2,,11.0,5.7,,20.0,,44.0,,,7.51
2021,8,river,Moyuri,Buro Moulavir Darga,,,150.0,0.0,327.0,,0.25,255.0,,50.1,7.6
2021,8,river,Moyuri,Doshgate Jalma,,,1410.0,6.6,5540.0,,1.25,2820.0,,52.2,7.2
2021,8,river,Moyuri,Shoshan Ghat,,,260.0,3.2,304.0,,0.24,244.0,,52.0,7.82
2021,8,river,Padma,Barha Ghat,8.0,,,5.0,138.0,103.0,,77.0,,,7.78
2021,8,river,Pashur,Banishanta,,,2573.0,6.2,298.0,,,3701.0,,76.3,7.97
2021,8,river,Pashur,"Banishanta, Mongla",,,,,,,3.13,,,,
2021,8,river,Pashur,Batiaghata By Pass,,,2524.0,5.24,225.0,,4.1,4012.0,,65.1,8.1
2021,8,river,Pashur,Rampal Power Plant,,,922.0,5.79,501.0,,0.24,241.0,,75.3,8.15
2021,8,river,Rupsa,Kalibari Ghat (M),,,980.0,5.3,198.0,72.0,0.09,,,74.4,8.08
2021,8,river,Rupsa,Rupsa Ghat (M),,,1212.0,4.2,111.0,75.0,1.91,,,72.3,8.53
2021,8,river,Shitalakhya,Gorashal,16.0,34.0,12.0,3.6,126.0,35.0,,64.0,56.0,,6.54
2021,8,river,Shitalakhya,Majira Demra Ghat,18.0,38.0,14.0,5.9,131.0,29.0,,70.0,20.0,,7.84
2021,8,river,Shitalakhya,Murapara (Rupgonj),17.0,36.0,29.0,5.5,452.0,28.0,,246.0,54.0,,7.54
2021,8,river,Shitalakhya,Port Road,12.0,32.0,19.0,2.8,154.0,37.0,,83.0,74.0,,7.31
2021,8,river,Surma,Chhatak,2.9,24.0,,7.25,132.8,,,58.0,,,6.76
2021,8,river,Surma,Mendibag Point,3.3,23.0,,6.83,127.2,,,49.0,,,6.69
2021,8,river,Surma,Sheaik Ghat,3.2,22.0,,7.17,129.6,,,54.0,,,6.75
2021,8,river,Teesta,Nohali Sapmari (Dn),2.2,,10.0,7.64,,38.0,,124.0,,,7.72
2021,8,river,Teesta,Nohali Sapmari (Up),2.2,,10.0,7.64,,38.0,,124.0,,,7.72
2021,8,river,Teesta,Teesta Barrage (Dn),2.3,,10.0,7.7,,40.0,,128.0,,,7.78
2021,8,river,Teesta,Teesta Barrage (Up),2.3,,10.0,7.7,,40.0,,128.0,,,7.78
2021,8,river,Teesta,Teesta Bridge (Dn),2.3,,10.0,7.72,,40.0,,129.0,,,7.8
2021,8,river,Teesta,Teesta Bridge (Up),2.3,,10.0,7.72,,40.0,,129.0,,,7.8
2021,8,river,Turag,Ashulia,28.0,56.0,14.0,6.45,161.0,67.0,,82.0,60.0,,6.42
2021,8,river,Turag,Kaliakoir,22.0,48.0,12.0,6.95,135.0,307.0,,68.0,55.0,,6.5
2021,8,river,Turag,Nama Bazar,23.0,66.0,14.0,6.8,164.0,156.0,,83.0,61.0,,6.43
2021,8,river,Turag,Turag Bridge,25.0,57.0,13.0,6.25,155.0,67.0,,79.0,58.0,,6.5
2021,8,river,Turag,Vawal,16.0,44.0,14.0,6.83,165.0,158.0,,83.0,59.0,,6.66
2021,8,urban_lake,Dhanmondi Lake,8 No. Road Bridge,6.0,10.0,34.0,5.0,235.0,8.0,,122.0,93.0,,6.96
2021,8,urban_lake,Dhanmondi Lake,Near Dhanmondi- Road No 28,6.0,12.0,29.0,5.5,285.0,6.0,,149.0,99.0,,6.87
2021,8,urban_lake,Dhanmondi Lake,Near Dhanmondi-32 Bridge,6.0,14.0,32.0,6.0,253.0,11.0,,133.0,90.0,,6.9
2021,8,urban_lake,Dhanmondi Lake,Near Gigatola Pilkhana More,8.0,22.0,30.0,8.2,309.0,9.0,,159.0,92.0,,7.09
2021,8,urban_lake,Gulshan Lake,Lake View Clinic,18.0,78.0,31.0,4.1,378.0,102.0,,198.3,149.0,,6.96
2021,8,urban_lake,Gulshan Lake,South Bridge,20.0,46.0,29.0,4.4,375.0,105.0,,198.0,111.0,,6.97
2021,8,urban_lake,Gulshan Lake,Taltola Shooting Complex,18.0,63.0,30.0,3.4,437.0,52.0,,229.0,150.0,,6.94
2021,8,urban_lake,Gulshan Lake,United Hospital,22.0,49.0,25.0,3.5,378.0,95.0,,198.4,144.0,,6.97
2021,8,urban_lake,Hatir Jheel,FDC More Bridge,15.0,46.0,40.0,0.0,514.0,72.0,,274.0,193.0,,6.74
2021,8,urban_lake,Hatir Jheel,Raampura Bridge,10.0,44.0,39.0,1.1,494.0,64.0,,259.0,184.0,,6.82
2021,9,river,Balu,Jolshiri Abason,6.8,17.0,15.0,5.9,178.0,18.0,,94.0,78.0,7.91,6.55
2021,9,river,Balu,Trimohoni Bridge,6.2,20.0,19.0,3.4,243.0,81.0,,127.0,80.0,7.82,6.65
2021,9,river,Bhairab,"Basundia Bazar, Aladipur",,,131.0,5.75,180.0,,0.8,86.0,,66.4,8.65
2021,9,river,Bhairab,"Fultala Ghat, Dhulgram",,,163.0,5.51,173.0,,0.8,83.0,,64.7,8.14
2021,9,river,Bhairab,Noapara Ferry Ghat,,,982.0,5.31,147.0,,0.07,70.0,,67.3,8.47
2021,9,river,Bhairab,Noapara Jafarpur,,,405.0,5.34,185.0,,0.09,88.0,,75.5,8.25
2021,9,river,Buriganga,B.C.F.B,8.0,19.0,14.5,5.69,205.9,8.0,,86.0,67.0,20.8,7.19
2021,9,river,Buriganga,Bosila Bridge,8.0,22.0,13.5,5.78,204.2,11.0,,84.9,61.0,28.9,6.92
2021,9,river,Buriganga,Chandni Ghat,8.0,22.0,19.0,5.67,199.2,18.0,,82.2,64.0,24.4,7.33
2021,9,river,Buriganga,Hazaribagh,10.0,29.0,14.5,5.94,203.3,38.0,,84.7,70.0,25.4,7.13
2021,9,river,Buriganga,Mirpur Bridge,10.0,34.0,16.5,5.54,201.7,16.0,,83.5,64.0,19.9,6.61
2021,9,river,Buriganga,Pagla,10.0,27.0,15.0,5.63,209.7,16.0,,88.0,62.0,27.9,7.23
2021,9,river,Buriganga,Satmosjid Road,8.0,29.0,17.5,5.85,201.7,9.0,,84.2,59.0,25.6,7.32
2021,9,river,Dhaleshwari,Hazratpur,8.0,20.0,30.0,5.5,477.0,12.0,,279.0,281.0,,8.0
2021,9,river,Dhaleshwari,Mukterpur,14.0,70.0,8.0,2.1,162.0,121.0,,86.0,80.0,,7.28
2021,9,river,Dhaleshwari,Ruhitpur,10.0,22.0,32.0,5.8,482.0,5.0,,284.0,256.0,,7.79
2021,9,river,Halda,Garduara Sluice gate,3.0,9.0,,5.85,,63.0,,53.3,,,7.02
2021,9,river,Halda,Halda Bridge,4.0,12.0,,5.38,,37.0,,69.1,,,7.61
2021,9,river,Halda,Maduna Ghat,3.0,10.0,,5.76,,76.0,,,,,7.12
2021,9,river,Jamuna,Horipur Kheya Ghat (DN),2.2,,10.0,7.72,,38.0,,124.0,,,7.7
2021,9,river,Jamuna,Horipur Kheya Ghat (UP),2.2,,10.0,7.72,,38.0,,124.0,,,7.7
2021,9,river,Jamuna,Jamuna Eco Park (DN),2.3,,11.0,7.62,,36.0,,128.0,,,7.52
2021,9,river,Jamuna,Jamuna Eco Park (UP),2.3,,11.0,7.62,,36.0,,128.0,,,7.52
2021,9,river,Jamuna,Mohonganj (DN),2.2,,11.0,7.64,,38.0,,126.0,,,7.54
2021,9,river,Jamuna,Mohonganj (UP),2.2,,11.0,7.64,,38.0,,126.0,,,7.54
2021,9,river,Karnaphuli,CUFL,16.0,60.0,,9.7,,55.0,,392.0,,,7.32
2021,9,river,Karnaphuli,Kalurghat Bridge,8.0,24.0,,7.47,,49.0,,210.0,,,7.53
2021,9,river,Karnaphuli,Karnafully Paper,13.0,32.0,,7.48,,63.0,,142.0,,,7.58
2021,9,river,Karnaphuli,Mariam Nagar,7.0,20.0,,7.42,,67.0,,214.0,,,7.69
2021,9,river,Karnaphuli,Shikalbaha,9.0,,,7.45,,120.0,,390.0,,,7.63
2021,9,river,Karnaphuli,TSP,13.0,41.0,,6.58,,62.0,,70.6,,,7.68
2021,9,river,Khakshiali,Boshontopur,,,203.0,3.7,1306.0,70.0,,645.0,,90.0,8.45
2021,9,river,Khakshiali,Kaliganj Bazar,,,205.0,4.4,1299.0,67.0,,644.0,,89.0,7.87
2021,9,river,Khakshiali,Uzirpur,,,209.0,4.7,1984.0,68.0,,100.0,,87.0,8.03
2021,9,river,Korotoa,Aziz Ahmed Taki Road (Down),4.0,,,4.94,296.0,54.0,,148.0,,,7.02
2021,9,river,Korotoa,Aziz Ahmed Taki Road (UP),4.0,,,4.94,296.0,54.0,,148.0,,,7.02
2021,9,river,Korotoa,Dottobari Bridge (Down),4.1,,,4.88,310.0,56.0,,155.0,,,7.12
2021,9,river,Korotoa,Dottobari Bridge (UP),4.1,,,4.88,310.0,56.0,,155.0,,,7.12
2021,9,river,Korotoa,Sultanganj- Gabtoli (DN),4.1,,,5.12,308.0,58.0,,154.0,,,7.04
2021,9,river,Korotoa,Sultanganj- Gabtoli (UP),4.1,,,5.12,308.0,58.0,,154.0,,,7.04
2021,9,river,Kushiara,Fcnchuganj Bridge Point,,,,,,,,,,,7.26
2021,9,river,Kushiara,Fenchuganj Bridge Point,3.6,18.0,,6.7,96.8,,,54.0,,,
2021,9,river,Lohalia,Patuakhali L.G (M),,,,5.8,,,,,,,
2021,9,river,Lohalia,Patuakhali L.G (S),,,,6.0,,,,,,,
2021,9,river,Mathavanga,Dorshona Railway,,,,,,,,,,41.0,
2021,9,river,Mathavanga,Dorshona Railway Junction,,,30.0,5.4,203.0,,0.09,96.0,,,8.51
2021,9,river,Meghna,Annando Bazar,2.0,,5.0,5.9,,22.0,,35.2,,,6.48
2021,9,river,Meghna,Bairob Ferry Ghat,4.0,,7.0,6.3,,14.0,,37.2,,,7.42
2021,9,river,Meghna,Bish Nondi Ghat,10.0,,4.5,7.56,,2.0,,36.9,,,6.79
2021,9,river,Meghna,Meghna Ghat,8.0,,9.0,4.5,,19.0,,43.8,,,6.41
2021,9,river,Moyuri,Buro Moulavir Darga,,,152.0,6.2,442.0,,0.22,221.0,,50.2,7.66
2021,9,river,Moyuri,Doshgate Jalma,,,141.0,0.2,131.0,,0.6,63.0,,52.0,8.2
2021,9,river,Moyuri,Shoshan Ghat,,,262.0,5.3,497.0,,0.24,240.0,,52.5,7.9
2021,9,river,Pashur,Banishanta,,,256.0,5.95,134.0,,,85.0,,75.3,8.19
2021,9,river,Pashur,"Banishanta, Mongla",,,,,,,0.08,,,,
2021,9,river,Pashur,Batiaghata By Pass,,,252.0,6.1,178.0,,0.06,64.0,,64.1,8.25
2021,9,river,Pashur,Rampal Power Plant,,,725.0,5.94,180.0,,0.07,84.0,,74.3,8.18
2021,9,river,Rupsa,"Charer Hat, Sulpur Aijgati (M)",,,370.0,5.9,130.0,64.0,0.06,,,71.04,8.41
2021,9,river,Rupsa,Kalibari Ghat (M),,,380.0,5.8,129.0,60.0,0.06,,,73.4,8.52
2021,9,river,Rupsa,Rupsa Ghat (M),,,385.0,4.8,215.0,63.0,0.1,,,72.0,8.22
2021,9,river,Shitalakhya,Gorashal,4.0,12.0,16.0,6.4,389.0,12.0,,79.0,73.0,,7.21
2021,9,river,Shitalakhya,Majira Demra Ghat,8.0,24.0,9.0,6.1,156.6,38.0,,82.5,29.0,,6.57
2021,9,river,Shitalakhya,Murapara (Rupgonj),12.0,46.0,8.5,6.5,142.6,138.0,,75.9,50.0,,6.58
2021,9,river,Shitalakhya,Port Road,10.0,30.0,19.0,4.5,422.0,16.0,,158.0,84.0,,6.98
2021,9,river,Surma,Chhatak,2.4,15.0,,7.28,132.2,,,56.0,,,6.79
2021,9,river,Surma,Mendibag Point,2.2,13.0,,6.81,126.4,,,51.0,,,6.68
2021,9,river,Surma,Sheaik Ghat,2.7,18.0,,7.13,129.3,,,54.0,,,6.72
2021,9,river,Teesta,Nohali Sapmari (Dn),2.2,,10.0,7.68,,38.0,,123.0,,,7.56
2021,9,river,Teesta,Nohali Sapmari (Up),2.2,,10.0,7.68,,38.0,,123.0,,,7.56
2021,9,river,Teesta,Teesta Barrage (Dn),2.3,,10.0,7.88,,40.0,,128.0,,,7.96
2021,9,river,Teesta,Teesta Barrage (Up),2.3,,10.0,7.88,,40.0,,128.0,,,7.96
2021,9,river,Teesta,Teesta Bridge (Dn),2.3,,10.0,7.84,,42.0,,132.0,,,7.9
2021,9,river,Teesta,Teesta Bridge (Up),2.3,,10.0,7.84,,42.0,,132.0,,,7.9
2021,9,river,Turag,Ashulia,14.0,50.0,13.0,5.35,166.0,64.0,,82.0,63.0,,7.11
2021,9,river,Turag,Kaliakoir,10.0,32.0,14.0,5.1,176.0,322.0,,94.0,62.0,,6.98
2021,9,river,Turag,Nama Bazar,10.0,32.0,12.0,6.21,154.0,123.0,,76.0,58.0,,7.12
2021,9,river,Turag,Turag Bridge,12.0,48.0,14.0,5.21,165.0,60.0,,84.0,55.0,,7.08
2021,9,river,Turag,Vawal,12.0,56.0,14.0,5.44,176.0,146.0,,97.0,68.0,,7.32
2021,9,urban_lake,Dhanmondi Lake,8 No. Road Bridge,8.0,54.0,26.0,2.9,274.0,4.0,,145.9,89.0,2.25,6.54
2021,9,urban_lake,Dhanmondi Lake,Near Dhanmondi- Road No 28,6.0,27.0,20.5,3.8,235.0,1.0,,120.9,72.0,7.35,6.73
2021,9,urban_lake,Dhanmondi Lake,Near Dhanmondi-32 Bridge,8.0,48.0,23.5,,249.0,1.0,,129.8,86.0,5.37,6.64
2021,9,urban_lake,Dhanmondi Lake,Near Gigatola Pilkhana More,12.0,90.0,20.0,4.5,229.0,3.0,,121.0,87.0,6.05,6.7
2021,9,urban_lake,Gulshan Lake,Lake View Clinic,32.0,110.0,33.5,3.0,393.0,104.0,,206.8,120.0,40.2,6.94
2021,9,urban_lake,Gulshan Lake,South Bridge,30.0,97.0,32.5,4.8,389.0,110.0,,204.4,89.0,41.0,6.96
2021,9,urban_lake,Gulshan Lake,Taltola Shooting Complex,25.0,78.0,36.0,3.7,439.0,40.0,,236.0,83.0,19.4,6.85
2021,9,urban_lake,Gulshan Lake,United Hospital,32.0,120.0,33.5,3.8,394.0,119.0,,206.7,81.0,43.0,6.92
2021,9,urban_lake,Hatir Jheel,FDC More Bridge,12.0,46.0,41.5,0.0,498.0,58.0,,267.0,174.0,32.0,6.64
2021,9,urban_lake,Hatir Jheel,Raampura Bridge,30.0,149.0,40.5,0.0,497.0,56.0,,267.0,104.0,33.0,6.86
2021,10,river,Bhairab,"Basundia Bazar, Aladipur",,,132.0,4.8,206.0,,0.1,97.6,,67.4,8.49
2021,10,river,Bhairab,"Fultala Ghat, Dhulgram",,,162.0,2.7,228.0,,0.1,101.0,,64.5,8.3
2021,10,river,Bhairab,Noapara Ferry Ghat,,,980.0,3.8,193.0,,0.09,91.7,,68.3,8.36
2021,10,river,Bhairab,Noapara Jafarpur,,,406.0,2.6,207.9,,0.1,99.1,,75.0,8.31
2021,10,river,Ganges,Gorai off Take,1.0,,46.0,8.76,168.0,50.0,,82.0,,48.4,8.24
2021,10,river,Gorai,Kamarkhali Bridge,1.3,,72.0,6.37,114.3,55.0,,54.0,,75.0,8.82
2021,10,river,Halda,Garduara Sluice gate,4.0,13.0,,5.4,,45.0,,46.0,,,7.35
2021,10,river,Halda,Halda Bridge,5.0,12.0,,6.12,,98.0,,49.3,,,7.56
2021,10,river,Halda,Maduna Ghat,5.0,15.0,,5.49,,67.0,,,,,7.43
2021,10,river,Jamuna,Horipur Kheya Ghat (DN),2.2,,10.0,7.66,,38.0,,123.0,,,7.7
2021,10,river,Jamuna,Horipur Kheya Ghat (UP),2.2,,10.0,7.66,,38.0,,123.0,,,7.7
2021,10,river,Jamuna,Jamuna Eco Park (DN),2.3,,11.0,77.6,,42.0,,131.0,,,7.48
2021,10,river,Jamuna,Jamuna Eco Park (UP),2.3,,11.0,7.6,,42.0,,131.0,,,7.48
2021,10,river,Jamuna,Mohonganj (DN),2.2,,11.0,7.66,,38.0,,127.0,,,7.54
2021,10,river,Jamuna,Mohonganj (UP),2.2,,11.0,7.66,,38.0,,127.0,,,7.54
2021,10,river,Khakshiali,Boshontopur,9.0,,205.0,3.7,599.0,70.0,,289.0,,89.0,8.23
2021,10,river,Khakshiali,Kaliganj Bazar,10.0,,203.0,3.5,588.0,68.0,,285.0,,90.0,8.2
2021,10,river,Khakshiali,Uzirpur,9.0,,210.0,3.5,1810.0,69.0,,906.0,,88.0,8.18
2021,10,river,Kirtankhola,Dopdopia Kheyaghat (M),,,,6.1,3692.0,,,1847.0,,,8.2
2021,10,river,Kirtankhola,Dopdopia Kheyaghat (S),,,,5.8,3680.0,,,1840.0,,,7.9
2021,10,river,Kirtankhola,Kaower Char (M),,,,6.0,4872.0,,,2438.0,,,8.4
2021,10,river,Kirtankhola,Kaower Char (S),,,,6.2,4826.0,,,2413.0,,,8.1
2021,10,river,Kirtankhola,Launch Ghat (M),,,,6.0,2538.0,,,1270.0,,,7.2
2021,10,river,Kirtankhola,Launch Ghat (S),,,,5.8,2591.0,,,1297.0,,,7.4
2021,10,river,Korotoa,Aziz Ahmed Taki Road (Down),3.7,,,5.04,312.0,58.0,,156.0,,,7.08
2021,10,river,Korotoa,Aziz Ahmed Taki Road (UP),3.7,,,5.04,312.0,58.0,,156.0,,,7.08
2021,10,river,Korotoa,Dottobari Bridge (Down),3.6,,,4.8,320.0,60.0,,160.0,,,7.16
2021,10,river,Korotoa,Dottobari Bridge (UP),3.6,,,4.8,320.0,60.0,,160.0,,,7.16
2021,10,river,Korotoa,Sultanganj- Gabtoli (DN),3.8,,,5.1,328.0,56.0,,164.0,,,7.04
2021,10,river,Korotoa,Sultanganj- Gabtoli (UP),3.8,,,5.1,328.0,56.0,,164.0,,,7.04
2021,10,river,Kushiara,Fcnchuganj Bridge Point,,,,,,,,,,,7.22
2021,10,river,Kushiara,Fenchuganj Bridge Point,3.2,17.0,,6.71,97.8,,,53.0,,,
2021,10,river,Lohalia,Patuakhali L.G (M),,,,6.2,1818.0,,,910.0,,,
2021,10,river,Lohalia,Patuakhali L.G (S),,,,6.0,1736.0,,,870.0,,,
2021,10,river,Lohalia,Patuakhali Launch Ghat (M),,,,,,,,,,,7.9
2021,10,river,Lohalia,Patuakhali Launch Ghat (S),,,,,,,,,,,8.0
2021,10,river,Mathavanga,Dorshona Railway,,,,,,,,,,45.0,
2021,10,river,Mathavanga,Dorshona Railway Junction,2.2,,65.0,3.2,163.0,,0.08,77.0,,,8.55
2021,10,river,Modhumoti,Dhalaitala,3.9,,28.0,4.5,176.0,42.0,,155.0,,55.0,7.49
2021,10,river,Moyuri,Buro Moulavir Darga,88.0,,155.0,0.3,522.0,,0.23,235.0,,49.0,8.01
2021,10,river,Moyuri,Doshgate Jalma,38.0,,269.0,2.6,339.0,,0.15,151.0,,51.4,7.66
2021,10,river,Moyuri,Shoshan Ghat,1.6,,269.0,4.1,368.0,,0.16,164.0,,51.4,7.94
2021,10,river,Pashur,Banishanta,2.0,,256.0,5.95,178.0,,,85.0,,75.3,8.25
2021,10,river,Pashur,"Banishanta, Mongla",,,,,,,0.08,,,,
2021,10,river,Pashur,Batiaghata By Pass,2.7,,249.0,5.6,237.0,,0.1,105.0,,63.1,8.4
2021,10,river,Pashur,Rampal Power Plant,1.9,,725.0,5.94,180.0,,0.07,84.0,,74.3,8.18
2021,10,river,Rupsa,"Charer Hat, Sulpur Aijgati (M)",3.3,,372.0,5.0,164.0,65.0,0.07,,,71.04,8.59
2021,10,river,Rupsa,"Gilatola, Nadan Pratap (M)",1.8,,66.0,3.5,182.0,75.0,0.08,,,70.4,8.56
2021,10,river,Rupsa,Kalibari Ghat (M),3.0,,368.0,5.3,126.0,59.0,0.06,,,75.4,8.73
2021,10,river,Rupsa,Rupsa Ghat (M),3.1,,386.0,5.2,137.0,62.0,0.06,,,75.0,8.79
2021,10,river,Surma,Chhatak,2.6,15.0,,7.26,133.2,,,54.0,,,7.76
2021,10,river,Surma,Mendibag Point,2.4,14.0,,6.89,128.1,,,52.0,,,6.79
2021,10,river,Surma,Sheaik Ghat,2.8,16.0,,7.21,131.9,,,56.0,,,6.71
2021,10,river,Teesta,Nohali Sapmari (Dn),2.2,,10.0,7.66,,44.0,,125.0,,,7.68
2021,10,river,Teesta,Nohali Sapmari (Up),2.2,,10.0,7.66,,44.0,,125.0,,,7.68
2021,10,river,Teesta,Teesta Barrage (Dn),2.3,,10.0,7.84,,42.0,,127.0,,,8.02
2021,10,river,Teesta,Teesta Barrage (Up),2.3,,10.0,7.84,,42.0,,127.0,,,8.02
2021,10,river,Teesta,Teesta Bridge (Dn),2.3,,10.0,7.86,,40.0,,132.0,,,7.9
2021,10,river,Teesta,Teesta Bridge (Up),2.3,,10.0,7.86,,40.0,,132.0,,,7.9
2021,10,river,Tetulia,Vadura Launch Ghat (M),,,,6.1,1240.0,,,622.0,,,7.8
2021,10,river,Tetulia,Vadura Launch Ghat (S),,,,6.4,1210.0,,,607.0,,,7.9
2021,11,river,Bhairab,"Basundia Bazar, Aladipur",2.1,,123.0,3.4,210.0,,0.1,101.2,,67.4,8.54
2021,11,river,Bhairab,"Fultala Ghat, Dhulgram",9.0,,125.0,3.77,208.0,,0.1,99.0,,67.0,8.07
2021,11,river,Bhairab,Noapara Ferry Ghat,0.9,,113.0,5.93,182.8,,0.09,87.1,,64.5,8.55
2021,11,river,Bhairab,Noapara Jafarpur,2.6,,125.0,4.2,217.7,,0.1,104.0,,69.0,8.09
2021,11,river,Ganges,Gorai off Take,1.1,,38.0,6.8,174.0,53.0,,86.0,,34.2,8.32
2021,11,river,Gorai,Kamarkhali Bridge,1.0,,75.0,6.64,112.0,52.0,,56.0,,48.0,7.95
2021,11,river,Halda,Garduara Sluice gate,5.0,14.0,,8.12,,24.0,,15.64,,,7.26
2021,11,river,Halda,Halda Bridge,4.0,10.0,,8.26,,15.0,,17.2,,,7.43
2021,11,river,Halda,Maduna Ghat,4.0,13.0,,8.07,,14.0,,,,,7.47
2021,11,river,Jamuna,Horipur Kheya Ghat (DN),2.2,,10.0,7.66,,36.0,,124.0,,,7.76
2021,11,river,Jamuna,Horipur Kheya Ghat (UP),2.2,,10.0,7.66,,36.0,,124.0,,,7.76
2021,11,river,Jamuna,Jamuna Eco Park (DN),2.3,,11.0,7.52,,40.0,,128.0,,,7.52
2021,11,river,Jamuna,Jamuna Eco Park (UP),2.3,,11.0,7.52,,40.0,,128.0,,,7.52
2021,11,river,Jamuna,Mohonganj (DN),2.2,,11.0,7.66,,38.0,,167.0,,,7.58
2021,11,river,Jamuna,Mohonganj (UP),2.2,,11.0,7.66,,38.0,,167.0,,,7.58
2021,11,river,Kalabodar,Kalabodar Ferry Ghat (M),,,,6.2,972.0,,,486.0,,,8.14
2021,11,river,Kalabodar,Kalabodar Ferry Ghat (S),,,,6.4,966.0,,,484.0,,,8.2
2021,11,river,Karnaphuli,CUFL,21.0,92.0,,7.87,,210.0,,6740.0,,,6.44
2021,11,river,Karnaphuli,Kalurghat Bridge,5.0,14.0,,7.87,,32.0,,142.0,,,7.35
2021,11,river,Karnaphuli,Karnafully Paper,5.0,14.0,,7.68,,59.0,,212.0,,,7.17
2021,11,river,Karnaphuli,Mariam Nagar,5.0,16.0,,7.49,,89.0,,198.0,,,7.11
2021,11,river,Karnaphuli,Shikalbaha,6.0,,,7.56,,87.0,,312.0,,,7.24
2021,11,river,Karnaphuli,TSP,17.0,54.0,,6.69,,178.0,,3710.0,,,6.69
2021,11,river,Khakshiali,Boshontopur,8.0,,375.0,3.7,523.0,69.0,,268.0,,88.0,8.2
2021,11,river,Khakshiali,Kaliganj Bazar,7.0,,363.0,3.4,512.0,68.0,,262.0,,90.0,8.18
2021,11,river,Khakshiali,Uzirpur,8.0,,762.0,3.7,1428.0,64.0,,734.0,,84.0,8.17
2021,11,river,Kirtankhola,Dopdopia Kheyaghat (M),,,,6.2,3884.0,,,936.0,,,8.14
2021,11,river,Kirtankhola,Dopdopia Kheyaghat (S),,,,6.1,3820.0,,,933.0,,,8.16
2021,11,river,Kirtankhola,Kaower Char (M),,,,6.2,5982.0,,,1228.0,,,8.1
2021,11,river,Kirtankhola,Kaower Char (S),,,,6.5,5938.0,,,1216.0,,,8.0
2021,11,river,Kirtankhola,Launch Ghat (M),,,,6.3,2698.0,,,1349.0,,,7.74
2021,11,river,Kirtankhola,Launch Ghat (S),,,,6.1,2732.0,,,1366.0,,,7.8
2021,11,river,Korotoa,Aziz Ahmed Taki Road (Down),3.9,,,4.86,308.0,56.0,,154.0,,,7.06
2021,11,river,Korotoa,Aziz Ahmed Taki Road (UP),3.9,,,4.86,308.0,56.0,,154.0,,,7.06
2021,11,river,Korotoa,Dottobari Bridge (Down),4.1,,,4.92,320.0,60.0,,160.0,,,7.1
2021,11,river,Korotoa,Dottobari Bridge (UP),4.1,,,4.92,320.0,60.0,,160.0,,,7.1
2021,11,river,Korotoa,Sultanganj- Gabtoli (DN),4.0,,,4.88,316.0,58.0,,158.0,,,7.04
2021,11,river,Korotoa,Sultanganj- Gabtoli (UP),4.0,,,4.88,316.0,58.0,,158.0,,,7.04
2021,11,river,Kushiara,Fcnchuganj Bridge Point,,,,,,,,,,,7.02
2021,11,river,Kushiara,Fenchuganj Bridge Point,3.1,16.0,,6.7,98.2,,,52.0,,,
2021,11,river,Lohalia,Patuakhali L.G (M),,,,,1228.0,,,614.0,,,
2021,11,river,Lohalia,Patuakhali L.G (S),,,,,1138.0,,,570.0,,,
2021,11,river,Lohalia,Patuakhali Launch Ghat (M),,,,,,,,,,,8.26
2021,11,river,Lohalia,Patuakhali Launch Ghat (S),,,,,,,,,,,8.22
2021,11,river,Mathavanga,Dorshona Railway,,,,,,,,,,40.0,
2021,11,river,Mathavanga,Dorshona Railway Junction,2.1,,135.0,5.02,226.0,,0.11,110.0,,,8.79
2021,11,river,Modhumoti,Dhalaitala,3.1,,50.0,4.8,174.0,48.0,,86.0,,52.1,7.45
2021,11,river,Moyuri,Buro Moulavir Darga,26.0,,325.0,3.91,540.0,,0.26,257.0,,49.2,8.03
2021,11,river,Moyuri,Doshgate Jalma,34.0,,225.0,2.56,350.0,,0.18,180.0,,51.1,7.7
2021,11,river,Moyuri,Shoshan Ghat,14.0,,325.0,2.65,540.0,,0.26,257.0,,50.2,8.05
2021,11,river,Pashur,Banishanta,1.5,,113.0,6.97,178.0,,,67.5,,75.8,8.57
2021,11,river,Pashur,"Banishanta, Mongla",,,,,,,0.09,,,,
2021,11,river,Pashur,Batiaghata By Pass,2.5,,250.0,5.09,415.0,,0.2,196.0,,61.2,8.1
2021,11,river,Pashur,Rampal Power Plant,1.1,,88.0,5.82,,,0.07,90.0,,74.0,8.22
2021,11,river,Rupsa,"Charer Hat, Sulpur Aijgati (M)",0.2,,123.0,7.01,205.6,65.0,0.1,,,71.04,8.15
2021,11,river,Rupsa,"Gilatola, Nadan Pratap (M)",1.0,,123.0,6.02,204.0,72.0,0.1,,,70.1,8.8
2021,11,river,Rupsa,Kalibari Ghat (M),3.0,,124.0,5.0,136.0,61.0,0.1,,,75.4,8.23
2021,11,river,Rupsa,Rupsa Ghat (M),2.1,,138.0,4.5,131.4,61.0,0.11,,,75.0,8.26
2021,11,river,Surma,Chhatak,2.5,14.0,,7.23,133.2,,,53.0,,,6.79
2021,11,river,Surma,Mendibag Point,2.3,13.0,,6.88,128.0,,,50.0,,,6.76
2021,11,river,Surma,Sheaik Ghat,2.7,15.0,,7.2,131.7,,,54.0,,,6.72
2021,11,river,Teesta,Nohali Sapmari (Dn),2.2,,10.0,7.66,,38.0,,129.0,,,7.62
2021,11,river,Teesta,Nohali Sapmari (Up),2.2,,10.0,7.66,,38.0,,129.0,,,7.62
2021,11,river,Teesta,Teesta Barrage (Dn),2.3,,10.0,7.92,,42.0,,138.0,,,7.82
2021,11,river,Teesta,Teesta Barrage (Up),2.3,,10.0,7.92,,42.0,,138.0,,,7.82
2021,11,river,Teesta,Teesta Bridge (Dn),2.3,,10.0,7.9,,44.0,,130.0,,,7.86
2021,11,river,Teesta,Teesta Bridge (Up),2.3,,10.0,7.9,,44.0,,130.0,,,7.86
2021,11,river,Tetulia,Vadura Launch Ghat (M),,,,6.2,1402.0,,,702.0,,,8.24
2021,11,river,Tetulia,Vadura Launch Ghat (S),,,,6.4,1388.0,,,695.0,,,8.16
2021,12,river,Balu,Jolshiri Abason,8.0,22.0,20.0,2.2,407.0,10.0,,218.0,102.0,8.43,6.91
2021,12,river,Balu,Trimohoni Bridge,40.0,119.0,39.0,1.5,723.0,79.0,,393.0,148.0,46.5,7.07
2021,12,river,Bhairab,"Basundia Bazar, Aladipur",3.1,,262.0,6.8,224.0,,0.21,108.0,,65.4,7.86
2021,12,river,Bhairab,"Fultala Ghat, Dhulgram",2.6,,75.0,5.1,134.0,,0.06,63.0,,60.5,8.12
2021,12,river,Bhairab,Noapara Ferry Ghat,5.3,,88.0,6.1,147.0,,0.07,70.0,,69.0,8.05
2021,12,river,Bhairab,Noapara Jafarpur,5.0,,88.0,6.2,149.0,,0.07,71.0,,70.0,8.15
2021,12,river,Buriganga,B.C.F.B,28.0,80.0,24.0,2.13,521.0,53.0,,285.0,164.0,38.6,7.28
2021,12,river,Buriganga,Bosila Bridge,14.0,37.0,24.0,1.51,514.0,37.0,,281.0,160.0,28.8,7.35
2021,12,river,Buriganga,Chandni Ghat,32.0,93.0,44.5,1.86,533.0,53.0,,290.0,202.0,36.9,7.32
2021,12,river,Buriganga,Fatullah,,,,1.3,,,,,,,
2021,12,river,Buriganga,Hazaribagh,16.0,39.0,20.0,1.54,524.0,59.0,,286.0,172.0,49.7,7.23
2021,12,river,Buriganga,Mirpur Bridge,40.0,119.0,24.5,1.72,524.0,44.0,,287.0,168.0,33.4,7.28
2021,12,river,Buriganga,Pagla,30.0,85.0,31.0,,561.0,47.0,,316.0,173.0,38.1,7.42
2021,12,river,Buriganga,Satmosjid Road,26.0,73.0,23.5,1.56,498.0,38.0,,276.0,159.0,22.4,7.27
2021,12,river,Dhaleshwari,Mukterpur,10.0,34.0,14.0,1.1,312.0,37.0,,165.0,88.0,,7.2
2021,12,river,Dhaleshwari,Pathorghata,12.0,32.0,,6.2,,25.0,,272.0,108.0,,7.64
2021,12,river,Dhaleshwari,Sirajnagor,,,,,520.0,,,,,,
2021,12,river,Dhaleshwari,Utorro Mitra,6.0,19.0,34.5,5.1,489.0,14.0,,295.0,190.0,,7.26
2021,12,river,Ganges,Gorai off Take,4.8,,87.5,7.8,150.0,51.0,,73.0,,34.0,8.24
2021,12,river,Gorai,Kamarkhali Bridge,3.8,,262.0,7.6,150.0,59.0,,81.4,,49.0,8.49
2021,12,river,Halda,Garduara Sluice gate,4.0,11.0,,7.44,,37.0,,38.0,,,7.34
2021,12,river,Halda,Halda Bridge,5.0,14.0,,7.22,,59.0,,64.2,,,7.45
2021,12,river,Halda,Maduna Ghat,4.0,17.0,,7.89,,46.0,,,,,7.49
2021,12,river,Jamuna,Horipur Kheya Ghat (DN),2.2,,10.0,7.68,,36.0,,121.0,,,7.76
2021,12,river,Jamuna,Horipur Kheya Ghat (UP),2.2,,10.0,7.68,,36.0,,121.0,,,7.76
2021,12,river,Jamuna,Jamuna Eco Park (DN),2.3,,11.0,7.6,,40.0,,128.0,,,7.54
2021,12,river,Jamuna,Jamuna Eco Park (UP),2.3,,11.0,7.6,,40.0,,128.0,,,7.54
2021,12,river,Jamuna,Mohonganj (DN),2.2,,11.0,7.66,,38.0,,124.0,,,7.58
2021,12,river,Jamuna,Mohonganj (UP),2.2,,11.0,7.66,,38.0,,124.0,,,7.58
2021,12,river,Jamuna,Sarkarkhana,26.0,,18.0,6.5,,12.0,,224.0,,,7.59
2021,12,river,Kaligonga,Bheutha Ghat,4.0,,15.0,7.6,,9.0,,259.0,,,7.55
2021,12,river,Karnaphuli,CUFL,19.0,76.0,,7.56,,197.0,,5432.0,,,6.14
2021,12,river,Karnaphuli,Kalurghat Bridge,4.0,15.0,,7.59,,48.0,,164.0,,,7.19
2021,12,river,Karnaphuli,Karnafully Paper,5.0,16.0,,7.61,,63.0,,189.0,,,7.37
2021,12,river,Karnaphuli,Mariam Nagar,5.0,15.0,,7.36,,112.0,,213.0,,,7.24
2021,12,river,Karnaphuli,Shikalbaha,5.0,,,7.21,,84.0,,432.0,,,7.41
2021,12,river,Karnaphuli,TSP,11.0,38.0,,6.29,,139.0,,3198.0,,,6.74
2021,12,river,Khakshiali,Boshontopur,1.0,,138.0,1.4,1942.0,82.0,,1089.0,,88.0,8.09
2021,12,river,Khakshiali,Kaliganj Bazar,6.1,,1375.0,8.7,1926.0,88.0,,1084.0,,90.0,7.69
2021,12,river,Khakshiali,Uzirpur,4.2,,1375.0,6.7,1945.0,87.0,,1093.0,,98.0,7.86
2021,12,river,Kirtankhola,Dopdopia Kheyaghat (M),,,,6.0,3862.0,,,1920.0,,,8.3
2021,12,river,Kirtankhola,Dopdopia Kheyaghat (S),,,,6.2,3822.0,,,1345.0,,,8.4
2021,12,river,Kirtankhola,Kaower Char (M),,,,6.2,5144.0,,,2573.0,,,8.32
2021,12,river,Kirtankhola,Kaower Char (S),,,,6.1,5088.0,,,2544.0,,,8.25
2021,12,river,Kirtankhola,Launch Ghat (M),,,,6.1,2688.0,,,1345.0,,,7.89
2021,12,river,Kirtankhola,Launch Ghat (S),,,,6.2,2720.0,,,1360.0,,,8.0
2021,12,river,Korotoa,Aziz Ahmed Taki Road (Down),4.2,,,5.0,332.0,54.0,,166.0,,,7.02
2021,12,river,Korotoa,Aziz Ahmed Taki Road (UP),4.2,,,5.0,332.0,54.0,,166.0,,,7.02
2021,12,river,Korotoa,Dottobari Bridge (Down),4.1,,,4.9,340.0,58.0,,170.0,,,7.04
2021,12,river,Korotoa,Dottobari Bridge (UP),4.1,,,4.9,340.0,58.0,,170.0,,,7.04
2021,12,river,Korotoa,Sultanganj- Gabtoli (DN),4.0,,,5.1,320.0,56.0,,160.0,,,6.98
2021,12,river,Korotoa,Sultanganj- Gabtoli (UP),4.0,,,5.1,320.0,56.0,,160.0,,,6.98
2021,12,river,Kushiara,Fcnchuganj Bridge Point,,,,,,,,,,,6.91
2021,12,river,Kushiara,Fenchuganj Bridge Point,2.6,15.0,,7.2,119.4,,,59.0,,,
2021,12,river,Lohalia,Patuakhali L.G (M),,,,5.7,,,,,,,
2021,12,river,Lohalia,Patuakhali L.G (S),,,,5.8,,,,,,,
2021,12,river,Mathavanga,Dorshona Railway,,,,,,,,,,38.0,
2021,12,river,Mathavanga,Dorshona Railway Junction,2.7,,175.0,5.4,304.0,,0.14,146.0,,,7.95
2021,12,river,Meghna,Annando Bazar,3.0,,7.0,7.2,,9.0,,48.0,,,7.14
2021,12,river,Meghna,Bairob Ferry Ghat,3.0,,8.5,6.5,,16.0,,44.0,,,6.89
2021,12,river,Meghna,Bish Nondi Ghat,6.0,,7.0,5.8,,15.0,,60.0,,,7.39
2021,12,river,Meghna,Meghna Ghat,3.0,,10.0,6.0,,18.0,,66.0,,,7.23
2021,12,river,Padma,Barha Ghat,4.0,,,6.6,207.0,93.0,,111.0,,,8.01
2021,12,river,Padma,Mawa ferry Ghat,3.0,,,8.6,240.0,67.0,,128.0,,,7.74
2021,12,river,Pashur,Banishanta,3.2,,138.0,6.0,244.0,,,116.0,,78.8,7.85
2021,12,river,Pashur,"Banishanta, Mongla",,,,,,,0.11,,,,
2021,12,river,Pashur,Rampal Power Plant,1.9,,150.0,4.8,238.0,,0.12,118.4,,74.0,8.64
2021,12,river,Rupsa,"Gilatola, Nadan Pratap (M)",2.8,,125.0,5.2,212.5,68.0,0.1,,,75.4,7.21
2021,12,river,Rupsa,Kalibari Ghat (M),3.1,,87.5,5.4,141.0,65.0,0.07,,,74.4,7.17
2021,12,river,Rupsa,Rupsa Ghat (M),2.5,,75.0,5.5,136.0,57.0,0.06,,,70.8,8.1
2021,12,river,Shitalakhya,Gorashal,8.0,29.0,14.0,4.5,331.0,29.0,,185.0,76.0,,7.68
2021,12,river,Shitalakhya,Majira Demra Ghat,12.0,34.0,15.0,3.0,431.0,33.0,,242.0,39.0,,7.28
2021,12,river,Shitalakhya,Murapara (Rupgonj),8.0,30.0,20.0,4.0,510.0,36.0,,222.0,82.0,,7.56
2021,12,river,Shitalakhya,Port Road,10.0,32.0,24.0,3.4,550.0,38.0,,296.0,102.0,,7.31
2021,12,river,Surma,Chhatak,2.3,14.0,,7.19,134.3,,,52.0,,,6.76
2021,12,river,Surma,Mendibag Point,2.9,16.0,,8.55,127.7,,,68.4,,,6.88
2021,12,river,Surma,Sheaik Ghat,2.8,18.0,,8.23,132.9,,,69.2,,,6.92
2021,12,river,Teesta,Nohali Sapmari (Dn),2.2,,10.0,7.68,,37.0,,123.0,,,7.62
2021,12,river,Teesta,Nohali Sapmari (Up),2.2,,10.0,7.68,,37.0,,123.0,,,7.62
2021,12,river,Teesta,Teesta Barrage (Dn),2.3,,10.0,7.9,,42.0,,128.0,,,7.8
2021,12,river,Teesta,Teesta Barrage (Up),2.3,,10.0,7.9,,42.0,,128.0,,,7.8
2021,12,river,Teesta,Teesta Bridge (Dn),2.3,,10.0,7.88,,44.0,,132.0,,,79.0
2021,12,river,Teesta,Teesta Bridge (Up),2.3,,10.0,7.88,,44.0,,132.0,,,7.9
2021,12,river,Turag,Ashulia,8.0,22.0,34.5,0.5,455.0,27.0,,257.0,100.0,,7.28
2021,12,river,Turag,Kaliakoir,12.0,36.0,12.0,2.1,296.0,13.0,,160.0,86.0,,7.6
2021,12,river,Turag,Nama Bazar,8.0,28.0,31.0,1.2,560.0,22.0,,319.0,109.0,,7.53
2021,12,river,Turag,Turag Bridge,18.0,51.0,36.0,2.3,422.0,20.0,,240.0,104.0,,7.14
2021,12,river,Turag,Vawal,8.0,28.0,14.0,3.2,300.0,13.0,,162.0,86.0,,7.12
2021,12,urban_lake,Dhanmondi Lake,8 No. Road Bridge,28.0,58.0,28.0,3.0,324.0,28.0,,162.2,88.0,4.5,6.85
2021,12,urban_lake,Dhanmondi Lake,Near Dhanmondi- Road No 28,10.0,63.0,38.0,4.3,260.0,10.0,,130.2,84.0,8.7,7.16
2021,12,urban_lake,Dhanmondi Lake,Near Dhanmondi-32 Bridge,16.0,86.0,26.0,3.6,294.0,16.0,,148.0,86.0,9.0,7.23
2021,12,urban_lake,Dhanmondi Lake,Near Gigatola Pilkhana More,14.0,56.0,24.0,4.2,255.0,14.0,,128.0,85.0,6.6,7.22
2021,12,urban_lake,Gulshan Lake,Lake View Clinic,50.0,149.0,54.0,7.68,654.0,146.0,,352.0,148.0,52.4,7.33
2021,12,urban_lake,Gulshan Lake,South Bridge,36.0,107.0,41.0,12.04,440.0,152.0,,241.0,148.0,58.9,7.41
2021,12,urban_lake,Gulshan Lake,Taltola Shooting Complex,30.0,88.0,48.0,7.76,551.0,114.0,,302.0,130.0,50.2,7.39
2021,12,urban_lake,Gulshan Lake,United Hospital,38.0,115.0,40.0,4.13,454.0,140.0,,247.0,143.0,56.9,7.28
2021,12,urban_lake,Hatir Jheel,FDC More Bridge,24.0,68.0,44.0,1.68,471.0,48.0,,259.0,108.0,50.7,7.71
2021,12,urban_lake,Hatir Jheel,Raampura Bridge,28.0,83.0,46.0,3.22,531.0,86.0,,294.0,128.0,29.9,7.57
2022,1,river,Balu,Jolshiri Abason,22.0,80.0,8.0,0.43,248.0,8.0,,138.0,138.0,23.4,7.13
2022,1,river,Balu,Trimohoni Bridge,28.0,117.0,79.0,0.0,347.0,69.0,,180.0,336.0,51.0,6.82
2022,1,river,Buriganga,Bosila Bridge,16.0,93.0,59.0,1.9,659.0,,,378.0,186.0,51.3,7.26
2022,1,river,Buriganga,Chandni Ghat,,,,,634.0,,,,,,7.31
2022,1,river,Buriganga,Chandni Ghat Bridge,18.0,68.0,55.0,1.8,,,,365.0,199.0,44.3,
2022,1,river,Buriganga,Fatullah,16.0,72.0,53.0,1.9,620.0,,,358.0,182.0,34.5,7.32
2022,1,river,Buriganga,Friendship Bridge,,,,,631.0,,,,,,7.32
2022,1,river,Buriganga,Hazaribagh,18.0,66.0,52.0,2.4,630.0,,,362.0,190.0,24.1,7.46
2022,1,river,Buriganga,Mirpur Bridge,18.0,56.0,60.0,1.4,664.0,,,379.0,186.0,65.7,7.26
2022,1,river,Buriganga,Satmosjid Road,16.0,60.0,88.0,1.2,915.0,,,531.0,354.0,86.9,7.0
2022,1,river,Dhaleshwari,Hazratpur,8.0,22.0,,5.4,610.0,,,290.0,,,7.22
2022,1,river,Dhaleshwari,Mukterpur,10.0,51.0,,0.0,608.0,,,331.0,,,7.48
2022,1,river,Dhaleshwari,Pathorghata,12.0,36.0,,6.0,580.0,,,280.0,,,7.26
2022,1,river,Dhaleshwari,Ruhitpur,10.0,32.0,,5.8,304.0,,,290.0,,,7.18
2022,1,river,Dhaleshwari,Utorro Mitra,8.0,20.0,,4.8,540.0,,,299.0,,,7.31
2022,1,river,Halda,Garduara Sluice Gate,15.0,15.0,,7.32,131.5,,,67.1,,,7.34
2022,1,river,Halda,Halda Bridge,12.0,12.0,,7.11,124.7,,,63.7,,,7.45
2022,1,river,Halda,Maduna Ghat,14.0,14.0,,7.45,119.7,,,63.1,,,7.49
2022,1,river,Karnaphuli,CUFL,16.0,49.0,,7.57,2800.0,,,1462.0,,,7.21
2022,1,river,Karnaphuli,Kalurghat Bridge,5.0,13.0,,7.34,286.0,,,149.0,,,7.35
2022,1,river,Karnaphuli,Karnaphuli Paper,5.0,15.0,,7.43,512.0,,,208.0,,,7.46
2022,1,river,Karnaphuli,Mariam Nagar,4.0,14.0,,7.18,328.0,,,169.0,,,7.32
2022,1,river,Karnaphuli,Shikalbaha,4.0,14.0,,7.39,689.0,,,329.0,,,7.58
2022,1,river,Karnaphuli,TSP,13.0,32.0,,7.55,2300.0,,,1189.0,,,7.33
2022,1,river,Meghna,Anondo Bazar,6.0,22.0,,6.2,,29.0,,77.0,,,7.75
2022,1,river,Meghna,Bhairob Bazar,4.0,36.0,,7.0,,23.0,,60.0,,,7.27
2022,1,river,Meghna,Bisnondi,6.0,20.0,,5.0,,14.0,,64.0,,,7.71
2022,1,river,Meghna,Meghna Ghat,4.0,12.0,,5.2,,11.0,,68.0,,,7.28
2022,1,river,Meghna,Norsingdi Launch Terminal,4.0,14.0,,5.0,,32.0,,193.0,,,7.56
2022,1,river,Shitalakhya,Gorashal Fertilizer,8.0,18.0,16.0,3.4,367.0,18.0,,197.0,81.0,,7.16
2022,1,river,Shitalakhya,Majhira Demra Ghat,12.0,42.0,48.0,1.2,643.0,54.0,,345.0,32.0,,7.34
2022,1,river,Shitalakhya,Murapara (Rupganj),10.0,40.0,42.0,1.8,626.0,50.0,,320.0,54.0,,7.4
2022,1,river,Shitalakhya,Port Road,12.0,48.0,41.0,1.8,607.0,42.0,,349.0,94.0,,7.72
2022,1,river,Turag,Ashulia,14.0,48.0,24.0,1.6,699.0,32.0,,394.0,164.0,,7.34
2022,1,river,Turag,Kaliakoir,8.0,18.0,12.0,4.9,320.0,15.0,,177.0,102.0,,7.55
2022,1,river,Turag,Nama Bazar,16.0,61.0,21.0,2.4,653.0,34.0,,373.0,184.0,,7.49
2022,1,river,Turag,Turag Bridge,12.0,46.0,23.0,1.9,649.0,56.0,,369.0,180.0,,7.52
2022,1,river,Turag,Vawal,8.0,39.0,20.0,3.2,532.0,38.0,,299.0,106.0,,7.49
2022,1,urban_lake,Gulshan Lake,Baridhara Lake,,,,,461.0,,,,,,
2022,1,urban_lake,Gulshan Lake,"Complex, South Side",,,,,462.0,,,,,,
2022,1,urban_lake,Gulshan Lake,Kalachadpur Bridge,,,,,418.0,,,,,,
2022,1,urban_lake,Gulshan Lake,Near Lake View Clinic,,,,,462.0,,,,,,
2022,2,river,Balu,Jolshiri Abason,14.4,44.0,57.0,1.87,674.0,34.0,,385.0,141.0,21.0,7.34
2022,2,river,Balu,Trimohoni Bridge,74.4,120.0,92.5,1.26,818.0,121.0,,470.0,370.0,71.0,7.14
2022,2,river,Brahmaputra,Mymensingh,7.2,,11.0,11.4,,11.0,,148.0,,,7.97
2022,2,river,Buriganga,Bosila Bridge,22.0,52.0,64.0,0.6,806.0,82.0,,471.0,204.0,24.0,7.61
2022,2,river,Buriganga,Chandni Ghat,,,,,778.0,82.0,,,,,7.56
2022,2,river,Buriganga,Chandni Ghat Bridge,22.0,68.0,59.0,0.4,,,,454.0,186.0,29.0,
2022,2,river,Buriganga,Fatullah,22.0,70.0,56.0,1.8,738.0,82.0,,425.0,182.0,46.0,7.64
2022,2,river,Buriganga,Friendship Bridge,,,,,759.0,76.0,,,,,7.52
2022,2,river,Buriganga,Hazaribagh,28.0,90.0,71.0,0.8,907.0,89.0,,534.0,216.0,54.0,7.47
2022,2,river,Buriganga,Mirpur Bridge,26.0,68.0,68.0,1.1,801.0,80.0,,471.0,204.0,56.0,7.52
2022,2,river,Buriganga,Satmosjid Road,20.0,95.0,70.0,1.3,829.0,90.0,,488.0,291.0,67.0,7.51
2022,2,river,Dhaleshwari,Hazratpur,8.0,34.0,,2.0,648.0,,,327.0,,,7.8
2022,2,river,Dhaleshwari,Mukterpur,18.0,34.0,,0.4,600.0,,,312.0,,,7.16
2022,2,river,Dhaleshwari,Pathorghata,8.0,22.0,,2.5,808.0,,,411.0,,,7.77
2022,2,river,Dhaleshwari,Ruhitpur,10.0,28.0,,2.1,698.0,,,348.0,,,7.48
2022,2,river,Dhaleshwari,Utorro Mitra,2.0,20.0,,10.0,503.0,,,280.0,,,7.88
2022,2,river,Ganges,Gorai off Take,,,,,,,,,,12.0,
2022,2,river,Ganges,Kanchan Park (Down Stream),,,,,262.0,40.0,,,,12.0,
2022,2,river,Ganges,Kanchan Park (Up Stream),2.4,,11.0,7.56,262.0,40.0,,131.0,,12.0,7.62
2022,2,river,Ganges,Nurullapur (Down Stream),2.4,,10.0,7.66,266.0,42.0,,133.0,,12.0,7.65
2022,2,river,Ganges,Nurullapur (Up Stream),2.4,,10.0,7.66,266.0,42.0,,133.0,,12.0,7.65
2022,2,river,Ganges,Sardah (Down Stream),2.3,,10.0,7.6,272.0,44.0,,136.0,,12.0,7.8
2022,2,river,Ganges,Sardah (Up Stream),2.3,,10.0,7.6,272.0,44.0,,136.0,,12.0,7.8
2022,2,river,Halda,Garduara Sluice Gate,14.0,14.0,,6.24,141.5,,,97.1,,,7.46
2022,2,river,Halda,Halda Bridge,15.0,15.0,,6.12,134.5,,,55.7,,,7.55
2022,2,river,Halda,Maduna Ghat,16.0,16.0,,6.12,129.7,,,73.6,,,7.57
2022,2,river,Jamuna,Horipur Kheya Ghat (D),2.3,,10.0,7.64,,36.0,,120.0,,,7.74
2022,2,river,Jamuna,Horipur Kheya Ghat (U),2.3,,10.0,7.64,,36.0,,120.0,,,7.74
2022,2,river,Jamuna,Jamuna Eco Park (D),2.2,,11.0,7.62,,40.0,,128.0,,,7.54
2022,2,river,Jamuna,Jamuna Eco Park (U),2.2,,11.0,7.62,,40.0,,128.0,,,7.54
2022,2,river,Jamuna,Mohonganj (D),2.1,,11.0,7.64,,38.0,,129.0,,,7.64
2022,2,river,Jamuna,Mohonganj (U),2.1,,11.0,7.64,,38.0,,129.0,,,7.64
2022,2,river,Jamuna,Shariakandi Groin badth (D),2.3,,11.0,7.58,,42.0,,133.0,,,7.5
2022,2,river,Jamuna,Shariakandi Groin badth (U),2.3,,11.0,7.58,,42.0,,133.0,,,7.5
2022,2,river,Kaligonga,Bheutha Ghat,12.0,,21.0,8.0,,12.0,,44.0,,,7.72
2022,2,river,Karnaphuli,CUFL,12.0,28.0,,7.65,2976.0,,,1679.0,,,7.4
2022,2,river,Karnaphuli,Kalurghat Bridge,4.0,13.0,,7.38,249.0,,,129.0,,,7.29
2022,2,river,Karnaphuli,Karnaphuli Paper,5.0,14.0,,7.39,489.0,,,223.0,,,7.4
2022,2,river,Karnaphuli,Mariam Nagar,4.0,12.0,,7.27,298.0,,,159.0,,,7.19
2022,2,river,Karnaphuli,Shikalbaha,5.0,16.0,,7.47,769.0,,,435.0,,,7.65
2022,2,river,Karnaphuli,TSP,6.0,26.0,,7.49,2467.0,,,1235.0,,,7.62
2022,2,river,Padma,Barha Ghat,10.0,,,7.8,236.0,37.0,,128.0,,,8.5
2022,2,river,Padma,Mawa Ghat,8.0,,,10.0,245.0,55.0,,133.0,,,8.25
2022,2,river,Shitalakhya,Gorashal Fertilizer,8.6,20.0,22.0,5.0,230.0,20.0,,135.0,102.0,,6.76
2022,2,river,Shitalakhya,Majhira Demra Ghat,14.4,78.0,109.0,1.39,677.0,121.0,,383.0,211.0,,7.47
2022,2,river,Shitalakhya,Murapara (Rupganj),13.2,37.0,26.0,4.88,393.0,14.0,,216.0,190.0,,7.75
2022,2,river,Shitalakhya,Port Road,24.0,32.0,72.5,1.0,585.0,33.0,,329.0,126.0,,7.61
2022,2,river,Turag,Ashulia,32.0,72.0,90.0,0.23,1134.0,98.0,,641.0,253.0,,7.63
2022,2,river,Turag,Kaliakoir,12.0,36.0,31.0,3.68,464.0,9.0,,257.0,169.0,,7.62
2022,2,river,Turag,Nama Bazar,34.0,44.0,104.5,0.28,1197.0,69.0,,683.0,267.0,,7.47
2022,2,river,Turag,Turag Bridge,28.0,58.0,91.5,2.12,1161.0,74.0,,652.0,264.0,,8.03
2022,2,river,Turag,Vawal,14.0,32.0,82.5,3.9,1110.0,22.0,,623.0,186.0,,7.74
2022,2,urban_lake,Dhanmondi Lake,8 No. Road Bridge,6.0,27.0,,5.27,251.0,9.0,,138.0,86.0,5.6,7.49
2022,2,urban_lake,Dhanmondi Lake,Road No 28 at the end,,,24.0,,331.0,8.0,,185.0,90.0,4.2,
2022,2,urban_lake,Dhanmondi Lake,Road No 28 at the end of,6.0,51.0,,5.17,,,,,,,7.43
2022,2,urban_lake,Gulshan Lake,Baridhara Lake,,,,,491.0,,,,,,
2022,2,urban_lake,Gulshan Lake,"Complex, South Side",,,,,524.0,,,,,,
2022,2,urban_lake,Gulshan Lake,Kalachadpur Bridge,,,,,484.0,,,,,,
2022,2,urban_lake,Gulshan Lake,Near Lake View Clinic,32.0,122.0,42.0,5.47,486.0,159.0,,280.0,189.0,61.4,7.32
2022,2,urban_lake,Hatir Jheel,FDC More Bridge,30.0,80.0,44.0,2.75,514.0,11.0,,289.0,186.0,8.3,7.65
2022,2,urban_lake,Hatir Jheel,Raampura Bridge,25.0,117.0,47.0,4.0,559.0,58.0,,315.0,226.0,26.1,7.92
2022,3,river,Balu,Jolshiri Abason,32.0,137.0,58.5,3.35,792.0,220.0,,422.0,320.0,86.3,7.1
2022,3,river,Balu,Trimohoni Bridge,44.0,93.0,102.0,2.18,832.0,69.0,,443.0,300.0,34.4,7.07
2022,3,river,Buriganga,Bosila Bridge,24.0,54.0,85.0,0.13,1231.0,61.0,,543.0,368.0,18.9,7.77
2022,3,river,Buriganga,Chandni Ghat,,,,,1385.0,154.0,,,,,7.6
2022,3,river,Buriganga,Chandni Ghat Bridge,28.0,73.0,83.0,0.12,,,,559.0,360.0,66.9,
2022,3,river,Buriganga,Fatullah,26.0,100.0,90.0,0.16,1258.0,97.0,,549.0,370.0,25.7,7.69
2022,3,river,Buriganga,Friendship Bridge,,,,,1369.0,86.0,,,,,7.54
2022,3,river,Buriganga,Hazaribagh,15.0,110.0,79.0,0.24,1395.0,168.0,,558.0,302.0,82.0,7.74
2022,3,river,Buriganga,Mirpur Bridge,26.0,73.0,80.0,0.2,1389.0,80.0,,594.0,350.0,47.8,7.56
2022,3,river,Buriganga,Satmosjid Road,28.0,115.0,100.0,0.17,1334.0,204.0,,555.0,300.0,78.0,7.65
2022,3,river,Dhaleshwari,Hazratpur,8.0,34.0,,2.0,648.0,,,327.0,,,7.8
2022,3,river,Dhaleshwari,Mukterpur,18.0,34.0,,0.4,600.0,,,312.0,,,7.16
2022,3,river,Dhaleshwari,Pathorghata,8.0,22.0,,2.5,808.0,,,411.0,,,7.77
2022,3,river,Dhaleshwari,Ruhitpur,10.0,28.0,,2.1,698.0,,,348.0,,,7.48
2022,3,river,Dhaleshwari,Utorro Mitra,2.0,10.0,,10.0,503.0,,,280.0,,,7.88
2022,3,river,Ganges,Gorai off Take,,,,,,,,,,12.0,
2022,3,river,Ganges,Kanchan Park (Down Stream),,,,,262.0,40.0,,,,12.0,
2022,3,river,Ganges,Kanchan Park (Up Stream),2.2,,11.0,7.54,262.0,40.0,,131.0,,12.0,7.64
2022,3,river,Ganges,Nurullapur (Down Stream),2.3,,10.0,7.6,266.0,42.0,,133.0,,12.0,7.62
2022,3,river,Ganges,Nurullapur (Up Stream),2.3,,10.0,7.6,266.0,42.0,,133.0,,12.0,7.62
2022,3,river,Ganges,Sardah (Down Stream),2.4,,10.0,7.5,272.0,44.0,,136.0,,12.0,7.7
2022,3,river,Ganges,Sardah (Up Stream),2.4,,10.0,7.5,272.0,44.0,,136.0,,12.0,7.7
2022,3,river,Halda,Garduara Sluice Gate,13.0,13.0,,6.24,219.0,,,93.3,,,7.72
2022,3,river,Halda,Halda Bridge,16.0,16.0,,6.12,236.0,,,101.9,,,7.64
2022,3,river,Halda,Maduna Ghat,14.0,14.0,,6.12,214.5,,,92.8,,,7.47
2022,3,river,Jamuna,Horipur Kheya Ghat (D),2.4,,10.0,7.62,,36.0,,120.0,,,7.72
2022,3,river,Jamuna,Horipur Kheya Ghat (U),2.4,,10.0,7.62,,36.0,,120.0,,,7.72
2022,3,river,Jamuna,Jamuna Eco Park (D),2.3,,11.0,7.64,,40.0,,128.0,,,7.52
2022,3,river,Jamuna,Jamuna Eco Park (U),2.3,,11.0,7.64,,40.0,,128.0,,,7.52
2022,3,river,Jamuna,Kakua,2.1,,5.5,6.0,,16.0,,,,,8.13
2022,3,river,Jamuna,Mohonganj (D),2.2,,11.0,7.62,,38.0,,129.0,,,7.54
2022,3,river,Jamuna,Mohonganj (U),2.2,,11.0,7.62,,38.0,,129.0,,,7.54
2022,3,river,Jamuna,Shariakandi Groin badth (D),2.4,,11.0,7.56,,42.0,,133.0,,,7.52
2022,3,river,Jamuna,Shariakandi Groin badth (U),2.4,,11.0,7.56,,42.0,,133.0,,,7.52
2022,3,river,Jamuna,Tarakandi (D),3.0,,12.5,5.8,,7.0,,231.0,,,8.02
2022,3,river,Jamuna,Tarakandi (U),4.0,,12.5,4.6,,48.0,,222.0,,,7.8
2022,3,river,Karnaphuli,CUFL,21.0,68.0,,7.64,28789.0,,,17230.0,,,6.55
2022,3,river,Karnaphuli,Kalurghat Bridge,3.0,11.0,,7.56,289.0,,,159.0,,,7.43
2022,3,river,Karnaphuli,Karnaphuli Paper,4.0,14.0,,7.59,439.0,,,269.0,,,7.58
2022,3,river,Karnaphuli,Mariam Nagar,3.0,12.0,,7.28,412.0,,,189.0,,,7.39
2022,3,river,Karnaphuli,Shikalbaha,4.0,15.0,,7.43,765.0,,,380.0,,,7.69
2022,3,river,Karnaphuli,TSP,13.0,58.0,,7.09,26570.0,,,12980.0,,,7.07
2022,3,river,Meghna,Anondo Bazar,8.0,26.0,,3.8,,12.0,,196.0,,,7.24
2022,3,river,Meghna,Bhairob Bazar,3.2,20.0,,8.0,,6.0,,186.0,,,7.63
2022,3,river,Meghna,Bisnondi,9.0,28.0,,5.56,,10.0,,122.0,,,7.42
2022,3,river,Meghna,Meghna Ghat,5.4,24.0,,4.7,,8.0,,130.0,,,7.18
2022,3,river,Meghna,Norsingdi Launch Terminal,22.0,64.0,,0.5,,29.0,,246.0,,,8.01
2022,3,river,Padma,Barha Ghat,12.0,,,6.9,244.0,34.0,,132.0,,,7.38
2022,3,river,Padma,Mawa Ghat,10.0,,,7.2,179.0,173.0,,88.0,,,8.08
2022,3,river,Shitalakhya,Gorashal Fertilizer,14.0,44.0,58.0,3.23,457.0,17.0,,232.0,204.0,,7.95
2022,3,river,Shitalakhya,Majhira Demra Ghat,16.0,82.0,110.0,0.43,680.0,122.0,,389.0,213.0,,7.77
2022,3,river,Shitalakhya,Murapara (Rupganj),14.0,40.0,29.0,3.21,397.0,16.0,,220.0,192.0,,7.79
2022,3,river,Shitalakhya,Port Road,24.0,34.0,73.0,0.54,590.0,34.0,,333.0,127.0,,7.67
2022,3,river,Turag,Ashulia,12.0,68.0,6.0,0.21,1847.0,140.0,,837.0,340.0,,7.82
2022,3,river,Turag,Kaliakoir,6.0,40.0,36.0,4.3,664.0,16.0,,375.0,356.0,,7.29
2022,3,river,Turag,Nama Bazar,12.0,38.0,16.0,0.3,1199.0,70.0,,688.0,296.0,,7.57
2022,3,river,Turag,Turag Bridge,12.0,64.0,106.0,0.59,1839.0,56.0,,815.0,400.0,,7.87
2022,3,river,Turag,Vawal,4.0,38.0,83.0,0.4,1554.0,76.0,,819.0,321.0,,7.79
2022,3,urban_lake,Gulshan Lake,Baridhara Lake,,,,,541.0,,,,,,
2022,3,urban_lake,Gulshan Lake,"Complex, South Side",,,,,588.0,,,,,,
2022,3,urban_lake,Gulshan Lake,Kalachadpur Bridge,,,,,488.0,,,,,,
2022,3,urban_lake,Gulshan Lake,Near Lake View Clinic,,,,,491.0,,,,,,
2022,4,river,Balu,Jolshiri Abason,22.0,80.0,8.0,0.83,248.0,8.0,,138.0,138.0,18.0,7.13
2022,4,river,Balu,Trimohoni Bridge,30.0,117.0,79.0,0.0,347.0,69.0,,180.0,336.0,51.0,6.82
2022,4,river,Buriganga,Bosila Bridge,34.0,64.0,80.0,0.1,1256.0,80.0,,634.0,350.0,20.0,7.56
2022,4,river,Buriganga,Chandni Ghat,,,,,1397.0,156.0,,,,,7.6
2022,4,river,Buriganga,Chandni Ghat Bridge,38.0,84.0,82.0,0.2,,,,700.0,344.0,68.0,
2022,4,river,Buriganga,Fatullah,38.0,110.0,86.0,0.2,1308.0,88.0,,656.0,354.0,26.1,7.69
2022,4,river,Buriganga,Friendship Bridge,,,,,1388.0,84.0,,,,,7.54
2022,4,river,Buriganga,Hazaribagh,26.0,120.0,78.0,0.3,1401.0,164.0,,704.0,310.0,124.0,7.74
2022,4,river,Buriganga,Mirpur Bridge,36.0,83.0,80.0,0.2,1392.0,12.0,,697.0,348.0,48.0,7.48
2022,4,river,Buriganga,Satmosjid Road,38.0,126.0,84.0,0.1,1375.0,178.0,,690.0,302.0,112.0,7.65
2022,4,river,Dhaleshwari,Hazratpur,22.0,70.0,,4.5,600.0,,,393.0,,,8.09
2022,4,river,Dhaleshwari,Mukterpur,8.0,22.0,,2.5,413.0,,,214.0,,,7.05
2022,4,river,Dhaleshwari,Pathorghata,12.0,36.0,,6.0,580.0,,,280.0,,,7.28
2022,4,river,Dhaleshwari,Ruhitpur,13.0,46.0,,15.0,623.0,,,356.0,,,8.73
2022,4,river,Dhaleshwari,Utorro Mitra,2.0,6.0,,7.8,550.0,,,293.0,,,8.23
2022,4,river,Ganges,Gorai off Take,,,,,,,,,,12.0,
2022,4,river,Ganges,Kanchan Park (Down Stream),,,,,262.0,40.0,,,,12.0,
2022,4,river,Ganges,Kanchan Park (Up Stream),2.2,,11.0,7.54,262.0,40.0,,131.0,,12.0,7.64
2022,4,river,Ganges,Nurullapur (Down Stream),2.3,,10.0,7.6,266.0,42.0,,133.0,,12.0,7.62
2022,4,river,Ganges,Nurullapur (Up Stream),2.3,,10.0,7.6,266.0,42.0,,133.0,,12.0,7.62
2022,4,river,Ganges,Sardah (Down Stream),2.4,,10.0,7.5,272.0,44.0,,136.0,,12.0,7.7
2022,4,river,Ganges,Sardah (Up Stream),2.4,,10.0,7.5,272.0,44.0,,136.0,,12.0,7.7
2022,4,river,Halda,Garduara Sluice Gate,13.0,13.0,,6.11,218.5,,,113.3,,,7.79
2022,4,river,Halda,Halda Bridge,12.0,12.0,,5.89,245.0,,,124.5,,,7.72
2022,4,river,Halda,Maduna Ghat,11.0,11.0,,5.96,189.5,,,98.5,,,7.53
2022,4,river,Jamuna,Horipur Kheya Ghat (D),2.4,,10.0,7.62,,36.0,,120.0,,,7.72
2022,4,river,Jamuna,Horipur Kheya Ghat (U),2.4,,10.0,7.62,,36.0,,120.0,,,7.72
2022,4,river,Jamuna,Jamuna Eco Park (D),2.3,,11.0,7.64,,40.0,,128.0,,,7.52
2022,4,river,Jamuna,Jamuna Eco Park (U),2.3,,11.0,7.64,,40.0,,128.0,,,7.52
2022,4,river,Jamuna,Mohonganj (D),2.2,,11.0,7.62,,38.0,,129.0,,,7.54
2022,4,river,Jamuna,Mohonganj (U),2.2,,11.0,7.62,,38.0,,129.0,,,7.54
2022,4,river,Jamuna,Shariakandi Groin badth (D),2.4,,11.0,7.56,,42.0,,133.0,,,7.52
2022,4,river,Jamuna,Shariakandi Groin badth (U),2.4,,11.0,7.56,,42.0,,133.0,,,7.52
2022,4,river,Karnaphuli,CUFL,12.0,42.0,,7.85,18160.0,,,10250.0,,,7.47
2022,4,river,Karnaphuli,Kalurghat Bridge,3.0,11.0,,7.63,289.0,,,163.0,,,7.51
2022,4,river,Karnaphuli,Karnaphuli Paper,4.0,13.0,,7.62,439.0,,,287.0,,,7.68
2022,4,river,Karnaphuli,Mariam Nagar,4.0,12.0,,7.39,412.0,,,214.0,,,7.52
2022,4,river,Karnaphuli,Shikalbaha,5.0,15.0,,7.52,765.0,,,348.0,,,7.58
2022,4,river,Karnaphuli,TSP,10.0,37.0,,8.05,16000.0,,,8960.0,,,7.38
2022,4,river,Meghna,Meghna Ghat,5.4,,,,,,,,,,
2022,4,river,Shitalakhya,Gorashal Fertilizer,5.0,20.0,23.0,5.0,395.0,12.0,,219.0,178.0,,7.25
2022,4,river,Shitalakhya,Majhira Demra Ghat,20.0,71.0,140.0,0.0,,109.0,,528.0,320.0,,7.72
2022,4,river,Shitalakhya,Murapara (Rupganj),17.0,34.0,95.0,3.0,647.0,22.0,,349.0,229.0,,7.8
2022,4,river,Shitalakhya,Port Road,10.0,34.0,28.0,3.0,580.0,40.0,,310.0,104.0,,7.11
2022,4,river,Turag,Ashulia,26.0,72.0,21.0,1.4,706.0,30.0,,367.0,162.0,,7.83
2022,4,river,Turag,Kaliakoir,6.0,46.0,78.0,1.4,996.0,18.0,,517.0,262.0,,7.77
2022,4,river,Turag,Nama Bazar,12.0,44.0,13.0,5.2,192.0,87.0,,105.2,64.0,,7.52
2022,4,river,Turag,Turag Bridge,24.0,68.0,22.0,1.8,749.0,52.0,,356.0,180.0,,7.86
2022,4,river,Turag,Vawal,4.0,42.0,20.0,3.2,532.0,38.0,,299.0,106.0,,7.49
2022,4,urban_lake,Gulshan Lake,Baridhara Lake,,,,,476.0,,,,,,
2022,4,urban_lake,Gulshan Lake,"Complex, South Side",,,,,466.0,,,,,,
2022,4,urban_lake,Gulshan Lake,Kalachadpur Bridge,,,,,588.0,,,,,,
2022,4,urban_lake,Gulshan Lake,Near Lake View Clinic,,,,,526.0,,,,,,
2022,5,river,Balu,Jolshiri Abason,12.0,73.0,20.0,2.0,260.0,8.0,,135.0,99.0,5.35,7.21
2022,5,river,Balu,Trimohoni Bridge,14.0,56.0,58.5,0.0,536.0,102.0,,282.0,102.0,78.0,7.1
2022,5,river,Bhairab,Basundia Bazar,3.5,,4212.0,1.01,510.0,,3.4,229.0,,12.0,8.26
2022,5,river,Bhairab,Fultala Ghat,1.7,,845.0,4.7,1219.0,,0.6,655.0,,75.0,7.55
2022,5,river,Bhairab,Noapara,1.6,,805.0,3.6,1048.0,,0.65,481.0,,66.0,8.09
2022,5,river,Bhairab,Noapara Ferry Ghat,1.8,,805.0,4.3,1035.0,,0.65,476.0,,75.0,8.19
2022,5,river,Buriganga,Bosila Bridge,6.0,22.0,71.0,3.02,430.0,49.0,,171.0,102.0,16.0,6.53
2022,5,river,Buriganga,Chandni Ghat,,,,,427.0,49.0,,,,,6.77
2022,5,river,Buriganga,Chandni Ghat Bridge,6.0,14.0,52.0,0.93,,,,178.0,92.0,12.0,
2022,5,river,Buriganga,Fatullah,6.0,27.0,55.0,1.79,443.0,53.0,,188.0,124.0,13.1,6.76
2022,5,river,Buriganga,Friendship Bridge,,,,,441.0,48.0,,,,,6.8
2022,5,river,Buriganga,Hazaribagh,8.0,27.0,62.0,1.17,419.0,54.0,,171.0,98.0,22.2,6.83
2022,5,river,Buriganga,Mirpur Bridge,8.0,27.0,75.0,0.89,482.0,59.0,,206.0,112.0,18.0,6.59
2022,5,river,Buriganga,Satmosjid Road,10.0,46.0,68.0,0.36,519.0,68.0,,214.0,94.0,21.4,6.81
2022,5,river,Ganges,Gorai off Take,1.1,,,5.3,1647.0,84.0,,764.0,,12.0,7.19
2022,5,river,Ganges,Kanchan Park (Down Stream),,,,,,,,,,12.0,
2022,5,river,Ganges,Kanchan Park (Up Stream),2.3,,,7.6,,,,133.0,,12.0,7.62
2022,5,river,Ganges,Nurullapur (Down Stream),2.3,,,7.6,,,,133.0,,12.0,7.62
2022,5,river,Ganges,Nurullapur (Up Stream),2.3,,,7.6,,,,133.0,,12.0,7.62
2022,5,river,Ganges,Sardah (Down Stream),2.4,,,7.5,,,,136.0,,12.0,7.6
2022,5,river,Ganges,Sardah (Up Stream),2.4,,,7.5,,,,136.0,,12.0,7.6
2022,5,river,Halda,Garduara Sluice Gate,14.0,14.0,,5.69,238.5,,,152.3,,,7.59
2022,5,river,Halda,Halda Bridge,11.0,11.0,,5.63,179.5,,,98.5,,,7.85
2022,5,river,Halda,Maduna Ghat,12.0,12.0,,5.49,213.5,,,113.5,,,7.67
2022,5,river,Jamuna,Horipur Kheya Ghat (D),2.4,,10.0,7.62,,36.0,,120.0,,,7.72
2022,5,river,Jamuna,Horipur Kheya Ghat (U),2.4,,10.0,7.62,,36.0,,120.0,,,7.72
2022,5,river,Jamuna,Jamuna Eco Park (D),2.3,,11.0,7.64,,40.0,,128.0,,,7.52
2022,5,river,Jamuna,Jamuna Eco Park (U),2.3,,11.0,7.64,,40.0,,128.0,,,7.52
2022,5,river,Jamuna,Mohonganj (D),2.2,,11.0,7.62,,38.0,,129.0,,,7.54
2022,5,river,Jamuna,Mohonganj (U),2.2,,11.0,7.62,,38.0,,129.0,,,7.54
2022,5,river,Jamuna,Shariakandi Groin badth (D),2.4,,11.0,7.56,,42.0,,133.0,,,7.52
2022,5,river,Jamuna,Shariakandi Groin badth (U),2.4,,11.0,7.56,,42.0,,133.0,,,7.52
2022,5,river,Kaligonga,Bheutha Ghat,6.0,,66.0,7.0,,63.0,,22.0,,,7.63
2022,5,river,Karnaphuli,CUFL,9.0,36.0,,7.63,18160.0,,,6567.0,,,7.56
2022,5,river,Karnaphuli,Kalurghat Bridge,4.0,12.0,,7.71,289.0,,,179.0,,,7.63
2022,5,river,Karnaphuli,Karnaphuli Paper,3.0,12.0,,7.72,439.0,,,269.0,,,7.73
2022,5,river,Karnaphuli,Mariam Nagar,3.0,11.0,,7.46,412.0,,,247.0,,,7.49
2022,5,river,Karnaphuli,Shikalbaha,5.0,14.0,,7.46,765.0,,,289.0,,,7.63
2022,5,river,Karnaphuli,TSP,8.0,40.0,,7.85,16000.0,,,8768.0,,,7.46
2022,5,river,Khakshiali,Boshontopur,1.3,,4024.0,5.4,6507.0,,3.3,3201.0,,118.0,7.75
2022,5,river,Khakshiali,Gobindakathi,1.3,,4068.0,5.1,6580.0,,3.46,3245.0,,117.0,7.75
2022,5,river,Khakshiali,Kaliganj Bazar,1.3,,4040.0,5.4,6485.0,,3.31,3265.0,,120.0,7.73
2022,5,river,Kirtankhola,Dopdopia Kheyaghat (M),,408.0,,7.6,1577.0,,,,,,6.23
2022,5,river,Kirtankhola,Dopdopia Kheyaghat (S),,523.0,,6.21,1689.0,,,,,,5.85
2022,5,river,Kirtankhola,Kaower Char (M),,696.0,,7.46,1576.0,,,,,,6.4
2022,5,river,Kirtankhola,Kaower Char (S),,,,6.39,1582.0,,,,,,6.27
2022,5,river,Kirtankhola,Launch Ghat (M),,,,7.6,1604.0,,,,,,6.92
2022,5,river,Kirtankhola,Launch Ghat (S),,,,6.21,1604.0,,,,,,8.34
2022,5,river,Kushiara,Fenchuganj Bridge Point,2.3,15.0,,7.24,124.0,,,63.0,,,6.89
2022,5,river,Meghna,Anondo Bazar,2.0,22.0,,1.8,,19.0,,28.0,,,6.46
2022,5,river,Meghna,Bhairob Bazar,1.2,22.0,,4.0,,30.0,,110.0,,,6.62
2022,5,river,Meghna,Bisnondi,3.0,10.0,,5.0,,10.0,,26.0,,,6.55
2022,5,river,Meghna,Meghna Ghat,6.0,20.0,,6.0,,50.0,,40.0,,,6.8
2022,5,river,Meghna,Norsingdi Launch Terminal,8.0,22.0,,4.5,,84.0,,51.0,,,7.26
2022,5,river,Moyuri,Buro Moulavir Darga (M),,,2164.0,0.7,2474.0,112.0,1.95,1234.0,,20.0,7.52
2022,5,river,Moyuri,Dosh Gate Jalma (M),,,7830.0,5.4,11010.0,98.0,6.21,5842.0,,68.0,7.46
2022,5,river,Moyuri,Shoshan Ghat (M),,,408.0,0.4,712.0,92.0,3.1,348.0,,24.0,7.6
2022,5,river,Pashur,"Batia Ghat, By Pass (M)",1.2,,13705.0,5.9,18120.0,,12.02,9060.0,,130.0,7.65
2022,5,river,Rupsa,Charer Hat (M),1.3,,4142.0,5.1,1945.0,136.0,3.3,,,98.0,8.06
2022,5,river,Rupsa,Gilatala,1.4,,3640.0,5.9,1221.0,86.0,3.1,,,82.0,8.01
2022,5,river,Rupsa,Kalibari Ghat (M),2.1,,655.0,3.9,768.0,135.0,4.55,,,80.0,8.09
2022,5,river,Rupsa,Rupsa Ghat (M),7.5,,570.0,3.8,678.0,145.0,0.75,,,69.0,8.11
2022,5,river,Shitalakhya,Gorashal Fertilizer,3.0,10.0,72.5,4.0,298.0,33.0,,179.0,126.0,,7.61
2022,5,river,Shitalakhya,Majhira Demra Ghat,6.0,24.0,74.0,1.6,167.0,46.0,,63.0,118.0,,7.24
2022,5,river,Shitalakhya,Murapara (Rupganj),4.0,15.0,76.0,3.4,184.0,45.0,,92.0,102.0,,7.38
2022,5,river,Shitalakhya,Port Road,4.0,27.0,76.0,2.2,271.0,83.0,,134.0,152.0,,7.21
2022,5,river,Surma,Chhatak,2.5,10.0,,6.98,86.0,,,49.0,,,6.84
2022,5,river,Surma,Kin Bridge Point,2.3,13.0,,6.92,118.0,,,66.0,,,6.68
2022,5,river,Surma,Mendibag Point,2.1,11.0,,7.02,122.0,,,64.0,,,6.61
2022,5,river,Surma,Sheaik Ghat,2.8,15.0,,7.06,120.0,,,68.0,,,6.67
2022,5,river,Turag,Ashulia,32.0,92.0,50.0,5.0,172.0,234.0,,88.0,114.0,,7.29
2022,5,river,Turag,Kaliakoir,5.0,56.0,11.0,6.8,100.0,288.0,,51.0,49.0,,7.41
2022,5,river,Turag,Nama Bazar,9.0,34.0,45.0,7.2,125.0,372.0,,61.0,70.0,,7.38
2022,5,river,Turag,Turag Bridge,8.0,31.0,53.0,3.2,139.0,78.0,,72.0,125.0,,7.34
2022,5,river,Turag,Vawal,3.0,10.0,36.0,6.1,172.0,144.0,,92.0,81.0,,7.75
2022,5,urban_lake,Dhanmondi Lake,8 No. Road Bridge,4.0,26.0,,4.5,277.0,42.0,,142.0,101.0,5.33,7.35
2022,5,urban_lake,Dhanmondi Lake,Road No 28 at the end,,,45.0,,387.0,39.0,,201.0,94.0,4.5,
2022,5,urban_lake,Dhanmondi Lake,Road No 28 at the end of,6.0,29.0,,1.5,,,,,,,7.41
2022,5,urban_lake,Gulshan Lake,Baridhara Lake,,,,,420.0,,,,,,
2022,5,urban_lake,Gulshan Lake,"Complex, South Side",,,,,440.0,,,,,,
2022,5,urban_lake,Gulshan Lake,Kalachadpur Bridge,,,,,388.0,,,,,,
2022,5,urban_lake,Gulshan Lake,Near Lake View Clinic,35.0,129.0,33.0,9.4,394.0,199.0,,201.0,198.0,54.5,7.41
2022,5,urban_lake,Hatir Jheel,FDC More Bridge,32.0,80.0,61.0,3.9,496.0,87.0,,261.0,151.0,58.5,7.34
2022,5,urban_lake,Hatir Jheel,Raampura Bridge,23.0,95.0,46.0,1.5,517.0,121.0,,273.0,175.0,67.8,7.34
2022,6,river,Balu,Jolshiri Abason,18.0,90.0,20.0,2.2,154.0,24.0,,95.0,32.0,20.2,7.34
2022,6,river,Balu,Trimohoni Bridge,10.0,28.0,22.0,2.7,201.0,43.0,,107.0,42.0,22.9,6.99
2022,6,river,Buriganga,Bosila Bridge,6.2,32.0,8.5,2.9,170.0,83.0,,88.4,62.0,50.5,6.89
2022,6,river,Buriganga,Chandni Ghat,,,,,165.0,82.0,,,,,6.79
2022,6,river,Buriganga,Chandni Ghat Bridge,6.4,29.0,10.0,3.46,,,,86.0,60.0,45.6,
2022,6,river,Buriganga,Fatullah,6.2,24.0,13.5,3.36,211.0,6.0,,109.0,84.0,34.6,7.02
2022,6,river,Buriganga,Friendship Bridge,,,,,181.0,62.0,,,,,6.89
2022,6,river,Buriganga,Hazaribagh,6.8,39.0,9.0,5.71,212.0,60.0,,110.0,68.0,41.2,6.9
2022,6,river,Buriganga,Mirpur Bridge,6.2,27.0,7.5,5.24,149.0,106.0,,78.0,54.0,72.5,7.05
2022,6,river,Buriganga,Satmosjid Road,6.2,27.0,12.0,2.18,168.0,62.0,,88.0,52.0,27.6,6.77
2022,6,river,Dhaleshwari,Hazratpur,6.0,15.0,,5.0,165.0,,,86.0,,,7.29
2022,6,river,Dhaleshwari,Mukterpur,3.0,10.0,,4.6,583.0,,,308.0,,,7.26
2022,6,river,Dhaleshwari,Pathorghata,6.0,18.0,,4.8,124.0,,,65.0,,,7.6
2022,6,river,Dhaleshwari,Ruhitpur,10.0,63.0,,6.4,103.0,,,70.0,,,7.23
2022,6,river,Dhaleshwari,Utorro Mitra,8.0,46.0,,4.8,126.0,,,61.0,,,7.53
2022,6,river,Ganges,Gorai off Take,,,1202.0,,,,,,,,
2022,6,river,Ganges,Kanchan Park (Up Stream),,,10.0,,,,,,,,
2022,6,river,Ganges,Nurullapur (Down Stream),,,10.0,,,,,,,,
2022,6,river,Ganges,Nurullapur (Up Stream),,,10.0,,,,,,,,
2022,6,river,Ganges,Sardah (Down Stream),,,10.0,,,,,,,,
2022,6,river,Ganges,Sardah (Up Stream),,,10.0,,,,,,,,
2022,6,river,Halda,Garduara Sluice Gate,12.0,12.0,,5.67,112.4,,,58.1,,,6.89
2022,6,river,Halda,Halda Bridge,10.0,10.0,,6.19,74.8,,,39.5,,,6.62
2022,6,river,Halda,Maduna Ghat,13.0,13.0,,5.69,106.5,,,56.7,,,6.57
2022,6,river,Jamuna,Kakua,6.2,,5.0,5.8,,403.0,,,,,7.66
2022,6,river,Jamuna,Tarakandi (D),12.0,,6.0,6.1,,76.0,,67.7,,,7.86
2022,6,river,Karnaphuli,CUFL,16.0,68.0,,7.66,18476.0,,,9872.0,,,7.48
2022,6,river,Karnaphuli,Kalurghat Bridge,5.0,14.0,,8.17,414.0,,,218.0,,,7.52
2022,6,river,Karnaphuli,TSP,14.0,64.0,,7.99,17014.0,,,8472.0,,,7.32
2022,6,river,Kirtankhola,Dopdopia Kheyaghat (M),,,,,,,,789.0,,,
2022,6,river,Kirtankhola,Dopdopia Kheyaghat (S),,,,,,,,840.0,,,
2022,6,river,Kirtankhola,Kaower Char (M),,,,,,,,788.0,,,
2022,6,river,Kirtankhola,Kaower Char (S),,,,,,,,791.0,,,
2022,6,river,Kirtankhola,Launch Ghat (M),,,,,,,,802.0,,,
2022,6,river,Kirtankhola,Launch Ghat (S),,,,,,,,802.0,,,
2022,6,river,Padma,Barha Ghat,8.4,,,7.3,98.0,620.0,,51.0,,,7.9
2022,6,river,Padma,Mawa Ghat,6.4,,,7.0,143.0,331.0,,76.0,,,7.79
2022,6,river,Shitalakhya,Gorashal Fertilizer,4.0,10.0,10.0,5.4,130.0,20.0,,66.0,29.0,,7.65
2022,6,river,Shitalakhya,Majhira Demra Ghat,8.0,24.0,10.0,1.39,99.0,144.0,,52.0,22.0,,7.37
2022,6,river,Shitalakhya,Murapara (Rupganj),10.0,36.0,11.0,4.88,160.0,181.0,,57.0,15.0,,7.1
2022,6,river,Shitalakhya,Port Road,8.0,27.0,16.0,1.0,149.0,156.0,,74.0,23.0,,7.03
2022,6,river,Sughanda,Gabkhan Lounch Terminal (M),,109.0,,7.5,151.3,,,69.6,,,9.1
2022,6,river,Sughanda,Gabkhan Lounch Terminal (S),,105.0,,7.35,192.1,,,86.3,,,9.38
2022,6,river,Turag,Ashulia,6.0,18.0,90.0,5.5,1134.0,137.0,,641.0,253.0,,7.63
2022,6,river,Turag,Kaliakoir,6.0,26.0,31.0,6.0,464.0,318.0,,257.0,169.0,,7.62
2022,6,river,Turag,Nama Bazar,6.0,22.0,18.0,5.2,116.0,148.0,,65.0,72.0,,7.26
2022,6,river,Turag,Turag Bridge,6.0,27.0,91.5,4.7,1161.0,83.0,,652.0,264.0,,8.03
2022,6,river,Turag,Vawal,4.0,12.0,20.0,5.4,119.0,139.0,,67.0,82.0,,7.04
2022,7,river,Balu,Jolshiri Abason,24.0,127.0,10.0,2.4,306.0,24.0,,160.0,71.0,4.9,7.62
2022,7,river,Balu,Trimohoni Bridge,22.0,95.0,40.0,2.3,556.0,75.0,,294.0,82.0,68.4,7.02
2022,7,river,Buriganga,Bosila Bridge,6.2,22.0,13.5,5.57,325.0,,,136.0,32.0,39.7,6.64
2022,7,river,Buriganga,Chandni Ghat,,,,,233.0,,,,,,6.8
2022,7,river,Buriganga,Chandni Ghat Bridge,6.4,18.0,9.0,5.72,,,,91.0,35.0,22.4,
2022,7,river,Buriganga,Fatullah,6.2,22.0,16.0,5.05,395.0,,,160.0,34.0,33.0,6.71
2022,7,river,Buriganga,Friendship Bridge,,,,,220.0,,,,,,6.85
2022,7,river,Buriganga,Hazaribagh,6.2,18.0,17.5,5.65,272.0,,,108.0,34.0,26.5,6.64
2022,7,river,Buriganga,Mirpur Bridge,6.4,20.0,6.5,5.3,194.0,,,81.0,30.0,41.6,6.41
2022,7,river,Buriganga,Satmosjid Road,6.4,20.0,9.0,5.21,209.0,,,84.0,36.0,31.2,6.71
2022,7,river,Ganges,Gorai off Take,,,,,,,,,,12.0,
2022,7,river,Ganges,Kanchan Park (Down Stream),,,,,262.0,40.0,,,,12.0,
2022,7,river,Ganges,Kanchan Park (Up Stream),2.2,,11.0,7.6,262.0,40.0,,131.0,,12.0,7.62
2022,7,river,Ganges,Nurullapur (Down Stream),2.3,,10.0,7.61,270.0,42.0,,135.0,,12.0,7.6
2022,7,river,Ganges,Nurullapur (Up Stream),2.3,,10.0,7.61,270.0,42.0,,135.0,,12.0,7.6
2022,7,river,Ganges,Sardah (Down Stream),2.4,,10.0,7.6,274.0,44.0,,137.0,,12.0,7.52
2022,7,river,Ganges,Sardah (Up Stream),2.4,,10.0,7.6,274.0,44.0,,137.0,,12.0,7.52
2022,7,river,Halda,Garduara Sluice Gate,10.0,10.0,,5.2,137.5,,,94.1,,,6.94
2022,7,river,Halda,Halda Bridge,9.0,9.0,,6.2,123.5,,,68.5,,,6.72
2022,7,river,Halda,Maduna Ghat,12.0,12.0,,5.67,168.5,,,69.7,,,6.76
2022,7,river,Jamuna,Horipur Kheya Ghat (D),,,10.0,,,36.0,,,,,
2022,7,river,Jamuna,Horipur Kheya Ghat (U),,,10.0,,,36.0,,,,,
2022,7,river,Jamuna,Jamuna Eco Park (D),,,11.0,,,40.0,,,,,
2022,7,river,Jamuna,Jamuna Eco Park (U),,,11.0,,,40.0,,,,,
2022,7,river,Jamuna,Mohonganj (D),,,11.0,,,38.0,,,,,
2022,7,river,Jamuna,Mohonganj (U),,,11.0,,,38.0,,,,,
2022,7,river,Jamuna,Shariakandi Groin badth (D),,,11.0,,,42.0,,,,,
2022,7,river,Jamuna,Shariakandi Groin badth (U),,,11.0,,,42.0,,,,,
2022,7,river,Karnaphuli,CUFL,8.2,62.0,,7.51,10134.0,,,5320.0,,,7.04
2022,7,river,Karnaphuli,Kalurghat Bridge,3.0,12.0,,7.53,239.0,,,119.0,,,7.73
2022,7,river,Karnaphuli,Karnaphuli Paper,5.0,14.0,,7.82,524.0,,,242.0,,,7.62
2022,7,river,Karnaphuli,Mariam Nagar,4.0,13.0,,7.52,469.0,,,247.0,,,7.52
2022,7,river,Karnaphuli,Shikalbaha,5.0,14.0,,7.57,459.0,,,219.0,,,7.48
2022,7,river,Karnaphuli,TSP,7.5,58.0,,7.1,8234.0,,,4940.0,,,6.97
2022,7,river,Meghna,Anondo Bazar,4.8,16.0,,6.2,,19.0,,168.0,,,7.27
2022,7,river,Meghna,Bhairob Bazar,4.0,26.0,,5.0,,30.0,,102.0,,,6.5
2022,7,river,Meghna,Bisnondi,3.0,8.0,,5.0,,18.0,,64.0,,,6.55
2022,7,river,Meghna,Meghna Ghat,6.0,19.0,,5.8,,24.0,,27.0,,,6.62
2022,7,river,Meghna,Norsingdi Launch Terminal,4.0,12.0,,5.0,,13.0,,33.0,,,7.39
2022,7,river,Shitalakhya,Gorashal Fertilizer,3.0,8.0,43.0,5.2,123.0,19.0,,64.0,43.0,,7.47
2022,7,river,Shitalakhya,Majhira Demra Ghat,8.0,29.0,11.0,4.6,147.0,30.0,,73.0,11.0,,6.34
2022,7,river,Shitalakhya,Murapara (Rupganj),8.0,34.0,12.0,5.0,1138.0,35.0,,72.0,12.0,,7.34
2022,7,river,Shitalakhya,Port Road,8.0,35.0,14.0,3.9,150.0,42.0,,87.0,14.0,,6.64
2022,7,river,Tetulia,Vadura Launch Ghat (M),,112.0,,5.06,,,,73.5,,,8.43
2022,7,river,Tetulia,Vadura Launch Ghat (S),,128.0,,6.3,,,,75.6,,,8.77
2022,7,river,Turag,Ashulia,8.2,32.0,12.0,3.6,149.0,62.0,,80.0,24.0,,7.12
2022,7,river,Turag,Kaliakoir,8.2,48.0,28.0,6.4,287.0,163.0,,144.0,28.0,,7.21
2022,7,river,Turag,Nama Bazar,8.2,12.0,30.0,5.4,224.0,140.0,,114.0,30.0,,7.22
2022,7,river,Turag,Turag Bridge,8.0,34.0,10.0,3.9,159.0,72.0,,78.0,28.0,,7.06
2022,7,river,Turag,Vawal,8.2,32.0,28.0,5.2,126.0,138.0,,64.0,26.0,,7.23
2022,7,urban_lake,Gulshan Lake,Baridhara Lake,,,,,248.0,,,,,,
2022,7,urban_lake,Gulshan Lake,"Complex, South Side",,,,,254.0,,,,,,
2022,7,urban_lake,Gulshan Lake,Kalachadpur Bridge,,,,,264.0,,,,,,
2022,7,urban_lake,Gulshan Lake,Near Lake View Clinic,,,,,256.0,,,,,,
2022,8,river,Balu,Jolshiri Abason,8.2,18.0,14.0,2.24,223.0,10.1,,108.0,40.0,10.4,6.86
2022,8,river,Balu,Trimohoni Bridge,8.4,22.0,48.0,1.2,469.0,22.2,,264.0,72.0,28.3,7.14
2022,8,river,Brahmaputra,Jamalpur Bridge,5.0,,7.5,7.4,,294.0,,57.2,,,6.85
2022,8,river,Buriganga,Bosila Bridge,6.4,12.0,6.8,5.16,157.0,38.0,,77.0,32.0,32.2,7.26
2022,8,river,Buriganga,Chandni Ghat,,,,,183.0,31.0,,,,,7.08
2022,8,river,Buriganga,Chandni Ghat Bridge,6.2,12.0,8.4,3.46,,,,90.0,36.0,22.4,
2022,8,river,Buriganga,Fatullah,6.4,10.0,8.0,4.3,172.0,31.0,,84.0,34.0,28.6,7.16
2022,8,river,Buriganga,Friendship Bridge,,,,,160.0,33.0,,,,,7.12
2022,8,river,Buriganga,Hazaribagh,10.0,51.0,6.0,5.35,155.0,141.0,,76.0,31.0,100.2,7.26
2022,8,river,Buriganga,Mirpur Bridge,10.0,46.0,5.6,5.52,154.0,78.0,,75.0,30.0,38.3,7.3
2022,8,river,Buriganga,Satmosjid Road,10.0,27.0,8.0,5.27,176.0,33.0,,87.0,36.0,36.3,7.13
2022,8,river,Dhaleshwari,Hazratpur,6.0,60.0,,7.0,139.0,,,67.4,,,7.58
2022,8,river,Dhaleshwari,Mukterpur,8.0,22.0,,4.7,178.0,,,85.8,,,7.28
2022,8,river,Dhaleshwari,Pathorghata,28.0,90.0,,5.8,146.0,,,70.4,,,7.53
2022,8,river,Dhaleshwari,Ruhitpur,3.0,10.0,,4.8,146.0,,,71.4,,,7.43
2022,8,river,Dhaleshwari,Utorro Mitra,12.0,49.0,,6.0,139.0,,,64.4,,,8.5
2022,8,river,Ganges,Gorai off Take,,,,,,,,,,12.0,
2022,8,river,Ganges,Kanchan Park (Down Stream),,,,,260.0,40.0,,,,12.0,
2022,8,river,Ganges,Kanchan Park (Up Stream),2.3,,11.0,7.6,260.0,40.0,,130.0,,12.0,7.6
2022,8,river,Ganges,Nurullapur (Down Stream),2.3,,10.0,7.61,270.0,42.0,,135.0,,12.0,7.62
2022,8,river,Ganges,Nurullapur (Up Stream),2.3,,10.0,7.61,270.0,42.0,,135.0,,12.0,7.62
2022,8,river,Ganges,Sardah (Down Stream),2.3,,10.0,7.6,270.0,44.0,,135.0,,12.0,7.5
2022,8,river,Ganges,Sardah (Up Stream),2.3,,10.0,7.6,270.0,44.0,,135.0,,12.0,7.5
2022,8,river,Halda,Garduara Sluice Gate,11.0,11.0,,5.39,145.5,,,98.5,,,7.2
2022,8,river,Halda,Halda Bridge,10.0,10.0,,6.43,134.5,,,87.5,,,6.84
2022,8,river,Halda,Maduna Ghat,9.0,9.0,,5.74,121.5,,,58.7,,,6.87
2022,8,river,Jamuna,Horipur Kheya Ghat (D),2.3,,10.0,7.62,,36.0,,133.0,,,7.66
2022,8,river,Jamuna,Horipur Kheya Ghat (U),2.3,,10.0,7.62,,36.0,,133.0,,,7.66
2022,8,river,Jamuna,Jamuna Eco Park (D),2.3,,11.0,7.62,,40.0,,128.0,,,7.56
2022,8,river,Jamuna,Jamuna Eco Park (U),2.3,,11.0,7.62,,40.0,,128.0,,,7.56
2022,8,river,Jamuna,Mohonganj (D),2.2,,11.0,7.64,,38.0,,130.0,,,7.52
2022,8,river,Jamuna,Mohonganj (U),2.2,,11.0,7.64,,38.0,,130.0,,,7.52
2022,8,river,Jamuna,Shariakandi Groin badth (D),2.5,,11.0,7.6,,42.0,,133.0,,,7.5
2022,8,river,Jamuna,Shariakandi Groin badth (U),2.5,,11.0,7.6,,42.0,,133.0,,,7.5
2022,8,river,Kaligonga,Bheutha Ghat,4.0,,5.5,6.1,,198.0,,20.0,,,6.95
2022,8,river,Karnaphuli,CUFL,11.0,88.0,,7.59,23380.0,,,12420.0,,,7.18
2022,8,river,Karnaphuli,Kalurghat Bridge,3.0,11.0,,7.28,546.0,,,248.0,,,7.69
2022,8,river,Karnaphuli,Karnaphuli Paper,3.0,9.0,,7.72,679.0,,,359.0,,,7.73
2022,8,river,Karnaphuli,Mariam Nagar,4.0,10.0,,7.39,678.0,,,328.0,,,7.67
2022,8,river,Karnaphuli,Shikalbaha,4.0,10.0,,7.68,745.0,,,328.0,,,7.28
2022,8,river,Karnaphuli,TSP,9.0,67.0,,7.28,20390.0,,,10250.0,,,6.76
2022,8,river,Kirtankhola,Dopdopia Kheyaghat (M),,53.0,,6.19,169.9,,,71.9,,,8.1
2022,8,river,Kirtankhola,Dopdopia Kheyaghat (S),,29.0,,5.78,167.3,,,72.3,,,8.98
2022,8,river,Kirtankhola,Kaower Char (M),,122.0,,6.55,171.9,,,77.6,,,7.58
2022,8,river,Kirtankhola,Kaower Char (S),,,,7.74,178.0,,,78.4,,,8.11
2022,8,river,Kirtankhola,Launch Ghat (M),,,,6.62,171.3,,,76.7,,,6.92
2022,8,river,Kirtankhola,Launch Ghat (S),,,,6.39,186.4,,,84.2,,,8.34
2022,8,river,Shitalakhya,Gorashal Fertilizer,8.0,22.0,12.4,4.21,65.2,8.0,,65.2,22.0,,6.76
2022,8,river,Shitalakhya,Majhira Demra Ghat,10.0,58.0,12.5,3.25,106.0,68.0,,106.0,22.0,,7.2
2022,8,river,Shitalakhya,Murapara (Rupganj),8.0,37.0,10.5,3.65,83.4,7.0,,83.4,18.0,,7.31
2022,8,river,Shitalakhya,Port Road,8.0,42.0,18.9,2.85,229.0,22.0,,112.0,32.0,,7.61
2022,8,river,Sughanda,Gabkhan Lounch Terminal (M),,6.46,,6.46,184.5,,,79.7,,,9.39
2022,8,river,Sughanda,Gabkhan Lounch Terminal (S),,6.14,,6.14,182.4,,,79.4,,,8.36
2022,8,river,Turag,Ashulia,8.0,17.0,9.0,5.4,170.2,54.0,,86.0,30.0,,8.09
2022,8,river,Turag,Kaliakoir,8.0,15.0,3.0,6.6,130.2,168.0,,65.9,20.0,,8.47
2022,8,river,Turag,Nama Bazar,8.0,58.0,7.5,5.0,124.4,126.0,,63.4,25.0,,7.16
2022,8,river,Turag,Turag Bridge,10.0,76.0,8.0,5.0,148.9,56.0,,75.1,27.0,,7.81
2022,8,river,Turag,Vawal,8.0,71.0,7.5,5.2,128.2,81.0,,64.9,25.0,,7.04
2022,8,urban_lake,Dhanmondi Lake,8 No. Road Bridge,8.0,34.0,,5.86,302.0,12.0,,132.0,89.0,1.6,7.46
2022,8,urban_lake,Dhanmondi Lake,Road No 28 at the end,,,40.0,,345.0,17.0,,175.0,98.0,2.1,
2022,8,urban_lake,Dhanmondi Lake,Road No 28 at the end of,6.0,19.0,,5.29,,,,,,,7.49
2022,8,urban_lake,Gulshan Lake,Baridhara Lake,,,,,446.0,,,,,,
2022,8,urban_lake,Gulshan Lake,"Complex, South Side",,,,,430.0,,,,,,
2022,8,urban_lake,Gulshan Lake,Kalachadpur Bridge,,,,,415.0,,,,,,
2022,8,urban_lake,Gulshan Lake,Near Lake View Clinic,22.0,75.0,41.0,2.1,443.0,77.0,,41.0,162.0,37.1,7.12
2022,8,urban_lake,Hatir Jheel,FDC More Bridge,22.0,58.0,48.0,8.0,474.0,116.0,,150.0,150.0,72.2,7.4
2022,8,urban_lake,Hatir Jheel,Raampura Bridge,22.0,63.0,44.0,3.65,497.0,110.0,,162.0,162.0,67.6,7.3
2022,9,river,Balu,Jolshiri Abason,10.0,51.0,14.5,4.9,243.0,8.0,,122.5,50.0,5.0,6.5
2022,9,river,Balu,Trimohoni Bridge,30.0,61.0,50.0,1.0,575.0,59.0,,288.0,78.0,29.0,7.16
2022,9,river,Buriganga,Bosila Bridge,8.2,68.0,6.2,5.1,151.0,53.0,,78.0,31.0,42.7,7.14
2022,9,river,Buriganga,Chandni Ghat,,,,,171.0,48.0,,,,,7.03
2022,9,river,Buriganga,Chandni Ghat Bridge,12.0,73.0,11.5,5.45,,,,89.0,36.0,36.1,
2022,9,river,Buriganga,Fatullah,8.0,15.0,10.5,5.0,171.0,38.0,,87.0,34.0,26.8,7.04
2022,9,river,Buriganga,Friendship Bridge,,,,,165.0,40.0,,,,,7.01
2022,9,river,Buriganga,Hazaribagh,10.0,93.0,8.0,5.16,156.0,67.0,,81.0,33.0,53.1,7.14
2022,9,river,Buriganga,Mirpur Bridge,8.0,54.0,7.6,5.3,154.0,60.0,,78.0,33.0,51.4,7.13
2022,9,river,Buriganga,Satmosjid Road,10.0,85.0,10.0,5.2,158.0,51.0,,81.0,34.0,43.0,7.11
2022,9,river,Ganges,Gorai off Take,,,,,,,,,,12.0,
2022,9,river,Ganges,Kanchan Park (Down Stream),,,,,260.0,40.0,,,,12.0,
2022,9,river,Ganges,Kanchan Park (Up Stream),2.3,,11.0,7.61,260.0,40.0,,130.0,,12.0,7.62
2022,9,river,Ganges,Nurullapur (Down Stream),2.3,,10.0,7.6,270.0,42.0,,135.0,,12.0,7.6
2022,9,river,Ganges,Nurullapur (Up Stream),2.3,,10.0,7.6,270.0,42.0,,135.0,,12.0,7.6
2022,9,river,Ganges,Sardah (Down Stream),2.4,,10.0,7.62,280.0,44.0,,140.0,,12.0,7.42
2022,9,river,Ganges,Sardah (Up Stream),2.4,,10.0,7.62,280.0,44.0,,140.0,,12.0,7.42
2022,9,river,Halda,Garduara Sluice Gate,9.0,9.0,,6.55,115.0,,,62.6,,,7.61
2022,9,river,Halda,Halda Bridge,14.0,14.0,,7.74,110.5,,,58.7,,,7.77
2022,9,river,Halda,Maduna Ghat,15.5,15.5,,7.92,101.5,,,56.7,,,7.4
2022,9,river,Jamuna,Horipur Kheya Ghat (D),2.4,,10.0,7.6,,36.0,,135.0,,,7.6
2022,9,river,Jamuna,Horipur Kheya Ghat (U),2.4,,10.0,7.6,,36.0,,135.0,,,7.6
2022,9,river,Jamuna,Jamuna Eco Park (D),2.4,,11.0,7.62,,40.0,,130.0,,,7.55
2022,9,river,Jamuna,Jamuna Eco Park (U),2.4,,11.0,7.62,,40.0,,130.0,,,7.55
2022,9,river,Jamuna,Kakua,2.0,,3.0,6.2,,305.0,,,,,7.47
2022,9,river,Jamuna,Mohonganj (D),2.3,,11.0,7.62,,38.0,,130.0,,,7.5
2022,9,river,Jamuna,Mohonganj (U),2.3,,11.0,7.62,,38.0,,130.0,,,7.5
2022,9,river,Jamuna,Shariakandi Groin badth (D),2.4,,11.0,7.61,,42.0,,133.0,,,7.52
2022,9,river,Jamuna,Shariakandi Groin badth (U),2.4,,11.0,7.61,,42.0,,133.0,,,7.52
2022,9,river,Jamuna,Tarakandi (D),4.0,,5.0,6.1,,127.0,,83.0,,,7.14
2022,9,river,Karnaphuli,CUFL,10.0,49.0,,7.47,3830.0,,,2060.0,,,7.71
2022,9,river,Karnaphuli,Kalurghat Bridge,4.0,12.0,,7.39,498.0,,,248.0,,,7.46
2022,9,river,Karnaphuli,Karnaphuli Paper,4.0,10.0,,7.68,699.0,,,359.0,,,7.68
2022,9,river,Karnaphuli,Mariam Nagar,3.0,9.0,,7.46,635.0,,,328.0,,,7.72
2022,9,river,Karnaphuli,Shikalbaha,5.0,15.0,,7.49,632.0,,,328.0,,,7.62
2022,9,river,Karnaphuli,TSP,7.0,42.0,,7.0,348.0,,,174.0,,,8.18
2022,9,river,Kirtankhola,Dopdopia Kheyaghat (M),,,,6.68,1833.0,,,826.0,,,7.0
2022,9,river,Kirtankhola,Dopdopia Kheyaghat (S),,,,6.64,1858.0,,,832.0,,,7.37
2022,9,river,Kirtankhola,Kaower Char (M),,,,5.79,1762.0,,,692.0,,,7.86
2022,9,river,Kirtankhola,Kaower Char (S),,,,6.21,1961.0,,,703.0,,,8.16
2022,9,river,Kirtankhola,Launch Ghat (M),,,,5.36,1860.0,,,739.0,,,7.92
2022,9,river,Kirtankhola,Launch Ghat (S),,,,6.16,1901.0,,,807.0,,,8.24
2022,9,river,Lohalia,Patuakhali Launch Ghat (M),,,,6.61,,,,,,,
2022,9,river,Lohalia,Patuakhali Launch Ghat (S),,,,7.15,,,,,,,
2022,9,river,Meghna,Anondo Bazar,4.0,22.0,,4.2,,20.0,,158.0,,,
2022,9,river,Meghna,Bhairob Bazar,2.0,10.0,,5.8,,28.0,,26.9,,,6.92
2022,9,river,Meghna,Bisnondi,5.0,34.0,,5.0,,18.0,,29.0,,,7.28
2022,9,river,Meghna,Meghna Ghat,2.0,24.0,,7.0,,22.0,,30.0,,,6.69
2022,9,river,Meghna,Norsingdi Launch Terminal,2.0,10.0,,4.1,,11.0,,42.6,,,6.65
2022,9,river,Padma,Barha Ghat,4.0,,,7.53,,,,88.0,,,7.88
2022,9,river,Padma,Mawa Ghat,3.0,,,7.45,,,,93.0,,,7.7
2022,9,river,Shitalakhya,Gorashal Fertilizer,4.0,24.0,10.0,6.2,184.0,36.0,,88.0,45.0,,7.57
2022,9,river,Shitalakhya,Majhira Demra Ghat,6.0,39.0,9.0,5.3,166.0,34.0,,81.0,32.0,,7.4
2022,9,river,Shitalakhya,Murapara (Rupganj),4.0,36.0,14.0,4.3,176.0,39.0,,90.0,32.0,,7.29
2022,9,river,Shitalakhya,Port Road,6.0,40.0,19.0,1.8,235.0,28.0,,122.0,34.0,,7.69
2022,9,river,Turag,Ashulia,4.0,40.0,5.2,4.7,121.0,58.0,,80.0,23.0,,7.08
2022,9,river,Turag,Kaliakoir,8.0,97.0,4.0,6.3,134.0,325.0,,64.0,31.0,,7.52
2022,9,river,Turag,Nama Bazar,8.0,73.0,4.0,7.8,133.0,192.0,,68.0,26.0,,7.36
2022,9,river,Turag,Turag Bridge,8.0,44.0,5.5,4.8,171.0,62.0,,84.0,24.0,,7.2
2022,9,river,Turag,Vawal,4.0,39.0,3.0,7.1,134.0,229.0,,67.0,32.0,,7.32
2022,9,urban_lake,Gulshan Lake,Baridhara Lake,,,,,364.0,,,,,,
2022,9,urban_lake,Gulshan Lake,"Complex, South Side",,,,,423.0,,,,,,
2022,9,urban_lake,Gulshan Lake,Kalachadpur Bridge,,,,,365.0,,,,,,
2022,9,urban_lake,Gulshan Lake,Near Lake View Clinic,,,,,362.0,,,,,,
2022,10,river,Balu,Jolshiri Abason,6.0,10.0,13.0,2.0,183.3,14.0,,96.5,42.0,12.0,7.16
2022,10,river,Balu,Trimohoni Bridge,22.0,53.0,43.5,0.4,506.0,81.0,,271.0,89.0,34.7,7.46
2022,10,river,Buriganga,Bosila Bridge,6.4,22.0,5.0,5.2,168.4,39.0,,83.8,28.0,34.2,7.48
2022,10,river,Buriganga,Chandni Ghat,,,,,202.5,32.0,,,,,7.06
2022,10,river,Buriganga,Chandni Ghat Bridge,6.2,20.0,9.5,2.5,,,,99.6,33.0,25.4,
2022,10,river,Buriganga,Fatullah,6.4,20.0,7.0,3.0,177.0,35.0,,86.8,28.0,34.2,7.01
2022,10,river,Buriganga,Friendship Bridge,,,,,224.0,39.0,,,,,6.91
2022,10,river,Buriganga,Hazaribagh,6.8,48.0,4.5,5.6,159.3,42.0,,78.8,29.0,35.0,7.74
2022,10,river,Buriganga,Mirpur Bridge,6.2,36.0,5.5,5.4,163.8,44.0,,80.8,30.0,34.2,7.97
2022,10,river,Buriganga,Satmosjid Road,6.2,27.0,7.5,3.7,170.9,27.0,,85.6,30.0,32.6,6.96
2022,10,river,Dhaleshwari,Hazratpur,3.0,6.0,,6.0,196.9,,,100.6,,,7.36
2022,10,river,Dhaleshwari,Mukterpur,3.0,10.0,,4.2,126.2,,,72.3,,,7.09
2022,10,river,Dhaleshwari,Pathorghata,3.0,20.0,,5.2,112.8,,,62.8,,,6.92
2022,10,river,Dhaleshwari,Ruhitpur,3.0,7.0,,4.6,126.1,,,64.7,,,7.44
2022,10,river,Dhaleshwari,Utorro Mitra,6.0,10.0,,5.0,144.4,,,74.9,,,6.91
2022,10,river,Ganges,Gorai off Take,,,,,,,,,,12.0,
2022,10,river,Ganges,Kanchan Park (Down Stream),,,,,264.0,40.0,,,,12.0,
2022,10,river,Ganges,Kanchan Park (Up Stream),2.3,,11.0,7.62,264.0,40.0,,132.0,,12.0,7.62
2022,10,river,Ganges,Nurullapur (Down Stream),2.4,,10.0,7.62,270.0,42.0,,135.0,,12.0,7.6
2022,10,river,Ganges,Nurullapur (Up Stream),2.4,,10.0,7.62,270.0,42.0,,135.0,,12.0,7.6
2022,10,river,Ganges,Sardah (Down Stream),2.5,,10.0,7.64,286.0,44.0,,143.0,,12.0,7.4
2022,10,river,Ganges,Sardah (Up Stream),2.5,,10.0,7.64,286.0,44.0,,143.0,,12.0,7.4
2022,10,river,Halda,Garduara Sluice Gate,10.0,10.0,,8.22,124.0,,,108.7,,,8.58
2022,10,river,Halda,Halda Bridge,12.5,12.5,,8.21,207.1,,,168.2,,,8.63
2022,10,river,Halda,Maduna Ghat,13.4,13.4,,8.28,136.9,,,144.0,,,8.45
2022,10,river,Jamuna,Horipur Kheya Ghat (D),2.4,,10.0,7.62,,36.0,,135.0,,,7.56
2022,10,river,Jamuna,Horipur Kheya Ghat (U),2.4,,10.0,7.62,,36.0,,135.0,,,7.56
2022,10,river,Jamuna,Jamuna Eco Park (D),2.4,,11.0,7.64,,40.0,,130.0,,,7.52
2022,10,river,Jamuna,Jamuna Eco Park (U),2.4,,11.0,7.64,,40.0,,130.0,,,7.52
2022,10,river,Jamuna,Mohonganj (D),2.3,,11.0,7.64,,38.0,,131.0,,,7.5
2022,10,river,Jamuna,Mohonganj (U),2.3,,11.0,7.64,,38.0,,131.0,,,7.5
2022,10,river,Jamuna,Shariakandi Groin badth (D),2.4,,11.0,7.6,,42.0,,133.0,,,7.54
2022,10,river,Jamuna,Shariakandi Groin badth (U),2.4,,11.0,7.6,,42.0,,133.0,,,7.54
2022,10,river,Karnaphuli,CUFL,8.0,45.0,,7.47,4216.0,,,2060.0,,,7.79
2022,10,river,Karnaphuli,Kalurghat Bridge,5.0,10.0,,7.39,512.0,,,248.0,,,7.57
2022,10,river,Karnaphuli,Karnaphuli Paper,5.0,12.0,,7.68,748.0,,,359.0,,,7.79
2022,10,river,Karnaphuli,Mariam Nagar,4.0,11.0,,7.46,689.0,,,328.0,,,7.72
2022,10,river,Karnaphuli,Shikalbaha,5.6,13.0,,7.49,678.0,,,328.0,,,7.78
2022,10,river,Karnaphuli,TSP,7.0,38.0,,7.0,359.0,,,174.0,,,7.89
2022,10,river,Kirtankhola,Dopdopia Kheyaghat (M),,,,6.91,190.2,,,89.2,,,8.52
2022,10,river,Kirtankhola,Dopdopia Kheyaghat (S),,,,7.11,183.4,,,87.1,,,8.99
2022,10,river,Kirtankhola,Kaower Char (M),,,,6.59,199.3,,,92.4,,,8.24
2022,10,river,Kirtankhola,Kaower Char (S),,,,6.83,180.0,,,83.6,,,8.28
2022,10,river,Kirtankhola,Launch Ghat (M),,,,6.77,181.1,,,84.5,,,8.43
2022,10,river,Kirtankhola,Launch Ghat (S),,,,6.86,130.3,,,84.3,,,8.42
2022,10,river,Lohalia,Patuakhali Launch Ghat (M),,,,,206.0,,,94.3,,,8.62
2022,10,river,Lohalia,Patuakhali Launch Ghat (S),,,,,210.0,,,94.4,,,9.01
2022,10,river,Shitalakhya,Gorashal Fertilizer,4.0,10.0,8.0,4.9,182.5,35.0,,96.0,40.0,,7.47
2022,10,river,Shitalakhya,Majhira Demra Ghat,8.4,34.0,9.0,4.2,157.5,43.0,,82.0,31.0,,7.23
2022,10,river,Shitalakhya,Murapara (Rupganj),6.0,41.0,18.0,3.8,450.0,97.0,,246.0,37.0,,7.04
2022,10,river,Shitalakhya,Port Road,8.6,42.0,20.0,3.2,265.0,25.0,,138.0,37.0,,7.18
2022,10,river,Turag,Ashulia,10.0,63.0,4.0,5.0,136.4,52.0,,74.7,28.0,,6.88
2022,10,river,Turag,Kaliakoir,4.0,10.0,17.0,5.8,124.9,229.0,,67.6,32.0,,7.84
2022,10,river,Turag,Nama Bazar,7.0,15.0,6.0,4.9,195.6,235.0,,90.6,29.0,,7.54
2022,10,river,Turag,Turag Bridge,12.0,60.0,10.0,5.2,185.0,50.8,,74.7,67.6,,7.54
2022,10,river,Turag,Vawal,2.0,17.0,9.0,6.0,141.4,63.0,,76.2,30.0,,7.46
2022,10,urban_lake,Gulshan Lake,Baridhara Lake,,,,,436.0,,,,,,
2022,10,urban_lake,Gulshan Lake,"Complex, South Side",,,,,403.0,,,,,,
2022,10,urban_lake,Gulshan Lake,Kalachadpur Bridge,,,,,449.0,,,,,,
2022,10,urban_lake,Gulshan Lake,Near Lake View Clinic,,,,,376.0,,,,,,
2022,11,river,Balu,Jolshiri Abason,3.0,12.0,12.0,8.0,169.4,7.0,,90.0,40.0,5.68,7.52
2022,11,river,Balu,Trimohoni Bridge,6.0,90.0,80.0,0.1,703.0,58.0,,407.0,124.0,65.0,7.25
2022,11,river,Buriganga,Bosila Bridge,8.2,22.0,5.0,4.1,149.0,32.0,,84.0,32.0,30.1,7.29
2022,11,river,Buriganga,Chandni Ghat,,,,,273.0,18.0,,,,,7.06
2022,11,river,Buriganga,Chandni Ghat Bridge,8.4,54.0,12.0,0.2,,,,134.7,49.0,28.9,
2022,11,river,Buriganga,Fatullah,8.2,28.0,10.0,3.0,169.0,27.0,,95.4,38.0,25.2,7.31
2022,11,river,Buriganga,Friendship Bridge,,,,,221.0,15.0,,,,,7.07
2022,11,river,Buriganga,Hazaribagh,8.4,24.0,7.0,3.9,154.0,24.0,,86.8,30.0,21.9,7.28
2022,11,river,Buriganga,Mirpur Bridge,8.0,90.0,6.0,4.2,148.0,27.0,,82.4,31.0,29.7,7.5
2022,11,river,Buriganga,Satmosjid Road,8.6,22.0,8.0,3.2,161.0,23.0,,90.7,36.0,26.2,7.22
2022,11,river,Dhaleshwari,Hazratpur,2.0,8.0,,7.2,154.8,,,86.2,,,7.24
2022,11,river,Dhaleshwari,Mukterpur,3.0,10.0,,6.2,156.4,,,84.2,,,7.25
2022,11,river,Dhaleshwari,Pathorghata,2.0,15.0,,5.5,149.5,,,82.7,,,7.23
2022,11,river,Dhaleshwari,Ruhitpur,2.0,10.0,,7.4,154.2,,,85.9,,,7.23
2022,11,river,Dhaleshwari,Utorro Mitra,5.0,15.0,,6.8,168.1,,,95.2,,,7.03
2022,11,river,Kaligonga,Bheutha Ghat,2.0,,8.0,6.1,,46.0,,8.0,,,7.65
2022,11,river,Karnaphuli,CUFL,7.0,56.0,,6.47,14200.0,,,7960.0,,,6.11
2022,11,river,Karnaphuli,Kalurghat Bridge,3.0,9.0,,7.19,569.0,,,312.0,,,7.42
2022,11,river,Karnaphuli,Karnaphuli Paper,4.0,11.0,,7.49,694.0,,,345.0,,,7.11
2022,11,river,Karnaphuli,Mariam Nagar,3.0,10.0,,7.33,489.0,,,280.0,,,7.24
2022,11,river,Karnaphuli,Shikalbaha,4.0,10.0,,7.1,489.0,,,289.0,,,7.57
2022,11,river,Karnaphuli,TSP,6.0,37.0,,5.7,9570.0,,,5320.0,,,6.45
2022,11,river,Kirtankhola,Dopdopia Kheyaghat (M),,,,6.89,1921.0,,,884.0,,,8.88
2022,11,river,Kirtankhola,Dopdopia Kheyaghat (S),,,,7.01,1875.0,,,891.0,,,8.56
2022,11,river,Kirtankhola,Kaower Char (M),,,,6.53,1729.0,,,957.0,,,8.18
2022,11,river,Kirtankhola,Kaower Char (S),,,,6.32,1663.0,,,899.0,,,8.2
2022,11,river,Kirtankhola,Launch Ghat (M),,,,7.14,1482.0,,,852.0,,,8.47
2022,11,river,Kirtankhola,Launch Ghat (S),,,,7.0,1527.0,,,827.0,,,8.92
2022,11,river,Meghna,Anondo Bazar,6.2,58.0,,5.8,,53.0,,44.7,,,7.54
2022,11,river,Meghna,Bhairob Bazar,6.7,25.0,,6.3,,32.0,,39.7,,,7.56
2022,11,river,Meghna,Bisnondi,6.2,51.0,,5.4,,22.0,,49.3,,,7.57
2022,11,river,Meghna,Meghna Ghat,2.0,8.0,,5.1,,25.0,,41.7,,,7.7
2022,11,river,Meghna,Norsingdi Launch Terminal,6.2,14.0,,5.8,,10.0,,75.7,,,7.58
2022,11,river,Padma,Barha Ghat,2.0,,,8.0,134.0,148.0,,74.0,,,7.58
2022,11,river,Padma,Mawa Ghat,2.0,,,8.0,138.0,89.0,,75.0,,,7.42
2022,11,river,Shitalakhya,Gorashal Fertilizer,3.0,10.0,44.0,7.9,227.0,14.0,,123.6,44.0,,7.78
2022,11,river,Shitalakhya,Majhira Demra Ghat,6.1,17.0,24.0,5.4,289.0,23.0,,162.9,24.0,,7.37
2022,11,river,Shitalakhya,Murapara (Rupganj),3.6,27.0,35.0,5.8,215.0,30.0,,113.2,35.0,,7.31
2022,11,river,Shitalakhya,Port Road,5.6,14.0,12.0,6.5,225.0,28.0,,122.5,34.0,,7.49
2022,11,river,Turag,Ashulia,3.0,10.0,4.0,6.2,141.3,12.0,,77.5,29.0,,7.41
2022,11,river,Turag,Kaliakoir,6.0,22.0,17.0,3.8,116.4,113.0,,64.2,22.0,,7.02
2022,11,river,Turag,Nama Bazar,3.0,10.0,6.0,5.2,150.5,82.0,,79.9,28.0,,7.64
2022,11,river,Turag,Turag Bridge,3.0,14.0,9.0,5.8,159.8,22.0,,82.0,27.0,,7.42
2022,11,river,Turag,Vawal,4.0,10.0,11.0,4.9,669.0,49.0,,334.0,39.0,,6.69
2022,11,urban_lake,Dhanmondi Lake,8 No. Road Bridge,2.8,30.0,,4.3,222.0,48.0,,121.7,89.0,56.0,7.62
2022,11,urban_lake,Dhanmondi Lake,Road No 28 at the end,,,39.0,,362.0,5.0,,199.5,112.0,8.0,
2022,11,urban_lake,Dhanmondi Lake,Road No 28 at the end of,2.2,16.0,,2.2,,,,,,,7.52
2022,11,urban_lake,Gulshan Lake,Baridhara Lake,,,,,360.0,,,,,,
2022,11,urban_lake,Gulshan Lake,"Complex, South Side",,,,,365.0,,,,,,
2022,11,urban_lake,Gulshan Lake,Kalachadpur Bridge,,,,,360.0,,,,,,
2022,11,urban_lake,Gulshan Lake,Near Lake View Clinic,38.0,78.0,44.0,5.0,356.0,159.0,,269.0,158.0,61.4,7.32
2022,11,urban_lake,Hatir Jheel,FDC More Bridge,26.0,115.0,66.0,2.1,555.0,116.0,,284.0,218.0,123.0,7.72
2022,11,urban_lake,Hatir Jheel,Raampura Bridge,21.0,39.0,45.0,5.5,426.0,29.0,,235.0,189.0,35.0,7.92
2022,12,river,Balu,Jolshiri Abason,5.4,39.0,13.0,2.1,242.0,33.0,,142.3,104.0,44.0,7.26
2022,12,river,Balu,Trimohoni Bridge,88.5,222.0,93.0,0.1,842.0,48.0,,446.0,296.0,49.0,7.22
2022,12,river,Brahmaputra,Jamalpur Bridge,3.0,,2.0,7.7,,8.0,,156.7,,,7.83
2022,12,river,Brahmaputra,Jamalpur Rail Bridge,1.8,,11.5,8.0,,19.9,,169.5,,,7.93
2022,12,river,Buriganga,Bosila Bridge,10.4,44.0,30.0,1.2,396.0,49.0,,230.0,110.0,57.0,7.52
2022,12,river,Buriganga,Chandni Ghat,,,,,409.0,53.0,,,,,7.38
2022,12,river,Buriganga,Chandni Ghat Bridge,10.2,42.0,30.0,1.8,,,,236.0,118.0,52.0,
2022,12,river,Buriganga,Fatullah,12.6,28.0,32.0,1.8,418.0,56.0,,241.0,138.0,65.0,7.39
2022,12,river,Buriganga,Friendship Bridge,,,,,399.0,44.0,,,,,7.39
2022,12,river,Buriganga,Hazaribagh,10.4,68.0,55.0,1.2,657.0,136.0,,384.0,221.0,145.0,7.32
2022,12,river,Buriganga,Mirpur Bridge,10.8,92.0,28.0,2.4,377.0,39.0,,214.0,99.0,48.0,7.34
2022,12,river,Buriganga,Satmosjid Road,10.2,60.0,46.0,1.2,627.0,149.0,,368.0,186.0,158.0,7.28
2022,12,river,Dhaleshwari,Hazratpur,1.2,,,7.9,455.0,,,255.0,,,7.97
2022,12,river,Dhaleshwari,Mukterpur,3.3,10.2,,1.5,342.0,,,174.3,,,7.17
2022,12,river,Dhaleshwari,Pathorghata,4.2,10.0,,5.6,510.0,,,250.0,,,7.42
2022,12,river,Dhaleshwari,Ruhitpur,1.2,,,5.7,437.0,,,246.0,,,7.9
2022,12,river,Dhaleshwari,Utorro Mitra,2.0,6.0,,5.2,441.0,,,258.0,,,7.32
2022,12,river,Ganges,Gorai off Take,,,,,,,,,,12.0,
2022,12,river,Ganges,Kanchan Park (Down Stream),,,,,264.0,40.0,,,,12.0,
2022,12,river,Ganges,Kanchan Park (Up Stream),2.3,,11.0,7.62,264.0,40.0,,132.0,,12.0,7.6
2022,12,river,Ganges,Nurullapur (Down Stream),2.4,,10.0,7.6,280.0,42.0,,140.0,,12.0,7.5
2022,12,river,Ganges,Nurullapur (Up Stream),2.4,,10.0,7.6,280.0,42.0,,140.0,,12.0,7.5
2022,12,river,Ganges,Sardah (Down Stream),2.4,,10.0,7.64,286.0,44.0,,143.0,,12.0,7.4
2022,12,river,Ganges,Sardah (Up Stream),2.4,,10.0,7.64,286.0,44.0,,143.0,,12.0,7.4
2022,12,river,Jamuna,Horipur Kheya Ghat (D),2.4,,10.0,7.62,,36.0,,130.0,,,7.62
2022,12,river,Jamuna,Horipur Kheya Ghat (U),2.4,,10.0,7.62,,36.0,,130.0,,,7.62
2022,12,river,Jamuna,Jamuna Eco Park (D),2.4,,11.0,7.6,,40.0,,132.0,,,7.54
2022,12,river,Jamuna,Jamuna Eco Park (U),2.4,,11.0,7.6,,40.0,,132.0,,,7.54
2022,12,river,Jamuna,Kakua,2.3,,40.0,11.5,,15.0,,4.0,,,8.57
2022,12,river,Jamuna,Mohonganj (D),2.3,,11.0,7.6,,38.0,,131.0,,,7.6
2022,12,river,Jamuna,Mohonganj (U),2.3,,11.0,7.6,,38.0,,131.0,,,7.6
2022,12,river,Jamuna,Shariakandi Groin badth (D),2.4,,11.0,7.5,,42.0,,135.0,,,7.5
2022,12,river,Jamuna,Shariakandi Groin badth (U),2.4,,11.0,7.5,,42.0,,135.0,,,7.5
2022,12,river,Jamuna,Tarakandi (D),2.6,,6.0,7.9,,42.0,,225.0,,,7.87
2022,12,river,Kaligonga,Bheutha Ghat,,,15.5,8.8,,14.0,,,,,7.7
2022,12,river,Karnaphuli,CUFL,6.0,48.0,,8.42,36500.0,,,18550.0,,,7.44
2022,12,river,Karnaphuli,Kalurghat Bridge,4.0,9.0,,7.77,459.0,,,286.0,,,7.21
2022,12,river,Karnaphuli,Karnaphuli Paper,3.0,10.0,,7.39,523.0,,,269.0,,,7.28
2022,12,river,Karnaphuli,Mariam Nagar,4.0,8.0,,7.28,358.0,,,318.0,,,7.41
2022,12,river,Karnaphuli,Shikalbaha,5.0,9.0,,7.38,538.0,,,189.0,,,7.18
2022,12,river,Karnaphuli,TSP,7.0,32.0,,7.4,19110.0,,,11480.0,,,7.53
2022,12,river,Meghna,Anondo Bazar,2.2,5.0,,5.8,,11.0,,98.5,,,6.49
2022,12,river,Meghna,Bhairob Bazar,3.0,10.0,,6.2,,10.0,,54.0,,,7.52
2022,12,river,Meghna,Bisnondi,3.5,5.0,,6.4,,34.0,,59.2,,,7.6
2022,12,river,Meghna,Meghna Ghat,2.4,17.0,,4.9,,17.0,,77.5,,,6.99
2022,12,river,Meghna,Norsingdi Launch Terminal,2.3,12.0,,6.0,,12.0,,52.0,,,7.41
2022,12,river,Padma,Barha Ghat,0.7,,,8.07,196.9,66.0,,109.4,,,
2022,12,river,Padma,Mawa Ghat,3.0,,,7.56,202.0,68.0,,110.0,,,
2022,12,river,Shitalakhya,Gorashal Fertilizer,4.0,12.0,16.0,4.2,224.2,36.0,,114.5,28.0,,7.68
2022,12,river,Shitalakhya,Majhira Demra Ghat,8.0,35.0,14.0,2.0,216.0,42.0,,110.3,42.0,,7.35
2022,12,river,Shitalakhya,Murapara (Rupganj),10.0,41.0,10.0,4.7,214.0,86.0,,112.0,36.0,,7.32
2022,12,river,Shitalakhya,Port Road,6.0,40.0,12.0,4.0,228.0,24.0,,116.2,40.0,,7.4
2022,12,river,Turag,Ashulia,3.4,12.0,10.0,5.1,280.0,16.0,,148.4,90.0,,7.59
2022,12,river,Turag,Kaliakoir,3.2,24.0,8.0,8.7,214.7,28.0,,124.6,90.0,,7.68
2022,12,river,Turag,Nama Bazar,3.2,10.0,11.0,5.2,296.0,19.0,,156.4,95.0,,7.64
2022,12,river,Turag,Turag Bridge,5.4,22.0,9.0,6.0,274.0,5.0,,145.9,93.0,,7.69
2022,12,river,Turag,Vawal,2.2,30.0,10.0,6.1,544.0,13.0,,313.0,36.0,,7.02
2022,12,urban_lake,Gulshan Lake,Baridhara Lake,,,,,528.0,,,,,,
2022,12,urban_lake,Gulshan Lake,"Complex, South Side",,,,,484.0,,,,,,
2022,12,urban_lake,Gulshan Lake,Kalachadpur Bridge,,,,,449.0,,,,,,
2022,12,urban_lake,Gulshan Lake,Near Lake View Clinic,,,,,446.0,,,,,,
2023,1,river,Balu,Jolshiri Abason,18.0,60.0,18.0,1.41,248.0,28.0,,132.0,108.0,,7.13
2023,1,river,Balu,Trimohoni Bridge,68.0,217.0,99.0,0.0,847.0,59.0,,480.0,330.0,50.0,6.82
2023,1,river,Bhairab,"Basundia Bazar,",,,79.0,,318.0,,0.04,360.0,,0.14,
2023,1,river,Bhairab,"Basundia Bazar, Aladipur",2.7,,,4.21,,,,,,,6.22
2023,1,river,Bhairab,"Fultala Ghat, Dhulgram",2.9,,161.0,4.7,646.0,,0.07,323.0,,31.0,6.58
2023,1,river,Bhairab,Noapara Ferry Ghat,4.8,,187.0,6.34,1146.0,,0.13,573.0,,59.0,7.82
2023,1,river,Bhairab,Noapara Jafarpur,4.6,,289.0,6.29,1156.0,,0.11,578.0,,61.0,7.84
2023,1,river,Buriganga,(B.C.F.B),,,,,,,,,,20.0,
2023,1,river,Buriganga,Bangladesh China Friendship,12.0,,,,,,,,,,
2023,1,river,Buriganga,Bangladesh China Friendship Bridge (B.C.F.B),,64.0,,1.2,,,,,,,
2023,1,river,Buriganga,Bosila Bridge (B.B),12.0,66.0,30.0,1.5,407.0,,,232.0,112.0,23.0,7.37
2023,1,river,Buriganga,Bridge (B.C.F.B),,,20.0,,,,,,112.0,,7.32
2023,1,river,Buriganga,Chandni Ghat (Cg.),13.0,66.0,82.0,1.2,757.0,,,437.0,260.0,58.0,7.11
2023,1,river,Buriganga,Fatullah (Fh),13.0,68.0,32.0,1.4,436.0,,,248.0,124.0,90.0,7.51
2023,1,river,Buriganga,Friendship Bridge (B.C.F.B),,,,,431.0,,,245.0,,,
2023,1,river,Buriganga,Hazaribagh (Hg.),11.0,72.0,22.0,1.5,426.0,,,243.0,120.0,36.0,7.39
2023,1,river,Buriganga,Mirpur Bridge (M.B),12.0,70.0,21.0,1.9,389.0,76.0,,217.0,136.0,29.0,7.35
2023,1,river,Buriganga,Satmosjid Road (S.R),12.0,62.0,28.0,1.6,420.0,,,242.0,122.0,29.0,7.37
2023,1,river,Ganges,Gorai off Take,3.4,,70.5,4.7,282.0,25.0,,142.0,,26.0,6.42
2023,1,river,Gorai,Kamarkhali Bridge,3.2,,39.0,6.5,158.0,22.0,,79.0,,17.0,7.48
2023,1,river,Halda,Garduara Sluice gate,4.0,11.0,,8.46,242.0,39.0,,,,,6.88
2023,1,river,Halda,Halda Bridge,5.0,10.0,,6.93,221.0,46.0,,,,,6.79
2023,1,river,Halda,Maduna Ghat,4.0,9.0,,7.12,235.0,58.0,,,,,7.0
2023,1,river,Jamuna,Horipur Kheya ghat (Dn),2.5,,,7.6,262.0,36.0,,131.0,,,7.52
2023,1,river,Jamuna,Horipur Kheya ghat (Up),2.5,,,7.6,262.0,36.0,,131.0,,,7.52
2023,1,river,Jamuna,Jamuna Eco Park (Dn),2.4,,,7.6,264.0,40.0,,132.0,,,7.52
2023,1,river,Jamuna,Jamuna Eco Park (Up),2.4,,,7.6,264.0,40.0,,132.0,,,7.52
2023,1,river,Jamuna,MohonGanj (Dn),2.3,,,7.6,262.0,38.0,,131.0,,,7.54
2023,1,river,Jamuna,MohonGanj (Up),2.3,,,7.6,262.0,38.0,,131.0,,,7.54
2023,1,river,Jamuna,Shariakand Kheya Ghat (Dn),2.3,,,7.5,270.0,42.0,,135.0,,,7.5
2023,1,river,Jamuna,Shariakand Kheya Ghat (Up),2.3,,,7.5,270.0,42.0,,135.0,,,7.5
2023,1,river,Kalabodar,Kalabodar Ferry Ghat (M),,,,5.1,306.0,,,124.0,,,7.3
2023,1,river,Kalabodar,Kalabodar Ferry Ghat (S),,,,5.3,332.0,,,148.0,,,7.8
2023,1,river,Karnaphuli,CUFL,7.0,42.0,,7.7,,170.0,,14480.0,,,7.04
2023,1,river,Karnaphuli,Kalurghat Bridge,3.0,8.0,,7.63,,59.0,,189.0,,,7.35
2023,1,river,Karnaphuli,Karnafully Paper,4.0,11.0,,7.41,,74.0,,361.0,,,7.19
2023,1,river,Karnaphuli,Mariam Nagar,5.0,9.0,,7.39,,69.0,,289.0,,,7.38
2023,1,river,Karnaphuli,Shikalbaha,,10.0,,7.38,,68.0,,217.0,,,7.24
2023,1,river,Karnaphuli,TSP,6.0,34.0,,6.42,,57.0,,12750.0,,,7.81
2023,1,river,Khakshiali,Boshontopur,3.7,,1027.0,7.63,4110.0,83.0,,2055.0,,73.0,6.72
2023,1,river,Khakshiali,Kaliganj Bazar,3.5,,1000.0,7.35,4000.0,72.0,,2000.0,,79.0,6.67
2023,1,river,Khakshiali,Uzirpur,2.8,,314.0,6.23,1254.0,55.0,,627.0,,53.0,7.21
2023,1,river,Kirtankhola,Dopdopia Kheyaghat (M),,,,6.79,1632.0,,,861.0,,,8.16
2023,1,river,Kirtankhola,Dopdopia Kheyaghat (S),,,,7.13,1701.0,,,897.0,,,
2023,1,river,Kirtankhola,Kaower Char (M),,,,6.37,1691.0,,,861.0,,,8.28
2023,1,river,Kirtankhola,Kaower Char (S),,,,6.66,1631.0,,,878.0,,,8.1
2023,1,river,Kirtankhola,Launch Ghat (M),,,,7.25,1518.0,,,801.0,,,8.66
2023,1,river,Kirtankhola,Launch Ghat (S),,,,7.1,1534.0,,,811.0,,,8.82
2023,1,river,Korotoa,Aziz Ahmed Taki Road (Down),2.2,,,6.0,390.0,54.0,,195.0,,,7.36
2023,1,river,Korotoa,Aziz Ahmed Taki Road (UP),2.2,,,6.0,390.0,54.0,,195.0,,,7.36
2023,1,river,Korotoa,Dottobari Bridge (Down),2.2,,,6.0,390.0,58.0,,194.0,,,7.36
2023,1,river,Korotoa,Dottobari Bridge (UP),2.2,,,6.0,390.0,58.0,,194.0,,,7.36
2023,1,river,Lohalia,Patuakhali L.G (M),,,,6.84,234.0,,,109.0,,,
2023,1,river,Lohalia,Patuakhali L.G (S),,,,7.0,265.0,,,114.0,,,
2023,1,river,Lohalia,Patuakhali Launch Ghat (M),,,,,,,,,,,8.91
2023,1,river,Lohalia,Patuakhali Launch Ghat (S),,,,,,,,,,,9.03
2023,1,river,Mathavanga,"Pipe Ghat, (M.P)",2.1,,96.0,3.5,,,,192.0,,24.0,7.62
2023,1,river,Mathavanga,"Pipe Ghat,(M.P)",,,,,384.0,,0.06,,,,
2023,1,river,Meghna,Annondo Bazar,6.0,20.0,54.0,7.0,,,,61.0,,,7.61
2023,1,river,Meghna,Bairob Bazar,4.0,30.0,7.0,7.4,,,,61.0,,,7.31
2023,1,river,Meghna,Bishondi Ferry Ghat,6.0,18.0,8.1,5.0,,,,64.0,,,7.69
2023,1,river,Meghna,Meghna Ghat,5.0,14.0,13.0,5.4,,,,65.0,,,7.26
2023,1,river,Meghna,Narshingdi Launch Ghat,3.0,15.0,17.0,2.9,,,,220.0,,,7.34
2023,1,river,Modhumoti,Dhalaitala,2.4,,179.0,5.2,718.0,48.0,,359.0,,42.0,6.23
2023,1,river,Moyuri,Buro Moulavir Darga,1.2,,46.0,0.0,186.0,,0.02,93.0,,11.0,7.64
2023,1,river,Moyuri,Doshgate Jalma,1.7,,189.0,2.27,754.0,,0.08,377.0,,17.0,6.52
2023,1,river,Moyuri,Shoshan Ghat,1.1,,48.0,0.0,192.0,,0.04,96.0,,13.0,7.74
2023,1,river,Padma,Barha Ghat,10.0,,,6.9,244.0,7.38,,132.0,,,7.38
2023,1,river,Padma,Mawa Ghat,4.0,,,8.9,189.0,7.98,,106.0,,,7.98
2023,1,river,Pashur,Banishanta,5.6,,460.0,7.53,1842.0,,,921.0,,67.0,6.44
2023,1,river,Pashur,"Banishanta, Mongla",,,,,,82.0,,,,,
2023,1,river,Pashur,Batiaghata By Pass,3.9,,182.0,6.45,728.0,87.0,,96.0,,46.0,7.53
2023,1,river,Pashur,Rampal Power Plant,4.8,,387.0,7.62,1546.0,74.0,,773.0,,57.0,6.75
2023,1,river,Rupsa,"Charer Hat, Sulpur Aijgati",,,216.0,,,,,,,,
2023,1,river,Rupsa,"Charer Hat, Sulpur Aijgati (M)",3.4,,,5.43,864.0,132.0,0.08,,,47.0,7.68
2023,1,river,Rupsa,"Gilatola , Nadan Pratap (M)",3.7,,136.0,5.9,542.0,37.0,0.08,,,27.0,6.42
2023,1,river,Rupsa,Kalibari Ghat (M),2.2,,246.0,4.15,984.0,125.0,0.12,,,52.0,7.61
2023,1,river,Rupsa,Rupsa Ghat (M),2.4,,208.0,5.35,832.0,136.0,0.13,,,53.0,7.56
2023,1,river,Shitalakhya,Gorashal,5.0,18.0,16.0,3.4,367.0,38.0,,197.0,81.0,,7.16
2023,1,river,Shitalakhya,Majira Demra Ghat,12.0,42.0,48.0,1.2,643.0,54.0,,345.0,32.0,,7.34
2023,1,river,Shitalakhya,Murapara (Rupgonj),11.0,44.0,19.0,4.6,372.0,34.0,,214.0,50.0,,7.4
2023,1,river,Shitalakhya,Port Road,12.0,48.0,41.0,1.8,607.0,42.0,,349.0,94.0,,7.72
2023,1,river,Teesta,Kanchan Park (Down),2.3,,10.0,7.6,,42.0,,130.0,,,7.62
2023,1,river,Teesta,Kanchan Park (Up),2.3,,10.0,7.6,,42.0,,130.0,,,7.62
2023,1,river,Teesta,Nurullapur (Down),2.4,,10.0,7.62,,37.0,,127.0,,,7.56
2023,1,river,Teesta,Nurullapur (Up),2.4,,10.0,7.62,,37.0,,127.0,,,7.56
2023,1,river,Teesta,Sardah (Down),2.4,,10.0,7.6,,44.0,,130.0,,,7.56
2023,1,river,Teesta,Sardah (Up),2.4,,10.0,7.6,,44.0,,130.0,,,7.56
2023,1,river,Tetulia,Vadura Launch Ghat (M),,,,6.05,155.4,,,67.3,,,8.16
2023,1,river,Tetulia,Vadura Launch Ghat (S),,,,6.1,165.5,,,70.3,,,8.52
2023,1,river,Turag,Ashulia,24.0,38.0,34.0,0.6,599.0,42.0,,395.0,194.0,,7.34
2023,1,river,Turag,Kaliakoir,10.0,28.0,10.0,4.7,280.0,10.0,,127.0,90.0,,7.45
2023,1,river,Turag,Nama Bazar,12.0,51.0,21.0,0.4,633.0,24.0,,370.0,84.0,,7.4
2023,1,river,Turag,Turag Bridge,22.0,48.0,20.0,2.9,449.0,15.0,,260.0,110.0,,7.52
2023,1,river,Turag,Vawal,9.0,29.0,20.0,3.0,432.0,28.0,,270.0,70.0,,7.4
2023,2,river,Balu,Jolshiri Abason,20.0,56.0,23.0,0.1,334.0,40.0,,235.0,124.0,,7.41
2023,2,river,Balu,Trimohoni Bridge,38.0,63.0,81.0,0.0,858.0,122.0,,487.0,382.0,83.9,7.02
2023,2,river,Bhairab,"Basundia Bazar,",,,87.0,,346.0,,0.09,173.0,,0.19,
2023,2,river,Bhairab,"Basundia Bazar, Aladipur",2.9,,,5.34,,,,,,,7.46
2023,2,river,Bhairab,"Fultala Ghat, Dhulgram",2.9,,162.0,6.23,646.0,,0.13,323.0,,41.0,7.87
2023,2,river,Bhairab,Noapara Ferry Ghat,4.6,,85.0,6.25,340.0,,0.17,170.0,,62.0,8.05
2023,2,river,Bhairab,Noapara Jafarpur,3.4,,77.0,7.2,307.0,,0.15,154.0,,67.0,8.22
2023,2,river,Brahmaputra,Mymensingh,8.0,,10.0,5.0,,14.0,,150.0,,,7.85
2023,2,river,Brahmaputra,"Rail Bridge, Shamvoganj",7.2,,11.0,4.5,,11.0,,148.0,,,7.97
2023,2,river,Buriganga,(B.C.F.B),,,,,,,,,,59.3,
2023,2,river,Buriganga,Bangladesh China Friendship,16.0,,,,,,,,,,
2023,2,river,Buriganga,Bangladesh China Friendship Bridge (B.C.F.B),,66.0,,0.7,,,,,,,
2023,2,river,Buriganga,Bosila Bridge (B.B),17.0,68.0,32.0,0.7,724.0,74.0,,376.0,164.0,32.3,7.65
2023,2,river,Buriganga,Bridge (B.C.F.B),,,51.0,,,88.0,,,224.0,,7.5
2023,2,river,Buriganga,Chandni Ghat (Cg.),16.0,64.0,40.0,0.5,760.0,93.0,,444.0,280.0,59.2,7.5
2023,2,river,Buriganga,Fatullah (Fh),16.0,64.0,46.0,1.5,730.0,69.0,,420.0,180.0,66.1,7.61
2023,2,river,Buriganga,Friendship Bridge (B.C.F.B),,,,,730.0,,,411.0,,,
2023,2,river,Buriganga,Hazaribagh (Hg.),16.0,79.0,33.0,0.63,735.0,54.0,,378.0,172.0,41.4,7.6
2023,2,river,Buriganga,Mirpur Bridge (M.B),16.0,76.0,49.0,1.31,759.0,103.0,,400.0,244.0,51.8,7.63
2023,2,river,Buriganga,Satmosjid Road (S.R),17.0,64.0,49.0,0.81,744.0,65.0,,381.0,224.0,61.1,7.84
2023,2,river,Dhaleshwari,Hazaratpur,3.0,18.0,35.0,5.7,648.0,17.0,,340.0,286.0,,7.75
2023,2,river,Dhaleshwari,Mukterpur,8.0,32.0,25.0,0.8,478.0,22.0,,255.0,159.0,,7.27
2023,2,river,Dhaleshwari,Pathorghata,6.0,20.0,26.0,5.3,245.0,20.0,,133.0,156.0,,8.25
2023,2,river,Dhaleshwari,Ruhitpur,2.0,9.0,31.0,5.9,650.0,28.0,,344.0,212.0,,7.88
2023,2,river,Dhaleshwari,Utorro Mitra,4.0,10.0,32.0,6.0,560.0,26.0,,284.0,220.0,,7.65
2023,2,river,Ganges,Gorai off Take,2.6,,214.0,6.71,854.0,54.0,,127.0,,37.0,7.23
2023,2,river,Gorai,Kamarkhali Bridge,2.7,,162.0,5.27,648.0,29.0,,324.0,,19.0,6.18
2023,2,river,Halda,Garduara Sluice gate,4.0,9.0,,5.02,400.0,28.0,,,,,6.27
2023,2,river,Halda,Halda Bridge,3.0,9.0,,6.26,309.0,32.0,,,,,6.08
2023,2,river,Halda,Maduna Ghat,5.0,11.0,,6.53,790.0,42.0,,,,,6.46
2023,2,river,Jamuna,Horipur Kheya ghat (Dn),2.2,,,7.6,264.0,36.0,,132.0,,,7.6
2023,2,river,Jamuna,Horipur Kheya ghat (Up),2.2,,,7.6,264.0,36.0,,132.0,,,7.6
2023,2,river,Jamuna,Jamuna Eco Park (Dn),2.4,,,7.6,264.0,40.0,,132.0,,,7.52
2023,2,river,Jamuna,Jamuna Eco Park (Up),2.4,,,7.6,264.0,40.0,,132.0,,,7.52
2023,2,river,Jamuna,MohonGanj (Dn),2.2,,,7.6,262.0,38.0,,131.0,,,7.6
2023,2,river,Jamuna,MohonGanj (Up),2.2,,,7.6,262.0,38.0,,131.0,,,7.6
2023,2,river,Jamuna,Shariakand Kheya Ghat (Dn),2.3,,,7.5,272.0,42.0,,136.0,,,7.5
2023,2,river,Jamuna,Shariakand Kheya Ghat (Up),2.3,,,7.5,272.0,42.0,,136.0,,,7.5
2023,2,river,Kaligonga,Bheutha Ghat,16.0,48.0,68.0,4.7,,,,316.0,,,7.61
2023,2,river,Karnaphuli,CUFL,9.0,56.0,,7.72,,314.0,,18640.0,,,6.85
2023,2,river,Karnaphuli,Kalurghat Bridge,4.0,9.0,,7.48,,62.0,,289.0,,,7.11
2023,2,river,Karnaphuli,Karnafully Paper,5.0,12.0,,7.49,,64.0,,169.0,,,7.36
2023,2,river,Karnaphuli,Mariam Nagar,4.0,8.0,,7.33,,58.0,,159.0,,,7.36
2023,2,river,Karnaphuli,Shikalbaha,,,,,,39.0,,369.0,,,
2023,2,river,Karnaphuli,TSP,7.0,39.0,,7.69,,224.0,,9000.0,,,7.09
2023,2,river,Khakshiali,Boshontopur,4.8,,991.0,6.73,3964.0,87.0,,1982.0,,38.0,6.77
2023,2,river,Khakshiali,Kaliganj Bazar,2.8,,963.0,6.67,3850.0,65.0,,1925.0,,62.0,6.78
2023,2,river,Khakshiali,Uzirpur,2.6,,307.0,5.8,1228.0,62.0,,614.0,,68.0,8.17
2023,2,river,Korotoa,Aziz Ahmed Taki Road (Down),4.2,,,4.0,392.0,54.0,,195.0,,,7.38
2023,2,river,Korotoa,Aziz Ahmed Taki Road (UP),4.2,,,4.0,392.0,54.0,,195.0,,,7.38
2023,2,river,Korotoa,Dottobari Bridge (Down),4.2,,,4.0,392.0,58.0,,195.0,,,7.38
2023,2,river,Korotoa,Dottobari Bridge (UP),4.2,,,4.0,392.0,58.0,,195.0,,,7.38
2023,2,river,Mathavanga,"Pipe Ghat, (M.P)",1.1,,117.0,2.6,,,,233.0,,26.0,7.87
2023,2,river,Mathavanga,"Pipe Ghat,(M.P)",,,,,466.0,,0.04,,,,
2023,2,river,Modhumoti,Dhalaitala,3.6,,204.0,6.34,816.0,52.0,,408.0,,47.0,8.07
2023,2,river,Moyuri,Buro Moulavir Darga,1.3,,61.0,0.0,244.0,,0.06,122.0,,21.0,7.82
2023,2,river,Moyuri,Doshgate Jalma,1.9,,461.0,4.32,1845.0,,0.09,923.0,,37.0,7.64
2023,2,river,Moyuri,Shoshan Ghat,1.2,,54.0,0.0,216.0,,0.08,108.0,,24.0,7.95
2023,2,river,Pashur,Banishanta,3.6,,481.0,5.51,1924.0,,,962.0,,72.0,7.54
2023,2,river,Pashur,"Banishanta, Mongla",,,,,,63.0,,,,,
2023,2,river,Pashur,Batiaghata By Pass,4.8,,311.0,7.5,1245.0,76.0,,623.0,,42.0,7.72
2023,2,river,Pashur,Rampal Power Plant,4.3,,429.0,5.54,1714.0,67.0,,857.0,,59.0,7.87
2023,2,river,Rupsa,"Charer Hat, Sulpur Aijgati",,,221.0,,,,,,,,
2023,2,river,Rupsa,"Charer Hat, Sulpur Aijgati (M)",1.9,,,6.75,884.0,138.0,0.18,,,49.0,8.72
2023,2,river,Rupsa,"Gilatola , Nadan Pratap (M)",2.4,,182.0,6.8,728.0,42.0,0.15,,,36.0,7.82
2023,2,river,Rupsa,Kalibari Ghat (M),2.26,,246.0,6.19,984.0,128.0,0.14,,,64.0,8.04
2023,2,river,Rupsa,Rupsa Ghat (M),4.8,,305.0,6.48,1218.0,144.0,0.22,,,87.0,8.65
2023,2,river,Shitalakhya,Gorashal,7.0,20.0,17.0,3.2,380.0,38.0,,200.0,85.0,,7.1
2023,2,river,Shitalakhya,Majira Demra Ghat,37.0,59.0,66.0,0.1,775.0,94.0,,440.0,212.0,,7.18
2023,2,river,Shitalakhya,Murapara (Rupgonj),38.0,61.0,43.0,0.1,544.0,83.0,,300.0,191.0,,6.99
2023,2,river,Shitalakhya,Port Road,20.0,39.0,80.0,1.0,667.0,70.0,,352.0,240.0,,7.36
2023,2,river,Teesta,Kanchan Park (Down),2.3,,10.0,7.6,,42.0,,130.0,,,7.6
2023,2,river,Teesta,Kanchan Park (Up),2.3,,10.0,7.6,,42.0,,130.0,,,7.6
2023,2,river,Teesta,Nurullapur (Down),2.4,,10.0,7.62,,37.0,,131.0,,,7.56
2023,2,river,Teesta,Nurullapur (Up),2.4,,10.0,7.62,,37.0,,131.0,,,7.56
2023,2,river,Teesta,Sardah (Down),2.5,,10.0,7.6,,44.0,,130.0,,,7.54
2023,2,river,Teesta,Sardah (Up),2.5,,10.0,7.6,,44.0,,130.0,,,7.54
2023,2,river,Turag,Ashulia,26.0,41.0,50.0,0.2,731.0,54.0,,413.0,232.0,,7.41
2023,2,river,Turag,Kaliakoir,19.0,7.0,31.0,3.68,464.0,9.0,,257.0,169.0,,7.62
2023,2,river,Turag,Nama Bazar,21.0,65.0,42.0,0.2,688.0,15.0,,377.0,78.0,,7.34
2023,2,river,Turag,Turag Bridge,27.0,61.0,48.0,0.1,697.0,154.0,,391.0,264.0,,7.33
2023,2,river,Turag,Vawal,14.0,27.0,16.0,3.7,476.0,13.0,,285.0,57.0,,7.34
2023,2,urban_lake,Dhanmondi Lake,8 No. Road Bridge,14.0,12.0,33.0,5.37,305.0,18.0,,159.0,112.0,8.41,7.7
2023,2,urban_lake,Dhanmondi Lake,Near Dhanmondi- Road No 28,14.0,22.0,63.0,5.27,500.0,17.0,,263.0,168.0,8.11,7.76
2023,2,urban_lake,Dhanmondi Lake,Near Dhanmondi-32 Bridge,13.0,7.0,42.0,6.18,375.0,18.0,,196.0,140.0,9.0,7.96
2023,2,urban_lake,Dhanmondi Lake,Near Gigatola Pilkhana More,13.0,39.0,35.0,5.65,299.0,16.0,,156.0,120.0,8.09,7.55
2023,2,urban_lake,Gulshan Lake,Lake View Clinic,37.0,68.0,52.0,6.78,562.0,241.0,,302.0,276.0,107.0,7.19
2023,2,urban_lake,Gulshan Lake,South Bridge,25.0,58.0,58.0,7.08,559.0,202.0,,304.0,240.0,78.0,7.33
2023,2,urban_lake,Gulshan Lake,Taltola Shooting Complex,24.0,51.0,66.0,5.32,665.0,122.0,,358.0,280.0,52.0,7.32
2023,2,urban_lake,Gulshan Lake,United Hospital,25.0,54.0,54.0,6.96,540.0,194.0,,286.0,212.0,92.0,7.1
2023,2,urban_lake,Hatir Jheel,FDC More Bridge,13.0,24.0,63.0,6.42,580.0,33.0,,313.0,208.0,17.3,7.5
2023,2,urban_lake,Hatir Jheel,Raampura Bridge,34.0,63.0,75.0,2.37,667.0,83.0,,366.0,252.0,33.0,7.45
2023,3,river,Balu,Jolshiri Abason,22.0,54.0,43.0,2.1,418.0,40.0,,224.0,186.0,,7.1
2023,3,river,Balu,Trimohoni Bridge,40.0,76.0,73.0,0.1,826.0,110.0,,455.0,262.0,32.8,7.09
2023,3,river,Bhairab,"Basundia Bazar,",,,126.0,,501.0,,2.05,251.0,,0.23,
2023,3,river,Bhairab,"Basundia Bazar, Aladipur",3.07,,,6.86,,,,,,,6.39
2023,3,river,Bhairab,"Fultala Ghat, Dhulgram",3.08,,307.0,6.27,1228.0,,3.64,614.0,,22.0,6.48
2023,3,river,Bhairab,Noapara Ferry Ghat,4.8,,174.0,6.3,694.0,,3.17,347.0,,24.0,6.64
2023,3,river,Bhairab,Noapara Jafarpur,3.02,,164.0,7.02,656.0,,3.2,328.0,,37.0,6.62
2023,3,river,Buriganga,(B.C.F.B),,,,,,,,,,10.5,
2023,3,river,Buriganga,Bangladesh China Friendship,22.0,,,,,,,,,,
2023,3,river,Buriganga,Bangladesh China Friendship Bridge (B.C.F.B),,58.0,,0.1,,,,,,,
2023,3,river,Buriganga,Bosila Bridge (B.B),25.0,66.0,66.0,0.1,747.0,28.0,,411.0,242.0,11.4,7.41
2023,3,river,Buriganga,Bridge (B.C.F.B),,,74.0,,,21.0,,,281.0,,7.51
2023,3,river,Buriganga,Chandni Ghat (Cg.),24.0,56.0,75.0,0.2,770.0,33.0,,424.0,257.0,11.3,7.39
2023,3,river,Buriganga,Fatullah (Fh),26.0,51.0,75.0,0.2,773.0,27.0,,427.0,226.0,18.8,7.72
2023,3,river,Buriganga,Friendship Bridge (B.C.F.B),,,,,772.0,,,422.0,,,
2023,3,river,Buriganga,Hazaribagh (Hg.),29.0,71.0,76.0,0.1,766.0,19.0,,425.0,262.0,8.15,7.36
2023,3,river,Buriganga,Mirpur Bridge (M.B),26.0,66.0,63.0,0.2,715.0,126.0,,384.0,216.0,90.5,7.26
2023,3,river,Buriganga,Satmosjid Road (S.R),28.0,68.0,76.0,0.2,773.0,16.0,,426.0,259.0,26.1,7.4
2023,3,river,Ganges,Gorai off Take,2.6,,214.0,6.71,854.0,54.0,,427.0,,22.0,7.23
2023,3,river,Gorai,Kamarkhali Bridge,2.47,,54.0,5.17,216.0,36.0,,108.0,,23.0,6.72
2023,3,river,Halda,Garduara Sluice gate,5.0,12.0,,8.26,318.0,29.0,,,,,6.98
2023,3,river,Halda,Halda Bridge,4.0,9.0,,6.48,242.0,36.0,,,,,6.89
2023,3,river,Halda,Maduna Ghat,4.0,10.0,,7.22,275.0,40.0,,,,,7.2
2023,3,river,Karnaphuli,CUFL,11.0,64.0,,7.72,,181.0,,21500.0,,,8.09
2023,3,river,Karnaphuli,Kalurghat Bridge,5.0,12.0,,7.52,,59.0,,217.0,,,7.48
2023,3,river,Karnaphuli,Karnafully Paper,4.0,12.0,,7.49,,68.0,,405.0,,,8.1
2023,3,river,Karnaphuli,Mariam Nagar,4.0,18.0,,6.92,,74.0,,187.0,,,7.99
2023,3,river,Karnaphuli,Shikalbaha,,16.0,,7.26,,72.0,,445.0,,,7.69
2023,3,river,Karnaphuli,TSP,9.0,52.0,,6.64,,65.0,,19140.0,,,8.09
2023,3,river,Khakshiali,Boshontopur,4.8,,991.0,6.73,3964.0,87.0,,1982.0,,38.0,6.77
2023,3,river,Khakshiali,Kaliganj Bazar,3.04,,237.0,5.24,946.0,43.0,,473.0,,78.0,7.19
2023,3,river,Khakshiali,Uzirpur,2.6,,307.0,5.8,1228.0,62.0,,614.0,,68.0,8.47
2023,3,river,Kushiara,Fenchuganj Bridge Point,2.9,16.0,,7.65,148.0,,,74.0,,,7.53
2023,3,river,Kushiara,Fenchuganj Fertilizer Industry,23.0,82.0,,8.81,218.0,,,111.0,,,8.79
2023,3,river,Mathavanga,"Pipe Ghat, (M.P)",2.08,,25.0,7.89,,,,50.0,,34.0,6.84
2023,3,river,Mathavanga,"Pipe Ghat,(M.P)",,,,,99.0,,0.06,,,,
2023,3,river,Meghna,Annondo Bazar,9.6,46.0,20.0,0.9,,,,258.0,,,7.86
2023,3,river,Meghna,Bairob Bazar,4.0,17.0,9.0,7.2,,,,65.0,,,7.24
2023,3,river,Meghna,Bishondi Ferry Ghat,2.0,9.0,42.0,2.8,,,,128.0,,,7.0
2023,3,river,Meghna,Meghna Ghat,9.9,17.0,46.0,0.5,,,,153.0,,,6.79
2023,3,river,Meghna,Narshingdi Launch Ghat,1.0,,17.0,0.9,,,,220.0,,,7.34
2023,3,river,Modhumoti,Dhalaitala,2.04,,43.0,7.18,171.0,41.0,,86.0,,32.0,7.11
2023,3,river,Moyuri,Buro Moulavir Darga,0.05,,81.0,0.0,326.0,,0.03,163.0,,12.0,5.72
2023,3,river,Moyuri,Doshgate Jalma,1.3,,213.0,2.04,852.0,,2.12,426.0,,24.0,5.42
2023,3,river,Moyuri,Shoshan Ghat,1.1,,156.0,0.0,625.0,,0.05,313.0,,16.0,6.45
2023,3,river,Padma,Barha Ghat,1.0,,,8.8,172.7,17.0,,101.0,,,8.06
2023,3,river,Padma,Mawa Ghat,1.0,,,8.7,173.2,13.0,,100.3,,,8.04
2023,3,river,Pashur,Banishanta,2.3,,2435.0,7.4,9740.0,,,4870.0,,27.0,6.41
2023,3,river,Pashur,"Banishanta, Mongla",,,,,,54.0,,,,,
2023,3,river,Pashur,Batiaghata By Pass,2.4,,182.0,5.5,728.0,65.0,,364.0,,52.0,6.04
2023,3,river,Pashur,Rampal Power Plant,2.7,,2407.0,7.37,9626.0,52.0,,4813.0,,32.0,6.47
2023,3,river,Rupsa,"Charer Hat, Sulpur Aijgati",,,1259.0,,,,,,,,
2023,3,river,Rupsa,"Charer Hat, Sulpur Aijgati (M)",3.4,,,6.54,5036.0,78.0,3.66,,,51.0,6.24
2023,3,river,Rupsa,"Gilatola , Nadan Pratap (M)",4.02,,1000.0,6.05,4038.0,43.0,2.89,,,28.0,6.34
2023,3,river,Rupsa,Kalibari Ghat (M),2.28,,1714.0,6.85,6854.0,68.0,3.75,,,48.0,6.62
2023,3,river,Rupsa,Rupsa Ghat (M),4.07,,1755.0,6.9,7020.0,82.0,3.69,,,54.0,6.53
2023,3,river,Shitalakhya,Gorashal,,22.0,18.0,3.1,370.0,33.0,,189.0,88.0,,7.34
2023,3,river,Shitalakhya,Majira Demra Ghat,36.0,71.0,68.0,0.1,879.0,86.0,,478.0,234.0,,7.41
2023,3,river,Shitalakhya,Murapara (Rupgonj),287.0,59.0,49.0,1.2,656.0,84.0,,359.0,212.0,,7.47
2023,3,river,Shitalakhya,Port Road,22.0,61.0,101.0,0.2,864.0,96.0,,437.0,276.0,,7.48
2023,3,river,Surma,Chhatak,2.9,,,8.27,172.0,58.0,,85.0,,,7.69
2023,3,river,Surma,Kin Bridge Point,3.1,,,7.27,302.0,66.0,,151.0,,,7.36
2023,3,river,Surma,Mendibag Point,2.6,,,7.24,296.0,64.0,,144.0,,,7.33
2023,3,river,Surma,Sheaik Ghat,3.6,,,7.3,306.0,69.0,,149.0,,,7.41
2023,3,river,Turag,Ashulia,28.0,46.0,64.0,0.2,703.0,73.0,,381.0,194.0,,7.44
2023,3,river,Turag,Kaliakoir,4.0,10.0,32.0,3.5,470.0,18.0,,244.0,170.0,,7.38
2023,3,river,Turag,Nama Bazar,22.0,64.0,32.0,0.2,688.0,20.0,,377.0,78.0,,7.34
2023,3,river,Turag,Turag Bridge,29.0,75.0,56.0,0.3,788.0,105.0,,433.0,168.0,,7.5
2023,3,river,Turag,Vawal,15.0,44.0,16.0,1.1,538.0,23.0,,293.0,59.0,,7.33
2023,4,river,Halda,Garduara Sluice gate,4.0,10.0,,7.31,391.0,44.0,,,,,7.29
2023,4,river,Halda,Halda Bridge,5.0,11.0,,6.32,344.0,28.0,,,,,7.25
2023,4,river,Halda,Maduna Ghat,3.0,9.0,,6.63,336.0,30.0,,,,,7.31
2023,4,river,Jamuna,Horipur Kheya ghat (Dn),2.1,,,7.5,280.0,36.0,,140.0,,,7.45
2023,4,river,Jamuna,Horipur Kheya ghat (Up),2.1,,,7.5,280.0,36.0,,140.0,,,7.45
2023,4,river,Jamuna,Jamuna Eco Park (Dn),2.2,,,7.6,266.0,40.0,,133.0,,,7.56
2023,4,river,Jamuna,Jamuna Eco Park (Up),2.2,,,7.6,266.0,40.0,,133.0,,,7.56
2023,4,river,Jamuna,MohonGanj (Dn),2.2,,,7.6,262.0,38.0,,131.0,,,7.4
2023,4,river,Jamuna,MohonGanj (Up),2.2,,,7.6,262.0,38.0,,131.0,,,7.4
2023,4,river,Jamuna,Shariakand Kheya Ghat (Dn),2.4,,,7.55,270.0,42.0,,135.0,,,7.5
2023,4,river,Jamuna,Shariakand Kheya Ghat (Up),2.4,,,7.55,270.0,42.0,,135.0,,,7.5
2023,4,river,Karnaphuli,CUFL,8.0,47.0,,8.43,,241.0,,18240.0,,,8.09
2023,4,river,Karnaphuli,Kalurghat Bridge,3.0,8.0,,7.36,,39.0,,328.0,,,7.21
2023,4,river,Karnaphuli,Karnafully Paper,4.0,10.0,,7.62,,42.0,,210.0,,,7.53
2023,4,river,Karnaphuli,Mariam Nagar,3.0,7.0,,7.45,,49.0,,169.0,,,7.42
2023,4,river,Karnaphuli,Shikalbaha,,9.0,,7.42,,30.0,,416.0,,,7.34
2023,4,river,Karnaphuli,TSP,7.0,36.0,,8.85,,159.0,,16850.0,,,8.16
2023,4,river,Korotoa,Aziz Ahmed Taki Road (Down),4.2,,,3.0,392.0,54.0,,196.0,,,7.4
2023,4,river,Korotoa,Aziz Ahmed Taki Road (UP),4.2,,,3.0,392.0,54.0,,196.0,,,7.4
2023,4,river,Korotoa,Dottobari Bridge (Down),4.2,,,3.0,392.0,58.0,,196.0,,,7.4
2023,4,river,Korotoa,Dottobari Bridge (UP),4.2,,,3.0,392.0,58.0,,196.0,,,7.4
2023,4,river,Teesta,Kanchan Park (Down),2.3,,10.0,7.4,,42.0,,133.0,,,7.55
2023,4,river,Teesta,Kanchan Park (Up),2.3,,10.0,7.4,,42.0,,133.0,,,7.55
2023,4,river,Teesta,Nurullapur (Down),2.2,,10.0,7.62,,37.0,,130.0,,,7.52
2023,4,river,Teesta,Nurullapur (Up),2.2,,10.0,7.62,,37.0,,130.0,,,7.52
2023,4,river,Teesta,Sardah (Down),2.4,,10.0,7.58,,44.0,,135.0,,,7.45
2023,4,river,Teesta,Sardah (Up),2.4,,10.0,7.58,,44.0,,135.0,,,7.45
2023,5,river,Bhairab,"Basundia Bazar,",,,216.0,,864.0,,7.8,432.0,,0.35,
2023,5,river,Bhairab,"Basundia Bazar, Aladipur",8.8,,,5.67,,,,,,,7.57
2023,5,river,Bhairab,"Fultala Ghat, Dhulgram",11.7,,312.0,7.15,1248.0,,8.22,624.0,,32.0,8.29
2023,5,river,Bhairab,Noapara Ferry Ghat,16.8,,356.0,7.45,1424.0,,11.18,712.0,,24.0,7.85
2023,5,river,Bhairab,Noapara Jafarpur,17.6,,361.0,7.28,1445.0,,10.2,723.0,,26.0,7.66
2023,5,river,Buriganga,Mirpur Bridge (M.B),,,,,,31.0,,,,,
2023,5,river,Ganges,Gorai off Take,5.2,,205.0,6.7,820.0,66.0,,410.0,,65.0,6.22
2023,5,river,Halda,Garduara Sluice gate,4.0,9.0,,7.51,400.0,43.0,,,,,5.98
2023,5,river,Halda,Halda Bridge,4.0,10.0,,6.1,309.0,34.0,,,,,6.26
2023,5,river,Halda,Maduna Ghat,5.0,11.0,,7.13,790.0,37.0,,,,,6.53
2023,5,river,Jamuna,Horipur Kheya ghat (Dn),2.2,,,7.52,270.0,36.0,,135.0,,,7.4
2023,5,river,Jamuna,Horipur Kheya ghat (Up),2.2,,,7.52,270.0,36.0,,135.0,,,7.4
2023,5,river,Jamuna,Jamuna Eco Park (Dn),2.2,,,7.62,280.0,40.0,,140.0,,,7.52
2023,5,river,Jamuna,Jamuna Eco Park (Up),2.2,,,7.62,280.0,40.0,,140.0,,,7.52
2023,5,river,Jamuna,MohonGanj (Dn),2.3,,,7.62,260.0,38.0,,130.0,,,7.42
2023,5,river,Jamuna,MohonGanj (Up),2.3,,,7.62,260.0,38.0,,130.0,,,7.42
2023,5,river,Jamuna,Shariakand Kheya Ghat (Dn),2.4,,,7.56,270.0,42.0,,135.0,,,7.54
2023,5,river,Jamuna,Shariakand Kheya Ghat (Up),2.4,,,7.56,270.0,42.0,,135.0,,,7.54
2023,5,river,Karnaphuli,CUFL,8.0,36.0,,8.1,,278.0,,15280.0,,,8.18
2023,5,river,Karnaphuli,Kalurghat Bridge,4.0,9.0,,7.48,,28.0,,289.0,,,7.37
2023,5,river,Karnaphuli,Karnafully Paper,3.0,7.0,,7.42,,39.0,,247.0,,,7.42
2023,5,river,Karnaphuli,Mariam Nagar,4.0,8.0,,7.6,,60.0,,174.0,,,7.27
2023,5,river,Karnaphuli,Shikalbaha,,10.0,,7.18,,18.0,,578.0,,,7.41
2023,5,river,Karnaphuli,TSP,6.0,29.0,,8.09,,247.0,,14567.0,,,8.34
2023,5,river,Korotoa,Aziz Ahmed Taki Road (Down),4.1,,,3.0,380.0,54.0,,190.0,,,7.42
2023,5,river,Korotoa,Aziz Ahmed Taki Road (UP),4.1,,,3.0,380.0,54.0,,190.0,,,7.42
2023,5,river,Korotoa,Dottobari Bridge (Down),4.1,,,3.0,380.0,58.0,,190.0,,,7.42
2023,5,river,Korotoa,Dottobari Bridge (UP),4.1,,,3.0,380.0,58.0,,190.0,,,7.42
2023,5,river,Moyuri,Buro Moulavir Darga,26.4,,96.0,0.0,384.0,,0.08,38.0,,22.0,5.42
2023,5,river,Moyuri,Doshgate Jalma,21.5,,372.0,5.8,1486.0,,4.1,68.0,,32.0,7.64
2023,5,river,Moyuri,Shoshan Ghat,28.6,,107.0,0.0,428.0,,0.09,42.0,,25.0,5.35
2023,5,river,Pashur,Batiaghata By Pass,9.8,,258.0,6.64,1032.0,55.0,,516.0,,77.0,7.64
2023,5,river,Rupsa,"Charer Hat, Sulpur Aijgati",,,332.0,,,,,,,,
2023,5,river,Rupsa,"Charer Hat, Sulpur Aijgati (M)",13.2,,,6.58,1328.0,67.0,12.7,,,78.0,7.21
2023,5,river,Rupsa,"Gilatola , Nadan Pratap (M)",9.2,,286.0,6.8,1142.0,47.0,8.13,,,42.0,7.75
2023,5,river,Rupsa,Kalibari Ghat (M),11.12,,462.0,5.1,1846.0,74.0,11.45,,,58.0,7.55
2023,5,river,Rupsa,Rupsa Ghat (M),32.5,,406.0,7.66,1624.0,105.0,15.7,,,74.0,7.65
2023,5,river,Teesta,Kanchan Park (Down),2.4,,10.0,7.42,,42.0,,135.0,,,7.56
2023,5,river,Teesta,Kanchan Park (Up),2.4,,10.0,7.42,,42.0,,135.0,,,7.56
2023,5,river,Teesta,Nurullapur (Down),2.1,,10.0,7.6,,37.0,,135.0,,,7.5
2023,5,river,Teesta,Nurullapur (Up),2.1,,10.0,7.6,,37.0,,135.0,,,7.5
2023,5,river,Teesta,Sardah (Down),2.5,,10.0,7.56,,44.0,,140.0,,,7.4
2023,5,river,Teesta,Sardah (Up),2.5,,10.0,7.56,,44.0,,140.0,,,7.4
2023,6,river,Bhairab,"Basundia Bazar,",,,220.0,,878.0,,43.2,439.0,,0.32,
2023,6,river,Bhairab,"Basundia Bazar, Aladipur",9.14,,,7.52,,,,,,,7.14
2023,6,river,Bhairab,"Fultala Ghat, Dhulgram",18.9,,288.0,6.3,1152.0,,88.7,576.0,,52.0,6.96
2023,6,river,Bhairab,Noapara Ferry Ghat,16.8,,297.0,6.37,1147.0,,90.9,574.0,,63.0,6.65
2023,6,river,Bhairab,Noapara Jafarpur,17.8,,280.0,6.3,1153.0,,88.7,577.0,,26.0,6.93
2023,6,river,Buriganga,Mirpur Bridge (M.B),,,,,,36.0,,,,,
2023,6,river,Ganges,Gorai off Take,8.7,,439.0,7.23,1754.0,72.0,,877.0,,95.0,7.22
2023,6,river,Gorai,Kamarkhali Bridge,7.2,,182.0,7.24,728.0,34.0,,364.0,,35.0,6.32
2023,6,river,Halda,Garduara Sluice gate,3.0,8.0,,6.39,418.0,67.0,,,,,6.21
2023,6,river,Halda,Halda Bridge,3.0,7.0,,7.24,378.0,89.0,,,,,6.49
2023,6,river,Halda,Maduna Ghat,4.0,11.0,,6.49,479.0,58.0,,,,,6.78
2023,6,river,Jamuna,Horipur Kheya ghat (Dn),2.4,,,7.5,280.0,36.0,,140.0,,,7.5
2023,6,river,Jamuna,Horipur Kheya ghat (Up),2.4,,,7.5,280.0,36.0,,140.0,,,7.5
2023,6,river,Jamuna,Jamuna Eco Park (Dn),2.4,,,7.6,286.0,40.0,,143.0,,,7.5
2023,6,river,Jamuna,Jamuna Eco Park (Up),2.4,,,7.6,286.0,40.0,,143.0,,,7.5
2023,6,river,Jamuna,MohonGanj (Dn),2.4,,,7.6,266.0,38.0,,133.0,,,7.5
2023,6,river,Jamuna,MohonGanj (Up),2.4,,,7.6,266.0,38.0,,133.0,,,7.5
2023,6,river,Jamuna,Shariakand Kheya Ghat (Dn),2.2,,,7.54,280.0,42.0,,140.0,,,7.4
2023,6,river,Jamuna,Shariakand Kheya Ghat (Up),2.2,,,7.54,280.0,42.0,,140.0,,,7.4
2023,6,river,Karnaphuli,CUFL,7.0,45.0,,7.98,,328.0,,17310.0,,,8.07
2023,6,river,Karnaphuli,Kalurghat Bridge,3.0,8.0,,7.63,,39.0,,189.0,,,7.47
2023,6,river,Karnaphuli,Karnafully Paper,4.0,9.0,,7.62,,34.0,,347.0,,,7.22
2023,6,river,Karnaphuli,Mariam Nagar,3.0,6.0,,7.5,,89.0,,184.0,,,7.47
2023,6,river,Karnaphuli,Shikalbaha,,11.0,,7.24,,28.0,,378.0,,,7.21
2023,6,river,Karnaphuli,TSP,6.0,35.0,,7.79,,419.0,,16240.0,,,8.39
2023,6,river,Khakshiali,Boshontopur,8.2,,4110.0,6.17,16440.0,74.0,,8220.0,,88.0,7.05
2023,6,river,Khakshiali,Kaliganj Bazar,9.4,,3935.0,5.79,15740.0,64.0,,7870.0,,94.0,6.95
2023,6,river,Khakshiali,Uzirpur,8.6,,3945.0,5.37,15780.0,75.0,,7890.0,,96.0,6.69
2023,6,river,Korotoa,Aziz Ahmed Taki Road (Down),4.0,,,3.2,396.0,54.0,,198.0,,,7.54
2023,6,river,Korotoa,Aziz Ahmed Taki Road (UP),4.0,,,3.2,396.0,54.0,,198.0,,,7.54
2023,6,river,Korotoa,Dottobari Bridge (Down),4.0,,,3.2,396.0,58.0,,198.0,,,7.54
2023,6,river,Korotoa,Dottobari Bridge (UP),4.0,,,3.2,396.0,58.0,,198.0,,,7.54
2023,6,river,Mathavanga,"Pipe Ghat, (M.P)",50.0,,86.0,2.45,,,,171.0,,54.0,7.75
2023,6,river,Mathavanga,"Pipe Ghat,(M.P)",,,,,342.0,,0.15,,,,
2023,6,river,Modhumoti,Dhalaitala,4.6,,236.0,7.8,942.0,65.0,,471.0,,56.0,6.45
2023,6,river,Moyuri,Buro Moulavir Darga,26.4,,189.0,0.0,756.0,,0.08,370.0,,35.0,5.14
2023,6,river,Moyuri,Doshgate Jalma,37.8,,224.0,2.3,896.0,,4.1,448.0,,37.0,7.05
2023,6,river,Moyuri,Shoshan Ghat,28.6,,107.0,0.0,957.0,,36.4,214.0,,39.0,7.0
2023,6,river,Pashur,Banishanta,22.4,,3062.0,6.7,12246.0,,,6123.0,,66.0,7.35
2023,6,river,Pashur,"Banishanta, Mongla",,,,,,57.0,,,,,
2023,6,river,Pashur,Batiaghata By Pass,9.8,,258.0,6.64,1032.0,55.0,,516.0,,77.0,7.64
2023,6,river,Pashur,Rampal Power Plant,20.7,,3050.0,6.5,12210.0,72.0,,6105.0,,64.0,7.27
2023,6,river,Rupsa,"Charer Hat, Sulpur Aijgati",,,288.0,,,,,,,,
2023,6,river,Rupsa,"Charer Hat, Sulpur Aijgati (M)",13.2,,,6.3,1153.0,68.0,90.9,,,87.0,6.93
2023,6,river,Rupsa,"Gilatola , Nadan Pratap (M)",9.2,,298.0,5.68,1151.0,47.0,79.7,,,42.0,7.04
2023,6,river,Rupsa,Kalibari Ghat (M),35.2,,294.0,6.8,1174.0,64.0,36.5,,,78.0,6.47
2023,6,river,Rupsa,Rupsa Ghat (M),37.8,,287.0,6.6,1148.0,125.0,38.5,,,82.0,6.55
2023,6,river,Teesta,Kanchan Park (Down),2.3,,12.0,7.4,,42.0,,135.0,,,7.5
2023,6,river,Teesta,Kanchan Park (Up),2.3,,12.0,7.4,,42.0,,135.0,,,7.5
2023,6,river,Teesta,Nurullapur (Down),2.2,,13.0,7.62,,37.0,,138.0,,,7.4
2023,6,river,Teesta,Nurullapur (Up),2.2,,13.0,7.62,,37.0,,138.0,,,7.4
2023,6,river,Teesta,Sardah (Down),2.2,,12.0,7.52,,44.0,,145.0,,,7.42
2023,6,river,Teesta,Sardah (Up),2.2,,12.0,7.52,,44.0,,145.0,,,7.42
2023,7,river,Balu,Jolshiri Abason,3.0,36.0,26.0,8.3,510.0,16.9,,268.0,97.0,,7.38
2023,7,river,Balu,Trimohoni Bridge,34.0,119.0,49.0,0.3,664.0,8.45,,349.0,164.0,7.52,7.33
2023,7,river,Bhairab,Abhaynagar,12.4,,,,,,,,,,
2023,7,river,Bhairab,"Basundia Bazar,",,,588.0,,2350.0,,1.09,1175.0,,74.0,
2023,7,river,Bhairab,"Basundia Bazar, Aladipur",9.45,,,6.15,,,,,,,7.42
2023,7,river,Bhairab,"Fultala Ghat, Dhulgram",14.3,,80.0,6.36,320.0,,14.0,160.0,,68.0,7.95
2023,7,river,Bhairab,Noapara Ferry Ghat,,,1068.0,5.64,4270.0,,2.03,2135.0,,54.0,6.65
2023,7,river,Bhairab,Noapara Jafarpur,13.6,,491.0,6.36,1962.0,,89.0,981.0,,47.0,7.32
2023,7,river,Brahmaputra,"Rail Bridge, Shamvoganj",10.0,,16.0,2.7,,35.0,,218.0,,,7.25
2023,7,river,Buriganga,(B.C.F.B),,,,,,,,,,34.5,
2023,7,river,Buriganga,Bangladesh China Friendship,4.0,,,,,,,,,,
2023,7,river,Buriganga,Bangladesh China Friendship Bridge (B.C.F.B),,56.0,,6.01,,,,,,,
2023,7,river,Buriganga,Bosila Bridge (B.B),1.0,66.0,16.0,5.09,164.0,,,91.0,59.0,47.1,7.56
2023,7,river,Buriganga,Bridge (B.C.F.B),,,18.0,,,,,,67.0,,7.32
2023,7,river,Buriganga,Chandni Ghat (Cg.),2.0,17.0,16.0,3.3,167.0,,,94.0,63.0,41.7,7.42
2023,7,river,Buriganga,Fatullah (Fh),2.0,44.0,20.0,3.89,201.0,,,113.0,80.0,29.5,7.33
2023,7,river,Buriganga,Friendship Bridge (B.C.F.B),,,,,174.0,,,97.0,,,
2023,7,river,Buriganga,Hazaribagh (Hg.),1.0,36.0,15.0,5.2,166.0,,,90.0,58.0,47.7,7.69
2023,7,river,Buriganga,Mirpur Bridge (M.B),4.0,39.0,17.0,4.77,170.0,100.0,,95.0,63.0,42.5,7.47
2023,7,river,Buriganga,Satmosjid Road (S.R),2.0,73.0,14.0,5.86,160.0,,,90.0,57.0,40.9,7.35
2023,7,river,Dhaleshwari,Utorro Mitra,10.0,41.0,16.0,5.98,415.0,35.0,,218.0,88.0,,6.92
2023,7,river,Halda,Garduara Sluice gate,4.0,8.0,,7.48,412.0,68.0,,,,,6.38
2023,7,river,Halda,Halda Bridge,3.0,8.0,,7.63,318.0,59.0,,,,,6.46
2023,7,river,Halda,Maduna Ghat,4.0,10.0,,7.38,348.0,45.0,,,,,6.33
2023,7,river,Jamuna,Horipur Kheya ghat (Dn),2.5,,,7.52,280.0,36.0,,140.0,,,7.52
2023,7,river,Jamuna,Horipur Kheya ghat (Up),2.5,,,7.52,280.0,36.0,,140.0,,,7.52
2023,7,river,Jamuna,Jamuna Eco Park (Dn),2.3,,,7.6,280.0,44.0,,140.0,,,7.48
2023,7,river,Jamuna,Jamuna Eco Park (Up),2.3,,,7.6,280.0,44.0,,140.0,,,7.48
2023,7,river,Jamuna,MohonGanj (Dn),2.3,,,7.56,260.0,40.0,,130.0,,,7.45
2023,7,river,Jamuna,MohonGanj (Up),2.3,,,7.56,260.0,40.0,,130.0,,,7.45
2023,7,river,Jamuna,Shariakand Kheya Ghat (Dn),2.2,,,7.5,280.0,45.0,,140.0,,,7.42
2023,7,river,Jamuna,Shariakand Kheya Ghat (Up),2.2,,,7.5,280.0,45.0,,140.0,,,7.42
2023,7,river,Karnaphuli,CUFL,5.0,36.0,,8.48,,238.0,,14390.0,,,7.89
2023,7,river,Karnaphuli,Kalurghat Bridge,4.0,9.0,,7.75,,27.0,,157.0,,,7.57
2023,7,river,Karnaphuli,Karnafully Paper,3.0,8.0,,7.82,,36.0,,264.0,,,7.42
2023,7,river,Karnaphuli,Mariam Nagar,4.0,7.0,,7.63,,32.0,,236.0,,,7.67
2023,7,river,Karnaphuli,Shikalbaha,,13.0,,7.39,,19.0,,269.0,,,7.41
2023,7,river,Karnaphuli,TSP,4.0,26.0,,8.39,,439.0,,12940.0,,,7.97
2023,7,river,Korotoa,Aziz Ahmed Taki Road (Down),4.2,,,3.0,390.0,56.0,,195.0,,,7.76
2023,7,river,Korotoa,Aziz Ahmed Taki Road (UP),4.2,,,3.0,390.0,56.0,,195.0,,,7.76
2023,7,river,Korotoa,Dottobari Bridge (Down),4.2,,,3.0,390.0,56.0,,195.0,,,7.76
2023,7,river,Korotoa,Dottobari Bridge (UP),4.2,,,3.0,390.0,56.0,,195.0,,,7.76
2023,7,river,Kushiara,Fenchuganj Bridge Point,2.7,14.0,,7.66,143.0,,,70.0,,,7.48
2023,7,river,Kushiara,Fenchuganj Fertilizer Industry,18.0,75.0,,8.76,213.0,,,106.0,,,8.72
2023,7,river,Meghna,Annondo Bazar,2.0,19.0,4.0,6.7,,,,28.7,,,7.42
2023,7,river,Meghna,Bairob Bazar,5.0,51.0,4.5,5.57,,,,58.0,,,6.89
2023,7,river,Meghna,Bishondi Ferry Ghat,4.0,17.0,4.0,6.4,,,,30.8,,,6.75
2023,7,river,Meghna,Meghna Ghat,1.0,29.0,4.5,5.7,,,,33.1,,,7.25
2023,7,river,Meghna,Narshingdi Launch Ghat,4.0,100.0,5.0,4.1,,,,47.5,,,6.73
2023,7,river,Moyuri,Shoshan Ghat,35.6,,62.0,0.0,248.0,,2.4,124.0,,36.0,5.46
2023,7,river,Pashur,Banishanta,27.9,,363.0,6.9,1452.0,,,726.0,,87.0,7.68
2023,7,river,Pashur,"Banishanta, Mongla",,,,,,75.0,,,,,
2023,7,river,Pashur,Rampal Power Plant,25.2,,342.0,6.8,1366.0,83.0,,683.0,,68.0,7.47
2023,7,river,Rupsa,"Charer Hat, Sulpur Aijgati",,,130.0,,,,,,,,
2023,7,river,Rupsa,"Charer Hat, Sulpur Aijgati (M)",17.6,,,6.78,518.0,83.0,0.23,,,92.0,7.89
2023,7,river,Rupsa,Kalibari Ghat (M),33.7,,230.0,6.4,918.0,67.0,0.3,,,85.0,7.55
2023,7,river,Rupsa,Rupsa Ghat (M),37.8,,80.0,6.65,319.0,138.0,0.4,,,97.0,8.09
2023,7,river,Shitalakhya,Gorashal,7.0,15.0,9.0,5.1,144.0,50.0,,64.0,29.0,,7.69
2023,7,river,Shitalakhya,Majira Demra Ghat,4.0,24.0,15.0,3.4,148.0,40.0,,80.0,35.0,,6.94
2023,7,river,Shitalakhya,Murapara (Rupgonj),1.0,24.0,22.0,4.6,380.0,55.0,,198.0,57.0,,7.41
2023,7,river,Shitalakhya,Port Road,7.0,83.0,21.0,3.73,216.0,28.0,,114.0,57.0,,6.81
2023,7,river,Surma,Chhatak,3.1,,,7.21,226.0,52.0,,112.0,,,7.14
2023,7,river,Surma,Kin Bridge Point,3.4,,,7.19,222.0,67.0,,113.0,,,7.17
2023,7,river,Surma,Mendibag Point,2.3,,,7.13,218.0,64.0,,108.0,,,7.12
2023,7,river,Surma,Sheaik Ghat,3.2,,,7.18,234.0,72.0,,118.0,,,7.19
2023,7,river,Teesta,Kanchan Park (Down),2.3,,12.0,7.46,,45.0,,135.0,,,7.42
2023,7,river,Teesta,Kanchan Park (Up),2.3,,12.0,7.46,,45.0,,135.0,,,7.42
2023,7,river,Teesta,Nurullapur (Down),2.1,,13.0,7.6,,38.0,,138.0,,,7.42
2023,7,river,Teesta,Nurullapur (Up),2.1,,13.0,7.6,,38.0,,138.0,,,7.42
2023,7,river,Teesta,Sardah (Down),2.4,,12.0,7.5,,45.0,,141.0,,,7.4
2023,7,river,Teesta,Sardah (Up),2.4,,12.0,7.5,,45.0,,141.0,,,7.4
2023,7,river,Turag,Ashulia,5.0,32.0,11.0,5.71,183.0,86.0,,97.0,31.0,,6.83
2023,7,river,Turag,Kaliakoir,2.0,46.0,9.0,6.64,143.0,141.0,,80.0,21.0,,7.56
2023,7,river,Turag,Nama Bazar,4.0,41.0,16.0,7.2,168.0,195.0,,91.0,28.0,,6.75
2023,7,river,Turag,Vawal,1.0,17.0,8.0,7.0,147.0,186.0,,76.0,28.0,,6.5
2023,8,river,Balu,Jolshiri Abason,2.1,5.0,15.0,3.2,405.0,7.0,,176.0,61.0,,6.49
2023,8,river,Balu,Trimohoni Bridge,22.8,48.0,25.5,0.0,553.0,36.0,,249.0,70.0,30.8,6.71
2023,8,river,Bhairab,"Basundia Bazar,",,,357.0,,1426.0,,2.7,713.0,,45.0,
2023,8,river,Bhairab,"Basundia Bazar, Aladipur",18.4,,,2.08,,,,,,,6.08
2023,8,river,Bhairab,"Fultala Ghat, Dhulgram",9.14,,380.0,5.14,1518.0,,7.24,759.0,,55.0,6.44
2023,8,river,Bhairab,Noapara Ferry Ghat,14.4,,578.0,5.07,2310.0,,6.23,1155.0,,66.0,7.62
2023,8,river,Bhairab,Noapara Jafarpur,11.7,,577.0,5.09,2318.0,,6.27,1159.0,,69.0,7.63
2023,8,river,Brahmaputra,"Rail Bridge, Shamvoganj",1.0,,14.0,2.67,,267.0,,84.0,,,7.52
2023,8,river,Buriganga,(B.C.F.B),,,,,,,,,,42.1,
2023,8,river,Buriganga,Bangladesh China Friendship,25.0,,,,,,,,,,
2023,8,river,Buriganga,Bangladesh China Friendship Bridge (B.C.F.B),,61.0,,2.23,,,,,,,
2023,8,river,Buriganga,Bosila Bridge (B.B),4.0,15.0,14.5,4.64,188.4,,,82.0,11.0,56.8,7.17
2023,8,river,Buriganga,Bridge (B.C.F.B),,,24.0,,,,,,11.0,,6.87
2023,8,river,Buriganga,Chandni Ghat (Cg.),25.0,27.0,12.5,2.94,224.0,,,97.0,12.0,54.6,7.27
2023,8,river,Buriganga,Fatullah (Fh),4.0,15.0,13.5,3.25,235.0,,,100.0,10.0,40.6,7.17
2023,8,river,Buriganga,Friendship Bridge (B.C.F.B),,,,,495.0,,,220.0,,,
2023,8,river,Buriganga,Hazaribagh (Hg.),4.0,7.0,14.0,5.05,194.3,,,85.0,10.0,53.2,6.87
2023,8,river,Buriganga,Mirpur Bridge (M.B),3.0,36.0,25.5,5.34,500.0,100.0,,225.0,10.0,69.4,7.06
2023,8,river,Buriganga,Satmosjid Road (S.R),5.0,122.0,18.5,5.13,341.0,,,150.0,12.0,45.4,7.02
2023,8,river,Dhaleshwari,Hazaratpur,5.4,75.0,16.0,6.15,154.0,185.0,,83.0,30.0,,7.04
2023,8,river,Dhaleshwari,Pathorghata,3.0,61.0,12.0,6.41,153.5,365.0,,83.0,34.0,,7.25
2023,8,river,Dhaleshwari,Ruhitpur,6.0,63.0,11.5,6.09,176.0,303.0,,95.3,37.0,,6.93
2023,8,river,Halda,Garduara Sluice gate,3.0,6.0,,6.78,326.0,61.0,,,,,6.52
2023,8,river,Halda,Halda Bridge,2.0,5.0,,7.01,262.0,55.0,,,,,6.55
2023,8,river,Halda,Maduna Ghat,3.0,9.0,,6.49,336.0,40.0,,,,,6.51
2023,8,river,Jamuna,Horipur Kheya ghat (Dn),2.4,,,7.52,284.0,36.0,,142.0,,,7.5
2023,8,river,Jamuna,Horipur Kheya ghat (Up),2.4,,,7.52,284.0,36.0,,142.0,,,7.5
2023,8,river,Jamuna,Jamuna Eco Park (Dn),2.3,,,7.58,282.0,44.0,,141.0,,,7.46
2023,8,river,Jamuna,Jamuna Eco Park (Up),2.3,,,7.58,282.0,44.0,,141.0,,,7.46
2023,8,river,Jamuna,Kakua,2.4,,,7.3,164.0,163.0,,82.4,,,7.46
2023,8,river,Jamuna,MohonGanj (Dn),2.2,,,7.54,270.0,40.0,,140.0,,,7.42
2023,8,river,Jamuna,MohonGanj (Up),2.2,,,7.54,270.0,40.0,,140.0,,,7.42
2023,8,river,Jamuna,Shariakand Kheya Ghat (Dn),2.4,,,7.52,280.0,45.0,,140.0,,,7.44
2023,8,river,Jamuna,Shariakand Kheya Ghat (Up),2.4,,,7.52,280.0,45.0,,140.0,,,7.44
2023,8,river,Jamuna,Tarakandi,4.8,,,6.1,679.0,33.0,,352.0,,,9.0
2023,8,river,Kaligonga,Bheutha Ghat,1.8,44.0,11.0,6.2,,,,64.0,,,7.27
2023,8,river,Karnaphuli,CUFL,3.0,36.0,,7.25,,204.0,,15401.0,,,7.56
2023,8,river,Karnaphuli,Kalurghat Bridge,5.0,11.0,,8.25,,24.0,,285.0,,,6.7
2023,8,river,Karnaphuli,Karnafully Paper,5.0,25.0,,7.82,,31.0,,205.0,,,6.25
2023,8,river,Karnaphuli,Mariam Nagar,6.0,21.0,,7.63,,36.0,,264.0,,,7.12
2023,8,river,Karnaphuli,Shikalbaha,,19.0,,8.09,,21.0,,301.0,,,6.85
2023,8,river,Karnaphuli,TSP,4.0,24.0,,7.41,,328.0,,14380.0,,,7.1
2023,8,river,Korotoa,Aziz Ahmed Taki Road (Down),4.3,,,4.3,396.0,56.0,,198.0,,,7.72
2023,8,river,Korotoa,Aziz Ahmed Taki Road (UP),4.3,,,4.3,396.0,56.0,,198.0,,,7.72
2023,8,river,Korotoa,Dottobari Bridge (Down),4.3,,,4.3,396.0,56.0,,198.0,,,7.72
2023,8,river,Korotoa,Dottobari Bridge (UP),4.3,,,4.3,396.0,56.0,,198.0,,,7.72
2023,8,river,Mathavanga,"Pipe Ghat, (M.P)",47.0,,39.0,2.82,,,,77.0,,69.0,7.28
2023,8,river,Mathavanga,"Pipe Ghat,(M.P)",,,,,154.0,,0.08,,,,
2023,8,river,Meghna,Bishondi Ferry Ghat,2.8,10.0,9.0,4.9,,,,35.0,,,7.9
2023,8,river,Modhumoti,Dhalaitala,4.8,,79.0,6.4,316.0,57.0,,158.0,,26.0,7.47
2023,8,river,Moyuri,Shoshan Ghat,45.6,,186.0,0.0,742.0,,1.04,371.0,,76.0,4.46
2023,8,river,Pashur,Banishanta,22.4,,675.0,5.92,2700.0,,,1350.0,,92.0,7.61
2023,8,river,Pashur,"Banishanta, Mongla",,,,,,68.0,,,,,
2023,8,river,Pashur,Rampal Power Plant,21.1,,638.0,5.57,2550.0,63.0,,1275.0,,97.0,7.65
2023,8,river,Rupsa,"Charer Hat, Sulpur Aijgati",,,344.0,,,,,,,,
2023,8,river,Rupsa,"Charer Hat, Sulpur Aijgati (M)",19.8,,,6.67,1376.0,46.0,0.06,,,66.0,7.54
2023,8,river,Rupsa,Kalibari Ghat (M),26.9,,370.0,7.22,1478.0,55.0,8.72,,,74.0,6.87
2023,8,river,Rupsa,Rupsa Ghat (M),42.8,,437.0,7.32,1747.0,54.0,0.08,,,74.0,7.66
2023,8,river,Shitalakhya,Gorashal,1.8,18.0,11.0,4.5,186.0,70.0,,97.0,30.0,,8.38
2023,8,river,Shitalakhya,Majira Demra Ghat,3.0,22.0,18.0,3.39,189.0,52.0,,104.0,41.0,,7.32
2023,8,river,Shitalakhya,Murapara (Rupgonj),2.3,3.0,14.0,4.1,281.0,56.0,,123.0,49.0,,7.75
2023,8,river,Shitalakhya,Port Road,4.2,24.0,12.0,2.6,209.0,69.0,,108.0,9.0,,6.3
2023,8,river,Teesta,Kanchan Park (Down),2.3,,12.0,7.44,,45.0,,136.0,,,7.44
2023,8,river,Teesta,Kanchan Park (Up),2.3,,12.0,7.44,,45.0,,136.0,,,7.44
2023,8,river,Teesta,Nurullapur (Down),2.2,,14.0,7.62,,38.0,,138.0,,,7.4
2023,8,river,Teesta,Nurullapur (Up),2.2,,14.0,7.62,,38.0,,138.0,,,7.4
2023,8,river,Teesta,Sardah (Down),2.3,,11.0,7.52,,45.0,,141.0,,,7.38
2023,8,river,Teesta,Sardah (Up),2.3,,11.0,7.52,,45.0,,141.0,,,7.38
2023,8,river,Turag,Ashulia,1.8,0.87,11.0,6.17,158.0,65.0,,81.5,32.0,,7.58
2023,8,river,Turag,Kaliakoir,2.1,11.0,8.0,6.0,180.0,183.0,,72.0,19.0,,8.27
2023,8,river,Turag,Nama Bazar,1.8,16.0,10.0,6.0,183.0,133.0,,95.0,21.0,,7.81
2023,8,river,Turag,Turag Bridge,1.5,1.74,14.0,6.29,148.0,59.0,,76.8,41.0,,7.7
2023,8,river,Turag,Vawal,2.4,13.0,11.0,5.0,209.0,83.0,,109.0,27.0,,7.93
2023,8,urban_lake,Dhanmondi Lake,8 No. Road Bridge,2.1,26.0,47.0,1.66,297.0,1.0,,131.0,90.0,2.01,7.82
2023,8,urban_lake,Dhanmondi Lake,Near Dhanmondi- Road No 28,2.4,14.0,54.0,2.19,664.0,1.0,,299.0,149.0,1.59,7.28
2023,8,urban_lake,Dhanmondi Lake,Near Dhanmondi-32 Bridge,2.4,64.0,49.0,2.97,467.0,4.0,,212.0,101.0,3.28,7.3
2023,8,urban_lake,Dhanmondi Lake,Near Gigatola Pilkhana More,1.8,66.0,50.0,2.64,288.0,4.0,,128.0,91.0,5.32,7.6
2023,8,urban_lake,Gulshan Lake,Lake View Clinic,14.1,62.0,42.0,1.59,477.0,65.0,,215.0,142.0,34.5,7.43
2023,8,urban_lake,Gulshan Lake,South Bridge,11.1,65.0,43.0,1.3,508.0,17.0,,227.0,131.0,16.9,7.69
2023,8,urban_lake,Gulshan Lake,Taltola Shooting Complex,11.4,71.0,48.0,4.67,534.0,20.0,,240.0,138.0,18.4,7.56
2023,8,urban_lake,Gulshan Lake,United Hospital,16.2,73.0,40.0,2.72,483.0,14.0,,215.0,110.0,15.8,7.62
2023,8,urban_lake,Hatir Jheel,FDC More Bridge,18.6,73.0,61.0,1.3,611.0,7.0,,276.0,183.0,2.52,7.59
2023,8,urban_lake,Hatir Jheel,Raampura Bridge,16.8,70.0,48.0,2.24,519.0,14.0,,230.0,131.0,3.91,7.68
2023,9,river,Bhairab,"Basundia Bazar,",,,225.0,,878.0,,4.2,439.0,,0.32,
2023,9,river,Bhairab,"Basundia Bazar, Aladipur",9.14,,,7.52,,,,,,,7.14
2023,9,river,Bhairab,"Fultala Ghat, Dhulgram",18.9,,285.0,6.3,1152.0,,8.7,576.0,,25.0,6.96
2023,9,river,Bhairab,Noapara Ferry Ghat,16.8,,298.0,6.37,1147.0,,9.9,574.0,,63.0,6.65
2023,9,river,Bhairab,Noapara Jafarpur,17.8,,275.0,6.3,1153.0,,8.7,577.0,,26.0,6.93
2023,9,river,Buriganga,(B.C.F.B),,,,,,,,,,26.4,
2023,9,river,Buriganga,Bangladesh China Friendship,4.0,,,,,,,,,,
2023,9,river,Buriganga,Bangladesh China Friendship Bridge (B.C.F.B),,11.0,,3.66,,,,,,,
2023,9,river,Buriganga,Bosila Bridge (B.B),6.0,7.0,11.0,4.66,241.0,,,105.0,12.0,34.4,6.87
2023,9,river,Buriganga,Bridge (B.C.F.B),,,10.0,,,,,,13.0,,7.01
2023,9,river,Buriganga,Chandni Ghat (Cg.),5.0,7.0,15.0,3.93,256.0,,,109.0,14.0,30.6,6.76
2023,9,river,Buriganga,Fatullah (Fh),5.0,12.0,12.0,3.89,257.0,,,110.0,10.0,19.0,6.65
2023,9,river,Buriganga,Friendship Bridge (B.C.F.B),,,,,279.0,,,118.0,,,
2023,9,river,Buriganga,Hazaribagh (Hg.),7.0,7.0,15.0,4.83,243.0,,,105.0,11.0,25.5,6.87
2023,9,river,Buriganga,Mirpur Bridge (M.B),6.0,11.0,18.0,6.09,243.0,26.0,,105.0,12.0,36.9,6.84
2023,9,river,Buriganga,Satmosjid Road (S.R),4.0,15.0,15.0,3.94,240.0,,,103.0,13.0,47.6,6.85
2023,9,river,Ganges,Gorai off Take,8.7,,397.0,7.23,1754.0,72.0,,877.0,,95.0,7.22
2023,9,river,Gorai,Kamarkhali Bridge,7.2,,198.0,7.24,728.0,34.0,,364.0,,34.0,6.39
2023,9,river,Halda,Garduara Sluice gate,4.0,10.0,,7.12,330.0,49.0,,,,,6.49
2023,9,river,Halda,Halda Bridge,3.0,9.0,,6.98,285.0,40.0,,,,,6.71
2023,9,river,Halda,Maduna Ghat,3.0,8.0,,7.56,340.0,32.0,,,,,6.55
2023,9,river,Jamuna,Horipur Kheya ghat (Dn),2.5,,,7.52,280.0,36.0,,140.0,,,7.52
2023,9,river,Jamuna,Horipur Kheya ghat (Up),2.5,,,7.52,280.0,36.0,,140.0,,,7.52
2023,9,river,Jamuna,Jamuna Eco Park (Dn),2.3,,,7.58,284.0,44.0,,142.0,,,7.44
2023,9,river,Jamuna,Jamuna Eco Park (Up),2.3,,,7.58,284.0,44.0,,142.0,,,7.44
2023,9,river,Jamuna,MohonGanj (Dn),2.3,,,7.54,276.0,40.0,,138.0,,,7.4
2023,9,river,Jamuna,MohonGanj (Up),2.3,,,7.54,276.0,40.0,,138.0,,,7.4
2023,9,river,Jamuna,Shariakand Kheya Ghat (Dn),2.2,,,7.52,280.0,45.0,,140.0,,,7.45
2023,9,river,Jamuna,Shariakand Kheya Ghat (Up),2.2,,,7.52,280.0,45.0,,140.0,,,7.45
2023,9,river,Karnaphuli,CUFL,4.0,30.0,,7.48,,189.0,,9510.0,,,7.85
2023,9,river,Karnaphuli,Kalurghat Bridge,6.0,17.0,,7.0,,31.0,,201.0,,,7.29
2023,9,river,Karnaphuli,Karnafully Paper,5.0,25.0,,7.29,,45.0,,198.0,,,7.42
2023,9,river,Karnaphuli,Mariam Nagar,5.0,19.0,,8.11,,28.0,,215.0,,,7.14
2023,9,river,Karnaphuli,Shikalbaha,,30.0,,7.09,,40.0,,351.0,,,7.22
2023,9,river,Karnaphuli,TSP,3.0,29.0,,7.51,,156.0,,10510.0,,,6.96
2023,9,river,Kirtankhola,Dopdopia Kheyaghat (M),,,,6.19,187.2,,,88.4,,,8.42
2023,9,river,Kirtankhola,Dopdopia Kheyaghat (S),,,,7.73,179.4,,,84.3,,,
2023,9,river,Kirtankhola,Kaower Char (M),,,,6.66,199.9,,,93.5,,,8.31
2023,9,river,Kirtankhola,Kaower Char (S),,,,6.38,170.0,,,81.6,,,8.24
2023,9,river,Kirtankhola,Launch Ghat (M),,,,6.7,187.1,,,94.5,,,8.13
2023,9,river,Kirtankhola,Launch Ghat (S),,,,6.51,161.3,,,89.6,,,8.32
2023,9,river,Korotoa,Aziz Ahmed Taki Road (Down),4.2,,,4.0,394.0,56.0,,197.0,,,7.75
2023,9,river,Korotoa,Aziz Ahmed Taki Road (UP),4.2,,,4.0,394.0,56.0,,197.0,,,7.75
2023,9,river,Korotoa,Dottobari Bridge (Down),4.2,,,4.0,394.0,56.0,,197.0,,,7.75
2023,9,river,Korotoa,Dottobari Bridge (UP),4.2,,,4.0,394.0,56.0,,197.0,,,7.75
2023,9,river,Lohalia,Patuakhali L.G (M),,,,6.34,209.2,,,96.8,,,
2023,9,river,Lohalia,Patuakhali L.G (S),,,,7.27,204.3,,,93.7,,,
2023,9,river,Lohalia,Patuakhali Launch Ghat (M),,,,,,,,,,,8.35
2023,9,river,Lohalia,Patuakhali Launch Ghat (S),,,,,,,,,,,8.48
2023,9,river,Mathavanga,"Pipe Ghat, (M.P)",28.0,,98.0,2.8,,,,197.0,,44.0,7.18
2023,9,river,Mathavanga,"Pipe Ghat,(M.P)",,,,,391.0,,0.22,,,,
2023,9,river,Meghna,Annondo Bazar,0.8,41.0,10.0,6.1,,,,29.6,,,7.65
2023,9,river,Meghna,Bishondi Ferry Ghat,0.6,37.0,4.5,6.7,,,,37.4,,,7.74
2023,9,river,Meghna,Meghna Ghat,1.2,40.0,10.5,5.9,,,,38.0,,,6.88
2023,9,river,Meghna,Narshingdi Launch Ghat,2.2,6.0,6.5,5.1,,,,43.4,,,8.17
2023,9,river,Modhumoti,Dhalaitala,5.7,,219.0,6.9,874.0,58.0,,437.0,,58.0,6.77
2023,9,river,Moyuri,Buro Moulavir Darga,26.4,,156.0,0.0,756.0,,0.08,470.0,,35.0,5.14
2023,9,river,Moyuri,Doshgate Jalma,37.8,,225.0,2.3,896.0,,4.1,548.0,,35.0,7.05
2023,9,river,Moyuri,Shoshan Ghat,28.6,,109.0,0.0,957.0,,36.4,314.0,,40.0,7.0
2023,9,river,Padma,Barha Ghat,1.1,,,6.78,174.2,377.0,,93.3,,,7.43
2023,9,river,Padma,Mawa Ghat,0.9,,,7.05,172.4,184.0,,92.0,,,7.6
2023,9,river,Pashur,Banishanta,,,2306.0,6.7,12246.0,,,6123.0,,63.0,7.35
2023,9,river,Pashur,"Banishanta, Mongla",,,,,,57.0,,,,,
2023,9,river,Pashur,Batiaghata By Pass,9.8,,354.0,6.64,1032.0,55.0,,616.0,,71.0,7.64
2023,9,river,Pashur,Rampal Power Plant,6.7,,86.0,6.5,342.0,65.0,,171.0,,70.0,7.58
2023,9,river,Rupsa,"Charer Hat, Sulpur Aijgati",,,286.0,,,,,,,,
2023,9,river,Rupsa,"Charer Hat, Sulpur Aijgati (M)",13.2,,,6.3,1153.0,68.0,9.9,,,85.0,6.55
2023,9,river,Rupsa,"Gilatola , Nadan Pratap (M)",9.2,,295.0,5.68,1151.0,17.0,7.7,,,40.0,6.04
2023,9,river,Rupsa,Kalibari Ghat (M),35.2,,293.0,6.8,1174.0,64.0,9.5,,,75.0,6.45
2023,9,river,Rupsa,Rupsa Ghat (M),37.8,,282.0,6.6,1148.0,125.0,8.5,,,80.0,7.55
2023,9,river,Shitalakhya,Majira Demra Ghat,3.0,31.0,14.0,1.8,201.4,47.0,,108.7,23.0,,6.57
2023,9,river,Shitalakhya,Port Road,6.0,54.0,12.0,1.2,230.0,46.0,,123.3,11.0,,7.41
2023,9,river,Teesta,Kanchan Park (Down),2.4,,12.0,7.44,,45.0,,170.0,,,7.46
2023,9,river,Teesta,Kanchan Park (Up),2.4,,12.0,7.44,,45.0,,170.0,,,7.46
2023,9,river,Teesta,Nurullapur (Down),2.2,,14.0,7.62,,38.0,,160.0,,,7.42
2023,9,river,Teesta,Nurullapur (Up),2.2,,14.0,7.62,,38.0,,160.0,,,7.42
2023,9,river,Teesta,Sardah (Down),2.4,,11.0,7.52,,45.0,,175.0,,,7.39
2023,9,river,Teesta,Sardah (Up),2.4,,11.0,7.52,,45.0,,175.0,,,7.39
2023,9,river,Turag,Kaliakoir,0.9,31.0,7.0,5.7,141.3,82.0,,74.7,21.0,,7.61
2023,9,river,Turag,Nama Bazar,2.9,7.5,10.0,5.2,163.0,90.0,,84.2,21.0,,6.87
2023,9,river,Turag,Vawal,4.0,27.0,10.0,5.3,184.0,78.0,,99.3,19.0,,6.58
2023,10,river,Balu,Jolshiri Abason,4.0,14.0,13.0,2.1,219.2,7.0,,112.0,14.0,,6.73
2023,10,river,Balu,Trimohoni Bridge,6.0,19.0,19.0,1.8,263.0,13.0,,136.0,16.0,8.0,6.98
2023,10,river,Bhairab,"Basundia Bazar,",,,224.0,,879.0,,0.2,438.0,,0.32,
2023,10,river,Bhairab,"Basundia Bazar, Aladipur",9.12,,,7.5,,,,,,,7.12
2023,10,river,Bhairab,"Fultala Ghat, Dhulgram",18.8,,65.0,4.16,260.0,,0.11,130.0,,22.0,7.1
2023,10,river,Bhairab,Noapara Ferry Ghat,16.9,,49.0,5.18,195.0,,0.8,98.0,,23.0,7.08
2023,10,river,Bhairab,Noapara Jafarpur,16.8,,65.0,1.69,259.0,,0.11,130.0,,21.0,7.16
2023,10,river,Buriganga,(B.C.F.B),,,,,,,,,,39.9,
2023,10,river,Buriganga,Bangladesh China Friendship,11.0,,,,,,,,,,
2023,10,river,Buriganga,Bangladesh China Friendship Bridge (B.C.F.B),,47.0,,0.3,,,,,,,
2023,10,river,Buriganga,Bosila Bridge (B.B),4.0,11.0,8.5,4.89,157.0,,,81.0,9.0,17.9,6.97
2023,10,river,Buriganga,Bridge (B.C.F.B),,,18.0,,,,,,15.0,,7.24
2023,10,river,Buriganga,Chandni Ghat (Cg.),7.0,8.0,9.5,1.82,168.0,,,86.0,8.0,41.2,6.92
2023,10,river,Buriganga,Fatullah (Fh),8.0,12.0,12.0,1.9,203.7,,,102.1,10.0,37.9,7.18
2023,10,river,Buriganga,Friendship Bridge (B.C.F.B),,,,,265.0,,,134.0,,,
2023,10,river,Buriganga,Hazaribagh (Hg.),5.0,8.0,9.0,4.11,159.0,,,82.0,10.0,19.4,6.93
2023,10,river,Buriganga,Mirpur Bridge (M.B),6.0,10.0,7.5,5.5,156.0,57.0,,79.2,8.0,38.1,7.07
2023,10,river,Buriganga,Satmosjid Road (S.R),7.0,10.0,8.0,3.94,164.0,,,83.0,9.0,28.1,6.89
2023,10,river,Dhaleshwari,Hazaratpur,5.1,,10.5,5.9,169.0,155.0,,90.0,14.0,,6.63
2023,10,river,Dhaleshwari,Mukterpur,6.0,8.0,6.5,5.1,173.4,77.0,,91.0,23.0,,7.68
2023,10,river,Dhaleshwari,Pathorghata,4.2,1.5,10.0,6.0,166.0,140.0,,88.0,10.0,,6.94
2023,10,river,Dhaleshwari,Ruhitpur,2.4,6.0,12.0,5.9,158.3,141.0,,83.5,8.0,,6.69
2023,10,river,Dhaleshwari,Utorro Mitra,1.0,3.0,11.0,5.3,176.4,83.0,,89.7,10.0,,7.28
2023,10,river,Ganges,Gorai off Take,8.9,,145.0,6.96,580.0,22.0,,324.0,,32.0,7.58
2023,10,river,Gorai,Kamarkhali Bridge,8.3,,184.0,7.8,736.0,32.0,,368.0,,31.0,6.18
2023,10,river,Halda,Garduara Sluice gate,3.0,8.0,,6.46,336.0,45.0,,,,,6.65
2023,10,river,Halda,Halda Bridge,3.0,9.0,,6.88,310.0,42.0,,,,,6.79
2023,10,river,Halda,Maduna Ghat,3.0,8.0,,6.19,356.0,37.0,,,,,6.7
2023,10,river,Jamuna,Horipur Kheya ghat (Dn),2.4,,,7.5,284.0,36.0,,142.0,,,7.45
2023,10,river,Jamuna,Horipur Kheya ghat (Up),2.4,,,7.5,284.0,36.0,,142.0,,,7.45
2023,10,river,Jamuna,Jamuna Eco Park (Dn),2.4,,,7.55,290.0,44.0,,145.0,,,7.4
2023,10,river,Jamuna,Jamuna Eco Park (Up),2.4,,,7.55,290.0,44.0,,145.0,,,7.4
2023,10,river,Jamuna,MohonGanj (Dn),2.4,,,7.5,290.0,40.0,,145.0,,,7.45
2023,10,river,Jamuna,MohonGanj (Up),2.4,,,7.5,290.0,40.0,,145.0,,,7.45
2023,10,river,Jamuna,Shariakand Kheya Ghat (Dn),2.3,,,7.4,280.0,45.0,,140.0,,,7.42
2023,10,river,Jamuna,Shariakand Kheya Ghat (Up),2.3,,,7.4,280.0,45.0,,140.0,,,7.42
2023,10,river,Karnaphuli,CUFL,4.0,26.0,,6.99,,201.0,,8601.0,,,7.19
2023,10,river,Karnaphuli,Kalurghat Bridge,5.0,17.0,,7.41,,23.0,,185.0,,,7.22
2023,10,river,Karnaphuli,Karnafully Paper,3.0,30.0,,8.05,,31.0,,260.0,,,6.85
2023,10,river,Karnaphuli,Mariam Nagar,4.0,32.0,,7.28,,22.0,,189.0,,,6.99
2023,10,river,Karnaphuli,Shikalbaha,,15.0,,7.11,,25.0,,209.0,,,7.45
2023,10,river,Karnaphuli,TSP,3.0,21.0,,7.01,,358.0,,10110.0,,,7.67
2023,10,river,Khakshiali,Boshontopur,8.3,,792.0,6.18,2169.0,64.0,,1085.0,,31.0,7.05
2023,10,river,Khakshiali,Kaliganj Bazar,9.7,,798.0,6.52,3190.0,66.0,,1595.0,,34.0,7.11
2023,10,river,Khakshiali,Uzirpur,8.5,,738.0,6.07,2950.0,73.0,,1475.0,,32.0,6.78
2023,10,river,Kirtankhola,Dopdopia Kheyaghat (M),,,,7.34,211.2,,,101.4,,,8.22
2023,10,river,Kirtankhola,Dopdopia Kheyaghat (S),,,,7.17,197.5,,,94.8,,,
2023,10,river,Kirtankhola,Kaower Char (M),,,,6.97,237.1,,,114.4,,,8.24
2023,10,river,Kirtankhola,Kaower Char (S),,,,7.48,251.7,,,119.3,,,8.59
2023,10,river,Kirtankhola,Launch Ghat (M),,,,7.11,229.8,,,113.1,,,8.08
2023,10,river,Kirtankhola,Launch Ghat (S),,,,7.41,213.4,,,104.9,,,8.11
2023,10,river,Korotoa,Aziz Ahmed Taki Road (Down),4.0,,,3.5,390.0,56.0,,195.0,,,7.74
2023,10,river,Korotoa,Aziz Ahmed Taki Road (UP),4.0,,,3.5,390.0,56.0,,195.0,,,7.74
2023,10,river,Korotoa,Dottobari Bridge (Down),4.0,,,3.5,390.0,56.0,,195.0,,,7.74
2023,10,river,Korotoa,Dottobari Bridge (UP),4.0,,,3.5,390.0,56.0,,195.0,,,7.74
2023,10,river,Mathavanga,"Pipe Ghat, (M.P)",32.0,,107.0,5.76,,,,216.0,,48.0,7.22
2023,10,river,Mathavanga,"Pipe Ghat,(M.P)",,,,,426.0,,0.25,,,,
2023,10,river,Meghna,Annondo Bazar,3.5,42.0,7.0,7.4,,,,59.6,,,7.27
2023,10,river,Meghna,Bishondi Ferry Ghat,1.8,7.0,6.0,6.7,,,,31.2,,,7.65
2023,10,river,Meghna,Meghna Ghat,4.5,30.0,8.0,5.6,,,,36.6,,,7.31
2023,10,river,Meghna,Narshingdi Launch Ghat,3.1,0.9,6.0,7.4,,,,77.9,,,6.35
2023,10,river,Modhumoti,Dhalaitala,6.7,,164.0,6.7,660.0,38.0,,330.0,,28.0,6.52
2023,10,river,Moyuri,Buro Moulavir Darga,25.4,,194.0,0.0,776.0,,0.08,388.0,,35.0,5.36
2023,10,river,Moyuri,Doshgate Jalma,37.7,,299.0,2.3,1196.0,,0.15,598.0,,35.0,7.05
2023,10,river,Moyuri,Shoshan Ghat,8.9,,306.0,1.11,1222.0,,0.62,611.0,,35.0,6.96
2023,10,river,Padma,Mawa Ghat,3.1,,,7.4,147.0,103.0,,77.9,,,6.35
2023,10,river,Pashur,Banishanta,18.2,,31.0,6.99,161.6,,,61.0,,35.0,7.04
2023,10,river,Pashur,"Banishanta, Mongla",,,,,,57.0,,,,,
2023,10,river,Pashur,Batiaghata By Pass,9.9,,284.0,6.64,1035.0,48.0,,568.0,,65.0,7.62
2023,10,river,Pashur,Rampal Power Plant,12.2,,54.0,6.7,216.0,52.0,,108.0,,32.0,7.8
2023,10,river,Rupsa,"Charer Hat, Sulpur Aijgati",,,163.0,,,,,,,,
2023,10,river,Rupsa,"Charer Hat, Sulpur Aijgati (M)",9.2,,,6.35,653.0,38.0,0.09,,,65.0,6.59
2023,10,river,Rupsa,"Gilatola , Nadan Pratap (M)",8.2,,74.0,3.55,295.0,37.0,0.13,,,10.0,7.35
2023,10,river,Rupsa,Kalibari Ghat (M),32.2,,145.0,6.9,574.0,44.0,0.05,,,55.0,6.74
2023,10,river,Rupsa,Rupsa Ghat (M),37.8,,282.0,6.61,127.0,125.0,0.05,,,72.0,7.39
2023,10,river,Shitalakhya,Gorashal,7.0,39.0,8.5,3.2,120.0,22.0,,63.0,10.0,,7.05
2023,10,river,Shitalakhya,Majira Demra Ghat,6.0,7.0,44.5,2.9,112.4,37.0,,59.1,8.0,,6.75
2023,10,river,Shitalakhya,Murapara (Rupgonj),4.0,13.0,11.5,3.4,175.1,57.0,,88.9,11.0,,6.42
2023,10,river,Shitalakhya,Port Road,6.0,22.0,39.5,0.2,341.0,29.0,,180.6,14.0,,7.57
2023,10,river,Teesta,Kanchan Park (Down),2.3,,12.0,7.4,,45.0,,140.0,,,7.45
2023,10,river,Teesta,Kanchan Park (Up),2.3,,12.0,7.4,,45.0,,140.0,,,7.45
2023,10,river,Teesta,Nurullapur (Down),2.4,,14.0,7.6,,38.0,,145.0,,,7.38
2023,10,river,Teesta,Nurullapur (Up),2.4,,14.0,7.6,,38.0,,145.0,,,7.38
2023,10,river,Teesta,Sardah (Down),2.3,,11.0,7.4,,45.0,,143.0,,,7.42
2023,10,river,Teesta,Sardah (Up),2.3,,11.0,7.4,,45.0,,143.0,,,7.42
2023,10,river,Turag,Ashulia,5.0,10.0,6.0,5.2,171.2,58.0,,87.0,10.0,,7.03
2023,10,river,Turag,Kaliakoir,1.5,20.0,9.0,5.9,131.2,120.0,,66.5,11.0,,7.11
2023,10,river,Turag,Nama Bazar,8.0,8.0,7.0,5.6,155.0,48.0,,79.0,9.0,,7.57
2023,10,river,Turag,Turag Bridge,4.0,8.0,7.5,5.7,168.4,149.0,,85.0,12.0,,7.12
2023,10,river,Turag,Vawal,1.4,12.0,11.0,5.5,200.7,69.0,,107.6,12.0,,6.34
2023,11,river,Balu,Jolshiri Abason,5.0,27.0,32.0,6.01,538.0,19.0,,253.0,28.0,,7.27
2023,11,river,Balu,Trimohoni Bridge,7.0,27.0,52.0,1.04,815.0,83.0,,388.0,22.0,22.5,6.39
2023,11,river,Bhairab,"Basundia Bazar,",,,144.0,,578.0,,0.18,289.0,,0.08,
2023,11,river,Bhairab,"Basundia Bazar, Aladipur",7.07,,,2.37,,,,,,,7.45
2023,11,river,Bhairab,"Fultala Ghat, Dhulgram",14.3,,137.0,6.09,547.0,,0.26,259.0,,17.0,7.14
2023,11,river,Bhairab,Noapara Ferry Ghat,18.7,,245.0,2.97,979.0,,0.47,469.0,,21.0,7.15
2023,11,river,Bhairab,Noapara Jafarpur,22.4,,171.0,5.7,684.0,,0.48,343.0,,19.0,6.88
2023,11,river,Brahmaputra,Mymensingh,,,,,,,,141.0,,,
2023,11,river,Brahmaputra,"Rail Bridge, Shamvoganj",2.0,,24.0,7.6,,46.0,,158.9,,,7.59
2023,11,river,Buriganga,(B.C.F.B),,,,,,,,,,11.4,
2023,11,river,Buriganga,Bangladesh China Friendship,2.0,,,,,,,,,,
2023,11,river,Buriganga,Bangladesh China Friendship Bridge (B.C.F.B),,8.0,,1.73,,,,,,,
2023,11,river,Buriganga,Bosila Bridge (B.B),3.0,12.0,20.0,0.19,516.0,,,243.0,29.0,6.9,7.18
2023,11,river,Buriganga,Bridge (B.C.F.B),,,19.5,,,,,,26.0,,6.66
2023,11,river,Buriganga,Chandni Ghat (Cg.),6.0,11.0,19.0,0.53,478.0,,,224.0,20.0,14.6,7.08
2023,11,river,Buriganga,Fatullah (Fh),4.0,11.0,20.0,1.49,507.0,,,239.0,24.0,11.6,6.99
2023,11,river,Buriganga,Friendship Bridge (B.C.F.B),,,,,477.0,,,223.0,,,
2023,11,river,Buriganga,Hazaribagh (Hg.),34.0,48.0,25.0,0.93,467.0,,,218.4,26.0,10.6,7.07
2023,11,river,Buriganga,Mirpur Bridge (M.B),4.0,7.0,19.0,2.99,526.0,120.0,,244.0,18.0,20.2,7.09
2023,11,river,Buriganga,Satmosjid Road (S.R),8.0,23.0,17.5,1.21,464.0,,,218.0,20.0,13.2,7.21
2023,11,river,Ganges,Gorai off Take,3.17,,107.0,2.65,428.0,13.0,,214.0,,22.0,7.78
2023,11,river,Gorai,Kamarkhali Bridge,6.9,,157.0,8.16,626.0,35.0,,313.0,,23.0,7.19
2023,11,river,Halda,Garduara Sluice gate,4.0,9.0,,7.41,212.6,35.0,,,,,6.9
2023,11,river,Halda,Halda Bridge,3.0,8.0,,7.06,189.7,47.0,,,,,6.96
2023,11,river,Halda,Maduna Ghat,4.0,9.0,,7.83,114.4,41.0,,,,,6.81
2023,11,river,Jamuna,Horipur Kheya ghat (Dn),2.5,,,7.45,300.0,36.0,,150.0,,,7.45
2023,11,river,Jamuna,Horipur Kheya ghat (Up),2.5,,,7.45,300.0,36.0,,150.0,,,7.45
2023,11,river,Jamuna,Jamuna Eco Park (Dn),2.4,,,7.5,300.0,44.0,,150.0,,,7.46
2023,11,river,Jamuna,Jamuna Eco Park (Up),2.4,,,7.5,300.0,44.0,,150.0,,,7.46
2023,11,river,Jamuna,MohonGanj (Dn),2.5,,,7.48,310.0,40.0,,155.0,,,7.5
2023,11,river,Jamuna,MohonGanj (Up),2.5,,,7.48,310.0,40.0,,155.0,,,7.5
2023,11,river,Jamuna,Shariakand Kheya Ghat (Dn),2.4,,,7.41,320.0,45.0,,160.0,,,7.44
2023,11,river,Jamuna,Shariakand Kheya Ghat (Up),2.4,,,7.41,320.0,45.0,,160.0,,,7.44
2023,11,river,Kaligonga,Bheutha Ghat,2.0,9.0,18.0,7.2,,,,211.5,,,7.51
2023,11,river,Karnaphuli,CUFL,4.0,15.0,,7.39,,218.0,,11890.0,,,6.79
2023,11,river,Karnaphuli,Kalurghat Bridge,5.0,28.0,,7.88,,27.0,,195.0,,,6.87
2023,11,river,Karnaphuli,Karnafully Paper,5.0,11.0,,7.99,,36.0,,239.0,,,6.71
2023,11,river,Karnaphuli,Mariam Nagar,6.0,32.0,,7.72,,32.0,,201.0,,,6.69
2023,11,river,Karnaphuli,Shikalbaha,,19.0,,7.4,,40.0,,118.0,,,6.78
2023,11,river,Karnaphuli,TSP,4.0,17.0,,7.4,,305.0,,9510.0,,,6.81
2023,11,river,Khakshiali,Boshontopur,7.17,,480.0,6.18,1920.0,54.0,,960.0,,37.0,7.69
2023,11,river,Khakshiali,Kaliganj Bazar,7.9,,778.0,5.17,2612.0,46.0,,1304.0,,34.0,7.26
2023,11,river,Khakshiali,Uzirpur,6.3,,629.0,5.17,2516.0,73.0,,1258.0,,32.0,6.89
2023,11,river,Korotoa,Aziz Ahmed Taki Road (Down),4.2,,,2.5,410.0,55.0,,205.0,,,7.85
2023,11,river,Korotoa,Aziz Ahmed Taki Road (UP),4.2,,,2.5,410.0,55.0,,205.0,,,7.85
2023,11,river,Korotoa,Dottobari Bridge (Down),4.2,,,2.5,410.0,56.0,,205.0,,,7.85
2023,11,river,Korotoa,Dottobari Bridge (UP),4.2,,,2.5,410.0,56.0,,205.0,,,7.85
2023,11,river,Mathavanga,"Pipe Ghat, (M.P)",36.0,,123.0,7.78,,,,269.0,,42.0,7.25
2023,11,river,Mathavanga,"Pipe Ghat,(M.P)",,,,,493.0,,0.27,,,,
2023,11,river,Meghna,Annondo Bazar,5.0,8.0,10.0,8.11,,,,53.2,,,7.05
2023,11,river,Meghna,Bairob Bazar,17.0,48.0,14.0,4.2,,,,58.9,,,7.41
2023,11,river,Meghna,Bishondi Ferry Ghat,5.0,14.0,9.0,6.87,,,,55.9,,,7.88
2023,11,river,Meghna,Meghna Ghat,5.0,19.0,10.0,6.59,,,,62.5,,,7.46
2023,11,river,Meghna,Narshingdi Launch Ghat,6.0,31.0,22.0,2.3,,,,92.6,,,7.48
2023,11,river,Modhumoti,Dhalaitala,6.7,,164.0,6.7,660.0,38.0,,330.0,,28.0,6.52
2023,11,river,Moyuri,Buro Moulavir Darga,23.9,,107.0,0.0,426.0,,0.06,213.0,,25.0,5.38
2023,11,river,Moyuri,Doshgate Jalma,42.8,,212.0,3.17,846.0,,0.17,423.0,,36.0,7.44
2023,11,river,Moyuri,Shoshan Ghat,24.4,,234.0,0.0,936.0,,0.08,4.68,,27.0,5.88
2023,11,river,Pashur,Banishanta,15.5,,397.0,5.74,1586.0,,,793.0,,54.0,7.55
2023,11,river,Pashur,"Banishanta, Mongla",,,,,,46.0,,,,,
2023,11,river,Pashur,Batiaghata By Pass,9.18,,388.0,7.25,1550.0,27.0,,897.0,,24.0,7.22
2023,11,river,Pashur,Rampal Power Plant,8.14,,357.0,7.26,1426.0,66.0,,713.0,,45.0,7.43
2023,11,river,Rupsa,"Charer Hat, Sulpur Aijgati",,,232.0,,,,,,,,
2023,11,river,Rupsa,"Charer Hat, Sulpur Aijgati (M)",8.9,,,6.74,518.0,36.0,0.27,,,47.0,7.39
2023,11,river,Rupsa,"Gilatola , Nadan Pratap (M)",5.24,,81.0,5.19,324.0,28.0,0.18,,,13.0,7.64
2023,11,river,Rupsa,Kalibari Ghat (M),25.6,,212.0,5.13,846.0,36.0,0.08,,,27.0,7.18
2023,11,river,Rupsa,Rupsa Ghat (M),27.3,,87.0,6.52,348.0,125.0,0.29,,,64.0,7.66
2023,11,river,Shitalakhya,Gorashal,1.0,4.0,22.0,4.7,298.0,35.0,,158.8,36.0,,7.96
2023,11,river,Shitalakhya,Majira Demra Ghat,11.0,30.0,26.0,3.54,520.0,24.0,,242.0,26.0,,7.0
2023,11,river,Shitalakhya,Murapara (Rupgonj),5.0,13.0,68.5,4.79,535.0,25.0,,243.0,28.0,,7.02
2023,11,river,Shitalakhya,Port Road,9.0,43.0,38.0,1.1,503.0,30.0,,225.0,24.0,,7.03
2023,11,river,Teesta,Kanchan Park (Down),2.4,,12.0,7.42,,45.0,,155.0,,,7.46
2023,11,river,Teesta,Kanchan Park (Up),2.4,,12.0,7.42,,45.0,,155.0,,,7.46
2023,11,river,Teesta,Nurullapur (Down),2.5,,14.0,7.5,,38.0,,145.0,,,7.44
2023,11,river,Teesta,Nurullapur (Up),2.5,,14.0,7.5,,38.0,,145.0,,,7.44
2023,11,river,Teesta,Sardah (Down),2.3,,11.0,7.4,,45.0,,150.0,,,7.52
2023,11,river,Teesta,Sardah (Up),2.3,,11.0,7.4,,45.0,,150.0,,,7.52
2023,11,river,Turag,Ashulia,6.0,21.0,16.5,2.5,353.0,19.0,,189.6,30.0,,8.1
2023,11,river,Turag,Kaliakoir,1.0,4.0,10.0,6.4,221.0,30.0,,118.2,18.0,,8.08
2023,11,river,Turag,Nama Bazar,10.0,13.0,16.0,3.5,335.0,21.0,,180.0,24.0,,7.91
2023,11,river,Turag,Turag Bridge,7.0,17.0,15.0,2.9,346.0,23.0,,185.6,26.0,,8.16
2023,11,river,Turag,Vawal,3.7,13.0,18.5,5.1,349.0,28.0,,187.6,21.0,,7.96
2023,11,urban_lake,Dhanmondi Lake,8 No. Road Bridge,7.0,23.0,36.0,3.39,242.0,13.0,,113.4,24.0,5.23,7.56
2023,11,urban_lake,Dhanmondi Lake,Near Dhanmondi- Road No 28,5.0,9.0,35.0,3.48,463.0,32.0,,221.0,36.0,3.2,7.23
2023,11,urban_lake,Dhanmondi Lake,Near Dhanmondi-32 Bridge,5.0,54.0,34.0,6.54,314.0,17.0,,148.5,32.0,6.85,7.43
2023,11,urban_lake,Dhanmondi Lake,Near Gigatola Pilkhana More,5.0,19.0,39.0,3.84,257.0,14.0,,120.8,24.0,3.2,7.59
2023,11,urban_lake,Gulshan Lake,Lake View Clinic,25.5,138.0,45.5,9.48,555.0,163.0,,261.0,36.0,61.7,7.15
2023,11,urban_lake,Gulshan Lake,South Bridge,33.0,133.0,47.0,2.66,510.0,151.0,,266.0,48.0,62.3,7.19
2023,11,urban_lake,Gulshan Lake,Taltola Shooting Complex,22.5,122.0,45.0,1.39,568.0,154.0,,265.0,52.0,61.0,7.2
2023,11,urban_lake,Gulshan Lake,United Hospital,22.5,153.0,44.5,6.63,590.0,165.0,,255.0,48.0,64.4,7.54
2023,11,urban_lake,Hatir Jheel,FDC More Bridge,9.0,62.0,50.0,10.98,511.0,24.0,,230.0,44.0,23.9,7.7
2023,11,urban_lake,Hatir Jheel,Raampura Bridge,13.0,74.0,47.0,3.58,590.0,63.0,,264.0,36.0,28.7,7.59
2023,12,river,Balu,Jolshiri Abason,5.0,15.0,28.0,2.0,411.0,21.0,,224.0,56.0,,7.35
2023,12,river,Balu,Trimohoni Bridge,22.0,41.0,50.0,0.5,637.0,64.0,,353.0,58.0,47.0,6.89
2023,12,river,Bhairab,"Basundia Bazar,",,,142.0,,566.0,,0.22,281.0,,0.13,
2023,12,river,Bhairab,"Basundia Bazar, Aladipur",8.12,,,3.46,,,,,,,7.88
2023,12,river,Bhairab,"Fultala Ghat, Dhulgram",17.8,,146.0,6.54,584.0,,0.37,294.0,,22.0,7.09
2023,12,river,Bhairab,Noapara Ferry Ghat,20.4,,165.0,6.61,659.0,,0.35,350.0,,16.0,7.33
2023,12,river,Bhairab,Noapara Jafarpur,24.2,,166.0,6.64,662.0,,0.35,331.0,,17.0,7.37
2023,12,river,Buriganga,(B.C.F.B),,,,,,,,,,26.2,
2023,12,river,Buriganga,Bangladesh China Friendship,15.0,,,,,,,,,,
2023,12,river,Buriganga,Bangladesh China Friendship Bridge (B.C.F.B),,48.0,,2.0,,,,,,,
2023,12,river,Buriganga,Bosila Bridge (B.B),9.0,14.0,34.0,0.6,476.0,,,263.0,60.0,31.4,7.82
2023,12,river,Buriganga,Bridge (B.C.F.B),,,40.0,,,,,,40.0,,7.42
2023,12,river,Buriganga,Chandni Ghat (Cg.),12.0,28.0,35.0,0.9,482.0,,,266.0,50.0,22.8,7.73
2023,12,river,Buriganga,Fatullah (Fh),7.0,22.0,35.0,2.2,444.0,,,246.0,60.0,33.3,7.73
2023,12,river,Buriganga,Friendship Bridge (B.C.F.B),,,,,481.0,,,266.0,,,
2023,12,river,Buriganga,Hazaribagh (Hg.),10.0,24.0,34.0,1.8,475.0,,,263.0,54.0,25.1,7.49
2023,12,river,Buriganga,Mirpur Bridge (M.B),9.0,21.0,33.0,2.0,469.0,11.0,,258.0,30.0,49.8,7.92
2023,12,river,Buriganga,Satmosjid Road (S.R),13.0,44.0,39.0,0.8,473.0,,,261.0,38.0,26.4,7.57
2023,12,river,Dhaleshwari,Hazaratpur,2.0,9.0,26.0,7.5,429.0,15.0,,231.0,30.0,,7.21
2023,12,river,Dhaleshwari,Mukterpur,10.0,14.0,48.0,0.0,434.0,46.0,,242.0,39.0,,7.13
2023,12,river,Dhaleshwari,Pathorghata,4.0,11.0,26.0,5.0,409.0,13.0,,222.0,30.0,,7.19
2023,12,river,Dhaleshwari,Ruhitpur,1.0,6.0,20.0,5.7,421.0,17.0,,232.0,13.0,,7.04
2023,12,river,Dhaleshwari,Utorro Mitra,7.0,14.0,28.0,4.6,548.0,16.0,,301.0,56.0,,7.3
2023,12,river,Ganges,Gorai off Take,5.19,,117.0,4.24,468.0,11.0,,232.0,,16.0,6.29
2023,12,river,Gorai,Kamarkhali Bridge,5.17,,118.0,7.07,472.0,29.0,,236.0,,27.0,7.22
2023,12,river,Halda,Garduara Sluice gate,4.0,10.0,,7.41,198.0,40.0,,,,,7.12
2023,12,river,Halda,Halda Bridge,4.0,12.0,,7.06,181.0,41.2,,,,,7.26
2023,12,river,Halda,Maduna Ghat,5.0,13.0,,7.83,114.4,114.4,,,,,7.25
2023,12,river,Jamuna,Horipur Kheya ghat (Dn),2.5,,,7.44,302.0,36.0,,151.0,,,7.44
2023,12,river,Jamuna,Horipur Kheya ghat (Up),2.5,,,7.44,302.0,36.0,,151.0,,,7.44
2023,12,river,Jamuna,Jamuna Eco Park (Dn),2.3,,,7.45,306.0,44.0,,153.0,,,7.45
2023,12,river,Jamuna,Jamuna Eco Park (Up),2.3,,,7.45,306.0,44.0,,153.0,,,7.45
2023,12,river,Jamuna,Kakua,2.0,,,7.6,225.0,84.0,,121.6,,,7.47
2023,12,river,Jamuna,MohonGanj (Dn),2.3,,,7.45,308.0,40.0,,154.0,,,7.48
2023,12,river,Jamuna,MohonGanj (Up),2.3,,,7.45,308.0,40.0,,154.0,,,7.48
2023,12,river,Jamuna,Shariakand Kheya Ghat (Dn),2.4,,,7.4,300.0,45.0,,150.0,,,7.42
2023,12,river,Jamuna,Shariakand Kheya Ghat (Up),2.4,,,7.4,300.0,45.0,,150.0,,,7.42
2023,12,river,Jamuna,Tarakandi,2.0,,,7.8,201.1,34.0,,107.2,,,7.58
2023,12,river,Karnaphuli,CUFL,11.0,36.0,,6.55,,206.0,,8860.0,,,7.63
2023,12,river,Karnaphuli,Kalurghat Bridge,6.0,16.0,,7.49,,30.0,,261.0,,,7.33
2023,12,river,Karnaphuli,Karnafully Paper,5.0,13.0,,6.69,,35.0,,203.0,,,6.86
2023,12,river,Karnaphuli,Mariam Nagar,5.0,12.0,,6.9,,39.0,,207.0,,,6.99
2023,12,river,Karnaphuli,Shikalbaha,,14.0,,7.26,,49.0,,184.0,,,7.65
2023,12,river,Karnaphuli,TSP,14.0,49.0,,7.05,,237.0,,6740.0,,,7.8
2023,12,river,Khakshiali,Boshontopur,5.46,,482.0,4.21,1928.0,52.0,,964.0,,35.0,7.74
2023,12,river,Khakshiali,Kaliganj Bazar,5.7,,456.0,4.24,1824.0,34.0,,912.0,,32.0,7.66
2023,12,river,Khakshiali,Uzirpur,8.4,,312.0,3.34,1246.0,65.0,,623.0,,24.0,7.34
2023,12,river,Kirtankhola,Dopdopia Kheyaghat (M),,,,7.04,490.0,,,249.0,,,7.74
2023,12,river,Kirtankhola,Dopdopia Kheyaghat (S),,,,7.41,528.0,,,257.0,,,
2023,12,river,Kirtankhola,Kaower Char (M),,,,6.59,584.0,,,294.0,,,8.11
2023,12,river,Kirtankhola,Kaower Char (S),,,,7.13,688.0,,,359.0,,,8.02
2023,12,river,Kirtankhola,Launch Ghat (M),,,,6.82,408.0,,,192.0,,,8.09
2023,12,river,Kirtankhola,Launch Ghat (S),,,,6.71,438.0,,,212.0,,,8.01
2023,12,river,Korotoa,Aziz Ahmed Taki Road (Down),4.3,,,2.4,410.0,55.0,,210.0,,,7.83
2023,12,river,Korotoa,Aziz Ahmed Taki Road (UP),4.3,,,2.4,420.0,55.0,,210.0,,,7.83
2023,12,river,Korotoa,Dottobari Bridge (Down),4.3,,,2.4,420.0,56.0,,210.0,,,7.83
2023,12,river,Korotoa,Dottobari Bridge (UP),4.3,,,2.4,420.0,56.0,,210.0,,,7.83
2023,12,river,Mathavanga,"Pipe Ghat, (M.P)",42.7,,117.0,5.12,,,,233.0,,35.0,7.74
2023,12,river,Mathavanga,"Pipe Ghat,(M.P)",,,,,466.0,,0.29,,,,
2023,12,river,Moyuri,Buro Moulavir Darga,25.5,,87.0,0.0,348.0,,0.02,174.0,,62.0,4.19
2023,12,river,Moyuri,Doshgate Jalma,32.2,,198.0,5.34,796.0,,0.24,398.0,,27.0,7.65
2023,12,river,Moyuri,Shoshan Ghat,29.2,,79.0,0.0,316.0,,0.02,158.0,,64.0,4.14
2023,12,river,Padma,Barha Ghat,2.0,,,7.8,183.9,35.0,,100.2,,,6.66
2023,12,river,Padma,Mawa Ghat,2.0,,,7.6,183.3,48.0,,98.5,,,7.19
2023,12,river,Pashur,Banishanta,11.19,,160.0,7.72,641.0,,,321.0,,42.0,7.11
2023,12,river,Pashur,"Banishanta, Mongla",,,,,,65.0,,,,,
2023,12,river,Pashur,Batiaghata By Pass,12.6,,206.0,7.13,822.0,23.0,,411.0,,16.0,7.34
2023,12,river,Pashur,Rampal Power Plant,9.19,,120.0,7.6,480.0,62.0,,239.0,,36.0,7.21
2023,12,river,Rupsa,"Charer Hat, Sulpur Aijgati",,,107.0,,,,,,,,
2023,12,river,Rupsa,"Charer Hat, Sulpur Aijgati (M)",9.17,,,5.11,428.0,27.0,0.29,,,47.0,7.44
2023,12,river,Rupsa,"Gilatola , Nadan Pratap (M)",6.65,,79.0,4.28,316.0,32.0,0.24,,,10.0,7.74
2023,12,river,Rupsa,Kalibari Ghat (M),18.2,,162.0,4.19,648.0,24.0,0.32,,,14.0,7.26
2023,12,river,Rupsa,Rupsa Ghat (M),29.7,,130.0,5.23,518.0,57.0,0.45,,,75.0,7.37
2023,12,river,Shitalakhya,Gorashal,2.0,6.0,13.0,6.4,306.0,37.0,,159.0,21.0,,7.96
2023,12,river,Shitalakhya,Majira Demra Ghat,19.0,42.0,77.0,0.0,628.0,63.0,,345.0,60.0,,6.88
2023,12,river,Shitalakhya,Murapara (Rupgonj),5.0,7.0,72.0,3.2,450.0,26.0,,246.0,39.0,,7.21
2023,12,river,Shitalakhya,Port Road,7.0,10.0,73.0,4.0,578.0,15.0,,325.0,57.0,,7.02
2023,12,river,Teesta,Kanchan Park (Down),2.3,,12.0,7.4,,45.0,,155.0,,,7.48
2023,12,river,Teesta,Kanchan Park (Up),2.3,,12.0,7.4,,45.0,,155.0,,,7.48
2023,12,river,Teesta,Nurullapur (Down),2.5,,14.0,7.45,,38.0,,140.0,,,7.45
2023,12,river,Teesta,Nurullapur (Up),2.5,,14.0,7.45,,38.0,,140.0,,,7.45
2023,12,river,Teesta,Sardah (Down),2.4,,11.0,7.4,,45.0,,150.0,,,7.5
2023,12,river,Teesta,Sardah (Up),2.4,,11.0,7.4,,45.0,,150.0,,,7.5
2023,12,river,Tetulia,Vadura Launch Ghat (M),,,,6.02,241.0,,,229.0,,,8.49
2023,12,river,Tetulia,Vadura Launch Ghat (S),,,,7.87,257.0,,,123.0,,,8.38
2023,12,river,Turag,Ashulia,3.0,20.0,29.0,1.69,446.0,24.0,,245.0,49.0,,7.3
2023,12,river,Turag,Kaliakoir,6.0,27.0,18.0,8.12,298.0,33.0,,146.0,39.0,,7.67
2023,12,river,Turag,Nama Bazar,3.0,17.0,32.0,1.31,442.0,25.0,,242.0,30.0,,7.2
2023,12,river,Turag,Turag Bridge,8.0,22.0,33.0,1.38,460.0,40.0,,250.0,40.0,,7.35
2023,12,river,Turag,Vawal,5.0,14.0,21.0,7.73,277.0,31.0,,150.0,49.0,,7.57
