year,month,water_type,river,station,param,value,flag_range,page
2021,1,river,Balu,Jolshiri Abason,BOD,30.0,False,121
2021,2,river,Balu,Jolshiri Abason,BOD,10.0,False,121
2021,3,river,Balu,Jolshiri Abason,BOD,10.0,False,121
2021,4,river,Balu,Jolshiri Abason,BOD,6.0,False,121
2021,5,river,Balu,Jolshiri Abason,BOD,7.0,False,121
2021,7,river,Balu,Jolshiri Abason,BOD,4.0,False,121
2021,8,river,Balu,Jolshiri Abason,BOD,20.0,False,121
2021,9,river,Balu,Jolshiri Abason,BOD,6.8,False,121
2021,12,river,Balu,Jolshiri Abason,BOD,8.0,False,121
2021,1,river,Balu,Jolshiri Abason,COD,92.0,False,121
2021,2,river,Balu,Jolshiri Abason,COD,68.0,False,121
2021,3,river,Balu,Jolshiri Abason,COD,90.0,False,121
2021,4,river,Balu,Jolshiri Abason,COD,13.0,False,121
2021,5,river,Balu,Jolshiri Abason,COD,20.0,False,121
2021,7,river,Balu,Jolshiri Abason,COD,10.0,False,121
2021,8,river,Balu,Jolshiri Abason,COD,48.0,False,121
2021,9,river,Balu,Jolshiri Abason,COD,17.0,False,121
2021,12,river,Balu,Jolshiri Abason,COD,22.0,False,121
2021,1,river,Balu,Jolshiri Abason,Chloride,71.0,False,121
2021,2,river,Balu,Jolshiri Abason,Chloride,60.0,False,121
2021,3,river,Balu,Jolshiri Abason,Chloride,63.0,False,121
2021,4,river,Balu,Jolshiri Abason,Chloride,74.0,False,121
2021,5,river,Balu,Jolshiri Abason,Chloride,55.0,False,121
2021,7,river,Balu,Jolshiri Abason,Chloride,13.5,False,121
2021,8,river,Balu,Jolshiri Abason,Chloride,17.0,False,121
2021,9,river,Balu,Jolshiri Abason,Chloride,15.0,False,121
2021,12,river,Balu,Jolshiri Abason,Chloride,20.0,False,121
2021,1,river,Balu,Jolshiri Abason,DO,0.0,False,121
2021,2,river,Balu,Jolshiri Abason,DO,0.8,False,121
2021,3,river,Balu,Jolshiri Abason,DO,0.0,False,121
2021,4,river,Balu,Jolshiri Abason,DO,2.4,False,121
2021,5,river,Balu,Jolshiri Abason,DO,2.9,False,121
2021,7,river,Balu,Jolshiri Abason,DO,3.46,False,121
2021,8,river,Balu,Jolshiri Abason,DO,4.15,False,121
2021,9,river,Balu,Jolshiri Abason,DO,5.9,False,121
2021,12,river,Balu,Jolshiri Abason,DO,2.2,False,121
2021,1,river,Balu,Jolshiri Abason,EC,659.0,False,121
2021,2,river,Balu,Jolshiri Abason,EC,901.0,False,121
2021,3,river,Balu,Jolshiri Abason,EC,1022.0,False,121
2021,4,river,Balu,Jolshiri Abason,EC,845.0,False,121
2021,5,river,Balu,Jolshiri Abason,EC,763.0,False,121
2021,7,river,Balu,Jolshiri Abason,EC,175.8,False,121
2021,8,river,Balu,Jolshiri Abason,EC,177.0,False,121
2021,9,river,Balu,Jolshiri Abason,EC,178.0,False,121
2021,12,river,Balu,Jolshiri Abason,EC,407.0,False,121
2021,1,river,Balu,Jolshiri Abason,SS,8.0,False,121
2021,2,river,Balu,Jolshiri Abason,SS,103.0,False,121
2021,3,river,Balu,Jolshiri Abason,SS,70.0,False,121
2021,4,river,Balu,Jolshiri Abason,SS,3.0,False,121
2021,5,river,Balu,Jolshiri Abason,SS,18.0,False,121
2021,7,river,Balu,Jolshiri Abason,SS,20.0,False,121
2021,8,river,Balu,Jolshiri Abason,SS,8.0,False,121
2021,9,river,Balu,Jolshiri Abason,SS,18.0,False,121
2021,12,river,Balu,Jolshiri Abason,SS,10.0,False,121
2021,1,river,Balu,Jolshiri Abason,TDS,382.0,False,121
2021,2,river,Balu,Jolshiri Abason,TDS,523.0,False,121
2021,3,river,Balu,Jolshiri Abason,TDS,562.0,False,121
2021,4,river,Balu,Jolshiri Abason,TDS,422.0,False,121
2021,5,river,Balu,Jolshiri Abason,TDS,399.0,False,121
2021,7,river,Balu,Jolshiri Abason,TDS,95.5,False,121
2021,8,river,Balu,Jolshiri Abason,TDS,95.0,False,121
2021,9,river,Balu,Jolshiri Abason,TDS,94.0,False,121
2021,12,river,Balu,Jolshiri Abason,TDS,218.0,False,121
2021,1,river,Balu,Jolshiri Abason,TotalAlkalinity,236.0,False,122
2021,2,river,Balu,Jolshiri Abason,TotalAlkalinity,260.0,False,122
2021,3,river,Balu,Jolshiri Abason,TotalAlkalinity,269.0,False,122
2021,4,river,Balu,Jolshiri Abason,TotalAlkalinity,287.0,False,122
2021,5,river,Balu,Jolshiri Abason,TotalAlkalinity,225.0,False,122
2021,7,river,Balu,Jolshiri Abason,TotalAlkalinity,73.0,False,122
2021,8,river,Balu,Jolshiri Abason,TotalAlkalinity,81.0,False,122
2021,9,river,Balu,Jolshiri Abason,TotalAlkalinity,78.0,False,122
2021,12,river,Balu,Jolshiri Abason,TotalAlkalinity,102.0,False,122
2021,1,river,Balu,Jolshiri Abason,Turbidity,32.4,False,122
2021,2,river,Balu,Jolshiri Abason,Turbidity,336.0,False,122
2021,3,river,Balu,Jolshiri Abason,Turbidity,290.0,False,122
2021,4,river,Balu,Jolshiri Abason,Turbidity,42.0,False,122
2021,5,river,Balu,Jolshiri Abason,Turbidity,39.0,False,122
2021,9,river,Balu,Jolshiri Abason,Turbidity,7.91,False,122
2021,12,river,Balu,Jolshiri Abason,Turbidity,8.43,False,122
2021,1,river,Balu,Jolshiri Abason,pH,7.09,False,121
2021,2,river,Balu,Jolshiri Abason,pH,7.51,False,121
2021,3,river,Balu,Jolshiri Abason,pH,7.15,False,121
2021,4,river,Balu,Jolshiri Abason,pH,6.77,False,121
2021,5,river,Balu,Jolshiri Abason,pH,6.93,False,121
2021,7,river,Balu,Jolshiri Abason,pH,6.85,False,121
2021,8,river,Balu,Jolshiri Abason,pH,7.7,False,121
2021,9,river,Balu,Jolshiri Abason,pH,6.55,False,121
2021,12,river,Balu,Jolshiri Abason,pH,6.91,False,121
2021,1,river,Balu,Trimohoni Bridge,BOD,32.0,False,121
2021,2,river,Balu,Trimohoni Bridge,BOD,28.0,False,121
2021,3,river,Balu,Trimohoni Bridge,BOD,54.0,False,121
2021,4,river,Balu,Trimohoni Bridge,BOD,30.0,False,121
2021,5,river,Balu,Trimohoni Bridge,BOD,26.0,False,121
2021,7,river,Balu,Trimohoni Bridge,BOD,22.0,False,121
2021,8,river,Balu,Trimohoni Bridge,BOD,19.0,False,121
2021,9,river,Balu,Trimohoni Bridge,BOD,6.2,False,121
2021,12,river,Balu,Trimohoni Bridge,BOD,40.0,False,121
2021,1,river,Balu,Trimohoni Bridge,COD,134.0,False,121
2021,2,river,Balu,Trimohoni Bridge,COD,120.0,False,121
2021,3,river,Balu,Trimohoni Bridge,COD,153.0,False,121
2021,4,river,Balu,Trimohoni Bridge,COD,120.0,False,121
2021,5,river,Balu,Trimohoni Bridge,COD,70.0,False,121
2021,7,river,Balu,Trimohoni Bridge,COD,63.0,False,121
2021,8,river,Balu,Trimohoni Bridge,COD,42.0,False,121
2021,9,river,Balu,Trimohoni Bridge,COD,20.0,False,121
2021,12,river,Balu,Trimohoni Bridge,COD,119.0,False,121
2021,1,river,Balu,Trimohoni Bridge,Chloride,58.0,False,121
2021,2,river,Balu,Trimohoni Bridge,Chloride,73.0,False,121
2021,3,river,Balu,Trimohoni Bridge,Chloride,90.0,False,121
2021,4,river,Balu,Trimohoni Bridge,Chloride,72.0,False,121
2021,5,river,Balu,Trimohoni Bridge,Chloride,72.0,False,121
2021,7,river,Balu,Trimohoni Bridge,Chloride,53.5,False,121
2021,8,river,Balu,Trimohoni Bridge,Chloride,15.0,False,121
2021,9,river,Balu,Trimohoni Bridge,Chloride,19.0,False,121
2021,12,river,Balu,Trimohoni Bridge,Chloride,39.0,False,121
2021,1,river,Balu,Trimohoni Bridge,DO,0.0,False,121
2021,2,river,Balu,Trimohoni Bridge,DO,0.0,False,121
2021,3,river,Balu,Trimohoni Bridge,DO,0.0,False,121
2021,4,river,Balu,Trimohoni Bridge,DO,0.0,False,121
2021,5,river,Balu,Trimohoni Bridge,DO,0.2,False,121
2021,7,river,Balu,Trimohoni Bridge,DO,1.26,False,121
2021,8,river,Balu,Trimohoni Bridge,DO,0.59,False,121
2021,9,river,Balu,Trimohoni Bridge,DO,3.4,False,121
2021,12,river,Balu,Trimohoni Bridge,DO,1.5,False,121
2021,1,river,Balu,Trimohoni Bridge,EC,714.0,False,121
2021,2,river,Balu,Trimohoni Bridge,EC,699.0,False,121
2021,3,river,Balu,Trimohoni Bridge,EC,1115.0,False,121
2021,4,river,Balu,Trimohoni Bridge,EC,849.0,False,121
2021,5,river,Balu,Trimohoni Bridge,EC,689.0,False,121
2021,7,river,Balu,Trimohoni Bridge,EC,496.0,False,121
2021,8,river,Balu,Trimohoni Bridge,EC,147.0,False,121
2021,9,river,Balu,Trimohoni Bridge,EC,243.0,False,121
2021,12,river,Balu,Trimohoni Bridge,EC,723.0,False,121
2021,1,river,Balu,Trimohoni Bridge,SS,2.0,False,121
2021,2,river,Balu,Trimohoni Bridge,SS,84.0,False,121
2021,3,river,Balu,Trimohoni Bridge,SS,62.0,False,121
2021,4,river,Balu,Trimohoni Bridge,SS,46.0,False,121
2021,5,river,Balu,Trimohoni Bridge,SS,15.0,False,121
2021,7,river,Balu,Trimohoni Bridge,SS,45.0,False,121
2021,8,river,Balu,Trimohoni Bridge,SS,95.0,False,121
2021,9,river,Balu,Trimohoni Bridge,SS,81.0,False,121
2021,12,river,Balu,Trimohoni Bridge,SS,79.0,False,121
2021,1,river,Balu,Trimohoni Bridge,TDS,411.0,False,121
2021,2,river,Balu,Trimohoni Bridge,TDS,401.0,False,121
2021,3,river,Balu,Trimohoni Bridge,TDS,618.0,False,121
2021,4,river,Balu,Trimohoni Bridge,TDS,420.0,False,121
2021,5,river,Balu,Trimohoni Bridge,TDS,360.0,False,121
2021,7,river,Balu,Trimohoni Bridge,TDS,272.0,False,121
2021,8,river,Balu,Trimohoni Bridge,TDS,78.0,False,121
2021,9,river,Balu,Trimohoni Bridge,TDS,127.0,False,121
2021,12,river,Balu,Trimohoni Bridge,TDS,393.0,False,121
2021,1,river,Balu,Trimohoni Bridge,TotalAlkalinity,252.0,False,122
2021,2,river,Balu,Trimohoni Bridge,TotalAlkalinity,239.0,False,122
2021,3,river,Balu,Trimohoni Bridge,TotalAlkalinity,256.0,False,122
2021,4,river,Balu,Trimohoni Bridge,TotalAlkalinity,272.0,False,122
2021,5,river,Balu,Trimohoni Bridge,TotalAlkalinity,194.0,False,122
2021,7,river,Balu,Trimohoni Bridge,TotalAlkalinity,164.0,False,122
2021,8,river,Balu,Trimohoni Bridge,TotalAlkalinity,200.0,False,122
2021,9,river,Balu,Trimohoni Bridge,TotalAlkalinity,80.0,False,122
2021,12,river,Balu,Trimohoni Bridge,TotalAlkalinity,148.0,False,122
2021,1,river,Balu,Trimohoni Bridge,Turbidity,14.7,False,122
2021,2,river,Balu,Trimohoni Bridge,Turbidity,304.0,False,122
2021,3,river,Balu,Trimohoni Bridge,Turbidity,234.0,False,122
2021,4,river,Balu,Trimohoni Bridge,Turbidity,142.0,False,122
2021,5,river,Balu,Trimohoni Bridge,Turbidity,131.0,False,122
2021,9,river,Balu,Trimohoni Bridge,Turbidity,7.82,False,122
2021,12,river,Balu,Trimohoni Bridge,Turbidity,46.5,False,122
2021,1,river,Balu,Trimohoni Bridge,pH,7.48,False,121
2021,2,river,Balu,Trimohoni Bridge,pH,7.06,False,121
2021,3,river,Balu,Trimohoni Bridge,pH,7.15,False,121
2021,4,river,Balu,Trimohoni Bridge,pH,6.82,False,121
2021,5,river,Balu,Trimohoni Bridge,pH,6.6,False,121
2021,7,river,Balu,Trimohoni Bridge,pH,6.59,False,121
2021,8,river,Balu,Trimohoni Bridge,pH,7.77,False,121
2021,9,river,Balu,Trimohoni Bridge,pH,6.65,False,121
2021,12,river,Balu,Trimohoni Bridge,pH,7.07,False,121
2021,11,river,Bhairab,"Basundia Bazar, Aladipur",BOD,2.1,False,108
2021,12,river,Bhairab,"Basundia Bazar, Aladipur",BOD,3.1,False,108
2021,1,river,Bhairab,"Basundia Bazar, Aladipur",Chloride,70.0,False,108
2021,3,river,Bhairab,"Basundia Bazar, Aladipur",Chloride,68.0,False,108
2021,8,river,Bhairab,"Basundia Bazar, Aladipur",Chloride,1311.0,False,108
2021,9,river,Bhairab,"Basundia Bazar, Aladipur",Chloride,131.0,False,108
2021,10,river,Bhairab,"Basundia Bazar, Aladipur",Chloride,132.0,False,108
2021,11,river,Bhairab,"Basundia Bazar, Aladipur",Chloride,123.0,False,108
2021,12,river,Bhairab,"Basundia Bazar, Aladipur",Chloride,262.0,False,108
2021,1,river,Bhairab,"Basundia Bazar, Aladipur",DO,5.65,False,108
2021,3,river,Bhairab,"Basundia Bazar, Aladipur",DO,0.0,False,108
2021,8,river,Bhairab,"Basundia Bazar, Aladipur",DO,5.94,False,108
2021,9,river,Bhairab,"Basundia Bazar, Aladipur",DO,5.75,False,108
2021,10,river,Bhairab,"Basundia Bazar, Aladipur",DO,4.8,False,108
2021,11,river,Bhairab,"Basundia Bazar, Aladipur",DO,3.4,False,108
2021,12,river,Bhairab,"Basundia Bazar, Aladipur",DO,6.8,False,108
2021,1,river,Bhairab,"Basundia Bazar, Aladipur",EC,542.0,False,109
2021,3,river,Bhairab,"Basundia Bazar, Aladipur",EC,8480.0,False,109
2021,8,river,Bhairab,"Basundia Bazar, Aladipur",EC,5245.0,False,109
2021,9,river,Bhairab,"Basundia Bazar, Aladipur",EC,180.0,False,109
2021,10,river,Bhairab,"Basundia Bazar, Aladipur",EC,206.0,False,109
2021,11,river,Bhairab,"Basundia Bazar, Aladipur",EC,210.0,False,109
2021,12,river,Bhairab,"Basundia Bazar, Aladipur",EC,224.0,False,109
2021,1,river,Bhairab,"Basundia Bazar, Aladipur",Salinity,0.16,False,109
2021,3,river,Bhairab,"Basundia Bazar, Aladipur",Salinity,0.41,False,109
2021,8,river,Bhairab,"Basundia Bazar, Aladipur",Salinity,1.65,False,109
2021,9,river,Bhairab,"Basundia Bazar, Aladipur",Salinity,0.8,False,109
2021,10,river,Bhairab,"Basundia Bazar, Aladipur",Salinity,0.1,False,109
2021,11,river,Bhairab,"Basundia Bazar, Aladipur",Salinity,0.1,False,109
2021,12,river,Bhairab,"Basundia Bazar, Aladipur",Salinity,0.21,False,109
2021,1,river,Bhairab,"Basundia Bazar, Aladipur",TDS,263.0,False,108
2021,3,river,Bhairab,"Basundia Bazar, Aladipur",TDS,4160.0,False,108
2021,8,river,Bhairab,"Basundia Bazar, Aladipur",TDS,3246.0,False,108
2021,9,river,Bhairab,"Basundia Bazar, Aladipur",TDS,86.0,False,108
2021,10,river,Bhairab,"Basundia Bazar, Aladipur",TDS,97.6,False,108
2021,11,river,Bhairab,"Basundia Bazar, Aladipur",TDS,101.2,False,108
2021,12,river,Bhairab,"Basundia Bazar, Aladipur",TDS,108.0,False,108
2021,1,river,Bhairab,"Basundia Bazar, Aladipur",Turbidity,64.8,False,109
2021,3,river,Bhairab,"Basundia Bazar, Aladipur",Turbidity,65.8,False,109
2021,8,river,Bhairab,"Basundia Bazar, Aladipur",Turbidity,66.4,False,109
2021,9,river,Bhairab,"Basundia Bazar, Aladipur",Turbidity,66.4,False,109
2021,10,river,Bhairab,"Basundia Bazar, Aladipur",Turbidity,67.4,False,109
2021,11,river,Bhairab,"Basundia Bazar, Aladipur",Turbidity,67.4,False,109
2021,12,river,Bhairab,"Basundia Bazar, Aladipur",Turbidity,65.4,False,109
2021,1,river,Bhairab,"Basundia Bazar, Aladipur",pH,8.32,False,108
2021,3,river,Bhairab,"Basundia Bazar, Aladipur",pH,8.46,False,108
2021,8,river,Bhairab,"Basundia Bazar, Aladipur",pH,7.3,False,108
2021,9,river,Bhairab,"Basundia Bazar, Aladipur",pH,8.65,False,108
2021,10,river,Bhairab,"Basundia Bazar, Aladipur",pH,8.49,False,108
2021,11,river,Bhairab,"Basundia Bazar, Aladipur",pH,8.54,False,108
2021,12,river,Bhairab,"Basundia Bazar, Aladipur",pH,7.86,False,108
2021,4,river,Bhairab,"Fultala Ghat, Dhulgram",BOD,0.44,False,108
2021,11,river,Bhairab,"Fultala Ghat, Dhulgram",BOD,9.0,False,108
2021,12,river,Bhairab,"Fultala Ghat, Dhulgram",BOD,2.6,False,108
2021,1,river,Bhairab,"Fultala Ghat, Dhulgram",Chloride,72.0,False,108
2021,3,river,Bhairab,"Fultala Ghat, Dhulgram",Chloride,71.0,False,108
2021,4,river,Bhairab,"Fultala Ghat, Dhulgram",Chloride,1631.0,False,108
2021,8,river,Bhairab,"Fultala Ghat, Dhulgram",Chloride,1630.0,False,108
2021,9,river,Bhairab,"Fultala Ghat, Dhulgram",Chloride,163.0,False,108
2021,10,river,Bhairab,"Fultala Ghat, Dhulgram",Chloride,162.0,False,108
2021,11,river,Bhairab,"Fultala Ghat, Dhulgram",Chloride,125.0,False,108
2021,12,river,Bhairab,"Fultala Ghat, Dhulgram",Chloride,75.0,False,108
2021,1,river,Bhairab,"Fultala Ghat, Dhulgram",DO,5.78,False,108
2021,3,river,Bhairab,"Fultala Ghat, Dhulgram",DO,6.14,False,108
2021,4,river,Bhairab,"Fultala Ghat, Dhulgram",DO,6.14,False,108
2021,8,river,Bhairab,"Fultala Ghat, Dhulgram",DO,6.13,False,108
2021,9,river,Bhairab,"Fultala Ghat, Dhulgram",DO,5.51,False,108
2021,10,river,Bhairab,"Fultala Ghat, Dhulgram",DO,2.7,False,108
2021,11,river,Bhairab,"Fultala Ghat, Dhulgram",DO,3.77,False,108
2021,12,river,Bhairab,"Fultala Ghat, Dhulgram",DO,5.1,False,108
2021,1,river,Bhairab,"Fultala Ghat, Dhulgram",EC,551.0,False,109
2021,3,river,Bhairab,"Fultala Ghat, Dhulgram",EC,2860.0,False,109
2021,4,river,Bhairab,"Fultala Ghat, Dhulgram",EC,3262.0,False,109
2021,8,river,Bhairab,"Fultala Ghat, Dhulgram",EC,3260.0,False,109
2021,9,river,Bhairab,"Fultala Ghat, Dhulgram",EC,173.0,False,109
2021,10,river,Bhairab,"Fultala Ghat, Dhulgram",EC,228.0,False,109
2021,11,river,Bhairab,"Fultala Ghat, Dhulgram",EC,208.0,False,109
2021,12,river,Bhairab,"Fultala Ghat, Dhulgram",EC,134.0,False,109
2021,1,river,Bhairab,"Fultala Ghat, Dhulgram",Salinity,0.13,False,109
2021,3,river,Bhairab,"Fultala Ghat, Dhulgram",Salinity,0.56,False,109
2021,4,river,Bhairab,"Fultala Ghat, Dhulgram",Salinity,1.85,False,109
2021,8,river,Bhairab,"Fultala Ghat, Dhulgram",Salinity,1.84,False,109
2021,9,river,Bhairab,"Fultala Ghat, Dhulgram",Salinity,0.8,False,109
2021,10,river,Bhairab,"Fultala Ghat, Dhulgram",Salinity,0.1,False,109
2021,11,river,Bhairab,"Fultala Ghat, Dhulgram",Salinity,0.1,False,109
2021,12,river,Bhairab,"Fultala Ghat, Dhulgram",Salinity,0.06,False,109
2021,1,river,Bhairab,"Fultala Ghat, Dhulgram",TDS,274.0,False,108
2021,3,river,Bhairab,"Fultala Ghat, Dhulgram",TDS,1466.0,False,108
2021,4,river,Bhairab,"Fultala Ghat, Dhulgram",TDS,1631.0,False,108
2021,8,river,Bhairab,"Fultala Ghat, Dhulgram",TDS,1512.0,False,108
2021,9,river,Bhairab,"Fultala Ghat, Dhulgram",TDS,83.0,False,108
2021,10,river,Bhairab,"Fultala Ghat, Dhulgram",TDS,101.0,False,108
2021,11,river,Bhairab,"Fultala Ghat, Dhulgram",TDS,99.0,False,108
2021,12,river,Bhairab,"Fultala Ghat, Dhulgram",TDS,63.0,False,108
2021,1,river,Bhairab,"Fultala Ghat, Dhulgram",Turbidity,65.5,False,109
2021,3,river,Bhairab,"Fultala Ghat, Dhulgram",Turbidity,65.3,False,109
2021,4,river,Bhairab,"Fultala Ghat, Dhulgram",Turbidity,65.8,False,109
2021,8,river,Bhairab,"Fultala Ghat, Dhulgram",Turbidity,65.7,False,109
2021,9,river,Bhairab,"Fultala Ghat, Dhulgram",Turbidity,64.7,False,109
2021,10,river,Bhairab,"Fultala Ghat, Dhulgram",Turbidity,64.5,False,109
2021,11,river,Bhairab,"Fultala Ghat, Dhulgram",Turbidity,67.0,False,109
2021,12,river,Bhairab,"Fultala Ghat, Dhulgram",Turbidity,60.5,False,109
2021,1,river,Bhairab,"Fultala Ghat, Dhulgram",pH,8.9,False,108
2021,3,river,Bhairab,"Fultala Ghat, Dhulgram",pH,8.36,False,108
2021,4,river,Bhairab,"Fultala Ghat, Dhulgram",pH,8.52,False,108
2021,8,river,Bhairab,"Fultala Ghat, Dhulgram",pH,8.5,False,108
2021,9,river,Bhairab,"Fultala Ghat, Dhulgram",pH,8.14,False,108
2021,10,river,Bhairab,"Fultala Ghat, Dhulgram",pH,8.3,False,108
2021,11,river,Bhairab,"Fultala Ghat, Dhulgram",pH,8.07,False,108
2021,12,river,Bhairab,"Fultala Ghat, Dhulgram",pH,8.12,False,108
2021,4,river,Bhairab,Noapara Ferry Ghat,BOD,0.65,False,108
2021,11,river,Bhairab,Noapara Ferry Ghat,BOD,0.9,False,108
2021,12,river,Bhairab,Noapara Ferry Ghat,BOD,5.3,False,108
2021,1,river,Bhairab,Noapara Ferry Ghat,Chloride,70.0,False,108
2021,3,river,Bhairab,Noapara Ferry Ghat,Chloride,73.0,False,108
2021,4,river,Bhairab,Noapara Ferry Ghat,Chloride,983.0,False,108
2021,8,river,Bhairab,Noapara Ferry Ghat,Chloride,982.0,False,108
2021,9,river,Bhairab,Noapara Ferry Ghat,Chloride,982.0,False,108
2021,10,river,Bhairab,Noapara Ferry Ghat,Chloride,980.0,False,108
2021,11,river,Bhairab,Noapara Ferry Ghat,Chloride,113.0,False,108
2021,12,river,Bhairab,Noapara Ferry Ghat,Chloride,88.0,False,108
2021,1,river,Bhairab,Noapara Ferry Ghat,DO,6.74,False,108
2021,3,river,Bhairab,Noapara Ferry Ghat,DO,5.88,False,108
2021,4,river,Bhairab,Noapara Ferry Ghat,DO,5.88,False,108
2021,8,river,Bhairab,Noapara Ferry Ghat,DO,5.87,False,108
2021,9,river,Bhairab,Noapara Ferry Ghat,DO,5.31,False,108
2021,10,river,Bhairab,Noapara Ferry Ghat,DO,3.8,False,108
2021,11,river,Bhairab,Noapara Ferry Ghat,DO,5.93,False,108
2021,12,river,Bhairab,Noapara Ferry Ghat,DO,6.1,False,108
2021,1,river,Bhairab,Noapara Ferry Ghat,EC,694.0,False,109
2021,3,river,Bhairab,Noapara Ferry Ghat,EC,930.0,False,109
2021,4,river,Bhairab,Noapara Ferry Ghat,EC,3930.0,False,109
2021,8,river,Bhairab,Noapara Ferry Ghat,EC,3931.0,False,109
2021,9,river,Bhairab,Noapara Ferry Ghat,EC,147.0,False,109
2021,10,river,Bhairab,Noapara Ferry Ghat,EC,193.0,False,109
2021,11,river,Bhairab,Noapara Ferry Ghat,EC,182.8,False,109
2021,12,river,Bhairab,Noapara Ferry Ghat,EC,147.0,False,109
2021,1,river,Bhairab,Noapara Ferry Ghat,Salinity,0.14,False,109
2021,3,river,Bhairab,Noapara Ferry Ghat,Salinity,0.28,False,109
2021,4,river,Bhairab,Noapara Ferry Ghat,Salinity,1.95,False,109
2021,8,river,Bhairab,Noapara Ferry Ghat,Salinity,1.94,False,109
2021,9,river,Bhairab,Noapara Ferry Ghat,Salinity,0.07,False,109
2021,10,river,Bhairab,Noapara Ferry Ghat,Salinity,0.09,False,109
2021,11,river,Bhairab,Noapara Ferry Ghat,Salinity,0.09,False,109
2021,12,river,Bhairab,Noapara Ferry Ghat,Salinity,0.07,False,109
2021,1,river,Bhairab,Noapara Ferry Ghat,TDS,339.0,False,108
2021,3,river,Bhairab,Noapara Ferry Ghat,TDS,335.0,False,108
2021,4,river,Bhairab,Noapara Ferry Ghat,TDS,1965.0,False,108
2021,8,river,Bhairab,Noapara Ferry Ghat,TDS,1960.0,False,108
2021,9,river,Bhairab,Noapara Ferry Ghat,TDS,70.0,False,108
2021,10,river,Bhairab,Noapara Ferry Ghat,TDS,91.7,False,108
2021,11,river,Bhairab,Noapara Ferry Ghat,TDS,87.1,False,108
2021,12,river,Bhairab,Noapara Ferry Ghat,TDS,70.0,False,108
2021,1,river,Bhairab,Noapara Ferry Ghat,Turbidity,63.5,False,109
2021,3,river,Bhairab,Noapara Ferry Ghat,Turbidity,63.1,False,109
2021,4,river,Bhairab,Noapara Ferry Ghat,Turbidity,67.4,False,109
2021,8,river,Bhairab,Noapara Ferry Ghat,Turbidity,67.3,False,109
2021,9,river,Bhairab,Noapara Ferry Ghat,Turbidity,67.3,False,109
2021,10,river,Bhairab,Noapara Ferry Ghat,Turbidity,68.3,False,109
2021,11,river,Bhairab,Noapara Ferry Ghat,Turbidity,64.5,False,109
2021,12,river,Bhairab,Noapara Ferry Ghat,Turbidity,69.0,False,109
2021,1,river,Bhairab,Noapara Ferry Ghat,pH,8.59,False,108
2021,3,river,Bhairab,Noapara Ferry Ghat,pH,8.34,False,108
2021,4,river,Bhairab,Noapara Ferry Ghat,pH,7.39,False,108
2021,8,river,Bhairab,Noapara Ferry Ghat,pH,7.38,False,108
2021,9,river,Bhairab,Noapara Ferry Ghat,pH,8.47,False,108
2021,10,river,Bhairab,Noapara Ferry Ghat,pH,8.36,False,108
2021,11,river,Bhairab,Noapara Ferry Ghat,pH,8.55,False,108
2021,12,river,Bhairab,Noapara Ferry Ghat,pH,8.05,False,108
2021,4,river,Bhairab,Noapara Jafarpur,BOD,0.74,False,108
2021,11,river,Bhairab,Noapara Jafarpur,BOD,2.6,False,108
2021,12,river,Bhairab,Noapara Jafarpur,BOD,5.0,False,108
2021,1,river,Bhairab,Noapara Jafarpur,Chloride,72.0,False,108
2021,3,river,Bhairab,Noapara Jafarpur,Chloride,71.0,False,108
2021,4,river,Bhairab,Noapara Jafarpur,Chloride,406.0,False,108
2021,8,river,Bhairab,Noapara Jafarpur,Chloride,403.0,False,108
2021,9,river,Bhairab,Noapara Jafarpur,Chloride,405.0,False,108
2021,10,river,Bhairab,Noapara Jafarpur,Chloride,406.0,False,108
2021,11,river,Bhairab,Noapara Jafarpur,Chloride,125.0,False,108
2021,12,river,Bhairab,Noapara Jafarpur,Chloride,88.0,False,108
2021,1,river,Bhairab,Noapara Jafarpur,DO,4.39,False,108
2021,3,river,Bhairab,Noapara Jafarpur,DO,5.49,False,108
2021,4,river,Bhairab,Noapara Jafarpur,DO,6.51,False,108
2021,8,river,Bhairab,Noapara Jafarpur,DO,6.5,False,108
2021,9,river,Bhairab,Noapara Jafarpur,DO,5.34,False,108
2021,10,river,Bhairab,Noapara Jafarpur,DO,2.6,False,108
2021,11,river,Bhairab,Noapara Jafarpur,DO,4.2,False,108
2021,12,river,Bhairab,Noapara Jafarpur,DO,6.2,False,108
2021,1,river,Bhairab,Noapara Jafarpur,EC,695.0,False,109
2021,3,river,Bhairab,Noapara Jafarpur,EC,1229.0,False,109
2021,4,river,Bhairab,Noapara Jafarpur,EC,1624.0,False,109
2021,8,river,Bhairab,Noapara Jafarpur,EC,1620.0,False,109
2021,9,river,Bhairab,Noapara Jafarpur,EC,185.0,False,109
2021,10,river,Bhairab,Noapara Jafarpur,EC,207.9,False,109
2021,11,river,Bhairab,Noapara Jafarpur,EC,217.7,False,109
2021,12,river,Bhairab,Noapara Jafarpur,EC,149.0,False,109
2021,1,river,Bhairab,Noapara Jafarpur,Salinity,0.11,False,109
2021,3,river,Bhairab,Noapara Jafarpur,Salinity,0.62,False,109
2021,4,river,Bhairab,Noapara Jafarpur,Salinity,1.62,False,109
2021,8,river,Bhairab,Noapara Jafarpur,Salinity,1.61,False,109
2021,9,river,Bhairab,Noapara Jafarpur,Salinity,0.09,False,109
2021,10,river,Bhairab,Noapara Jafarpur,Salinity,0.1,False,109
2021,11,river,Bhairab,Noapara Jafarpur,Salinity,0.1,False,109
2021,12,river,Bhairab,Noapara Jafarpur,Salinity,0.07,False,109
2021,1,river,Bhairab,Noapara Jafarpur,TDS,344.0,False,108
2021,3,river,Bhairab,Noapara Jafarpur,TDS,611.0,False,108
2021,4,river,Bhairab,Noapara Jafarpur,TDS,812.0,False,108
2021,8,river,Bhairab,Noapara Jafarpur,TDS,810.0,False,108
2021,9,river,Bhairab,Noapara Jafarpur,TDS,88.0,False,108
2021,10,river,Bhairab,Noapara Jafarpur,TDS,99.1,False,108
2021,11,river,Bhairab,Noapara Jafarpur,TDS,104.0,False,108
2021,12,river,Bhairab,Noapara Jafarpur,TDS,71.0,False,108
2021,1,river,Bhairab,Noapara Jafarpur,Turbidity,66.5,False,109
2021,3,river,Bhairab,Noapara Jafarpur,Turbidity,66.2,False,109
2021,4,river,Bhairab,Noapara Jafarpur,Turbidity,76.4,False,109
2021,8,river,Bhairab,Noapara Jafarpur,Turbidity,76.5,False,109
2021,9,river,Bhairab,Noapara Jafarpur,Turbidity,75.5,False,109
2021,10,river,Bhairab,Noapara Jafarpur,Turbidity,75.0,False,109
2021,11,river,Bhairab,Noapara Jafarpur,Turbidity,69.0,False,109
2021,12,river,Bhairab,Noapara Jafarpur,Turbidity,70.0,False,109
2021,1,river,Bhairab,Noapara Jafarpur,pH,8.87,False,108
2021,3,river,Bhairab,Noapara Jafarpur,pH,8.44,False,108
2021,4,river,Bhairab,Noapara Jafarpur,pH,7.35,False,108
2021,8,river,Bhairab,Noapara Jafarpur,pH,7.33,False,108
2021,9,river,Bhairab,Noapara Jafarpur,pH,8.25,False,108
2021,10,river,Bhairab,Noapara Jafarpur,pH,8.31,False,108
2021,11,river,Bhairab,Noapara Jafarpur,pH,8.09,False,108
2021,12,river,Bhairab,Noapara Jafarpur,pH,8.15,False,108
2021,1,river,Brahmaputra,JamalpurRail Bridge,BOD,9.0,False,96
2021,2,river,Brahmaputra,JamalpurRail Bridge,BOD,6.0,False,96
2021,3,river,Brahmaputra,JamalpurRail Bridge,BOD,5.0,False,96
2021,8,river,Brahmaputra,JamalpurRail Bridge,BOD,3.0,False,96
2021,1,river,Brahmaputra,JamalpurRail Bridge,Chloride,10.0,False,96
2021,2,river,Brahmaputra,JamalpurRail Bridge,Chloride,10.0,False,96
2021,3,river,Brahmaputra,JamalpurRail Bridge,Chloride,14.0,False,96
2021,8,river,Brahmaputra,JamalpurRail Bridge,Chloride,10.0,False,96
2021,1,river,Brahmaputra,JamalpurRail Bridge,DO,8.8,False,95
2021,2,river,Brahmaputra,JamalpurRail Bridge,DO,8.7,False,95
2021,3,river,Brahmaputra,JamalpurRail Bridge,DO,8.7,False,95
2021,8,river,Brahmaputra,JamalpurRail Bridge,DO,6.7,False,95
2021,1,river,Brahmaputra,JamalpurRail Bridge,SS,5.0,False,96
2021,2,river,Brahmaputra,JamalpurRail Bridge,SS,25.0,False,96
2021,3,river,Brahmaputra,JamalpurRail Bridge,SS,5.0,False,96
2021,8,river,Brahmaputra,JamalpurRail Bridge,SS,480.0,False,96
2021,1,river,Brahmaputra,JamalpurRail Bridge,TDS,141.0,False,96
2021,2,river,Brahmaputra,JamalpurRail Bridge,TDS,147.8,False,96
2021,3,river,Brahmaputra,JamalpurRail Bridge,TDS,124.0,False,96
2021,8,river,Brahmaputra,JamalpurRail Bridge,TDS,480.0,False,96
2021,1,river,Brahmaputra,JamalpurRail Bridge,pH,7.12,False,95
2021,2,river,Brahmaputra,JamalpurRail Bridge,pH,7.28,False,95
2021,3,river,Brahmaputra,JamalpurRail Bridge,pH,7.41,False,95
2021,8,river,Brahmaputra,JamalpurRail Bridge,pH,7.82,False,95
2021,1,river,Brahmaputra,"Rail Bridge, Shamvoganj",BOD,7.0,False,96
2021,8,river,Brahmaputra,"Rail Bridge, Shamvoganj",BOD,2.0,False,96
2021,1,river,Brahmaputra,"Rail Bridge, Shamvoganj",Chloride,11.0,False,96
2021,8,river,Brahmaputra,"Rail Bridge, Shamvoganj",Chloride,9.0,False,96
2021,1,river,Brahmaputra,"Rail Bridge, Shamvoganj",DO,8.0,False,95
2021,8,river,Brahmaputra,"Rail Bridge, Shamvoganj",DO,6.2,False,95
2021,1,river,Brahmaputra,"Rail Bridge, Shamvoganj",SS,19.0,False,96
2021,8,river,Brahmaputra,"Rail Bridge, Shamvoganj",SS,307.0,False,96
2021,1,river,Brahmaputra,"Rail Bridge, Shamvoganj",TDS,155.8,False,96
2021,8,river,Brahmaputra,"Rail Bridge, Shamvoganj",TDS,307.0,False,96
2021,1,river,Brahmaputra,"Rail Bridge, Shamvoganj",pH,7.66,False,95
2021,8,river,Brahmaputra,"Rail Bridge, Shamvoganj",pH,8.03,False,95
2021,1,river,Buriganga,B.C.F.B,BOD,5.8,False,87
2021,2,river,Buriganga,B.C.F.B,BOD,14.0,False,87
2021,3,river,Buriganga,B.C.F.B,BOD,30.0,False,87
2021,4,river,Buriganga,B.C.F.B,BOD,23.0,False,87
2021,5,river,Buriganga,B.C.F.B,BOD,28.0,False,87
2021,6,river,Buriganga,B.C.F.B,BOD,6.2,False,87
2021,7,river,Buriganga,B.C.F.B,BOD,18.0,False,87
2021,8,river,Buriganga,B.C.F.B,BOD,28.0,False,87
2021,9,river,Buriganga,B.C.F.B,BOD,8.0,False,87
2021,12,river,Buriganga,B.C.F.B,BOD,28.0,False,87
2021,1,river,Buriganga,B.C.F.B,COD,63.0,False,88
2021,2,river,Buriganga,B.C.F.B,COD,85.0,False,88
2021,3,river,Buriganga,B.C.F.B,COD,78.0,False,88
2021,4,river,Buriganga,B.C.F.B,COD,76.0,False,88
2021,5,river,Buriganga,B.C.F.B,COD,97.0,False,88
2021,6,river,Buriganga,B.C.F.B,COD,22.0,False,88
2021,7,river,Buriganga,B.C.F.B,COD,51.0,False,88
2021,8,river,Buriganga,B.C.F.B,COD,62.0,False,88
2021,9,river,Buriganga,B.C.F.B,COD,19.0,False,88
2021,12,river,Buriganga,B.C.F.B,COD,80.0,False,88
2021,1,river,Buriganga,B.C.F.B,Chloride,49.0,False,89
2021,2,river,Buriganga,B.C.F.B,Chloride,64.5,False,89
2021,3,river,Buriganga,B.C.F.B,Chloride,74.0,False,89
2021,4,river,Buriganga,B.C.F.B,Chloride,66.0,False,89
2021,5,river,Buriganga,B.C.F.B,Chloride,45.0,False,89
2021,6,river,Buriganga,B.C.F.B,Chloride,30.0,False,89
2021,7,river,Buriganga,B.C.F.B,Chloride,15.5,False,89
2021,8,river,Buriganga,B.C.F.B,Chloride,15.0,False,89
2021,9,river,Buriganga,B.C.F.B,Chloride,14.5,False,89
2021,12,river,Buriganga,B.C.F.B,Chloride,24.0,False,89
2021,1,river,Buriganga,B.C.F.B,DO,0.2,False,87
2021,2,river,Buriganga,B.C.F.B,DO,0.5,False,87
2021,3,river,Buriganga,B.C.F.B,DO,0.0,False,87
2021,4,river,Buriganga,B.C.F.B,DO,0.9,False,87
2021,5,river,Buriganga,B.C.F.B,DO,0.7,False,87
2021,6,river,Buriganga,B.C.F.B,DO,2.75,False,87
2021,7,river,Buriganga,B.C.F.B,DO,4.57,False,87
2021,8,river,Buriganga,B.C.F.B,DO,3.21,False,87
2021,9,river,Buriganga,B.C.F.B,DO,5.69,False,87
2021,12,river,Buriganga,B.C.F.B,DO,2.13,False,87
2021,1,river,Buriganga,B.C.F.B,EC,663.0,False,90
2021,2,river,Buriganga,B.C.F.B,EC,746.0,False,90
2021,3,river,Buriganga,B.C.F.B,EC,837.0,False,90
2021,4,river,Buriganga,B.C.F.B,EC,943.0,False,90
2021,5,river,Buriganga,B.C.F.B,EC,978.0,False,90
2021,6,river,Buriganga,B.C.F.B,EC,219.0,False,90
2021,7,river,Buriganga,B.C.F.B,EC,152.7,False,90
2021,8,river,Buriganga,B.C.F.B,EC,161.0,False,90
2021,9,river,Buriganga,B.C.F.B,EC,205.9,False,90
2021,12,river,Buriganga,B.C.F.B,EC,521.0,False,90
2021,1,river,Buriganga,B.C.F.B,SS,40.0,False,89
2021,2,river,Buriganga,B.C.F.B,SS,67.0,False,89
2021,3,river,Buriganga,B.C.F.B,SS,75.0,False,89
2021,4,river,Buriganga,B.C.F.B,SS,5.0,False,89
2021,5,river,Buriganga,B.C.F.B,SS,27.0,False,89
2021,6,river,Buriganga,B.C.F.B,SS,15.0,False,89
2021,7,river,Buriganga,B.C.F.B,SS,49.0,False,89
2021,8,river,Buriganga,B.C.F.B,SS,37.0,False,89
2021,9,river,Buriganga,B.C.F.B,SS,8.0,False,89
2021,12,river,Buriganga,B.C.F.B,SS,53.0,False,89
2021,1,river,Buriganga,B.C.F.B,TDS,353.0,False,88
2021,2,river,Buriganga,B.C.F.B,TDS,414.0,False,88
2021,3,river,Buriganga,B.C.F.B,TDS,462.0,False,88
2021,4,river,Buriganga,B.C.F.B,TDS,493.0,False,88
2021,5,river,Buriganga,B.C.F.B,TDS,541.0,False,88
2021,6,river,Buriganga,B.C.F.B,TDS,113.4,False,88
2021,7,river,Buriganga,B.C.F.B,TDS,84.8,False,88
2021,8,river,Buriganga,B.C.F.B,TDS,85.0,False,88
2021,9,river,Buriganga,B.C.F.B,TDS,86.0,False,88
2021,12,river,Buriganga,B.C.F.B,TDS,285.0,False,88
2021,1,river,Buriganga,B.C.F.B,TotalAlkalinity,211.0,False,89
2021,2,river,Buriganga,B.C.F.B,TotalAlkalinity,181.0,False,89
2021,3,river,Buriganga,B.C.F.B,TotalAlkalinity,220.0,False,89
2021,4,river,Buriganga,B.C.F.B,TotalAlkalinity,255.0,False,89
2021,5,river,Buriganga,B.C.F.B,TotalAlkalinity,189.0,False,89
2021,6,river,Buriganga,B.C.F.B,TotalAlkalinity,102.0,False,89
2021,7,river,Buriganga,B.C.F.B,TotalAlkalinity,54.0,False,89
2021,8,river,Buriganga,B.C.F.B,TotalAlkalinity,58.0,False,89
2021,9,river,Buriganga,B.C.F.B,TotalAlkalinity,67.0,False,89
2021,12,river,Buriganga,B.C.F.B,TotalAlkalinity,164.0,False,89
2021,1,river,Buriganga,B.C.F.B,Turbidity,137.0,False,88
2021,2,river,Buriganga,B.C.F.B,Turbidity,164.0,False,88
2021,3,river,Buriganga,B.C.F.B,Turbidity,383.0,False,88
2021,4,river,Buriganga,B.C.F.B,Turbidity,36.0,False,88
2021,5,river,Buriganga,B.C.F.B,Turbidity,68.0,False,88
2021,6,river,Buriganga,B.C.F.B,Turbidity,30.4,False,88
2021,7,river,Buriganga,B.C.F.B,Turbidity,58.0,False,88
2021,9,river,Buriganga,B.C.F.B,Turbidity,20.8,False,88
2021,12,river,Buriganga,B.C.F.B,Turbidity,38.6,False,88
2021,1,river,Buriganga,B.C.F.B,pH,7.54,False,87
2021,2,river,Buriganga,B.C.F.B,pH,7.34,False,87
2021,3,river,Buriganga,B.C.F.B,pH,6.94,False,87
2021,4,river,Buriganga,B.C.F.B,pH,7.45,False,87
2021,5,river,Buriganga,B.C.F.B,pH,7.47,False,87
2021,6,river,Buriganga,B.C.F.B,pH,7.02,False,87
2021,7,river,Buriganga,B.C.F.B,pH,6.84,False,87
2021,8,river,Buriganga,B.C.F.B,pH,7.58,False,87
2021,9,river,Buriganga,B.C.F.B,pH,7.19,False,87
2021,12,river,Buriganga,B.C.F.B,pH,7.28,False,87
2021,1,river,Buriganga,Bosila Bridge,BOD,6.0,False,87
2021,2,river,Buriganga,Bosila Bridge,BOD,66.0,False,87
2021,3,river,Buriganga,Bosila Bridge,BOD,32.0,False,87
2021,4,river,Buriganga,Bosila Bridge,BOD,18.0,False,87
2021,5,river,Buriganga,Bosila Bridge,BOD,30.0,False,87
2021,6,river,Buriganga,Bosila Bridge,BOD,8.4,False,87
2021,7,river,Buriganga,Bosila Bridge,BOD,16.8,False,87
2021,8,river,Buriganga,Bosila Bridge,BOD,30.0,False,87
2021,9,river,Buriganga,Bosila Bridge,BOD,8.0,False,87
2021,12,river,Buriganga,Bosila Bridge,BOD,14.0,False,87
2021,1,river,Buriganga,Bosila Bridge,COD,62.0,False,88
2021,2,river,Buriganga,Bosila Bridge,COD,66.0,False,88
2021,3,river,Buriganga,Bosila Bridge,COD,120.0,False,88
2021,4,river,Buriganga,Bosila Bridge,COD,59.0,False,88
2021,5,river,Buriganga,Bosila Bridge,COD,97.0,False,88
2021,6,river,Buriganga,Bosila Bridge,COD,20.0,False,88
2021,7,river,Buriganga,Bosila Bridge,COD,32.0,False,88
2021,8,river,Buriganga,Bosila Bridge,COD,54.0,False,88
2021,9,river,Buriganga,Bosila Bridge,COD,22.0,False,88
2021,12,river,Buriganga,Bosila Bridge,COD,37.0,False,88
2021,1,river,Buriganga,Bosila Bridge,Chloride,52.5,False,89
2021,2,river,Buriganga,Bosila Bridge,Chloride,67.0,False,89
2021,3,river,Buriganga,Bosila Bridge,Chloride,74.0,False,89
2021,4,river,Buriganga,Bosila Bridge,Chloride,74.0,False,89
2021,5,river,Buriganga,Bosila Bridge,Chloride,45.0,False,89
2021,6,river,Buriganga,Bosila Bridge,Chloride,31.0,False,89
2021,7,river,Buriganga,Bosila Bridge,Chloride,17.0,False,89
2021,8,river,Buriganga,Bosila Bridge,Chloride,14.0,False,89
2021,9,river,Buriganga,Bosila Bridge,Chloride,13.5,False,89
2021,12,river,Buriganga,Bosila Bridge,Chloride,24.0,False,89
2021,1,river,Buriganga,Bosila Bridge,DO,0.1,False,87
2021,2,river,Buriganga,Bosila Bridge,DO,0.4,False,87
2021,3,river,Buriganga,Bosila Bridge,DO,0.0,False,87
2021,4,river,Buriganga,Bosila Bridge,DO,0.4,False,87
2021,5,river,Buriganga,Bosila Bridge,DO,0.7,False,87
2021,6,river,Buriganga,Bosila Bridge,DO,3.4,False,87
2021,7,river,Buriganga,Bosila Bridge,DO,4.57,False,87
2021,8,river,Buriganga,Bosila Bridge,DO,4.64,False,87
2021,9,river,Buriganga,Bosila Bridge,DO,5.78,False,87
2021,12,river,Buriganga,Bosila Bridge,DO,1.51,False,87
2021,1,river,Buriganga,Bosila Bridge,EC,666.0,False,90
2021,2,river,Buriganga,Bosila Bridge,EC,795.0,False,90
2021,3,river,Buriganga,Bosila Bridge,EC,955.0,False,90
2021,4,river,Buriganga,Bosila Bridge,EC,990.0,False,90
2021,5,river,Buriganga,Bosila Bridge,EC,896.0,False,90
2021,6,river,Buriganga,Bosila Bridge,EC,226.0,False,90
2021,7,river,Buriganga,Bosila Bridge,EC,187.5,False,90
2021,8,river,Buriganga,Bosila Bridge,EC,155.0,False,90
2021,9,river,Buriganga,Bosila Bridge,EC,204.2,False,90
2021,12,river,Buriganga,Bosila Bridge,EC,514.0,False,90
2021,1,river,Buriganga,Bosila Bridge,SS,50.0,False,89
2021,2,river,Buriganga,Bosila Bridge,SS,56.0,False,89
2021,3,river,Buriganga,Bosila Bridge,SS,157.0,False,89
2021,4,river,Buriganga,Bosila Bridge,SS,2.0,False,89
2021,5,river,Buriganga,Bosila Bridge,SS,20.0,False,89
2021,6,river,Buriganga,Bosila Bridge,SS,18.0,False,89
2021,7,river,Buriganga,Bosila Bridge,SS,48.0,False,89
2021,8,river,Buriganga,Bosila Bridge,SS,44.0,False,89
2021,9,river,Buriganga,Bosila Bridge,SS,11.0,False,89
2021,12,river,Buriganga,Bosila Bridge,SS,37.0,False,89
2021,1,river,Buriganga,Bosila Bridge,TDS,356.0,False,88
2021,2,river,Buriganga,Bosila Bridge,TDS,443.0,False,88
2021,3,river,Buriganga,Bosila Bridge,TDS,534.0,False,88
2021,4,river,Buriganga,Bosila Bridge,TDS,518.0,False,88
2021,5,river,Buriganga,Bosila Bridge,TDS,496.0,False,88
2021,6,river,Buriganga,Bosila Bridge,TDS,117.9,False,88
2021,7,river,Buriganga,Bosila Bridge,TDS,103.5,False,88
2021,8,river,Buriganga,Bosila Bridge,TDS,82.0,False,88
2021,9,river,Buriganga,Bosila Bridge,TDS,84.9,False,88
2021,12,river,Buriganga,Bosila Bridge,TDS,281.0,False,88
2021,1,river,Buriganga,Bosila Bridge,TotalAlkalinity,205.0,False,89
2021,2,river,Buriganga,Bosila Bridge,TotalAlkalinity,199.0,False,89
2021,3,river,Buriganga,Bosila Bridge,TotalAlkalinity,199.0,False,89
2021,4,river,Buriganga,Bosila Bridge,TotalAlkalinity,199.0,False,89
2021,5,river,Buriganga,Bosila Bridge,TotalAlkalinity,157.0,False,89
2021,6,river,Buriganga,Bosila Bridge,TotalAlkalinity,102.0,False,89
2021,7,river,Buriganga,Bosila Bridge,TotalAlkalinity,57.0,False,89
2021,8,river,Buriganga,Bosila Bridge,TotalAlkalinity,63.0,False,89
2021,9,river,Buriganga,Bosila Bridge,TotalAlkalinity,61.0,False,89
2021,12,river,Buriganga,Bosila Bridge,TotalAlkalinity,160.0,False,89
2021,1,river,Buriganga,Bosila Bridge,Turbidity,219.0,False,88
2021,2,river,Buriganga,Bosila Bridge,Turbidity,178.0,False,88
2021,3,river,Buriganga,Bosila Bridge,Turbidity,344.0,False,88
2021,4,river,Buriganga,Bosila Bridge,Turbidity,31.0,False,88
2021,5,river,Buriganga,Bosila Bridge,Turbidity,60.0,False,88
2021,6,river,Buriganga,Bosila Bridge,Turbidity,24.4,False,88
2021,7,river,Buriganga,Bosila Bridge,Turbidity,63.0,False,88
2021,9,river,Buriganga,Bosila Bridge,Turbidity,28.9,False,88
2021,12,river,Buriganga,Bosila Bridge,Turbidity,28.8,False,88
2021,1,river,Buriganga,Bosila Bridge,pH,7.45,False,87
2021,2,river,Buriganga,Bosila Bridge,pH,7.37,False,87
2021,3,river,Buriganga,Bosila Bridge,pH,6.88,False,87
2021,4,river,Buriganga,Bosila Bridge,pH,7.36,False,87
2021,5,river,Buriganga,Bosila Bridge,pH,7.39,False,87
2021,6,river,Buriganga,Bosila Bridge,pH,6.98,False,87
2021,7,river,Buriganga,Bosila Bridge,pH,6.9,False,87
2021,8,river,Buriganga,Bosila Bridge,pH,7.98,False,87
2021,9,river,Buriganga,Bosila Bridge,pH,6.92,False,87
2021,12,river,Buriganga,Bosila Bridge,pH,7.35,False,87
2021,1,river,Buriganga,Chandni Ghat,BOD,5.8,False,87
2021,2,river,Buriganga,Chandni Ghat,BOD,19.0,False,87
2021,3,river,Buriganga,Chandni Ghat,BOD,30.0,False,87
2021,4,river,Buriganga,Chandni Ghat,BOD,15.0,False,87
2021,5,river,Buriganga,Chandni Ghat,BOD,30.0,False,87
2021,6,river,Buriganga,Chandni Ghat,BOD,8.2,False,87
2021,7,river,Buriganga,Chandni Ghat,BOD,14.4,False,87
2021,8,river,Buriganga,Chandni Ghat,BOD,32.0,False,87
2021,9,river,Buriganga,Chandni Ghat,BOD,8.0,False,87
2021,12,river,Buriganga,Chandni Ghat,BOD,32.0,False,87
2021,1,river,Buriganga,Chandni Ghat,COD,53.0,False,88
2021,2,river,Buriganga,Chandni Ghat,COD,58.0,False,88
2021,3,river,Buriganga,Chandni Ghat,COD,98.0,False,88
2021,4,river,Buriganga,Chandni Ghat,COD,66.0,False,88
2021,5,river,Buriganga,Chandni Ghat,COD,80.0,False,88
2021,6,river,Buriganga,Chandni Ghat,COD,22.0,False,88
2021,7,river,Buriganga,Chandni Ghat,COD,37.0,False,88
2021,8,river,Buriganga,Chandni Ghat,COD,60.0,False,88
2021,9,river,Buriganga,Chandni Ghat,COD,22.0,False,88
2021,12,river,Buriganga,Chandni Ghat,COD,93.0,False,88
2021,1,river,Buriganga,Chandni Ghat,Chloride,50.2,False,89
2021,2,river,Buriganga,Chandni Ghat,Chloride,64.5,False,89
2021,3,river,Buriganga,Chandni Ghat,Chloride,70.0,False,89
2021,4,river,Buriganga,Chandni Ghat,Chloride,68.0,False,89
2021,5,river,Buriganga,Chandni Ghat,Chloride,46.0,False,89
2021,6,river,Buriganga,Chandni Ghat,Chloride,31.0,False,89
2021,7,river,Buriganga,Chandni Ghat,Chloride,15.5,False,89
2021,8,river,Buriganga,Chandni Ghat,Chloride,14.0,False,89
2021,9,river,Buriganga,Chandni Ghat,Chloride,19.0,False,89
2021,12,river,Buriganga,Chandni Ghat,Chloride,44.5,False,89
2021,1,river,Buriganga,Chandni Ghat,DO,0.1,False,87
2021,2,river,Buriganga,Chandni Ghat,DO,0.1,False,87
2021,3,river,Buriganga,Chandni Ghat,DO,0.0,False,87
2021,4,river,Buriganga,Chandni Ghat,DO,0.4,False,87
2021,5,river,Buriganga,Chandni Ghat,DO,0.6,False,87
2021,6,river,Buriganga,Chandni Ghat,DO,2.05,False,87
2021,7,river,Buriganga,Chandni Ghat,DO,2.66,False,87
2021,8,river,Buriganga,Chandni Ghat,DO,3.13,False,87
2021,9,river,Buriganga,Chandni Ghat,DO,5.67,False,87
2021,12,river,Buriganga,Chandni Ghat,DO,1.86,False,87
2021,1,river,Buriganga,Chandni Ghat,EC,666.0,False,90
2021,2,river,Buriganga,Chandni Ghat,EC,791.0,False,90
2021,3,river,Buriganga,Chandni Ghat,EC,949.0,False,90
2021,4,river,Buriganga,Chandni Ghat,EC,948.0,False,90
2021,5,river,Buriganga,Chandni Ghat,EC,1000.0,False,90
2021,6,river,Buriganga,Chandni Ghat,EC,261.0,False,90
2021,7,river,Buriganga,Chandni Ghat,EC,149.4,False,90
2021,8,river,Buriganga,Chandni Ghat,EC,159.0,False,90
2021,9,river,Buriganga,Chandni Ghat,EC,199.2,False,90
2021,12,river,Buriganga,Chandni Ghat,EC,533.0,False,90
2021,1,river,Buriganga,Chandni Ghat,SS,41.0,False,89
2021,2,river,Buriganga,Chandni Ghat,SS,47.0,False,89
2021,3,river,Buriganga,Chandni Ghat,SS,254.0,False,89
2021,4,river,Buriganga,Chandni Ghat,SS,4.0,False,89
2021,5,river,Buriganga,Chandni Ghat,SS,25.0,False,89
2021,6,river,Buriganga,Chandni Ghat,SS,10.0,False,89
2021,7,river,Buriganga,Chandni Ghat,SS,21.0,False,89
2021,8,river,Buriganga,Chandni Ghat,SS,22.0,False,89
2021,9,river,Buriganga,Chandni Ghat,SS,18.0,False,89
2021,12,river,Buriganga,Chandni Ghat,SS,53.0,False,89
2021,1,river,Buriganga,Chandni Ghat,TDS,354.0,False,88
2021,2,river,Buriganga,Chandni Ghat,TDS,433.0,False,88
2021,3,river,Buriganga,Chandni Ghat,TDS,528.0,False,88
2021,4,river,Buriganga,Chandni Ghat,TDS,495.0,False,88
2021,5,river,Buriganga,Chandni Ghat,TDS,546.0,False,88
2021,6,river,Buriganga,Chandni Ghat,TDS,132.1,False,88
2021,7,river,Buriganga,Chandni Ghat,TDS,83.1,False,88
2021,8,river,Buriganga,Chandni Ghat,TDS,85.0,False,88
2021,9,river,Buriganga,Chandni Ghat,TDS,82.2,False,88
2021,12,river,Buriganga,Chandni Ghat,TDS,290.0,False,88
2021,1,river,Buriganga,Chandni Ghat,TotalAlkalinity,208.0,False,89
2021,2,river,Buriganga,Chandni Ghat,TotalAlkalinity,181.0,False,89
2021,3,river,Buriganga,Chandni Ghat,TotalAlkalinity,262.0,False,89
2021,4,river,Buriganga,Chandni Ghat,TotalAlkalinity,204.0,False,89
2021,5,river,Buriganga,Chandni Ghat,TotalAlkalinity,199.0,False,89
2021,6,river,Buriganga,Chandni Ghat,TotalAlkalinity,137.0,False,89
2021,7,river,Buriganga,Chandni Ghat,TotalAlkalinity,54.0,False,89
2021,8,river,Buriganga,Chandni Ghat,TotalAlkalinity,63.0,False,89
2021,9,river,Buriganga,Chandni Ghat,TotalAlkalinity,64.0,False,89
2021,12,river,Buriganga,Chandni Ghat,TotalAlkalinity,202.0,False,89
2021,1,river,Buriganga,Chandni Ghat,Turbidity,148.0,False,88
2021,2,river,Buriganga,Chandni Ghat,Turbidity,142.0,False,88
2021,3,river,Buriganga,Chandni Ghat,Turbidity,342.0,False,88
2021,4,river,Buriganga,Chandni Ghat,Turbidity,22.0,False,88
2021,5,river,Buriganga,Chandni Ghat,Turbidity,89.0,False,88
2021,6,river,Buriganga,Chandni Ghat,Turbidity,23.5,False,88
2021,7,river,Buriganga,Chandni Ghat,Turbidity,63.0,False,88
2021,9,river,Buriganga,Chandni Ghat,Turbidity,24.4,False,88
2021,12,river,Buriganga,Chandni Ghat,Turbidity,36.9,False,88
2021,1,river,Buriganga,Chandni Ghat,pH,7.48,False,87
2021,2,river,Buriganga,Chandni Ghat,pH,7.32,False,87
2021,3,river,Buriganga,Chandni Ghat,pH,7.16,False,87
2021,4,river,Buriganga,Chandni Ghat,pH,7.32,False,87
2021,5,river,Buriganga,Chandni Ghat,pH,7.34,False,87
2021,6,river,Buriganga,Chandni Ghat,pH,6.98,False,87
2021,7,river,Buriganga,Chandni Ghat,pH,6.87,False,87
2021,8,river,Buriganga,Chandni Ghat,pH,7.55,False,87
2021,9,river,Buriganga,Chandni Ghat,pH,7.33,False,87
2021,12,river,Buriganga,Chandni Ghat,pH,7.32,False,87
2021,1,river,Buriganga,Fatullah,BOD,6.0,False,87
2021,1,river,Buriganga,Fatullah,COD,50.0,False,88
2021,1,river,Buriganga,Fatullah,Chloride,46.0,False,89
2021,1,river,Buriganga,Fatullah,DO,0.1,False,87
2021,12,river,Buriganga,Fatullah,DO,1.3,False,87
2021,1,river,Buriganga,Fatullah,EC,647.0,False,90
2021,1,river,Buriganga,Fatullah,SS,53.0,False,89
2021,1,river,Buriganga,Fatullah,TotalAlkalinity,210.0,False,89
2021,1,river,Buriganga,Fatullah,pH,7.47,False,87
2021,1,river,Buriganga,Hazaribagh,BOD,6.0,False,87
2021,2,river,Buriganga,Hazaribagh,BOD,17.0,False,87
2021,3,river,Buriganga,Hazaribagh,BOD,8.0,False,87
2021,4,river,Buriganga,Hazaribagh,BOD,33.0,False,87
2021,5,river,Buriganga,Hazaribagh,BOD,28.0,False,87
2021,6,river,Buriganga,Hazaribagh,BOD,6.2,False,87
2021,7,river,Buriganga,Hazaribagh,BOD,16.8,False,87
2021,8,river,Buriganga,Hazaribagh,BOD,32.0,False,87
2021,9,river,Buriganga,Hazaribagh,BOD,10.0,False,87
2021,12,river,Buriganga,Hazaribagh,BOD,16.0,False,87
2021,1,river,Buriganga,Hazaribagh,COD,64.0,False,88
2021,2,river,Buriganga,Hazaribagh,COD,71.0,False,88
2021,3,river,Buriganga,Hazaribagh,COD,76.0,False,88
2021,4,river,Buriganga,Hazaribagh,COD,90.0,False,88
2021,5,river,Buriganga,Hazaribagh,COD,79.0,False,88
2021,6,river,Buriganga,Hazaribagh,COD,12.0,False,88
2021,7,river,Buriganga,Hazaribagh,COD,51.0,False,88
2021,8,river,Buriganga,Hazaribagh,COD,62.0,False,88
2021,9,river,Buriganga,Hazaribagh,COD,29.0,False,88
2021,12,river,Buriganga,Hazaribagh,COD,39.0,False,88
2021,1,river,Buriganga,Hazaribagh,Chloride,47.0,False,89
2021,2,river,Buriganga,Hazaribagh,Chloride,63.5,False,89
2021,3,river,Buriganga,Hazaribagh,Chloride,67.0,False,89
2021,4,river,Buriganga,Hazaribagh,Chloride,76.0,False,89
2021,5,river,Buriganga,Hazaribagh,Chloride,48.0,False,89
2021,6,river,Buriganga,Hazaribagh,Chloride,31.0,False,89
2021,7,river,Buriganga,Hazaribagh,Chloride,14.5,False,89
2021,8,river,Buriganga,Hazaribagh,Chloride,15.0,False,89
2021,9,river,Buriganga,Hazaribagh,Chloride,14.5,False,89
2021,12,river,Buriganga,Hazaribagh,Chloride,20.0,False,89
2021,1,river,Buriganga,Hazaribagh,DO,0.1,False,87
2021,2,river,Buriganga,Hazaribagh,DO,0.3,False,87
2021,3,river,Buriganga,Hazaribagh,DO,0.0,False,87
2021,4,river,Buriganga,Hazaribagh,DO,0.6,False,87
2021,5,river,Buriganga,Hazaribagh,DO,0.9,False,87
2021,6,river,Buriganga,Hazaribagh,DO,3.1,False,87
2021,7,river,Buriganga,Hazaribagh,DO,4.21,False,87
2021,8,river,Buriganga,Hazaribagh,DO,4.23,False,87
2021,9,river,Buriganga,Hazaribagh,DO,5.94,False,87
2021,12,river,Buriganga,Hazaribagh,DO,1.54,False,87
2021,1,river,Buriganga,Hazaribagh,EC,673.0,False,90
2021,2,river,Buriganga,Hazaribagh,EC,793.0,False,90
2021,3,river,Buriganga,Hazaribagh,EC,941.0,False,90
2021,4,river,Buriganga,Hazaribagh,EC,966.0,False,90
2021,5,river,Buriganga,Hazaribagh,EC,917.0,False,90
2021,6,river,Buriganga,Hazaribagh,EC,227.0,False,90
2021,7,river,Buriganga,Hazaribagh,EC,131.1,False,90
2021,8,river,Buriganga,Hazaribagh,EC,175.0,False,90
2021,9,river,Buriganga,Hazaribagh,EC,203.3,False,90
2021,12,river,Buriganga,Hazaribagh,EC,524.0,False,90
2021,1,river,Buriganga,Hazaribagh,SS,45.0,False,89
2021,2,river,Buriganga,Hazaribagh,SS,54.0,False,89
2021,3,river,Buriganga,Hazaribagh,SS,69.0,False,89
2021,4,river,Buriganga,Hazaribagh,SS,7.0,False,89
2021,5,river,Buriganga,Hazaribagh,SS,22.0,False,89
2021,6,river,Buriganga,Hazaribagh,SS,16.0,False,89
2021,7,river,Buriganga,Hazaribagh,SS,92.0,False,89
2021,8,river,Buriganga,Hazaribagh,SS,21.0,False,89
2021,9,river,Buriganga,Hazaribagh,SS,38.0,False,89
2021,12,river,Buriganga,Hazaribagh,SS,59.0,False,89
2021,1,river,Buriganga,Hazaribagh,TDS,356.0,False,88
2021,2,river,Buriganga,Hazaribagh,TDS,440.0,False,88
2021,3,river,Buriganga,Hazaribagh,TDS,517.0,False,88
2021,4,river,Buriganga,Hazaribagh,TDS,506.0,False,88
2021,5,river,Buriganga,Hazaribagh,TDS,500.0,False,88
2021,6,river,Buriganga,Hazaribagh,TDS,118.5,False,88
2021,7,river,Buriganga,Hazaribagh,TDS,73.4,False,88
2021,8,river,Buriganga,Hazaribagh,TDS,93.0,False,88
2021,9,river,Buriganga,Hazaribagh,TDS,84.7,False,88
2021,12,river,Buriganga,Hazaribagh,TDS,286.0,False,88
2021,1,river,Buriganga,Hazaribagh,TotalAlkalinity,201.0,False,89
2021,2,river,Buriganga,Hazaribagh,TotalAlkalinity,169.0,False,89
2021,3,river,Buriganga,Hazaribagh,TotalAlkalinity,213.0,False,89
2021,4,river,Buriganga,Hazaribagh,TotalAlkalinity,185.0,False,89
2021,5,river,Buriganga,Hazaribagh,TotalAlkalinity,177.0,False,89
2021,6,river,Buriganga,Hazaribagh,TotalAlkalinity,127.0,False,89
2021,7,river,Buriganga,Hazaribagh,TotalAlkalinity,50.0,False,89
2021,8,river,Buriganga,Hazaribagh,TotalAlkalinity,59.0,False,89
2021,9,river,Buriganga,Hazaribagh,TotalAlkalinity,70.0,False,89
2021,12,river,Buriganga,Hazaribagh,TotalAlkalinity,172.0,False,89
2021,1,river,Buriganga,Hazaribagh,Turbidity,181.0,False,88
2021,2,river,Buriganga,Hazaribagh,Turbidity,186.0,False,88
2021,3,river,Buriganga,Hazaribagh,Turbidity,232.0,False,88
2021,4,river,Buriganga,Hazaribagh,Turbidity,94.0,False,88
2021,5,river,Buriganga,Hazaribagh,Turbidity,50.0,False,88
2021,6,river,Buriganga,Hazaribagh,Turbidity,27.3,False,88
2021,7,river,Buriganga,Hazaribagh,Turbidity,59.0,False,88
2021,9,river,Buriganga,Hazaribagh,Turbidity,25.4,False,88
2021,12,river,Buriganga,Hazaribagh,Turbidity,49.7,False,88
2021,1,river,Buriganga,Hazaribagh,pH,7.48,False,87
2021,2,river,Buriganga,Hazaribagh,pH,7.35,False,87
2021,3,river,Buriganga,Hazaribagh,pH,7.21,False,87
2021,4,river,Buriganga,Hazaribagh,pH,7.35,False,87
2021,5,river,Buriganga,Hazaribagh,pH,7.18,False,87
2021,6,river,Buriganga,Hazaribagh,pH,6.92,False,87
2021,7,river,Buriganga,Hazaribagh,pH,6.9,False,87
2021,8,river,Buriganga,Hazaribagh,pH,7.61,False,87
2021,9,river,Buriganga,Hazaribagh,pH,7.13,False,87
2021,12,river,Buriganga,Hazaribagh,pH,7.23,False,87
2021,1,river,Buriganga,Mirpur Bridge,BOD,6.0,False,87
2021,2,river,Buriganga,Mirpur Bridge,BOD,22.0,False,87
2021,3,river,Buriganga,Mirpur Bridge,BOD,10.0,False,87
2021,4,river,Buriganga,Mirpur Bridge,BOD,24.0,False,87
2021,5,river,Buriganga,Mirpur Bridge,BOD,28.0,False,87
2021,6,river,Buriganga,Mirpur Bridge,BOD,8.2,False,87
2021,7,river,Buriganga,Mirpur Bridge,BOD,14.4,False,87
2021,8,river,Buriganga,Mirpur Bridge,BOD,33.0,False,87
2021,9,river,Buriganga,Mirpur Bridge,BOD,10.0,False,87
2021,12,river,Buriganga,Mirpur Bridge,BOD,40.0,False,87
2021,1,river,Buriganga,Mirpur Bridge,COD,68.0,False,88
2021,2,river,Buriganga,Mirpur Bridge,COD,68.0,False,88
2021,3,river,Buriganga,Mirpur Bridge,COD,76.0,False,88
2021,4,river,Buriganga,Mirpur Bridge,COD,76.0,False,88
2021,5,river,Buriganga,Mirpur Bridge,COD,90.0,False,88
2021,6,river,Buriganga,Mirpur Bridge,COD,24.0,False,88
2021,7,river,Buriganga,Mirpur Bridge,COD,34.0,False,88
2021,8,river,Buriganga,Mirpur Bridge,COD,60.0,False,88
2021,9,river,Buriganga,Mirpur Bridge,COD,34.0,False,88
2021,12,river,Buriganga,Mirpur Bridge,COD,119.0,False,88
2021,1,river,Buriganga,Mirpur Bridge,Chloride,42.0,False,89
2021,2,river,Buriganga,Mirpur Bridge,Chloride,65.0,False,89
2021,3,river,Buriganga,Mirpur Bridge,Chloride,70.0,False,89
2021,4,river,Buriganga,Mirpur Bridge,Chloride,73.0,False,89
2021,5,river,Buriganga,Mirpur Bridge,Chloride,46.0,False,89
2021,6,river,Buriganga,Mirpur Bridge,Chloride,30.0,False,89
2021,7,river,Buriganga,Mirpur Bridge,Chloride,14.0,False,89
2021,8,river,Buriganga,Mirpur Bridge,Chloride,15.0,False,89
2021,9,river,Buriganga,Mirpur Bridge,Chloride,16.5,False,89
2021,12,river,Buriganga,Mirpur Bridge,Chloride,24.5,False,89
2021,1,river,Buriganga,Mirpur Bridge,DO,0.2,False,87
2021,2,river,Buriganga,Mirpur Bridge,DO,0.7,False,87
2021,3,river,Buriganga,Mirpur Bridge,DO,0.0,False,87
2021,4,river,Buriganga,Mirpur Bridge,DO,0.3,False,87
2021,5,river,Buriganga,Mirpur Bridge,DO,0.6,False,87
2021,6,river,Buriganga,Mirpur Bridge,DO,4.1,False,87
2021,7,river,Buriganga,Mirpur Bridge,DO,4.9,False,87
2021,8,river,Buriganga,Mirpur Bridge,DO,4.68,False,87
2021,9,river,Buriganga,Mirpur Bridge,DO,5.54,False,87
2021,12,river,Buriganga,Mirpur Bridge,DO,1.72,False,87
2021,1,river,Buriganga,Mirpur Bridge,EC,678.0,False,90
2021,2,river,Buriganga,Mirpur Bridge,EC,814.0,False,90
2021,3,river,Buriganga,Mirpur Bridge,EC,799.0,False,90
2021,4,river,Buriganga,Mirpur Bridge,EC,1149.0,False,90
2021,5,river,Buriganga,Mirpur Bridge,EC,730.0,False,90
2021,6,river,Buriganga,Mirpur Bridge,EC,218.1,False,90
2021,7,river,Buriganga,Mirpur Bridge,EC,122.4,False,90
2021,8,river,Buriganga,Mirpur Bridge,EC,188.0,False,90
2021,9,river,Buriganga,Mirpur Bridge,EC,201.7,False,90
2021,12,river,Buriganga,Mirpur Bridge,EC,524.0,False,90
2021,1,river,Buriganga,Mirpur Bridge,SS,88.0,False,89
2021,2,river,Buriganga,Mirpur Bridge,SS,85.0,False,89
2021,3,river,Buriganga,Mirpur Bridge,SS,75.0,False,89
2021,4,river,Buriganga,Mirpur Bridge,SS,2.0,False,89
2021,5,river,Buriganga,Mirpur Bridge,SS,19.0,False,89
2021,6,river,Buriganga,Mirpur Bridge,SS,20.0,False,89
2021,7,river,Buriganga,Mirpur Bridge,SS,115.0,False,89
2021,8,river,Buriganga,Mirpur Bridge,SS,151.0,False,89
2021,9,river,Buriganga,Mirpur Bridge,SS,16.0,False,89
2021,12,river,Buriganga,Mirpur Bridge,SS,44.0,False,89
2021,1,river,Buriganga,Mirpur Bridge,TDS,358.0,False,88
2021,2,river,Buriganga,Mirpur Bridge,TDS,448.0,False,88
2021,3,river,Buriganga,Mirpur Bridge,TDS,438.0,False,88
2021,4,river,Buriganga,Mirpur Bridge,TDS,594.0,False,88
2021,5,river,Buriganga,Mirpur Bridge,TDS,386.0,False,88
2021,6,river,Buriganga,Mirpur Bridge,TDS,112.5,False,88
2021,7,river,Buriganga,Mirpur Bridge,TDS,68.7,False,88
2021,8,river,Buriganga,Mirpur Bridge,TDS,89.0,False,88
2021,9,river,Buriganga,Mirpur Bridge,TDS,83.5,False,88
2021,12,river,Buriganga,Mirpur Bridge,TDS,287.0,False,88
2021,1,river,Buriganga,Mirpur Bridge,TotalAlkalinity,215.0,False,89
2021,2,river,Buriganga,Mirpur Bridge,TotalAlkalinity,178.0,False,89
2021,3,river,Buriganga,Mirpur Bridge,TotalAlkalinity,186.0,False,89
2021,4,river,Buriganga,Mirpur Bridge,TotalAlkalinity,170.0,False,89
2021,5,river,Buriganga,Mirpur Bridge,TotalAlkalinity,147.0,False,89
2021,6,river,Buriganga,Mirpur Bridge,TotalAlkalinity,139.0,False,89
2021,7,river,Buriganga,Mirpur Bridge,TotalAlkalinity,50.0,False,89
2021,8,river,Buriganga,Mirpur Bridge,TotalAlkalinity,52.0,False,89
2021,9,river,Buriganga,Mirpur Bridge,TotalAlkalinity,64.0,False,89
2021,12,river,Buriganga,Mirpur Bridge,TotalAlkalinity,168.0,False,89
2021,1,river,Buriganga,Mirpur Bridge,Turbidity,428.0,False,88
2021,2,river,Buriganga,Mirpur Bridge,Turbidity,327.0,False,88
2021,3,river,Buriganga,Mirpur Bridge,Turbidity,267.0,False,88
2021,4,river,Buriganga,Mirpur Bridge,Turbidity,97.0,False,88
2021,5,river,Buriganga,Mirpur Bridge,Turbidity,62.0,False,88
2021,6,river,Buriganga,Mirpur Bridge,Turbidity,33.2,False,88
2021,7,river,Buriganga,Mirpur Bridge,Turbidity,52.0,False,88
2021,9,river,Buriganga,Mirpur Bridge,Turbidity,19.9,False,88
2021,12,river,Buriganga,Mirpur Bridge,Turbidity,33.4,False,88
2021,1,river,Buriganga,Mirpur Bridge,pH,7.94,False,87
2021,2,river,Buriganga,Mirpur Bridge,pH,7.47,False,87
2021,3,river,Buriganga,Mirpur Bridge,pH,6.75,False,87
2021,4,river,Buriganga,Mirpur Bridge,pH,7.35,False,87
2021,5,river,Buriganga,Mirpur Bridge,pH,6.95,False,87
2021,6,river,Buriganga,Mirpur Bridge,pH,7.06,False,87
2021,7,river,Buriganga,Mirpur Bridge,pH,6.93,False,87
2021,8,river,Buriganga,Mirpur Bridge,pH,7.6,False,87
2021,9,river,Buriganga,Mirpur Bridge,pH,6.61,False,87
2021,12,river,Buriganga,Mirpur Bridge,pH,7.28,False,87
2021,1,river,Buriganga,Mohammadpur,BOD,5.8,False,87
2021,1,river,Buriganga,Mohammadpur,COD,43.0,False,88
2021,1,river,Buriganga,Mohammadpur,Chloride,42.5,False,89
2021,1,river,Buriganga,Mohammadpur,DO,0.7,False,87
2021,1,river,Buriganga,Mohammadpur,EC,671.0,False,90
2021,1,river,Buriganga,Mohammadpur,SS,58.0,False,89
2021,1,river,Buriganga,Mohammadpur,TDS,356.0,False,88
2021,1,river,Buriganga,Mohammadpur,TotalAlkalinity,214.0,False,89
2021,1,river,Buriganga,Mohammadpur,Turbidity,280.0,False,88
2021,1,river,Buriganga,Mohammadpur,pH,7.48,False,87
2021,1,river,Buriganga,Pagla,BOD,5.8,False,87
2021,2,river,Buriganga,Pagla,BOD,17.0,False,87
2021,3,river,Buriganga,Pagla,BOD,10.0,False,87
2021,4,river,Buriganga,Pagla,BOD,23.0,False,87
2021,5,river,Buriganga,Pagla,BOD,28.0,False,87
2021,6,river,Buriganga,Pagla,BOD,8.2,False,87
2021,7,river,Buriganga,Pagla,BOD,15.6,False,87
2021,8,river,Buriganga,Pagla,BOD,24.0,False,87
2021,9,river,Buriganga,Pagla,BOD,10.0,False,87
2021,12,river,Buriganga,Pagla,BOD,30.0,False,87
2021,1,river,Buriganga,Pagla,COD,36.0,False,88
2021,2,river,Buriganga,Pagla,COD,71.0,False,88
2021,3,river,Buriganga,Pagla,COD,85.0,False,88
2021,4,river,Buriganga,Pagla,COD,72.0,False,88
2021,5,river,Buriganga,Pagla,COD,80.0,False,88
2021,6,river,Buriganga,Pagla,COD,24.0,False,88
2021,7,river,Buriganga,Pagla,COD,34.0,False,88
2021,8,river,Buriganga,Pagla,COD,64.0,False,88
2021,9,river,Buriganga,Pagla,COD,27.0,False,88
2021,12,river,Buriganga,Pagla,COD,85.0,False,88
2021,1,river,Buriganga,Pagla,Chloride,47.5,False,89
2021,2,river,Buriganga,Pagla,Chloride,63.5,False,89
2021,3,river,Buriganga,Pagla,Chloride,63.0,False,89
2021,4,river,Buriganga,Pagla,Chloride,63.0,False,89
2021,5,river,Buriganga,Pagla,Chloride,44.0,False,89
2021,6,river,Buriganga,Pagla,Chloride,31.0,False,89
2021,7,river,Buriganga,Pagla,Chloride,16.0,False,89
2021,8,river,Buriganga,Pagla,Chloride,15.0,False,89
2021,9,river,Buriganga,Pagla,Chloride,15.0,False,89
2021,12,river,Buriganga,Pagla,Chloride,31.0,False,89
2021,1,river,Buriganga,Pagla,DO,0.1,False,87
2021,2,river,Buriganga,Pagla,DO,0.1,False,87
2021,3,river,Buriganga,Pagla,DO,0.0,False,87
2021,4,river,Buriganga,Pagla,DO,0.8,False,87
2021,5,river,Buriganga,Pagla,DO,0.8,False,87
2021,6,river,Buriganga,Pagla,DO,2.75,False,87
2021,7,river,Buriganga,Pagla,DO,1.36,False,87
2021,8,river,Buriganga,Pagla,DO,3.29,False,87
2021,9,river,Buriganga,Pagla,DO,5.63,False,87
2021,1,river,Buriganga,Pagla,EC,651.0,False,90
2021,2,river,Buriganga,Pagla,EC,695.0,False,90
2021,3,river,Buriganga,Pagla,EC,851.0,False,90
2021,4,river,Buriganga,Pagla,EC,930.0,False,90
2021,5,river,Buriganga,Pagla,EC,993.0,False,90
2021,6,river,Buriganga,Pagla,EC,264.0,False,90
2021,7,river,Buriganga,Pagla,EC,155.2,False,90
2021,8,river,Buriganga,Pagla,EC,185.0,False,90
2021,9,river,Buriganga,Pagla,EC,209.7,False,90
2021,12,river,Buriganga,Pagla,EC,561.0,False,90
2021,1,river,Buriganga,Pagla,SS,55.0,False,89
2021,2,river,Buriganga,Pagla,SS,60.0,False,89
2021,3,river,Buriganga,Pagla,SS,71.0,False,89
2021,4,river,Buriganga,Pagla,SS,27.0,False,89
2021,5,river,Buriganga,Pagla,SS,35.0,False,89
2021,6,river,Buriganga,Pagla,SS,14.0,False,89
2021,7,river,Buriganga,Pagla,SS,34.0,False,89
2021,8,river,Buriganga,Pagla,SS,39.0,False,89
2021,9,river,Buriganga,Pagla,SS,16.0,False,89
2021,12,river,Buriganga,Pagla,SS,47.0,False,89
2021,1,river,Buriganga,Pagla,TDS,346.0,False,88
2021,2,river,Buriganga,Pagla,TDS,386.0,False,88
2021,3,river,Buriganga,Pagla,TDS,471.0,False,88
2021,4,river,Buriganga,Pagla,TDS,485.0,False,88
2021,5,river,Buriganga,Pagla,TDS,540.0,False,88
2021,6,river,Buriganga,Pagla,TDS,138.0,False,88
2021,7,river,Buriganga,Pagla,TDS,87.6,False,88
2021,8,river,Buriganga,Pagla,TDS,98.0,False,88
2021,9,river,Buriganga,Pagla,TDS,88.0,False,88
2021,12,river,Buriganga,Pagla,TDS,316.0,False,88
2021,1,river,Buriganga,Pagla,TotalAlkalinity,212.0,False,89
2021,2,river,Buriganga,Pagla,TotalAlkalinity,198.0,False,89
2021,3,river,Buriganga,Pagla,TotalAlkalinity,209.0,False,89
2021,4,river,Buriganga,Pagla,TotalAlkalinity,215.0,False,89
2021,5,river,Buriganga,Pagla,TotalAlkalinity,200.0,False,89
2021,6,river,Buriganga,Pagla,TotalAlkalinity,139.0,False,89
2021,7,river,Buriganga,Pagla,TotalAlkalinity,55.0,False,89
2021,8,river,Buriganga,Pagla,TotalAlkalinity,64.0,False,89
2021,9,river,Buriganga,Pagla,TotalAlkalinity,62.0,False,89
2021,12,river,Buriganga,Pagla,TotalAlkalinity,173.0,False,89
2021,1,river,Buriganga,Pagla,Turbidity,219.0,False,88
2021,2,river,Buriganga,Pagla,Turbidity,231.0,False,88
2021,3,river,Buriganga,Pagla,Turbidity,253.0,False,88
2021,4,river,Buriganga,Pagla,Turbidity,98.0,False,88
2021,5,river,Buriganga,Pagla,Turbidity,68.0,False,88
2021,6,river,Buriganga,Pagla,Turbidity,25.2,False,88
2021,7,river,Buriganga,Pagla,Turbidity,64.0,False,88
2021,9,river,Buriganga,Pagla,Turbidity,27.9,False,88
2021,12,river,Buriganga,Pagla,Turbidity,38.1,False,88
2021,1,river,Buriganga,Pagla,pH,7.46,False,87
2021,2,river,Buriganga,Pagla,pH,7.49,False,87
2021,3,river,Buriganga,Pagla,pH,7.14,False,87
2021,4,river,Buriganga,Pagla,pH,7.49,False,87
2021,5,river,Buriganga,Pagla,pH,7.43,False,87
2021,6,river,Buriganga,Pagla,pH,7.0,False,87
2021,7,river,Buriganga,Pagla,pH,6.9,False,87
2021,8,river,Buriganga,Pagla,pH,7.99,False,87
2021,9,river,Buriganga,Pagla,pH,7.23,False,87
2021,12,river,Buriganga,Pagla,pH,7.42,False,87
2021,1,river,Buriganga,Sadarghat,BOD,6.0,False,87
2021,1,river,Buriganga,Sadarghat,COD,63.0,False,88
2021,1,river,Buriganga,Sadarghat,Chloride,51.0,False,89
2021,1,river,Buriganga,Sadarghat,DO,0.1,False,87
2021,1,river,Buriganga,Sadarghat,EC,665.0,False,90
2021,1,river,Buriganga,Sadarghat,SS,37.0,False,89
2021,1,river,Buriganga,Sadarghat,TDS,354.0,False,88
2021,1,river,Buriganga,Sadarghat,TotalAlkalinity,210.0,False,89
2021,1,river,Buriganga,Sadarghat,Turbidity,138.0,False,88
2021,1,river,Buriganga,Sadarghat,pH,7.44,False,87
2021,1,river,Buriganga,Satmosjid Road,BOD,5.8,False,87
2021,2,river,Buriganga,Satmosjid Road,BOD,19.0,False,87
2021,3,river,Buriganga,Satmosjid Road,BOD,23.0,False,87
2021,4,river,Buriganga,Satmosjid Road,BOD,10.0,False,87
2021,5,river,Buriganga,Satmosjid Road,BOD,32.0,False,87
2021,6,river,Buriganga,Satmosjid Road,BOD,9.2,False,87
2021,7,river,Buriganga,Satmosjid Road,BOD,16.8,False,87
2021,8,river,Buriganga,Satmosjid Road,BOD,28.0,False,87
2021,9,river,Buriganga,Satmosjid Road,BOD,8.0,False,87
2021,12,river,Buriganga,Satmosjid Road,BOD,26.0,False,87
2021,1,river,Buriganga,Satmosjid Road,COD,72.0,False,88
2021,2,river,Buriganga,Satmosjid Road,COD,58.0,False,88
2021,3,river,Buriganga,Satmosjid Road,COD,52.0,False,88
2021,4,river,Buriganga,Satmosjid Road,COD,78.0,False,88
2021,5,river,Buriganga,Satmosjid Road,COD,80.0,False,88
2021,6,river,Buriganga,Satmosjid Road,COD,28.0,False,88
2021,7,river,Buriganga,Satmosjid Road,COD,36.0,False,88
2021,8,river,Buriganga,Satmosjid Road,COD,68.0,False,88
2021,9,river,Buriganga,Satmosjid Road,COD,29.0,False,88
2021,12,river,Buriganga,Satmosjid Road,COD,73.0,False,88
2021,1,river,Buriganga,Satmosjid Road,Chloride,52.0,False,89
2021,2,river,Buriganga,Satmosjid Road,Chloride,62.5,False,89
2021,3,river,Buriganga,Satmosjid Road,Chloride,68.0,False,89
2021,4,river,Buriganga,Satmosjid Road,Chloride,72.0,False,89
2021,5,river,Buriganga,Satmosjid Road,Chloride,49.0,False,89
2021,6,river,Buriganga,Satmosjid Road,Chloride,32.0,False,89
2021,7,river,Buriganga,Satmosjid Road,Chloride,15.5,False,89
2021,8,river,Buriganga,Satmosjid Road,Chloride,20.0,False,89
2021,9,river,Buriganga,Satmosjid Road,Chloride,17.5,False,89
2021,12,river,Buriganga,Satmosjid Road,Chloride,23.5,False,89
2021,1,river,Buriganga,Satmosjid Road,DO,0.1,False,87
2021,2,river,Buriganga,Satmosjid Road,DO,0.2,False,87
2021,3,river,Buriganga,Satmosjid Road,DO,0.0,False,87
2021,4,river,Buriganga,Satmosjid Road,DO,0.8,False,87
2021,5,river,Buriganga,Satmosjid Road,DO,0.8,False,87
2021,6,river,Buriganga,Satmosjid Road,DO,2.5,False,87
2021,7,river,Buriganga,Satmosjid Road,DO,2.74,False,87
2021,8,river,Buriganga,Satmosjid Road,DO,0.44,False,87
2021,9,river,Buriganga,Satmosjid Road,DO,5.85,False,87
2021,12,river,Buriganga,Satmosjid Road,DO,1.56,False,87
2021,1,river,Buriganga,Satmosjid Road,EC,669.0,False,90
2021,2,river,Buriganga,Satmosjid Road,EC,785.0,False,90
2021,3,river,Buriganga,Satmosjid Road,EC,907.0,False,90
2021,4,river,Buriganga,Satmosjid Road,EC,974.0,False,90
2021,5,river,Buriganga,Satmosjid Road,EC,970.0,False,90
2021,6,river,Buriganga,Satmosjid Road,EC,358.0,False,90
2021,7,river,Buriganga,Satmosjid Road,EC,134.9,False,90
2021,8,river,Buriganga,Satmosjid Road,EC,294.0,False,90
2021,9,river,Buriganga,Satmosjid Road,EC,201.7,False,90
2021,12,river,Buriganga,Satmosjid Road,EC,498.0,False,90
2021,1,river,Buriganga,Satmosjid Road,SS,48.0,False,89
2021,2,river,Buriganga,Satmosjid Road,SS,53.0,False,89
2021,3,river,Buriganga,Satmosjid Road,SS,79.0,False,89
2021,4,river,Buriganga,Satmosjid Road,SS,2.0,False,89
2021,5,river,Buriganga,Satmosjid Road,SS,18.0,False,89
2021,6,river,Buriganga,Satmosjid Road,SS,23.0,False,89
2021,7,river,Buriganga,Satmosjid Road,SS,53.0,False,89
2021,8,river,Buriganga,Satmosjid Road,SS,21.0,False,89
2021,9,river,Buriganga,Satmosjid Road,SS,9.0,False,89
2021,12,river,Buriganga,Satmosjid Road,SS,38.0,False,89
2021,1,river,Buriganga,Satmosjid Road,TDS,356.0,False,88
2021,2,river,Buriganga,Satmosjid Road,TDS,436.0,False,88
2021,3,river,Buriganga,Satmosjid Road,TDS,501.0,False,88
2021,4,river,Buriganga,Satmosjid Road,TDS,511.0,False,88
2021,5,river,Buriganga,Satmosjid Road,TDS,536.0,False,88
2021,6,river,Buriganga,Satmosjid Road,TDS,188.9,False,88
2021,7,river,Buriganga,Satmosjid Road,TDS,75.3,False,88
2021,8,river,Buriganga,Satmosjid Road,TDS,157.0,False,88
2021,9,river,Buriganga,Satmosjid Road,TDS,84.2,False,88
2021,12,river,Buriganga,Satmosjid Road,TDS,276.0,False,88
2021,1,river,Buriganga,Satmosjid Road,TotalAlkalinity,214.0,False,89
2021,2,river,Buriganga,Satmosjid Road,TotalAlkalinity,186.0,False,89
2021,3,river,Buriganga,Satmosjid Road,TotalAlkalinity,196.0,False,89
2021,4,river,Buriganga,Satmosjid Road,TotalAlkalinity,232.0,False,89
2021,5,river,Buriganga,Satmosjid Road,TotalAlkalinity,192.0,False,89
2021,6,river,Buriganga,Satmosjid Road,TotalAlkalinity,150.0,False,89
2021,7,river,Buriganga,Satmosjid Road,TotalAlkalinity,52.0,False,89
2021,8,river,Buriganga,Satmosjid Road,TotalAlkalinity,61.0,False,89
2021,9,river,Buriganga,Satmosjid Road,TotalAlkalinity,59.0,False,89
2021,12,river,Buriganga,Satmosjid Road,TotalAlkalinity,159.0,False,89
2021,1,river,Buriganga,Satmosjid Road,Turbidity,189.0,False,88
2021,2,river,Buriganga,Satmosjid Road,Turbidity,147.0,False,88
2021,3,river,Buriganga,Satmosjid Road,Turbidity,512.0,False,88
2021,4,river,Buriganga,Satmosjid Road,Turbidity,33.0,False,88
2021,5,river,Buriganga,Satmosjid Road,Turbidity,61.0,False,88
2021,6,river,Buriganga,Satmosjid Road,Turbidity,30.9,False,88
2021,7,river,Buriganga,Satmosjid Road,Turbidity,61.0,False,88
2021,9,river,Buriganga,Satmosjid Road,Turbidity,25.6,False,88
2021,12,river,Buriganga,Satmosjid Road,Turbidity,22.4,False,88
2021,1,river,Buriganga,Satmosjid Road,pH,7.47,False,87
2021,2,river,Buriganga,Satmosjid Road,pH,7.37,False,87
2021,3,river,Buriganga,Satmosjid Road,pH,7.28,False,87
2021,4,river,Buriganga,Satmosjid Road,pH,7.32,False,87
2021,5,river,Buriganga,Satmosjid Road,pH,7.4,False,87
2021,6,river,Buriganga,Satmosjid Road,pH,6.82,False,87
2021,7,river,Buriganga,Satmosjid Road,pH,7.08,False,87
2021,8,river,Buriganga,Satmosjid Road,pH,7.9,False,87
2021,9,river,Buriganga,Satmosjid Road,pH,7.32,False,87
2021,12,river,Buriganga,Satmosjid Road,pH,7.27,False,87
2021,1,river,Dhaleshwari,Alipur,BOD,12.0,False,94
2021,1,river,Dhaleshwari,Alipur,COD,44.0,False,94
2021,1,river,Dhaleshwari,Alipur,Chloride,69.5,False,94
2021,1,river,Dhaleshwari,Alipur,DO,2.8,False,93
2021,1,river,Dhaleshwari,Alipur,EC,675.0,False,95
2021,1,river,Dhaleshwari,Alipur,SS,4.0,False,95
2021,1,river,Dhaleshwari,Alipur,TDS,401.0,False,94
2021,1,river,Dhaleshwari,Alipur,TotalAlkalinity,199.0,False,95
2021,1,river,Dhaleshwari,Alipur,pH,7.86,False,93
2021,1,river,Dhaleshwari,Hazratpur,BOD,8.0,False,94
2021,2,river,Dhaleshwari,Hazratpur,BOD,10.0,False,94
2021,3,river,Dhaleshwari,Hazratpur,BOD,12.0,False,94
2021,6,river,Dhaleshwari,Hazratpur,BOD,12.0,False,94
2021,7,river,Dhaleshwari,Hazratpur,BOD,10.0,False,94
2021,8,river,Dhaleshwari,Hazratpur,BOD,14.0,False,94
2021,9,river,Dhaleshwari,Hazratpur,BOD,8.0,False,94
2021,1,river,Dhaleshwari,Hazratpur,COD,27.0,False,94
2021,2,river,Dhaleshwari,Hazratpur,COD,36.0,False,94
2021,3,river,Dhaleshwari,Hazratpur,COD,45.0,False,94
2021,6,river,Dhaleshwari,Hazratpur,COD,44.0,False,94
2021,7,river,Dhaleshwari,Hazratpur,COD,40.0,False,94
2021,8,river,Dhaleshwari,Hazratpur,COD,56.0,False,94
2021,9,river,Dhaleshwari,Hazratpur,COD,20.0,False,94
2021,1,river,Dhaleshwari,Hazratpur,Chloride,29.5,False,94
2021,2,river,Dhaleshwari,Hazratpur,Chloride,33.0,False,94
2021,3,river,Dhaleshwari,Hazratpur,Chloride,44.5,False,94
2021,6,river,Dhaleshwari,Hazratpur,Chloride,70.0,False,94
2021,7,river,Dhaleshwari,Hazratpur,Chloride,10.0,False,94
2021,8,river,Dhaleshwari,Hazratpur,Chloride,8.0,False,94
2021,9,river,Dhaleshwari,Hazratpur,Chloride,30.0,False,94
2021,1,river,Dhaleshwari,Hazratpur,DO,11.2,False,93
2021,2,river,Dhaleshwari,Hazratpur,DO,6.5,False,93
2021,3,river,Dhaleshwari,Hazratpur,DO,7.2,False,93
2021,6,river,Dhaleshwari,Hazratpur,DO,2.8,False,93
2021,7,river,Dhaleshwari,Hazratpur,DO,7.8,False,93
2021,8,river,Dhaleshwari,Hazratpur,DO,7.2,False,93
2021,9,river,Dhaleshwari,Hazratpur,DO,5.5,False,93
2021,1,river,Dhaleshwari,Hazratpur,EC,477.0,False,95
2021,2,river,Dhaleshwari,Hazratpur,EC,509.0,False,95
2021,3,river,Dhaleshwari,Hazratpur,EC,607.0,False,95
2021,6,river,Dhaleshwari,Hazratpur,EC,124.1,False,95
2021,7,river,Dhaleshwari,Hazratpur,EC,140.0,False,95
2021,8,river,Dhaleshwari,Hazratpur,EC,143.0,False,95
2021,9,river,Dhaleshwari,Hazratpur,EC,477.0,False,95
2021,1,river,Dhaleshwari,Hazratpur,SS,12.0,False,95
2021,2,river,Dhaleshwari,Hazratpur,SS,11.0,False,95
2021,3,river,Dhaleshwari,Hazratpur,SS,12.0,False,95
2021,6,river,Dhaleshwari,Hazratpur,SS,4.0,False,95
2021,7,river,Dhaleshwari,Hazratpur,SS,40.0,False,95
2021,8,river,Dhaleshwari,Hazratpur,SS,77.0,False,95
2021,9,river,Dhaleshwari,Hazratpur,SS,12.0,False,95
2021,1,river,Dhaleshwari,Hazratpur,TDS,279.0,False,94
2021,2,river,Dhaleshwari,Hazratpur,TDS,291.0,False,94
2021,3,river,Dhaleshwari,Hazratpur,TDS,332.0,False,94
2021,6,river,Dhaleshwari,Hazratpur,TDS,65.1,False,94
2021,7,river,Dhaleshwari,Hazratpur,TDS,72.0,False,94
2021,8,river,Dhaleshwari,Hazratpur,TDS,80.0,False,94
2021,9,river,Dhaleshwari,Hazratpur,TDS,279.0,False,94
2021,1,river,Dhaleshwari,Hazratpur,TotalAlkalinity,281.0,False,95
2021,2,river,Dhaleshwari,Hazratpur,TotalAlkalinity,262.0,False,95
2021,3,river,Dhaleshwari,Hazratpur,TotalAlkalinity,249.0,False,95
2021,6,river,Dhaleshwari,Hazratpur,TotalAlkalinity,199.0,False,95
2021,7,river,Dhaleshwari,Hazratpur,TotalAlkalinity,58.0,False,95
2021,8,river,Dhaleshwari,Hazratpur,TotalAlkalinity,60.0,False,95
2021,9,river,Dhaleshwari,Hazratpur,TotalAlkalinity,281.0,False,95
2021,1,river,Dhaleshwari,Hazratpur,pH,8.0,False,93
2021,2,river,Dhaleshwari,Hazratpur,pH,7.69,False,93
2021,3,river,Dhaleshwari,Hazratpur,pH,7.99,False,93
2021,6,river,Dhaleshwari,Hazratpur,pH,7.86,False,93
2021,7,river,Dhaleshwari,Hazratpur,pH,7.76,False,93
2021,8,river,Dhaleshwari,Hazratpur,pH,7.7,False,93
2021,9,river,Dhaleshwari,Hazratpur,pH,8.0,False,93
2021,1,river,Dhaleshwari,Mukterpur,BOD,34.0,False,94
2021,2,river,Dhaleshwari,Mukterpur,BOD,12.0,False,94
2021,3,river,Dhaleshwari,Mukterpur,BOD,8.0,False,94
2021,4,river,Dhaleshwari,Mukterpur,BOD,14.0,False,94
2021,6,river,Dhaleshwari,Mukterpur,BOD,22.0,False,94
2021,7,river,Dhaleshwari,Mukterpur,BOD,8.0,False,94
2021,8,river,Dhaleshwari,Mukterpur,BOD,12.0,False,94
2021,9,river,Dhaleshwari,Mukterpur,BOD,14.0,False,94
2021,12,river,Dhaleshwari,Mukterpur,BOD,10.0,False,94
2021,1,river,Dhaleshwari,Mukterpur,COD,90.0,False,94
2021,2,river,Dhaleshwari,Mukterpur,COD,39.0,False,94
2021,3,river,Dhaleshwari,Mukterpur,COD,38.0,False,94
2021,4,river,Dhaleshwari,Mukterpur,COD,59.0,False,94
2021,6,river,Dhaleshwari,Mukterpur,COD,82.0,False,94
2021,7,river,Dhaleshwari,Mukterpur,COD,35.0,False,94
2021,8,river,Dhaleshwari,Mukterpur,COD,44.0,False,94
2021,9,river,Dhaleshwari,Mukterpur,COD,70.0,False,94
2021,12,river,Dhaleshwari,Mukterpur,COD,34.0,False,94
2021,1,river,Dhaleshwari,Mukterpur,Chloride,43.0,False,94
2021,2,river,Dhaleshwari,Mukterpur,Chloride,47.0,False,94
2021,3,river,Dhaleshwari,Mukterpur,Chloride,38.0,False,94
2021,4,river,Dhaleshwari,Mukterpur,Chloride,43.0,False,94
2021,6,river,Dhaleshwari,Mukterpur,Chloride,9.0,False,94
2021,7,river,Dhaleshwari,Mukterpur,Chloride,8.0,False,94
2021,8,river,Dhaleshwari,Mukterpur,Chloride,9.0,False,94
2021,9,river,Dhaleshwari,Mukterpur,Chloride,8.0,False,94
2021,12,river,Dhaleshwari,Mukterpur,Chloride,14.0,False,94
2021,1,river,Dhaleshwari,Mukterpur,DO,0.6,False,93
2021,2,river,Dhaleshwari,Mukterpur,DO,0.5,False,93
2021,3,river,Dhaleshwari,Mukterpur,DO,5.0,False,93
2021,4,river,Dhaleshwari,Mukterpur,DO,3.4,False,93
2021,6,river,Dhaleshwari,Mukterpur,DO,2.4,False,93
2021,7,river,Dhaleshwari,Mukterpur,DO,4.99,False,93
2021,8,river,Dhaleshwari,Mukterpur,DO,4.9,False,93
2021,9,river,Dhaleshwari,Mukterpur,DO,2.1,False,93
2021,12,river,Dhaleshwari,Mukterpur,DO,1.1,False,93
2021,1,river,Dhaleshwari,Mukterpur,EC,464.0,False,95
2021,2,river,Dhaleshwari,Mukterpur,EC,644.0,False,95
2021,3,river,Dhaleshwari,Mukterpur,EC,531.0,False,95
2021,4,river,Dhaleshwari,Mukterpur,EC,396.0,False,95
2021,6,river,Dhaleshwari,Mukterpur,EC,206.0,False,95
2021,7,river,Dhaleshwari,Mukterpur,EC,155.0,False,95
2021,8,river,Dhaleshwari,Mukterpur,EC,165.0,False,95
2021,9,river,Dhaleshwari,Mukterpur,EC,162.0,False,95
2021,12,river,Dhaleshwari,Mukterpur,EC,312.0,False,95
2021,1,river,Dhaleshwari,Mukterpur,SS,34.0,False,95
2021,2,river,Dhaleshwari,Mukterpur,SS,31.0,False,95
2021,3,river,Dhaleshwari,Mukterpur,SS,30.0,False,95
2021,4,river,Dhaleshwari,Mukterpur,SS,10.0,False,95
2021,6,river,Dhaleshwari,Mukterpur,SS,20.0,False,95
2021,7,river,Dhaleshwari,Mukterpur,SS,28.0,False,95
2021,8,river,Dhaleshwari,Mukterpur,SS,24.0,False,95
2021,9,river,Dhaleshwari,Mukterpur,SS,121.0,False,95
2021,12,river,Dhaleshwari,Mukterpur,SS,37.0,False,95
2021,1,river,Dhaleshwari,Mukterpur,TDS,276.0,False,94
2021,2,river,Dhaleshwari,Mukterpur,TDS,350.0,False,94
2021,3,river,Dhaleshwari,Mukterpur,TDS,270.0,False,94
2021,4,river,Dhaleshwari,Mukterpur,TDS,185.0,False,94
2021,6,river,Dhaleshwari,Mukterpur,TDS,107.0,False,94
2021,7,river,Dhaleshwari,Mukterpur,TDS,78.0,False,94
2021,8,river,Dhaleshwari,Mukterpur,TDS,89.0,False,94
2021,9,river,Dhaleshwari,Mukterpur,TDS,86.0,False,94
2021,12,river,Dhaleshwari,Mukterpur,TDS,165.0,False,94
2021,1,river,Dhaleshwari,Mukterpur,TotalAlkalinity,158.0,False,95
2021,2,river,Dhaleshwari,Mukterpur,TotalAlkalinity,113.0,False,95
2021,3,river,Dhaleshwari,Mukterpur,TotalAlkalinity,254.0,False,95
2021,4,river,Dhaleshwari,Mukterpur,TotalAlkalinity,134.0,False,95
2021,6,river,Dhaleshwari,Mukterpur,TotalAlkalinity,82.0,False,95
2021,7,river,Dhaleshwari,Mukterpur,TotalAlkalinity,82.0,False,95
2021,8,river,Dhaleshwari,Mukterpur,TotalAlkalinity,84.0,False,95
2021,9,river,Dhaleshwari,Mukterpur,TotalAlkalinity,80.0,False,95
2021,12,river,Dhaleshwari,Mukterpur,TotalAlkalinity,88.0,False,95
2021,1,river,Dhaleshwari,Mukterpur,pH,6.91,False,93
2021,2,river,Dhaleshwari,Mukterpur,pH,7.49,False,93
2021,3,river,Dhaleshwari,Mukterpur,pH,6.12,False,93
2021,4,river,Dhaleshwari,Mukterpur,pH,7.5,False,93
2021,6,river,Dhaleshwari,Mukterpur,pH,6.73,False,93
2021,7,river,Dhaleshwari,Mukterpur,pH,7.27,False,93
2021,8,river,Dhaleshwari,Mukterpur,pH,7.72,False,93
2021,9,river,Dhaleshwari,Mukterpur,pH,7.28,False,93
2021,12,river,Dhaleshwari,Mukterpur,pH,7.2,False,93
2021,6,river,Dhaleshwari,Pathorghata,BOD,12.0,False,94
2021,7,river,Dhaleshwari,Pathorghata,BOD,6.0,False,94
2021,8,river,Dhaleshwari,Pathorghata,BOD,4.0,False,94
2021,12,river,Dhaleshwari,Pathorghata,BOD,12.0,False,94
2021,6,river,Dhaleshwari,Pathorghata,COD,39.0,False,94
2021,7,river,Dhaleshwari,Pathorghata,COD,10.0,False,94
2021,8,river,Dhaleshwari,Pathorghata,COD,12.0,False,94
2021,12,river,Dhaleshwari,Pathorghata,COD,32.0,False,94
2021,6,river,Dhaleshwari,Pathorghata,DO,4.0,False,93
2021,7,river,Dhaleshwari,Pathorghata,DO,5.2,False,93
2021,8,river,Dhaleshwari,Pathorghata,DO,5.1,False,93
2021,12,river,Dhaleshwari,Pathorghata,DO,6.2,False,93
2021,6,river,Dhaleshwari,Pathorghata,SS,5.0,False,95
2021,7,river,Dhaleshwari,Pathorghata,SS,30.0,False,95
2021,8,river,Dhaleshwari,Pathorghata,SS,26.0,False,95
2021,12,river,Dhaleshwari,Pathorghata,SS,25.0,False,95
2021,6,river,Dhaleshwari,Pathorghata,TDS,72.3,False,94
2021,7,river,Dhaleshwari,Pathorghata,TDS,70.0,False,94
2021,8,river,Dhaleshwari,Pathorghata,TDS,72.3,False,94
2021,12,river,Dhaleshwari,Pathorghata,TDS,272.0,False,94
2021,6,river,Dhaleshwari,Pathorghata,TotalAlkalinity,256.0,False,95
2021,7,river,Dhaleshwari,Pathorghata,TotalAlkalinity,62.0,False,95
2021,8,river,Dhaleshwari,Pathorghata,TotalAlkalinity,64.0,False,95
2021,12,river,Dhaleshwari,Pathorghata,TotalAlkalinity,108.0,False,95
2021,6,river,Dhaleshwari,Pathorghata,pH,7.69,False,93
2021,7,river,Dhaleshwari,Pathorghata,pH,6.54,False,93
2021,8,river,Dhaleshwari,Pathorghata,pH,6.94,False,93
2021,12,river,Dhaleshwari,Pathorghata,pH,7.64,False,93
2021,1,river,Dhaleshwari,Ruhitpur,BOD,12.0,False,94
2021,2,river,Dhaleshwari,Ruhitpur,BOD,10.0,False,94
2021,3,river,Dhaleshwari,Ruhitpur,BOD,10.0,False,94
2021,6,river,Dhaleshwari,Ruhitpur,BOD,8.0,False,94
2021,7,river,Dhaleshwari,Ruhitpur,BOD,8.0,False,94
2021,8,river,Dhaleshwari,Ruhitpur,BOD,14.0,False,94
2021,9,river,Dhaleshwari,Ruhitpur,BOD,10.0,False,94
2021,1,river,Dhaleshwari,Ruhitpur,COD,29.0,False,94
2021,2,river,Dhaleshwari,Ruhitpur,COD,32.0,False,94
2021,3,river,Dhaleshwari,Ruhitpur,COD,42.0,False,94
2021,6,river,Dhaleshwari,Ruhitpur,COD,27.0,False,94
2021,7,river,Dhaleshwari,Ruhitpur,COD,34.0,False,94
2021,8,river,Dhaleshwari,Ruhitpur,COD,58.0,False,94
2021,9,river,Dhaleshwari,Ruhitpur,COD,22.0,False,94
2021,1,river,Dhaleshwari,Ruhitpur,Chloride,32.0,False,94
2021,2,river,Dhaleshwari,Ruhitpur,Chloride,33.5,False,94
2021,3,river,Dhaleshwari,Ruhitpur,Chloride,41.5,False,94
2021,6,river,Dhaleshwari,Ruhitpur,Chloride,30.0,False,94
2021,7,river,Dhaleshwari,Ruhitpur,Chloride,8.0,False,94
2021,8,river,Dhaleshwari,Ruhitpur,Chloride,9.0,False,94
2021,9,river,Dhaleshwari,Ruhitpur,Chloride,32.0,False,94
2021,1,river,Dhaleshwari,Ruhitpur,DO,4.0,False,93
2021,2,river,Dhaleshwari,Ruhitpur,DO,9.0,False,93
2021,3,river,Dhaleshwari,Ruhitpur,DO,16.1,False,93
2021,6,river,Dhaleshwari,Ruhitpur,DO,7.2,False,93
2021,7,river,Dhaleshwari,Ruhitpur,DO,7.9,False,93
2021,8,river,Dhaleshwari,Ruhitpur,DO,7.0,False,93
2021,9,river,Dhaleshwari,Ruhitpur,DO,5.8,False,93
2021,1,river,Dhaleshwari,Ruhitpur,EC,482.0,False,95
2021,2,river,Dhaleshwari,Ruhitpur,EC,490.0,False,95
2021,3,river,Dhaleshwari,Ruhitpur,EC,499.0,False,95
2021,6,river,Dhaleshwari,Ruhitpur,EC,130.0,False,95
2021,7,river,Dhaleshwari,Ruhitpur,EC,140.0,False,95
2021,8,river,Dhaleshwari,Ruhitpur,EC,147.0,False,95
2021,9,river,Dhaleshwari,Ruhitpur,EC,482.0,False,95
2021,1,river,Dhaleshwari,Ruhitpur,SS,5.0,False,95
2021,2,river,Dhaleshwari,Ruhitpur,SS,8.0,False,95
2021,3,river,Dhaleshwari,Ruhitpur,SS,25.0,False,95
2021,6,river,Dhaleshwari,Ruhitpur,SS,12.0,False,95
2021,7,river,Dhaleshwari,Ruhitpur,SS,90.0,False,95
2021,8,river,Dhaleshwari,Ruhitpur,SS,85.0,False,95
2021,9,river,Dhaleshwari,Ruhitpur,SS,5.0,False,95
2021,1,river,Dhaleshwari,Ruhitpur,TDS,284.0,False,94
2021,2,river,Dhaleshwari,Ruhitpur,TDS,280.0,False,94
2021,3,river,Dhaleshwari,Ruhitpur,TDS,270.0,False,94
2021,6,river,Dhaleshwari,Ruhitpur,TDS,68.2,False,94
2021,7,river,Dhaleshwari,Ruhitpur,TDS,77.0,False,94
2021,8,river,Dhaleshwari,Ruhitpur,TDS,82.0,False,94
2021,9,river,Dhaleshwari,Ruhitpur,TDS,284.0,False,94
2021,1,river,Dhaleshwari,Ruhitpur,TotalAlkalinity,256.0,False,95
2021,2,river,Dhaleshwari,Ruhitpur,TotalAlkalinity,222.0,False,95
2021,3,river,Dhaleshwari,Ruhitpur,TotalAlkalinity,280.0,False,95
2021,6,river,Dhaleshwari,Ruhitpur,TotalAlkalinity,281.0,False,95
2021,7,river,Dhaleshwari,Ruhitpur,TotalAlkalinity,62.0,False,95
2021,8,river,Dhaleshwari,Ruhitpur,TotalAlkalinity,62.0,False,95
2021,9,river,Dhaleshwari,Ruhitpur,TotalAlkalinity,256.0,False,95
2021,1,river,Dhaleshwari,Ruhitpur,pH,7.79,False,93
2021,2,river,Dhaleshwari,Ruhitpur,pH,7.77,False,93
2021,3,river,Dhaleshwari,Ruhitpur,pH,8.07,False,93
2021,6,river,Dhaleshwari,Ruhitpur,pH,8.01,False,93
2021,7,river,Dhaleshwari,Ruhitpur,pH,7.43,False,93
2021,8,river,Dhaleshwari,Ruhitpur,pH,7.72,False,93
2021,9,river,Dhaleshwari,Ruhitpur,pH,7.79,False,93
2021,1,river,Dhaleshwari,Sirajnagor,BOD,8.4,False,94
2021,1,river,Dhaleshwari,Sirajnagor,COD,34.0,False,94
2021,1,river,Dhaleshwari,Sirajnagor,Chloride,30.5,False,94
2021,1,river,Dhaleshwari,Sirajnagor,DO,0.5,False,93
2021,1,river,Dhaleshwari,Sirajnagor,EC,477.0,False,95
2021,6,river,Dhaleshwari,Sirajnagor,EC,152.0,False,95
2021,7,river,Dhaleshwari,Sirajnagor,EC,127.0,False,95
2021,8,river,Dhaleshwari,Sirajnagor,EC,137.0,False,95
2021,12,river,Dhaleshwari,Sirajnagor,EC,520.0,False,95
2021,1,river,Dhaleshwari,Sirajnagor,SS,8.0,False,95
2021,1,river,Dhaleshwari,Sirajnagor,TDS,279.0,False,94
2021,1,river,Dhaleshwari,Sirajnagor,TotalAlkalinity,239.0,False,95
2021,1,river,Dhaleshwari,Sirajnagor,pH,7.86,False,93
2021,2,river,Dhaleshwari,Utorro Mitra,BOD,12.0,False,94
2021,3,river,Dhaleshwari,Utorro Mitra,BOD,10.0,False,94
2021,6,river,Dhaleshwari,Utorro Mitra,BOD,9.0,False,94
2021,7,river,Dhaleshwari,Utorro Mitra,BOD,8.0,False,94
2021,8,river,Dhaleshwari,Utorro Mitra,BOD,10.0,False,94
2021,12,river,Dhaleshwari,Utorro Mitra,BOD,6.0,False,94
2021,2,river,Dhaleshwari,Utorro Mitra,COD,39.0,False,94
2021,3,river,Dhaleshwari,Utorro Mitra,COD,39.0,False,94
2021,6,river,Dhaleshwari,Utorro Mitra,COD,24.0,False,94
2021,7,river,Dhaleshwari,Utorro Mitra,COD,22.0,False,94
2021,8,river,Dhaleshwari,Utorro Mitra,COD,30.0,False,94
2021,12,river,Dhaleshwari,Utorro Mitra,COD,19.0,False,94
2021,2,river,Dhaleshwari,Utorro Mitra,Chloride,31.0,False,94
2021,3,river,Dhaleshwari,Utorro Mitra,Chloride,23.6,False,94
2021,6,river,Dhaleshwari,Utorro Mitra,Chloride,11.0,False,94
2021,7,river,Dhaleshwari,Utorro Mitra,Chloride,8.0,False,94
2021,8,river,Dhaleshwari,Utorro Mitra,Chloride,6.0,False,94
2021,12,river,Dhaleshwari,Utorro Mitra,Chloride,34.5,False,94
2021,2,river,Dhaleshwari,Utorro Mitra,DO,6.1,False,93
2021,3,river,Dhaleshwari,Utorro Mitra,DO,6.3,False,93
2021,6,river,Dhaleshwari,Utorro Mitra,DO,6.0,False,93
2021,7,river,Dhaleshwari,Utorro Mitra,DO,6.1,False,93
2021,8,river,Dhaleshwari,Utorro Mitra,DO,5.5,False,93
2021,12,river,Dhaleshwari,Utorro Mitra,DO,5.1,False,93
2021,2,river,Dhaleshwari,Utorro Mitra,EC,489.0,False,95
2021,3,river,Dhaleshwari,Utorro Mitra,EC,534.0,False,95
2021,6,river,Dhaleshwari,Utorro Mitra,EC,236.0,False,95
2021,7,river,Dhaleshwari,Utorro Mitra,EC,146.0,False,95
2021,8,river,Dhaleshwari,Utorro Mitra,EC,152.0,False,95
2021,12,river,Dhaleshwari,Utorro Mitra,EC,489.0,False,95
2021,2,river,Dhaleshwari,Utorro Mitra,SS,7.0,False,95
2021,3,river,Dhaleshwari,Utorro Mitra,SS,4.0,False,95
2021,6,river,Dhaleshwari,Utorro Mitra,SS,25.0,False,95
2021,7,river,Dhaleshwari,Utorro Mitra,SS,20.0,False,95
2021,8,river,Dhaleshwari,Utorro Mitra,SS,18.0,False,95
2021,12,river,Dhaleshwari,Utorro Mitra,SS,14.0,False,95
2021,2,river,Dhaleshwari,Utorro Mitra,TDS,279.0,False,94
2021,3,river,Dhaleshwari,Utorro Mitra,TDS,253.0,False,94
2021,6,river,Dhaleshwari,Utorro Mitra,TDS,118.1,False,94
2021,7,river,Dhaleshwari,Utorro Mitra,TDS,70.0,False,94
2021,8,river,Dhaleshwari,Utorro Mitra,TDS,74.2,False,94
2021,12,river,Dhaleshwari,Utorro Mitra,TDS,295.0,False,94
2021,2,river,Dhaleshwari,Utorro Mitra,TotalAlkalinity,243.0,False,95
2021,3,river,Dhaleshwari,Utorro Mitra,TotalAlkalinity,253.0,False,95
2021,6,river,Dhaleshwari,Utorro Mitra,TotalAlkalinity,129.0,False,95
2021,7,river,Dhaleshwari,Utorro Mitra,TotalAlkalinity,62.0,False,95
2021,8,river,Dhaleshwari,Utorro Mitra,TotalAlkalinity,66.0,False,95
2021,12,river,Dhaleshwari,Utorro Mitra,TotalAlkalinity,190.0,False,95
2021,2,river,Dhaleshwari,Utorro Mitra,pH,7.14,False,93
2021,3,river,Dhaleshwari,Utorro Mitra,pH,6.96,False,93
2021,6,river,Dhaleshwari,Utorro Mitra,pH,6.79,False,93
2021,7,river,Dhaleshwari,Utorro Mitra,pH,7.23,False,93
2021,8,river,Dhaleshwari,Utorro Mitra,pH,7.45,False,93
2021,12,river,Dhaleshwari,Utorro Mitra,pH,7.26,False,93
2021,1,urban_lake,Dhanmondi Lake,8 No. Road Bridge,BOD,7.0,False,126
2021,2,urban_lake,Dhanmondi Lake,8 No. Road Bridge,BOD,10.0,False,126
2021,3,urban_lake,Dhanmondi Lake,8 No. Road Bridge,BOD,8.0,False,126
2021,4,urban_lake,Dhanmondi Lake,8 No. Road Bridge,BOD,8.0,False,126
2021,6,urban_lake,Dhanmondi Lake,8 No. Road Bridge,BOD,4.0,False,126
2021,7,urban_lake,Dhanmondi Lake,8 No. Road Bridge,BOD,6.0,False,126
2021,8,urban_lake,Dhanmondi Lake,8 No. Road Bridge,BOD,6.0,False,126
2021,9,urban_lake,Dhanmondi Lake,8 No. Road Bridge,BOD,8.0,False,126
2021,12,urban_lake,Dhanmondi Lake,8 No. Road Bridge,BOD,28.0,False,126
2021,1,urban_lake,Dhanmondi Lake,8 No. Road Bridge,COD,21.0,False,127
2021,2,urban_lake,Dhanmondi Lake,8 No. Road Bridge,COD,30.0,False,127
2021,3,urban_lake,Dhanmondi Lake,8 No. Road Bridge,COD,27.0,False,127
2021,4,urban_lake,Dhanmondi Lake,8 No. Road Bridge,COD,41.0,False,127
2021,6,urban_lake,Dhanmondi Lake,8 No. Road Bridge,COD,16.0,False,127
2021,7,urban_lake,Dhanmondi Lake,8 No. Road Bridge,COD,18.0,False,127
2021,8,urban_lake,Dhanmondi Lake,8 No. Road Bridge,COD,10.0,False,127
2021,9,urban_lake,Dhanmondi Lake,8 No. Road Bridge,COD,54.0,False,127
2021,12,urban_lake,Dhanmondi Lake,8 No. Road Bridge,COD,58.0,False,127
2021,1,urban_lake,Dhanmondi Lake,8 No. Road Bridge,Chloride,39.5,False,127
2021,2,urban_lake,Dhanmondi Lake,8 No. Road Bridge,Chloride,39.5,False,127
2021,3,urban_lake,Dhanmondi Lake,8 No. Road Bridge,Chloride,56.0,False,127
2021,4,urban_lake,Dhanmondi Lake,8 No. Road Bridge,Chloride,52.0,False,127
2021,6,urban_lake,Dhanmondi Lake,8 No. Road Bridge,Chloride,34.5,False,127
2021,7,urban_lake,Dhanmondi Lake,8 No. Road Bridge,Chloride,33.0,False,127
2021,8,urban_lake,Dhanmondi Lake,8 No. Road Bridge,Chloride,34.0,False,127
2021,9,urban_lake,Dhanmondi Lake,8 No. Road Bridge,Chloride,26.0,False,127
2021,12,urban_lake,Dhanmondi Lake,8 No. Road Bridge,Chloride,28.0,False,127
2021,1,urban_lake,Dhanmondi Lake,8 No. Road Bridge,DO,2.8,False,126
2021,2,urban_lake,Dhanmondi Lake,8 No. Road Bridge,DO,6.2,False,126
2021,3,urban_lake,Dhanmondi Lake,8 No. Road Bridge,DO,5.2,False,126
2021,4,urban_lake,Dhanmondi Lake,8 No. Road Bridge,DO,5.21,False,126
2021,6,urban_lake,Dhanmondi Lake,8 No. Road Bridge,DO,8.37,False,126
2021,7,urban_lake,Dhanmondi Lake,8 No. Road Bridge,DO,8.54,False,126
2021,8,urban_lake,Dhanmondi Lake,8 No. Road Bridge,DO,5.0,False,126
2021,9,urban_lake,Dhanmondi Lake,8 No. Road Bridge,DO,2.9,False,126
2021,12,urban_lake,Dhanmondi Lake,8 No. Road Bridge,DO,3.0,False,126
2021,1,urban_lake,Dhanmondi Lake,8 No. Road Bridge,EC,255.0,False,128
2021,2,urban_lake,Dhanmondi Lake,8 No. Road Bridge,EC,243.0,False,128
2021,3,urban_lake,Dhanmondi Lake,8 No. Road Bridge,EC,266.0,False,128
2021,4,urban_lake,Dhanmondi Lake,8 No. Road Bridge,EC,250.0,False,128
2021,6,urban_lake,Dhanmondi Lake,8 No. Road Bridge,EC,266.0,False,128
2021,7,urban_lake,Dhanmondi Lake,8 No. Road Bridge,EC,278.0,False,128
2021,8,urban_lake,Dhanmondi Lake,8 No. Road Bridge,EC,235.0,False,128
2021,9,urban_lake,Dhanmondi Lake,8 No. Road Bridge,EC,274.0,False,128
2021,12,urban_lake,Dhanmondi Lake,8 No. Road Bridge,EC,324.0,False,128
2021,1,urban_lake,Dhanmondi Lake,8 No. Road Bridge,SS,18.0,False,127
2021,2,urban_lake,Dhanmondi Lake,8 No. Road Bridge,SS,18.0,False,127
2021,3,urban_lake,Dhanmondi Lake,8 No. Road Bridge,SS,23.0,False,127
2021,4,urban_lake,Dhanmondi Lake,8 No. Road Bridge,SS,4.0,False,127
2021,6,urban_lake,Dhanmondi Lake,8 No. Road Bridge,SS,9.0,False,127
2021,7,urban_lake,Dhanmondi Lake,8 No. Road Bridge,SS,10.0,False,127
2021,8,urban_lake,Dhanmondi Lake,8 No. Road Bridge,SS,8.0,False,127
2021,9,urban_lake,Dhanmondi Lake,8 No. Road Bridge,SS,4.0,False,127
2021,12,urban_lake,Dhanmondi Lake,8 No. Road Bridge,SS,28.0,False,127
2021,1,urban_lake,Dhanmondi Lake,8 No. Road Bridge,TDS,150.0,False,127
2021,2,urban_lake,Dhanmondi Lake,8 No. Road Bridge,TDS,128.2,False,127
2021,3,urban_lake,Dhanmondi Lake,8 No. Road Bridge,TDS,135.0,False,127
2021,4,urban_lake,Dhanmondi Lake,8 No. Road Bridge,TDS,145.0,False,127
2021,6,urban_lake,Dhanmondi Lake,8 No. Road Bridge,TDS,131.7,False,127
2021,7,urban_lake,Dhanmondi Lake,8 No. Road Bridge,TDS,132.0,False,127
2021,8,urban_lake,Dhanmondi Lake,8 No. Road Bridge,TDS,122.0,False,127
2021,9,urban_lake,Dhanmondi Lake,8 No. Road Bridge,TDS,145.9,False,127
2021,12,urban_lake,Dhanmondi Lake,8 No. Road Bridge,TDS,162.2,False,127
2021,1,urban_lake,Dhanmondi Lake,8 No. Road Bridge,TotalAlkalinity,126.0,False,127
2021,2,urban_lake,Dhanmondi Lake,8 No. Road Bridge,TotalAlkalinity,128.0,False,127
2021,3,urban_lake,Dhanmondi Lake,8 No. Road Bridge,TotalAlkalinity,133.0,False,127
2021,4,urban_lake,Dhanmondi Lake,8 No. Road Bridge,TotalAlkalinity,112.0,False,127
2021,6,urban_lake,Dhanmondi Lake,8 No. Road Bridge,TotalAlkalinity,95.0,False,127
2021,7,urban_lake,Dhanmondi Lake,8 No. Road Bridge,TotalAlkalinity,96.0,False,127
2021,8,urban_lake,Dhanmondi Lake,8 No. Road Bridge,TotalAlkalinity,93.0,False,127
2021,9,urban_lake,Dhanmondi Lake,8 No. Road Bridge,TotalAlkalinity,89.0,False,127
2021,12,urban_lake,Dhanmondi Lake,8 No. Road Bridge,TotalAlkalinity,88.0,False,127
2021,1,urban_lake,Dhanmondi Lake,8 No. Road Bridge,Turbidity,65.2,False,127
2021,2,urban_lake,Dhanmondi Lake,8 No. Road Bridge,Turbidity,65.2,False,127
2021,3,urban_lake,Dhanmondi Lake,8 No. Road Bridge,Turbidity,62.0,False,127
2021,4,urban_lake,Dhanmondi Lake,8 No. Road Bridge,Turbidity,47.0,False,127
2021,6,urban_lake,Dhanmondi Lake,8 No. Road Bridge,Turbidity,50.8,False,127
2021,9,urban_lake,Dhanmondi Lake,8 No. Road Bridge,Turbidity,2.25,False,127
2021,12,urban_lake,Dhanmondi Lake,8 No. Road Bridge,Turbidity,4.5,False,127
2021,1,urban_lake,Dhanmondi Lake,8 No. Road Bridge,pH,7.3,False,126
2021,2,urban_lake,Dhanmondi Lake,8 No. Road Bridge,pH,7.12,False,126
2021,3,urban_lake,Dhanmondi Lake,8 No. Road Bridge,pH,7.46,False,126
2021,4,urban_lake,Dhanmondi Lake,8 No. Road Bridge,pH,7.43,False,126
2021,6,urban_lake,Dhanmondi Lake,8 No. Road Bridge,pH,7.46,False,126
2021,7,urban_lake,Dhanmondi Lake,8 No. Road Bridge,pH,7.23,False,126
2021,8,urban_lake,Dhanmondi Lake,8 No. Road Bridge,pH,6.96,False,126
2021,9,urban_lake,Dhanmondi Lake,8 No. Road Bridge,pH,6.54,False,126
2021,12,urban_lake,Dhanmondi Lake,8 No. Road Bridge,pH,6.85,False,126
2021,1,urban_lake,Dhanmondi Lake,Near Dhanmondi- Road No 28,BOD,10.0,False,126
2021,2,urban_lake,Dhanmondi Lake,Near Dhanmondi- Road No 28,BOD,8.0,False,126
2021,3,urban_lake,Dhanmondi Lake,Near Dhanmondi- Road No 28,BOD,8.0,False,126
2021,4,urban_lake,Dhanmondi Lake,Near Dhanmondi- Road No 28,BOD,14.0,False,126
2021,6,urban_lake,Dhanmondi Lake,Near Dhanmondi- Road No 28,BOD,6.0,False,126
2021,7,urban_lake,Dhanmondi Lake,Near Dhanmondi- Road No 28,BOD,8.0,False,126
2021,8,urban_lake,Dhanmondi Lake,Near Dhanmondi- Road No 28,BOD,6.0,False,126
2021,9,urban_lake,Dhanmondi Lake,Near Dhanmondi- Road No 28,BOD,6.0,False,126
2021,12,urban_lake,Dhanmondi Lake,Near Dhanmondi- Road No 28,BOD,10.0,False,126
2021,1,urban_lake,Dhanmondi Lake,Near Dhanmondi- Road No 28,COD,26.0,False,127
2021,2,urban_lake,Dhanmondi Lake,Near Dhanmondi- Road No 28,COD,24.0,False,127
2021,3,urban_lake,Dhanmondi Lake,Near Dhanmondi- Road No 28,COD,24.0,False,127
2021,4,urban_lake,Dhanmondi Lake,Near Dhanmondi- Road No 28,COD,66.0,False,127
2021,6,urban_lake,Dhanmondi Lake,Near Dhanmondi- Road No 28,COD,20.0,False,127
2021,7,urban_lake,Dhanmondi Lake,Near Dhanmondi- Road No 28,COD,22.0,False,127
2021,8,urban_lake,Dhanmondi Lake,Near Dhanmondi- Road No 28,COD,12.0,False,127
2021,9,urban_lake,Dhanmondi Lake,Near Dhanmondi- Road No 28,COD,27.0,False,127
2021,12,urban_lake,Dhanmondi Lake,Near Dhanmondi- Road No 28,COD,63.0,False,127
2021,1,urban_lake,Dhanmondi Lake,Near Dhanmondi- Road No 28,Chloride,44.5,False,127
2021,2,urban_lake,Dhanmondi Lake,Near Dhanmondi- Road No 28,Chloride,44.5,False,127
2021,3,urban_lake,Dhanmondi Lake,Near Dhanmondi- Road No 28,Chloride,50.5,False,127
2021,4,urban_lake,Dhanmondi Lake,Near Dhanmondi- Road No 28,Chloride,47.0,False,127
2021,6,urban_lake,Dhanmondi Lake,Near Dhanmondi- Road No 28,Chloride,39.0,False,127
2021,7,urban_lake,Dhanmondi Lake,Near Dhanmondi- Road No 28,Chloride,40.0,False,127
2021,8,urban_lake,Dhanmondi Lake,Near Dhanmondi- Road No 28,Chloride,29.0,False,127
2021,9,urban_lake,Dhanmondi Lake,Near Dhanmondi- Road No 28,Chloride,20.5,False,127
2021,12,urban_lake,Dhanmondi Lake,Near Dhanmondi- Road No 28,Chloride,38.0,False,127
2021,1,urban_lake,Dhanmondi Lake,Near Dhanmondi- Road No 28,DO,5.1,False,126
2021,2,urban_lake,Dhanmondi Lake,Near Dhanmondi- Road No 28,DO,9.2,False,126
2021,3,urban_lake,Dhanmondi Lake,Near Dhanmondi- Road No 28,DO,5.2,False,126
2021,4,urban_lake,Dhanmondi Lake,Near Dhanmondi- Road No 28,DO,5.14,False,126
2021,6,urban_lake,Dhanmondi Lake,Near Dhanmondi- Road No 28,DO,5.53,False,126
2021,7,urban_lake,Dhanmondi Lake,Near Dhanmondi- Road No 28,DO,6.23,False,126
2021,8,urban_lake,Dhanmondi Lake,Near Dhanmondi- Road No 28,DO,5.5,False,126
2021,9,urban_lake,Dhanmondi Lake,Near Dhanmondi- Road No 28,DO,3.8,False,126
2021,12,urban_lake,Dhanmondi Lake,Near Dhanmondi- Road No 28,DO,4.3,False,126
2021,1,urban_lake,Dhanmondi Lake,Near Dhanmondi- Road No 28,EC,207.0,False,128
2021,2,urban_lake,Dhanmondi Lake,Near Dhanmondi- Road No 28,EC,295.0,False,128
2021,3,urban_lake,Dhanmondi Lake,Near Dhanmondi- Road No 28,EC,230.0,False,128
2021,4,urban_lake,Dhanmondi Lake,Near Dhanmondi- Road No 28,EC,297.0,False,128
2021,6,urban_lake,Dhanmondi Lake,Near Dhanmondi- Road No 28,EC,332.0,False,128
2021,7,urban_lake,Dhanmondi Lake,Near Dhanmondi- Road No 28,EC,349.0,False,128
2021,8,urban_lake,Dhanmondi Lake,Near Dhanmondi- Road No 28,EC,285.0,False,128
2021,9,urban_lake,Dhanmondi Lake,Near Dhanmondi- Road No 28,EC,235.0,False,128
2021,12,urban_lake,Dhanmondi Lake,Near Dhanmondi- Road No 28,EC,260.0,False,128
2021,1,urban_lake,Dhanmondi Lake,Near Dhanmondi- Road No 28,SS,11.0,False,127
2021,2,urban_lake,Dhanmondi Lake,Near Dhanmondi- Road No 28,SS,8.0,False,127
2021,3,urban_lake,Dhanmondi Lake,Near Dhanmondi- Road No 28,SS,15.0,False,127
2021,4,urban_lake,Dhanmondi Lake,Near Dhanmondi- Road No 28,SS,3.0,False,127
2021,6,urban_lake,Dhanmondi Lake,Near Dhanmondi- Road No 28,SS,8.0,False,127
2021,7,urban_lake,Dhanmondi Lake,Near Dhanmondi- Road No 28,SS,11.0,False,127
2021,8,urban_lake,Dhanmondi Lake,Near Dhanmondi- Road No 28,SS,6.0,False,127
2021,9,urban_lake,Dhanmondi Lake,Near Dhanmondi- Road No 28,SS,1.0,False,127
2021,12,urban_lake,Dhanmondi Lake,Near Dhanmondi- Road No 28,SS,10.0,False,127
2021,1,urban_lake,Dhanmondi Lake,Near Dhanmondi- Road No 28,TDS,122.0,False,127
2021,2,urban_lake,Dhanmondi Lake,Near Dhanmondi- Road No 28,TDS,160.1,False,127
2021,3,urban_lake,Dhanmondi Lake,Near Dhanmondi- Road No 28,TDS,125.0,False,127
2021,4,urban_lake,Dhanmondi Lake,Near Dhanmondi- Road No 28,TDS,172.0,False,127
2021,6,urban_lake,Dhanmondi Lake,Near Dhanmondi- Road No 28,TDS,164.8,False,127
2021,7,urban_lake,Dhanmondi Lake,Near Dhanmondi- Road No 28,TDS,164.0,False,127
2021,8,urban_lake,Dhanmondi Lake,Near Dhanmondi- Road No 28,TDS,149.0,False,127
2021,9,urban_lake,Dhanmondi Lake,Near Dhanmondi- Road No 28,TDS,120.9,False,127
2021,12,urban_lake,Dhanmondi Lake,Near Dhanmondi- Road No 28,TDS,130.2,False,127
2021,1,urban_lake,Dhanmondi Lake,Near Dhanmondi- Road No 28,TotalAlkalinity,179.0,False,127
2021,2,urban_lake,Dhanmondi Lake,Near Dhanmondi- Road No 28,TotalAlkalinity,182.0,False,127
2021,3,urban_lake,Dhanmondi Lake,Near Dhanmondi- Road No 28,TotalAlkalinity,133.0,False,127
2021,4,urban_lake,Dhanmondi Lake,Near Dhanmondi- Road No 28,TotalAlkalinity,144.0,False,127
2021,6,urban_lake,Dhanmondi Lake,Near Dhanmondi- Road No 28,TotalAlkalinity,101.0,False,127
2021,7,urban_lake,Dhanmondi Lake,Near Dhanmondi- Road No 28,TotalAlkalinity,106.0,False,127
2021,8,urban_lake,Dhanmondi Lake,Near Dhanmondi- Road No 28,TotalAlkalinity,99.0,False,127
2021,9,urban_lake,Dhanmondi Lake,Near Dhanmondi- Road No 28,TotalAlkalinity,72.0,False,127
2021,12,urban_lake,Dhanmondi Lake,Near Dhanmondi- Road No 28,TotalAlkalinity,84.0,False,127
2021,1,urban_lake,Dhanmondi Lake,Near Dhanmondi- Road No 28,Turbidity,47.6,False,127
2021,2,urban_lake,Dhanmondi Lake,Near Dhanmondi- Road No 28,Turbidity,47.6,False,127
2021,3,urban_lake,Dhanmondi Lake,Near Dhanmondi- Road No 28,Turbidity,44.0,False,127
2021,4,urban_lake,Dhanmondi Lake,Near Dhanmondi- Road No 28,Turbidity,48.0,False,127
2021,6,urban_lake,Dhanmondi Lake,Near Dhanmondi- Road No 28,Turbidity,41.8,False,127
2021,9,urban_lake,Dhanmondi Lake,Near Dhanmondi- Road No 28,Turbidity,7.35,False,127
2021,12,urban_lake,Dhanmondi Lake,Near Dhanmondi- Road No 28,Turbidity,8.7,False,127
2021,1,urban_lake,Dhanmondi Lake,Near Dhanmondi- Road No 28,pH,7.37,False,126
2021,2,urban_lake,Dhanmondi Lake,Near Dhanmondi- Road No 28,pH,7.31,False,126
2021,3,urban_lake,Dhanmondi Lake,Near Dhanmondi- Road No 28,pH,7.55,False,126
2021,4,urban_lake,Dhanmondi Lake,Near Dhanmondi- Road No 28,pH,7.45,False,126
2021,6,urban_lake,Dhanmondi Lake,Near Dhanmondi- Road No 28,pH,7.36,False,126
2021,7,urban_lake,Dhanmondi Lake,Near Dhanmondi- Road No 28,pH,7.76,False,126
2021,8,urban_lake,Dhanmondi Lake,Near Dhanmondi- Road No 28,pH,6.87,False,126
2021,9,urban_lake,Dhanmondi Lake,Near Dhanmondi- Road No 28,pH,6.73,False,126
2021,12,urban_lake,Dhanmondi Lake,Near Dhanmondi- Road No 28,pH,7.16,False,126
2021,1,urban_lake,Dhanmondi Lake,Near Dhanmondi-32 Bridge,BOD,8.0,False,126
2021,2,urban_lake,Dhanmondi Lake,Near Dhanmondi-32 Bridge,BOD,6.0,False,126
2021,3,urban_lake,Dhanmondi Lake,Near Dhanmondi-32 Bridge,BOD,6.0,False,126
2021,4,urban_lake,Dhanmondi Lake,Near Dhanmondi-32 Bridge,BOD,12.0,False,126
2021,6,urban_lake,Dhanmondi Lake,Near Dhanmondi-32 Bridge,BOD,6.0,False,126
2021,7,urban_lake,Dhanmondi Lake,Near Dhanmondi-32 Bridge,BOD,6.0,False,126
2021,8,urban_lake,Dhanmondi Lake,Near Dhanmondi-32 Bridge,BOD,6.0,False,126
2021,9,urban_lake,Dhanmondi Lake,Near Dhanmondi-32 Bridge,BOD,8.0,False,126
2021,12,urban_lake,Dhanmondi Lake,Near Dhanmondi-32 Bridge,BOD,16.0,False,126
2021,1,urban_lake,Dhanmondi Lake,Near Dhanmondi-32 Bridge,COD,24.0,False,127
2021,2,urban_lake,Dhanmondi Lake,Near Dhanmondi-32 Bridge,COD,18.0,False,127
2021,3,urban_lake,Dhanmondi Lake,Near Dhanmondi-32 Bridge,COD,24.0,False,127
2021,4,urban_lake,Dhanmondi Lake,Near Dhanmondi-32 Bridge,COD,46.0,False,127
2021,6,urban_lake,Dhanmondi Lake,Near Dhanmondi-32 Bridge,COD,22.0,False,127
2021,7,urban_lake,Dhanmondi Lake,Near Dhanmondi-32 Bridge,COD,20.0,False,127
2021,8,urban_lake,Dhanmondi Lake,Near Dhanmondi-32 Bridge,COD,14.0,False,127
2021,9,urban_lake,Dhanmondi Lake,Near Dhanmondi-32 Bridge,COD,48.0,False,127
2021,12,urban_lake,Dhanmondi Lake,Near Dhanmondi-32 Bridge,COD,86.0,False,127
2021,1,urban_lake,Dhanmondi Lake,Near Dhanmondi-32 Bridge,Chloride,47.0,False,127
2021,2,urban_lake,Dhanmondi Lake,Near Dhanmondi-32 Bridge,Chloride,47.0,False,127
2021,3,urban_lake,Dhanmondi Lake,Near Dhanmondi-32 Bridge,Chloride,56.0,False,127
2021,4,urban_lake,Dhanmondi Lake,Near Dhanmondi-32 Bridge,Chloride,55.0,False,127
2021,6,urban_lake,Dhanmondi Lake,Near Dhanmondi-32 Bridge,Chloride,35.0,False,127
2021,7,urban_lake,Dhanmondi Lake,Near Dhanmondi-32 Bridge,Chloride,36.0,False,127
2021,8,urban_lake,Dhanmondi Lake,Near Dhanmondi-32 Bridge,Chloride,32.0,False,127
2021,9,urban_lake,Dhanmondi Lake,Near Dhanmondi-32 Bridge,Chloride,23.5,False,127
2021,12,urban_lake,Dhanmondi Lake,Near Dhanmondi-32 Bridge,Chloride,26.0,False,127
2021,1,urban_lake,Dhanmondi Lake,Near Dhanmondi-32 Bridge,DO,4.0,False,126
2021,2,urban_lake,Dhanmondi Lake,Near Dhanmondi-32 Bridge,DO,8.9,False,126
2021,3,urban_lake,Dhanmondi Lake,Near Dhanmondi-32 Bridge,DO,5.1,False,126
2021,4,urban_lake,Dhanmondi Lake,Near Dhanmondi-32 Bridge,DO,7.87,False,126
2021,6,urban_lake,Dhanmondi Lake,Near Dhanmondi-32 Bridge,DO,7.52,False,126
2021,7,urban_lake,Dhanmondi Lake,Near Dhanmondi-32 Bridge,DO,8.22,False,126
2021,8,urban_lake,Dhanmondi Lake,Near Dhanmondi-32 Bridge,DO,6.0,False,126
2021,12,urban_lake,Dhanmondi Lake,Near Dhanmondi-32 Bridge,DO,3.6,False,126
2021,1,urban_lake,Dhanmondi Lake,Near Dhanmondi-32 Bridge,EC,237.0,False,128
2021,2,urban_lake,Dhanmondi Lake,Near Dhanmondi-32 Bridge,EC,263.0,False,128
2021,3,urban_lake,Dhanmondi Lake,Near Dhanmondi-32 Bridge,EC,295.0,False,128
2021,4,urban_lake,Dhanmondi Lake,Near Dhanmondi-32 Bridge,EC,264.0,False,128
2021,6,urban_lake,Dhanmondi Lake,Near Dhanmondi-32 Bridge,EC,292.0,False,128
2021,7,urban_lake,Dhanmondi Lake,Near Dhanmondi-32 Bridge,EC,321.0,False,128
2021,8,urban_lake,Dhanmondi Lake,Near Dhanmondi-32 Bridge,EC,253.0,False,128
2021,9,urban_lake,Dhanmondi Lake,Near Dhanmondi-32 Bridge,EC,249.0,False,128
2021,12,urban_lake,Dhanmondi Lake,Near Dhanmondi-32 Bridge,EC,294.0,False,128
2021,1,urban_lake,Dhanmondi Lake,Near Dhanmondi-32 Bridge,SS,17.0,False,127
2021,2,urban_lake,Dhanmondi Lake,Near Dhanmondi-32 Bridge,SS,6.0,False,127
2021,3,urban_lake,Dhanmondi Lake,Near Dhanmondi-32 Bridge,SS,29.0,False,127
2021,4,urban_lake,Dhanmondi Lake,Near Dhanmondi-32 Bridge,SS,5.0,False,127
2021,6,urban_lake,Dhanmondi Lake,Near Dhanmondi-32 Bridge,SS,17.0,False,127
2021,7,urban_lake,Dhanmondi Lake,Near Dhanmondi-32 Bridge,SS,18.0,False,127
2021,8,urban_lake,Dhanmondi Lake,Near Dhanmondi-32 Bridge,SS,11.0,False,127
2021,9,urban_lake,Dhanmondi Lake,Near Dhanmondi-32 Bridge,SS,1.0,False,127
2021,12,urban_lake,Dhanmondi Lake,Near Dhanmondi-32 Bridge,SS,16.0,False,127
2021,1,urban_lake,Dhanmondi Lake,Near Dhanmondi-32 Bridge,TDS,134.0,False,127
2021,2,urban_lake,Dhanmondi Lake,Near Dhanmondi-32 Bridge,TDS,141.5,False,127
2021,3,urban_lake,Dhanmondi Lake,Near Dhanmondi-32 Bridge,TDS,160.0,False,127
2021,4,urban_lake,Dhanmondi Lake,Near Dhanmondi-32 Bridge,TDS,156.0,False,127
2021,6,urban_lake,Dhanmondi Lake,Near Dhanmondi-32 Bridge,TDS,144.5,False,127
2021,7,urban_lake,Dhanmondi Lake,Near Dhanmondi-32 Bridge,TDS,144.0,False,127
2021,8,urban_lake,Dhanmondi Lake,Near Dhanmondi-32 Bridge,TDS,133.0,False,127
2021,9,urban_lake,Dhanmondi Lake,Near Dhanmondi-32 Bridge,TDS,129.8,False,127
2021,12,urban_lake,Dhanmondi Lake,Near Dhanmondi-32 Bridge,TDS,148.0,False,127
2021,1,urban_lake,Dhanmondi Lake,Near Dhanmondi-32 Bridge,TotalAlkalinity,102.0,False,127
2021,2,urban_lake,Dhanmondi Lake,Near Dhanmondi-32 Bridge,TotalAlkalinity,146.0,False,127
2021,3,urban_lake,Dhanmondi Lake,Near Dhanmondi-32 Bridge,TotalAlkalinity,182.0,False,127
2021,4,urban_lake,Dhanmondi Lake,Near Dhanmondi-32 Bridge,TotalAlkalinity,135.0,False,127
2021,6,urban_lake,Dhanmondi Lake,Near Dhanmondi-32 Bridge,TotalAlkalinity,89.0,False,127
2021,7,urban_lake,Dhanmondi Lake,Near Dhanmondi-32 Bridge,TotalAlkalinity,92.0,False,127
2021,8,urban_lake,Dhanmondi Lake,Near Dhanmondi-32 Bridge,TotalAlkalinity,90.0,False,127
2021,9,urban_lake,Dhanmondi Lake,Near Dhanmondi-32 Bridge,TotalAlkalinity,86.0,False,127
2021,12,urban_lake,Dhanmondi Lake,Near Dhanmondi-32 Bridge,TotalAlkalinity,86.0,False,127
2021,1,urban_lake,Dhanmondi Lake,Near Dhanmondi-32 Bridge,Turbidity,46.2,False,127
2021,2,urban_lake,Dhanmondi Lake,Near Dhanmondi-32 Bridge,Turbidity,46.2,False,127
2021,3,urban_lake,Dhanmondi Lake,Near Dhanmondi-32 Bridge,Turbidity,75.0,False,127
2021,4,urban_lake,Dhanmondi Lake,Near Dhanmondi-32 Bridge,Turbidity,52.0,False,127
2021,6,urban_lake,Dhanmondi Lake,Near Dhanmondi-32 Bridge,Turbidity,43.3,False,127
2021,9,urban_lake,Dhanmondi Lake,Near Dhanmondi-32 Bridge,Turbidity,5.37,False,127
2021,12,urban_lake,Dhanmondi Lake,Near Dhanmondi-32 Bridge,Turbidity,9.0,False,127
2021,1,urban_lake,Dhanmondi Lake,Near Dhanmondi-32 Bridge,pH,7.28,False,126
2021,2,urban_lake,Dhanmondi Lake,Near Dhanmondi-32 Bridge,pH,7.14,False,126
2021,3,urban_lake,Dhanmondi Lake,Near Dhanmondi-32 Bridge,pH,7.31,False,126
2021,4,urban_lake,Dhanmondi Lake,Near Dhanmondi-32 Bridge,pH,7.5,False,126
2021,6,urban_lake,Dhanmondi Lake,Near Dhanmondi-32 Bridge,pH,7.4,False,126
2021,7,urban_lake,Dhanmondi Lake,Near Dhanmondi-32 Bridge,pH,7.43,False,126
2021,8,urban_lake,Dhanmondi Lake,Near Dhanmondi-32 Bridge,pH,6.9,False,126
2021,9,urban_lake,Dhanmondi Lake,Near Dhanmondi-32 Bridge,pH,6.64,False,126
2021,12,urban_lake,Dhanmondi Lake,Near Dhanmondi-32 Bridge,pH,7.23,False,126
2021,1,urban_lake,Dhanmondi Lake,Near Gigatola Pilkhana More,BOD,6.0,False,126
2021,2,urban_lake,Dhanmondi Lake,Near Gigatola Pilkhana More,BOD,8.0,False,126
2021,3,urban_lake,Dhanmondi Lake,Near Gigatola Pilkhana More,BOD,10.0,False,126
2021,4,urban_lake,Dhanmondi Lake,Near Gigatola Pilkhana More,BOD,10.0,False,126
2021,6,urban_lake,Dhanmondi Lake,Near Gigatola Pilkhana More,BOD,7.0,False,126
2021,7,urban_lake,Dhanmondi Lake,Near Gigatola Pilkhana More,BOD,8.0,False,126
2021,8,urban_lake,Dhanmondi Lake,Near Gigatola Pilkhana More,BOD,8.0,False,126
2021,9,urban_lake,Dhanmondi Lake,Near Gigatola Pilkhana More,BOD,12.0,False,126
2021,12,urban_lake,Dhanmondi Lake,Near Gigatola Pilkhana More,BOD,14.0,False,126
2021,1,urban_lake,Dhanmondi Lake,Near Gigatola Pilkhana More,COD,24.0,False,127
2021,2,urban_lake,Dhanmondi Lake,Near Gigatola Pilkhana More,COD,24.0,False,127
2021,3,urban_lake,Dhanmondi Lake,Near Gigatola Pilkhana More,COD,26.0,False,127
2021,4,urban_lake,Dhanmondi Lake,Near Gigatola Pilkhana More,COD,42.0,False,127
2021,6,urban_lake,Dhanmondi Lake,Near Gigatola Pilkhana More,COD,17.0,False,127
2021,7,urban_lake,Dhanmondi Lake,Near Gigatola Pilkhana More,COD,20.0,False,127
2021,8,urban_lake,Dhanmondi Lake,Near Gigatola Pilkhana More,COD,22.0,False,127
2021,9,urban_lake,Dhanmondi Lake,Near Gigatola Pilkhana More,COD,90.0,False,127
2021,12,urban_lake,Dhanmondi Lake,Near Gigatola Pilkhana More,COD,56.0,False,127
2021,1,urban_lake,Dhanmondi Lake,Near Gigatola Pilkhana More,Chloride,49.0,False,127
2021,2,urban_lake,Dhanmondi Lake,Near Gigatola Pilkhana More,Chloride,49.0,False,127
2021,3,urban_lake,Dhanmondi Lake,Near Gigatola Pilkhana More,Chloride,52.0,False,127
2021,4,urban_lake,Dhanmondi Lake,Near Gigatola Pilkhana More,Chloride,56.0,False,127
2021,6,urban_lake,Dhanmondi Lake,Near Gigatola Pilkhana More,Chloride,34.0,False,127
2021,7,urban_lake,Dhanmondi Lake,Near Gigatola Pilkhana More,Chloride,34.0,False,127
2021,8,urban_lake,Dhanmondi Lake,Near Gigatola Pilkhana More,Chloride,30.0,False,127
2021,9,urban_lake,Dhanmondi Lake,Near Gigatola Pilkhana More,Chloride,20.0,False,127
2021,12,urban_lake,Dhanmondi Lake,Near Gigatola Pilkhana More,Chloride,24.0,False,127
2021,1,urban_lake,Dhanmondi Lake,Near Gigatola Pilkhana More,DO,6.1,False,126
2021,2,urban_lake,Dhanmondi Lake,Near Gigatola Pilkhana More,DO,9.6,False,126
2021,3,urban_lake,Dhanmondi Lake,Near Gigatola Pilkhana More,DO,5.0,False,126
2021,4,urban_lake,Dhanmondi Lake,Near Gigatola Pilkhana More,DO,7.94,False,126
2021,6,urban_lake,Dhanmondi Lake,Near Gigatola Pilkhana More,DO,7.54,False,126
2021,7,urban_lake,Dhanmondi Lake,Near Gigatola Pilkhana More,DO,8.14,False,126
2021,8,urban_lake,Dhanmondi Lake,Near Gigatola Pilkhana More,DO,8.2,False,126
2021,9,urban_lake,Dhanmondi Lake,Near Gigatola Pilkhana More,DO,4.5,False,126
2021,12,urban_lake,Dhanmondi Lake,Near Gigatola Pilkhana More,DO,4.2,False,126
2021,1,urban_lake,Dhanmondi Lake,Near Gigatola Pilkhana More,EC,207.0,False,128
2021,2,urban_lake,Dhanmondi Lake,Near Gigatola Pilkhana More,EC,230.0,False,128
2021,3,urban_lake,Dhanmondi Lake,Near Gigatola Pilkhana More,EC,276.0,False,128
2021,4,urban_lake,Dhanmondi Lake,Near Gigatola Pilkhana More,EC,235.0,False,128
2021,6,urban_lake,Dhanmondi Lake,Near Gigatola Pilkhana More,EC,268.0,False,128
2021,7,urban_lake,Dhanmondi Lake,Near Gigatola Pilkhana More,EC,275.0,False,128
2021,8,urban_lake,Dhanmondi Lake,Near Gigatola Pilkhana More,EC,309.0,False,128
2021,9,urban_lake,Dhanmondi Lake,Near Gigatola Pilkhana More,EC,229.0,False,128
2021,12,urban_lake,Dhanmondi Lake,Near Gigatola Pilkhana More,EC,255.0,False,128
2021,1,urban_lake,Dhanmondi Lake,Near Gigatola Pilkhana More,SS,8.0,False,127
2021,2,urban_lake,Dhanmondi Lake,Near Gigatola Pilkhana More,SS,8.0,False,127
2021,3,urban_lake,Dhanmondi Lake,Near Gigatola Pilkhana More,SS,27.0,False,127
2021,4,urban_lake,Dhanmondi Lake,Near Gigatola Pilkhana More,SS,7.0,False,127
2021,6,urban_lake,Dhanmondi Lake,Near Gigatola Pilkhana More,SS,23.0,False,127
2021,7,urban_lake,Dhanmondi Lake,Near Gigatola Pilkhana More,SS,25.0,False,127
2021,8,urban_lake,Dhanmondi Lake,Near Gigatola Pilkhana More,SS,9.0,False,127
2021,9,urban_lake,Dhanmondi Lake,Near Gigatola Pilkhana More,SS,3.0,False,127
2021,12,urban_lake,Dhanmondi Lake,Near Gigatola Pilkhana More,SS,14.0,False,127
2021,1,urban_lake,Dhanmondi Lake,Near Gigatola Pilkhana More,TDS,122.0,False,127
2021,2,urban_lake,Dhanmondi Lake,Near Gigatola Pilkhana More,TDS,124.6,False,127
2021,3,urban_lake,Dhanmondi Lake,Near Gigatola Pilkhana More,TDS,142.0,False,127
2021,4,urban_lake,Dhanmondi Lake,Near Gigatola Pilkhana More,TDS,137.0,False,127
2021,6,urban_lake,Dhanmondi Lake,Near Gigatola Pilkhana More,TDS,132.1,False,127
2021,7,urban_lake,Dhanmondi Lake,Near Gigatola Pilkhana More,TDS,136.0,False,127
2021,8,urban_lake,Dhanmondi Lake,Near Gigatola Pilkhana More,TDS,159.0,False,127
2021,9,urban_lake,Dhanmondi Lake,Near Gigatola Pilkhana More,TDS,121.0,False,127
2021,12,urban_lake,Dhanmondi Lake,Near Gigatola Pilkhana More,TDS,128.0,False,127
2021,1,urban_lake,Dhanmondi Lake,Near Gigatola Pilkhana More,TotalAlkalinity,120.0,False,127
2021,2,urban_lake,Dhanmondi Lake,Near Gigatola Pilkhana More,TotalAlkalinity,133.0,False,127
2021,3,urban_lake,Dhanmondi Lake,Near Gigatola Pilkhana More,TotalAlkalinity,180.0,False,127
2021,4,urban_lake,Dhanmondi Lake,Near Gigatola Pilkhana More,TotalAlkalinity,132.0,False,127
2021,6,urban_lake,Dhanmondi Lake,Near Gigatola Pilkhana More,TotalAlkalinity,91.0,False,127
2021,7,urban_lake,Dhanmondi Lake,Near Gigatola Pilkhana More,TotalAlkalinity,93.0,False,127
2021,8,urban_lake,Dhanmondi Lake,Near Gigatola Pilkhana More,TotalAlkalinity,92.0,False,127
2021,9,urban_lake,Dhanmondi Lake,Near Gigatola Pilkhana More,TotalAlkalinity,87.0,False,127
2021,12,urban_lake,Dhanmondi Lake,Near Gigatola Pilkhana More,TotalAlkalinity,85.0,False,127
2021,1,urban_lake,Dhanmondi Lake,Near Gigatola Pilkhana More,Turbidity,39.0,False,127
2021,2,urban_lake,Dhanmondi Lake,Near Gigatola Pilkhana More,Turbidity,39.0,False,127
2021,3,urban_lake,Dhanmondi Lake,Near Gigatola Pilkhana More,Turbidity,56.0,False,127
2021,4,urban_lake,Dhanmondi Lake,Near Gigatola Pilkhana More,Turbidity,50.0,False,127
2021,6,urban_lake,Dhanmondi Lake,Near Gigatola Pilkhana More,Turbidity,53.2,False,127
2021,9,urban_lake,Dhanmondi Lake,Near Gigatola Pilkhana More,Turbidity,6.05,False,127
2021,12,urban_lake,Dhanmondi Lake,Near Gigatola Pilkhana More,Turbidity,6.6,False,127
2021,1,urban_lake,Dhanmondi Lake,Near Gigatola Pilkhana More,pH,7.41,False,126
2021,2,urban_lake,Dhanmondi Lake,Near Gigatola Pilkhana More,pH,7.55,False,126
2021,3,urban_lake,Dhanmondi Lake,Near Gigatola Pilkhana More,pH,7.41,False,126
2021,4,urban_lake,Dhanmondi Lake,Near Gigatola Pilkhana More,pH,7.57,False,126
2021,6,urban_lake,Dhanmondi Lake,Near Gigatola Pilkhana More,pH,7.41,False,126
2021,7,urban_lake,Dhanmondi Lake,Near Gigatola Pilkhana More,pH,7.45,False,126
2021,8,urban_lake,Dhanmondi Lake,Near Gigatola Pilkhana More,pH,7.09,False,126
2021,9,urban_lake,Dhanmondi Lake,Near Gigatola Pilkhana More,pH,6.7,False,126
2021,12,urban_lake,Dhanmondi Lake,Near Gigatola Pilkhana More,pH,7.22,False,126
2021,4,river,Ganges,Gorai off Take,BOD,0.43,False,116
2021,10,river,Ganges,Gorai off Take,BOD,1.0,False,116
2021,11,river,Ganges,Gorai off Take,BOD,1.1,False,116
2021,12,river,Ganges,Gorai off Take,BOD,4.8,False,116
2021,1,river,Ganges,Gorai off Take,Chloride,46.0,False,116
2021,2,river,Ganges,Gorai off Take,Chloride,46.0,False,116
2021,4,river,Ganges,Gorai off Take,Chloride,305.0,False,116
2021,10,river,Ganges,Gorai off Take,Chloride,46.0,False,116
2021,11,river,Ganges,Gorai off Take,Chloride,38.0,False,116
2021,12,river,Ganges,Gorai off Take,Chloride,87.5,False,116
2021,1,river,Ganges,Gorai off Take,DO,8.76,False,116
2021,2,river,Ganges,Gorai off Take,DO,8.76,False,116
2021,4,river,Ganges,Gorai off Take,DO,6.36,False,116
2021,10,river,Ganges,Gorai off Take,DO,8.76,False,116
2021,11,river,Ganges,Gorai off Take,DO,6.8,False,116
2021,12,river,Ganges,Gorai off Take,DO,7.8,False,116
2021,1,river,Ganges,Gorai off Take,EC,168.0,False,116
2021,2,river,Ganges,Gorai off Take,EC,168.0,False,116
2021,4,river,Ganges,Gorai off Take,EC,1218.0,False,116
2021,10,river,Ganges,Gorai off Take,EC,168.0,False,116
2021,11,river,Ganges,Gorai off Take,EC,174.0,False,116
2021,12,river,Ganges,Gorai off Take,EC,150.0,False,116
2021,1,river,Ganges,Gorai off Take,SS,50.0,False,116
2021,2,river,Ganges,Gorai off Take,SS,50.0,False,116
2021,4,river,Ganges,Gorai off Take,SS,58.0,False,116
2021,10,river,Ganges,Gorai off Take,SS,50.0,False,116
2021,11,river,Ganges,Gorai off Take,SS,53.0,False,116
2021,12,river,Ganges,Gorai off Take,SS,51.0,False,116
2021,1,river,Ganges,Gorai off Take,TDS,82.0,False,116
2021,2,river,Ganges,Gorai off Take,TDS,82.0,False,116
2021,4,river,Ganges,Gorai off Take,TDS,609.0,False,116
2021,10,river,Ganges,Gorai off Take,TDS,82.0,False,116
2021,11,river,Ganges,Gorai off Take,TDS,86.0,False,116
2021,12,river,Ganges,Gorai off Take,TDS,73.0,False,116
2021,1,river,Ganges,Gorai off Take,Turbidity,132.0,False,116
2021,2,river,Ganges,Gorai off Take,Turbidity,132.0,False,116
2021,4,river,Ganges,Gorai off Take,Turbidity,52.6,False,116
2021,10,river,Ganges,Gorai off Take,Turbidity,48.4,False,116
2021,11,river,Ganges,Gorai off Take,Turbidity,34.2,False,116
2021,12,river,Ganges,Gorai off Take,Turbidity,34.0,False,116
2021,1,river,Ganges,Gorai off Take,pH,8.24,False,116
2021,2,river,Ganges,Gorai off Take,pH,8.24,False,116
2021,4,river,Ganges,Gorai off Take,pH,7.84,False,116
2021,10,river,Ganges,Gorai off Take,pH,8.24,False,116
2021,11,river,Ganges,Gorai off Take,pH,8.32,False,116
2021,12,river,Ganges,Gorai off Take,pH,8.24,False,116
2021,10,river,Gorai,Kamarkhali Bridge,BOD,1.3,False,114
2021,11,river,Gorai,Kamarkhali Bridge,BOD,1.0,False,114
2021,12,river,Gorai,Kamarkhali Bridge,BOD,3.8,False,114
2021,1,river,Gorai,Kamarkhali Bridge,Chloride,40.0,False,114
2021,2,river,Gorai,Kamarkhali Bridge,Chloride,410.0,False,114
2021,3,river,Gorai,Kamarkhali Bridge,Chloride,411.0,False,114
2021,10,river,Gorai,Kamarkhali Bridge,Chloride,72.0,False,114
2021,11,river,Gorai,Kamarkhali Bridge,Chloride,75.0,False,114
2021,12,river,Gorai,Kamarkhali Bridge,Chloride,262.0,False,114
2021,1,river,Gorai,Kamarkhali Bridge,DO,8.56,False,114
2021,2,river,Gorai,Kamarkhali Bridge,DO,9.13,False,114
2021,3,river,Gorai,Kamarkhali Bridge,DO,9.13,False,114
2021,10,river,Gorai,Kamarkhali Bridge,DO,6.37,False,114
2021,11,river,Gorai,Kamarkhali Bridge,DO,6.64,False,114
2021,12,river,Gorai,Kamarkhali Bridge,DO,7.6,False,114
2021,1,river,Gorai,Kamarkhali Bridge,EC,156.0,False,114
2021,2,river,Gorai,Kamarkhali Bridge,EC,1644.0,False,114
2021,3,river,Gorai,Kamarkhali Bridge,EC,1644.0,False,114
2021,10,river,Gorai,Kamarkhali Bridge,EC,114.3,False,114
2021,11,river,Gorai,Kamarkhali Bridge,EC,112.0,False,114
2021,12,river,Gorai,Kamarkhali Bridge,EC,150.0,False,114
2021,1,river,Gorai,Kamarkhali Bridge,SS,54.0,False,114
2021,2,river,Gorai,Kamarkhali Bridge,SS,54.0,False,114
2021,3,river,Gorai,Kamarkhali Bridge,SS,53.0,False,114
2021,10,river,Gorai,Kamarkhali Bridge,SS,55.0,False,114
2021,11,river,Gorai,Kamarkhali Bridge,SS,52.0,False,114
2021,12,river,Gorai,Kamarkhali Bridge,SS,59.0,False,114
2021,1,river,Gorai,Kamarkhali Bridge,TDS,76.0,False,114
2021,2,river,Gorai,Kamarkhali Bridge,TDS,780.0,False,114
2021,3,river,Gorai,Kamarkhali Bridge,TDS,780.0,False,114
2021,10,river,Gorai,Kamarkhali Bridge,TDS,54.0,False,114
2021,11,river,Gorai,Kamarkhali Bridge,TDS,56.0,False,114
2021,12,river,Gorai,Kamarkhali Bridge,TDS,81.4,False,114
2021,1,river,Gorai,Kamarkhali Bridge,Turbidity,47.3,False,114
2021,2,river,Gorai,Kamarkhali Bridge,Turbidity,47.7,False,114
2021,3,river,Gorai,Kamarkhali Bridge,Turbidity,47.7,False,114
2021,10,river,Gorai,Kamarkhali Bridge,Turbidity,75.0,False,114
2021,11,river,Gorai,Kamarkhali Bridge,Turbidity,48.0,False,114
2021,12,river,Gorai,Kamarkhali Bridge,Turbidity,49.0,False,114
2021,1,river,Gorai,Kamarkhali Bridge,pH,8.22,False,114
2021,2,river,Gorai,Kamarkhali Bridge,pH,8.88,False,114
2021,3,river,Gorai,Kamarkhali Bridge,pH,8.88,False,114
2021,10,river,Gorai,Kamarkhali Bridge,pH,8.82,False,114
2021,11,river,Gorai,Kamarkhali Bridge,pH,7.95,False,114
2021,12,river,Gorai,Kamarkhali Bridge,pH,8.49,False,114
2021,1,urban_lake,Gulshan Lake,Lake View Clinic,BOD,40.8,False,124
2021,2,urban_lake,Gulshan Lake,Lake View Clinic,BOD,42.0,False,124
2021,3,urban_lake,Gulshan Lake,Lake View Clinic,BOD,32.0,False,124
2021,4,urban_lake,Gulshan Lake,Lake View Clinic,BOD,34.0,False,124
2021,6,urban_lake,Gulshan Lake,Lake View Clinic,BOD,32.0,False,124
2021,7,urban_lake,Gulshan Lake,Lake View Clinic,BOD,26.0,False,124
2021,8,urban_lake,Gulshan Lake,Lake View Clinic,BOD,18.0,False,124
2021,9,urban_lake,Gulshan Lake,Lake View Clinic,BOD,32.0,False,124
2021,12,urban_lake,Gulshan Lake,Lake View Clinic,BOD,50.0,False,124
2021,1,urban_lake,Gulshan Lake,Lake View Clinic,COD,122.0,False,124
2021,2,urban_lake,Gulshan Lake,Lake View Clinic,COD,120.0,False,124
2021,3,urban_lake,Gulshan Lake,Lake View Clinic,COD,136.0,False,124
2021,4,urban_lake,Gulshan Lake,Lake View Clinic,COD,146.0,False,124
2021,6,urban_lake,Gulshan Lake,Lake View Clinic,COD,95.0,False,124
2021,7,urban_lake,Gulshan Lake,Lake View Clinic,COD,86.0,False,124
2021,8,urban_lake,Gulshan Lake,Lake View Clinic,COD,78.0,False,124
2021,9,urban_lake,Gulshan Lake,Lake View Clinic,COD,110.0,False,124
2021,12,urban_lake,Gulshan Lake,Lake View Clinic,COD,149.0,False,124
2021,1,urban_lake,Gulshan Lake,Lake View Clinic,Chloride,30.5,False,125
2021,2,urban_lake,Gulshan Lake,Lake View Clinic,Chloride,39.0,False,125
2021,3,urban_lake,Gulshan Lake,Lake View Clinic,Chloride,39.0,False,125
2021,4,urban_lake,Gulshan Lake,Lake View Clinic,Chloride,42.0,False,125
2021,6,urban_lake,Gulshan Lake,Lake View Clinic,Chloride,29.5,False,125
2021,7,urban_lake,Gulshan Lake,Lake View Clinic,Chloride,28.0,False,125
2021,8,urban_lake,Gulshan Lake,Lake View Clinic,Chloride,31.0,False,125
2021,9,urban_lake,Gulshan Lake,Lake View Clinic,Chloride,33.5,False,125
2021,12,urban_lake,Gulshan Lake,Lake View Clinic,Chloride,54.0,False,125
2021,1,urban_lake,Gulshan Lake,Lake View Clinic,DO,3.9,False,124
2021,2,urban_lake,Gulshan Lake,Lake View Clinic,DO,1.4,False,124
2021,3,urban_lake,Gulshan Lake,Lake View Clinic,DO,6.3,False,124
2021,4,urban_lake,Gulshan Lake,Lake View Clinic,DO,8.64,False,124
2021,6,urban_lake,Gulshan Lake,Lake View Clinic,DO,3.4,False,124
2021,7,urban_lake,Gulshan Lake,Lake View Clinic,DO,3.8,False,124
2021,8,urban_lake,Gulshan Lake,Lake View Clinic,DO,4.1,False,124
2021,9,urban_lake,Gulshan Lake,Lake View Clinic,DO,3.0,False,124
2021,12,urban_lake,Gulshan Lake,Lake View Clinic,DO,7.68,False,124
2021,1,urban_lake,Gulshan Lake,Lake View Clinic,EC,403.0,False,126
2021,2,urban_lake,Gulshan Lake,Lake View Clinic,EC,425.0,False,126
2021,3,urban_lake,Gulshan Lake,Lake View Clinic,EC,425.0,False,126
2021,4,urban_lake,Gulshan Lake,Lake View Clinic,EC,402.0,False,126
2021,6,urban_lake,Gulshan Lake,Lake View Clinic,EC,337.0,False,126
2021,7,urban_lake,Gulshan Lake,Lake View Clinic,EC,333.0,False,126
2021,8,urban_lake,Gulshan Lake,Lake View Clinic,EC,378.0,False,126
2021,9,urban_lake,Gulshan Lake,Lake View Clinic,EC,393.0,False,126
2021,12,urban_lake,Gulshan Lake,Lake View Clinic,EC,654.0,False,126
2021,1,urban_lake,Gulshan Lake,Lake View Clinic,SS,165.0,False,125
2021,2,urban_lake,Gulshan Lake,Lake View Clinic,SS,19.0,False,125
2021,3,urban_lake,Gulshan Lake,Lake View Clinic,SS,19.0,False,125
2021,4,urban_lake,Gulshan Lake,Lake View Clinic,SS,190.0,False,125
2021,6,urban_lake,Gulshan Lake,Lake View Clinic,SS,96.0,False,125
2021,7,urban_lake,Gulshan Lake,Lake View Clinic,SS,105.0,False,125
2021,8,urban_lake,Gulshan Lake,Lake View Clinic,SS,102.0,False,125
2021,9,urban_lake,Gulshan Lake,Lake View Clinic,SS,104.0,False,125
2021,12,urban_lake,Gulshan Lake,Lake View Clinic,SS,146.0,False,125
2021,1,urban_lake,Gulshan Lake,Lake View Clinic,TDS,249.0,False,125
2021,2,urban_lake,Gulshan Lake,Lake View Clinic,TDS,249.0,False,125
2021,3,urban_lake,Gulshan Lake,Lake View Clinic,TDS,249.0,False,125
2021,4,urban_lake,Gulshan Lake,Lake View Clinic,TDS,222.0,False,125
2021,6,urban_lake,Gulshan Lake,Lake View Clinic,TDS,166.3,False,125
2021,7,urban_lake,Gulshan Lake,Lake View Clinic,TDS,165.0,False,125
2021,8,urban_lake,Gulshan Lake,Lake View Clinic,TDS,198.3,False,125
2021,9,urban_lake,Gulshan Lake,Lake View Clinic,TDS,206.8,False,125
2021,12,urban_lake,Gulshan Lake,Lake View Clinic,TDS,352.0,False,125
2021,1,urban_lake,Gulshan Lake,Lake View Clinic,TotalAlkalinity,249.0,False,126
2021,2,urban_lake,Gulshan Lake,Lake View Clinic,TotalAlkalinity,232.0,False,126
2021,3,urban_lake,Gulshan Lake,Lake View Clinic,TotalAlkalinity,232.0,False,126
2021,4,urban_lake,Gulshan Lake,Lake View Clinic,TotalAlkalinity,245.0,False,126
2021,6,urban_lake,Gulshan Lake,Lake View Clinic,TotalAlkalinity,149.0,False,126
2021,7,urban_lake,Gulshan Lake,Lake View Clinic,TotalAlkalinity,138.0,False,126
2021,8,urban_lake,Gulshan Lake,Lake View Clinic,TotalAlkalinity,149.0,False,126
2021,9,urban_lake,Gulshan Lake,Lake View Clinic,TotalAlkalinity,120.0,False,126
2021,12,urban_lake,Gulshan Lake,Lake View Clinic,TotalAlkalinity,148.0,False,126
2021,1,urban_lake,Gulshan Lake,Lake View Clinic,Turbidity,461.0,False,125
2021,2,urban_lake,Gulshan Lake,Lake View Clinic,Turbidity,86.3,False,125
2021,3,urban_lake,Gulshan Lake,Lake View Clinic,Turbidity,87.0,False,125
2021,4,urban_lake,Gulshan Lake,Lake View Clinic,Turbidity,223.0,False,125
2021,6,urban_lake,Gulshan Lake,Lake View Clinic,Turbidity,220.0,False,125
2021,9,urban_lake,Gulshan Lake,Lake View Clinic,Turbidity,40.2,False,125
2021,12,urban_lake,Gulshan Lake,Lake View Clinic,Turbidity,52.4,False,125
2021,1,urban_lake,Gulshan Lake,Lake View Clinic,pH,7.43,False,124
2021,2,urban_lake,Gulshan Lake,Lake View Clinic,pH,7.26,False,124
2021,3,urban_lake,Gulshan Lake,Lake View Clinic,pH,7.26,False,124
2021,4,urban_lake,Gulshan Lake,Lake View Clinic,pH,7.19,False,124
2021,6,urban_lake,Gulshan Lake,Lake View Clinic,pH,7.47,False,124
2021,7,urban_lake,Gulshan Lake,Lake View Clinic,pH,7.13,False,124
2021,8,urban_lake,Gulshan Lake,Lake View Clinic,pH,6.96,False,124
2021,9,urban_lake,Gulshan Lake,Lake View Clinic,pH,6.94,False,124
2021,12,urban_lake,Gulshan Lake,Lake View Clinic,pH,7.33,False,124
2021,1,urban_lake,Gulshan Lake,South Bridge,BOD,39.6,False,124
2021,2,urban_lake,Gulshan Lake,South Bridge,BOD,38.0,False,124
2021,3,urban_lake,Gulshan Lake,South Bridge,BOD,34.0,False,124
2021,4,urban_lake,Gulshan Lake,South Bridge,BOD,32.0,False,124
2021,6,urban_lake,Gulshan Lake,South Bridge,BOD,40.0,False,124
2021,7,urban_lake,Gulshan Lake,South Bridge,BOD,28.0,False,124
2021,8,urban_lake,Gulshan Lake,South Bridge,BOD,20.0,False,124
2021,9,urban_lake,Gulshan Lake,South Bridge,BOD,30.0,False,124
2021,12,urban_lake,Gulshan Lake,South Bridge,BOD,36.0,False,124
2021,1,urban_lake,Gulshan Lake,South Bridge,COD,127.0,False,124
2021,2,urban_lake,Gulshan Lake,South Bridge,COD,180.0,False,124
2021,3,urban_lake,Gulshan Lake,South Bridge,COD,138.0,False,124
2021,4,urban_lake,Gulshan Lake,South Bridge,COD,139.0,False,124
2021,6,urban_lake,Gulshan Lake,South Bridge,COD,137.0,False,124
2021,7,urban_lake,Gulshan Lake,South Bridge,COD,94.0,False,124
2021,8,urban_lake,Gulshan Lake,South Bridge,COD,46.0,False,124
2021,9,urban_lake,Gulshan Lake,South Bridge,COD,97.0,False,124
2021,12,urban_lake,Gulshan Lake,South Bridge,COD,107.0,False,124
2021,1,urban_lake,Gulshan Lake,South Bridge,Chloride,34.3,False,125
2021,2,urban_lake,Gulshan Lake,South Bridge,Chloride,39.5,False,125
2021,3,urban_lake,Gulshan Lake,South Bridge,Chloride,39.5,False,125
2021,4,urban_lake,Gulshan Lake,South Bridge,Chloride,31.0,False,125
2021,6,urban_lake,Gulshan Lake,South Bridge,Chloride,30.0,False,125
2021,7,urban_lake,Gulshan Lake,South Bridge,Chloride,27.0,False,125
2021,8,urban_lake,Gulshan Lake,South Bridge,Chloride,29.0,False,125
2021,9,urban_lake,Gulshan Lake,South Bridge,Chloride,32.5,False,125
2021,12,urban_lake,Gulshan Lake,South Bridge,Chloride,41.0,False,125
2021,1,urban_lake,Gulshan Lake,South Bridge,DO,3.8,False,124
2021,2,urban_lake,Gulshan Lake,South Bridge,DO,1.6,False,124
2021,3,urban_lake,Gulshan Lake,South Bridge,DO,6.2,False,124
2021,4,urban_lake,Gulshan Lake,South Bridge,DO,12.0,False,124
2021,6,urban_lake,Gulshan Lake,South Bridge,DO,7.77,False,124
2021,7,urban_lake,Gulshan Lake,South Bridge,DO,3.8,False,124
2021,8,urban_lake,Gulshan Lake,South Bridge,DO,4.4,False,124
2021,9,urban_lake,Gulshan Lake,South Bridge,DO,4.8,False,124
2021,12,urban_lake,Gulshan Lake,South Bridge,DO,12.04,False,124
2021,1,urban_lake,Gulshan Lake,South Bridge,EC,430.0,False,126
2021,2,urban_lake,Gulshan Lake,South Bridge,EC,430.0,False,126
2021,3,urban_lake,Gulshan Lake,South Bridge,EC,430.0,False,126
2021,4,urban_lake,Gulshan Lake,South Bridge,EC,390.0,False,126
2021,6,urban_lake,Gulshan Lake,South Bridge,EC,378.0,False,126
2021,7,urban_lake,Gulshan Lake,South Bridge,EC,348.0,False,126
2021,8,urban_lake,Gulshan Lake,South Bridge,EC,375.0,False,126
2021,9,urban_lake,Gulshan Lake,South Bridge,EC,389.0,False,126
2021,12,urban_lake,Gulshan Lake,South Bridge,EC,440.0,False,126
2021,1,urban_lake,Gulshan Lake,South Bridge,SS,171.0,False,125
2021,2,urban_lake,Gulshan Lake,South Bridge,SS,54.0,False,125
2021,3,urban_lake,Gulshan Lake,South Bridge,SS,54.0,False,125
2021,4,urban_lake,Gulshan Lake,South Bridge,SS,200.0,False,125
2021,6,urban_lake,Gulshan Lake,South Bridge,SS,67.0,False,125
2021,7,urban_lake,Gulshan Lake,South Bridge,SS,114.0,False,125
2021,8,urban_lake,Gulshan Lake,South Bridge,SS,105.0,False,125
2021,9,urban_lake,Gulshan Lake,South Bridge,SS,110.0,False,125
2021,12,urban_lake,Gulshan Lake,South Bridge,SS,152.0,False,125
2021,1,urban_lake,Gulshan Lake,South Bridge,TDS,272.0,False,125
2021,2,urban_lake,Gulshan Lake,South Bridge,TDS,246.0,False,125
2021,3,urban_lake,Gulshan Lake,South Bridge,TDS,246.0,False,125
2021,4,urban_lake,Gulshan Lake,South Bridge,TDS,224.0,False,125
2021,6,urban_lake,Gulshan Lake,South Bridge,TDS,186.0,False,125
2021,7,urban_lake,Gulshan Lake,South Bridge,TDS,169.0,False,125
2021,8,urban_lake,Gulshan Lake,South Bridge,TDS,198.0,False,125
2021,9,urban_lake,Gulshan Lake,South Bridge,TDS,204.4,False,125
2021,12,urban_lake,Gulshan Lake,South Bridge,TDS,241.0,False,125
2021,1,urban_lake,Gulshan Lake,South Bridge,TotalAlkalinity,238.0,False,126
2021,2,urban_lake,Gulshan Lake,South Bridge,TotalAlkalinity,239.0,False,126
2021,3,urban_lake,Gulshan Lake,South Bridge,TotalAlkalinity,239.0,False,126
2021,4,urban_lake,Gulshan Lake,South Bridge,TotalAlkalinity,200.0,False,126
2021,6,urban_lake,Gulshan Lake,South Bridge,TotalAlkalinity,148.0,False,126
2021,7,urban_lake,Gulshan Lake,South Bridge,TotalAlkalinity,136.0,False,126
2021,8,urban_lake,Gulshan Lake,South Bridge,TotalAlkalinity,111.0,False,126
2021,9,urban_lake,Gulshan Lake,South Bridge,TotalAlkalinity,89.0,False,126
2021,12,urban_lake,Gulshan Lake,South Bridge,TotalAlkalinity,148.0,False,126
2021,1,urban_lake,Gulshan Lake,South Bridge,Turbidity,522.0,False,125
2021,2,urban_lake,Gulshan Lake,South Bridge,Turbidity,131.0,False,125
2021,3,urban_lake,Gulshan Lake,South Bridge,Turbidity,131.0,False,125
2021,4,urban_lake,Gulshan Lake,South Bridge,Turbidity,184.0,False,125
2021,6,urban_lake,Gulshan Lake,South Bridge,Turbidity,129.0,False,125
2021,9,urban_lake,Gulshan Lake,South Bridge,Turbidity,41.0,False,125
2021,12,urban_lake,Gulshan Lake,South Bridge,Turbidity,58.9,False,125
2021,1,urban_lake,Gulshan Lake,South Bridge,pH,7.65,False,124
2021,2,urban_lake,Gulshan Lake,South Bridge,pH,7.23,False,124
2021,3,urban_lake,Gulshan Lake,South Bridge,pH,7.23,False,124
2021,4,urban_lake,Gulshan Lake,South Bridge,pH,7.32,False,124
2021,6,urban_lake,Gulshan Lake,South Bridge,pH,7.55,False,124
2021,7,urban_lake,Gulshan Lake,South Bridge,pH,7.14,False,124
2021,8,urban_lake,Gulshan Lake,South Bridge,pH,6.97,False,124
2021,9,urban_lake,Gulshan Lake,South Bridge,pH,6.96,False,124
2021,12,urban_lake,Gulshan Lake,South Bridge,pH,7.41,False,124
2021,7,urban_lake,Gulshan Lake,Taltola Shooting Complex,BOD,30.0,False,124
2021,8,urban_lake,Gulshan Lake,Taltola Shooting Complex,BOD,18.0,False,124
2021,9,urban_lake,Gulshan Lake,Taltola Shooting Complex,BOD,25.0,False,124
2021,12,urban_lake,Gulshan Lake,Taltola Shooting Complex,BOD,30.0,False,124
2021,7,urban_lake,Gulshan Lake,Taltola Shooting Complex,COD,140.0,False,124
2021,8,urban_lake,Gulshan Lake,Taltola Shooting Complex,COD,63.0,False,124
2021,9,urban_lake,Gulshan Lake,Taltola Shooting Complex,COD,78.0,False,124
2021,12,urban_lake,Gulshan Lake,Taltola Shooting Complex,COD,88.0,False,124
2021,7,urban_lake,Gulshan Lake,Taltola Shooting Complex,Chloride,27.0,False,125
2021,8,urban_lake,Gulshan Lake,Taltola Shooting Complex,Chloride,30.0,False,125
2021,9,urban_lake,Gulshan Lake,Taltola Shooting Complex,Chloride,36.0,False,125
2021,12,urban_lake,Gulshan Lake,Taltola Shooting Complex,Chloride,48.0,False,125
2021,7,urban_lake,Gulshan Lake,Taltola Shooting Complex,DO,3.5,False,124
2021,8,urban_lake,Gulshan Lake,Taltola Shooting Complex,DO,3.4,False,124
2021,9,urban_lake,Gulshan Lake,Taltola Shooting Complex,DO,3.7,False,124
2021,12,urban_lake,Gulshan Lake,Taltola Shooting Complex,DO,7.76,False,124
2021,7,urban_lake,Gulshan Lake,Taltola Shooting Complex,EC,365.0,False,126
2021,8,urban_lake,Gulshan Lake,Taltola Shooting Complex,EC,437.0,False,126
2021,9,urban_lake,Gulshan Lake,Taltola Shooting Complex,EC,439.0,False,126
2021,12,urban_lake,Gulshan Lake,Taltola Shooting Complex,EC,551.0,False,126
2021,7,urban_lake,Gulshan Lake,Taltola Shooting Complex,SS,93.0,False,125
2021,8,urban_lake,Gulshan Lake,Taltola Shooting Complex,SS,52.0,False,125
2021,9,urban_lake,Gulshan Lake,Taltola Shooting Complex,SS,40.0,False,125
2021,12,urban_lake,Gulshan Lake,Taltola Shooting Complex,SS,114.0,False,125
2021,7,urban_lake,Gulshan Lake,Taltola Shooting Complex,TDS,174.0,False,125
2021,8,urban_lake,Gulshan Lake,Taltola Shooting Complex,TDS,229.0,False,125
2021,9,urban_lake,Gulshan Lake,Taltola Shooting Complex,TDS,236.0,False,125
2021,12,urban_lake,Gulshan Lake,Taltola Shooting Complex,TDS,302.0,False,125
2021,7,urban_lake,Gulshan Lake,Taltola Shooting Complex,TotalAlkalinity,143.0,False,126
2021,8,urban_lake,Gulshan Lake,Taltola Shooting Complex,TotalAlkalinity,150.0,False,126
2021,9,urban_lake,Gulshan Lake,Taltola Shooting Complex,TotalAlkalinity,83.0,False,126
2021,12,urban_lake,Gulshan Lake,Taltola Shooting Complex,TotalAlkalinity,130.0,False,126
2021,9,urban_lake,Gulshan Lake,Taltola Shooting Complex,Turbidity,19.4,False,125
2021,12,urban_lake,Gulshan Lake,Taltola Shooting Complex,Turbidity,50.2,False,125
2021,7,urban_lake,Gulshan Lake,Taltola Shooting Complex,pH,7.24,False,124
2021,8,urban_lake,Gulshan Lake,Taltola Shooting Complex,pH,6.94,False,124
2021,9,urban_lake,Gulshan Lake,Taltola Shooting Complex,pH,6.85,False,124
2021,12,urban_lake,Gulshan Lake,Taltola Shooting Complex,pH,7.39,False,124
2021,1,urban_lake,Gulshan Lake,United Hospital,BOD,48.0,False,124
2021,2,urban_lake,Gulshan Lake,United Hospital,BOD,35.0,False,124
2021,3,urban_lake,Gulshan Lake,United Hospital,BOD,32.0,False,124
2021,4,urban_lake,Gulshan Lake,United Hospital,BOD,30.0,False,124
2021,6,urban_lake,Gulshan Lake,United Hospital,BOD,35.0,False,124
2021,7,urban_lake,Gulshan Lake,United Hospital,BOD,30.0,False,124
2021,8,urban_lake,Gulshan Lake,United Hospital,BOD,22.0,False,124
2021,9,urban_lake,Gulshan Lake,United Hospital,BOD,32.0,False,124
2021,12,urban_lake,Gulshan Lake,United Hospital,BOD,38.0,False,124
2021,1,urban_lake,Gulshan Lake,United Hospital,COD,141.0,False,124
2021,2,urban_lake,Gulshan Lake,United Hospital,COD,146.0,False,124
2021,3,urban_lake,Gulshan Lake,United Hospital,COD,135.0,False,124
2021,4,urban_lake,Gulshan Lake,United Hospital,COD,103.0,False,124
2021,6,urban_lake,Gulshan Lake,United Hospital,COD,124.0,False,124
2021,7,urban_lake,Gulshan Lake,United Hospital,COD,100.0,False,124
2021,8,urban_lake,Gulshan Lake,United Hospital,COD,49.0,False,124
2021,9,urban_lake,Gulshan Lake,United Hospital,COD,120.0,False,124
2021,12,urban_lake,Gulshan Lake,United Hospital,COD,115.0,False,124
2021,1,urban_lake,Gulshan Lake,United Hospital,Chloride,32.1,False,125
2021,2,urban_lake,Gulshan Lake,United Hospital,Chloride,40.0,False,125
2021,3,urban_lake,Gulshan Lake,United Hospital,Chloride,40.0,False,125
2021,4,urban_lake,Gulshan Lake,United Hospital,Chloride,40.0,False,125
2021,6,urban_lake,Gulshan Lake,United Hospital,Chloride,24.0,False,125
2021,7,urban_lake,Gulshan Lake,United Hospital,Chloride,23.0,False,125
2021,8,urban_lake,Gulshan Lake,United Hospital,Chloride,25.0,False,125
2021,9,urban_lake,Gulshan Lake,United Hospital,Chloride,33.5,False,125
2021,12,urban_lake,Gulshan Lake,United Hospital,Chloride,40.0,False,125
2021,1,urban_lake,Gulshan Lake,United Hospital,DO,3.8,False,124
2021,2,urban_lake,Gulshan Lake,United Hospital,DO,0.8,False,124
2021,3,urban_lake,Gulshan Lake,United Hospital,DO,2.3,False,124
2021,4,urban_lake,Gulshan Lake,United Hospital,DO,0.94,False,124
2021,6,urban_lake,Gulshan Lake,United Hospital,DO,2.19,False,124
2021,7,urban_lake,Gulshan Lake,United Hospital,DO,3.3,False,124
2021,8,urban_lake,Gulshan Lake,United Hospital,DO,3.5,False,124
2021,9,urban_lake,Gulshan Lake,United Hospital,DO,3.8,False,124
2021,12,urban_lake,Gulshan Lake,United Hospital,DO,4.13,False,124
2021,1,urban_lake,Gulshan Lake,United Hospital,EC,406.0,False,126
2021,2,urban_lake,Gulshan Lake,United Hospital,EC,439.0,False,126
2021,3,urban_lake,Gulshan Lake,United Hospital,EC,439.0,False,126
2021,4,urban_lake,Gulshan Lake,United Hospital,EC,390.0,False,126
2021,6,urban_lake,Gulshan Lake,United Hospital,EC,355.0,False,126
2021,7,urban_lake,Gulshan Lake,United Hospital,EC,342.0,False,126
2021,8,urban_lake,Gulshan Lake,United Hospital,EC,378.0,False,126
2021,9,urban_lake,Gulshan Lake,United Hospital,EC,394.0,False,126
2021,12,urban_lake,Gulshan Lake,United Hospital,EC,454.0,False,126
2021,1,urban_lake,Gulshan Lake,United Hospital,SS,181.0,False,125
2021,2,urban_lake,Gulshan Lake,United Hospital,SS,32.0,False,125
2021,3,urban_lake,Gulshan Lake,United Hospital,SS,32.0,False,125
2021,4,urban_lake,Gulshan Lake,United Hospital,SS,39.0,False,125
2021,6,urban_lake,Gulshan Lake,United Hospital,SS,107.0,False,125
2021,7,urban_lake,Gulshan Lake,United Hospital,SS,98.0,False,125
2021,8,urban_lake,Gulshan Lake,United Hospital,SS,95.0,False,125
2021,9,urban_lake,Gulshan Lake,United Hospital,SS,119.0,False,125
2021,12,urban_lake,Gulshan Lake,United Hospital,SS,140.0,False,125
2021,1,urban_lake,Gulshan Lake,United Hospital,TDS,252.0,False,125
2021,2,urban_lake,Gulshan Lake,United Hospital,TDS,252.0,False,125
2021,3,urban_lake,Gulshan Lake,United Hospital,TDS,252.0,False,125
2021,4,urban_lake,Gulshan Lake,United Hospital,TDS,230.0,False,125
2021,6,urban_lake,Gulshan Lake,United Hospital,TDS,173.8,False,125
2021,7,urban_lake,Gulshan Lake,United Hospital,TDS,176.0,False,125
2021,8,urban_lake,Gulshan Lake,United Hospital,TDS,198.4,False,125
2021,9,urban_lake,Gulshan Lake,United Hospital,TDS,206.7,False,125
2021,12,urban_lake,Gulshan Lake,United Hospital,TDS,247.0,False,125
2021,1,urban_lake,Gulshan Lake,United Hospital,TotalAlkalinity,252.0,False,126
2021,2,urban_lake,Gulshan Lake,United Hospital,TotalAlkalinity,256.0,False,126
2021,3,urban_lake,Gulshan Lake,United Hospital,TotalAlkalinity,256.0,False,126
2021,4,urban_lake,Gulshan Lake,United Hospital,TotalAlkalinity,199.0,False,126
2021,6,urban_lake,Gulshan Lake,United Hospital,TotalAlkalinity,142.0,False,126
2021,7,urban_lake,Gulshan Lake,United Hospital,TotalAlkalinity,138.0,False,126
2021,8,urban_lake,Gulshan Lake,United Hospital,TotalAlkalinity,144.0,False,126
2021,9,urban_lake,Gulshan Lake,United Hospital,TotalAlkalinity,81.0,False,126
2021,12,urban_lake,Gulshan Lake,United Hospital,TotalAlkalinity,143.0,False,126
2021,1,urban_lake,Gulshan Lake,United Hospital,Turbidity,462.0,False,125
2021,2,urban_lake,Gulshan Lake,United Hospital,Turbidity,112.0,False,125
2021,3,urban_lake,Gulshan Lake,United Hospital,Turbidity,112.0,False,125
2021,4,urban_lake,Gulshan Lake,United Hospital,Turbidity,209.0,False,125
2021,6,urban_lake,Gulshan Lake,United Hospital,Turbidity,144.0,False,125
2021,9,urban_lake,Gulshan Lake,United Hospital,Turbidity,43.0,False,125
2021,12,urban_lake,Gulshan Lake,United Hospital,Turbidity,56.9,False,125
2021,1,urban_lake,Gulshan Lake,United Hospital,pH,7.54,False,124
2021,2,urban_lake,Gulshan Lake,United Hospital,pH,7.33,False,124
2021,3,urban_lake,Gulshan Lake,United Hospital,pH,7.33,False,124
2021,4,urban_lake,Gulshan Lake,United Hospital,pH,7.12,False,124
2021,6,urban_lake,Gulshan Lake,United Hospital,pH,7.67,False,124
2021,7,urban_lake,Gulshan Lake,United Hospital,pH,7.21,False,124
2021,8,urban_lake,Gulshan Lake,United Hospital,pH,6.97,False,124
2021,9,urban_lake,Gulshan Lake,United Hospital,pH,6.92,False,124
2021,12,urban_lake,Gulshan Lake,United Hospital,pH,7.28,False,124
2021,1,river,Halda,Garduara Sluice gate,BOD,10.0,False,106
2021,2,river,Halda,Garduara Sluice gate,BOD,7.0,False,106
2021,3,river,Halda,Garduara Sluice gate,BOD,5.0,False,106
2021,4,river,Halda,Garduara Sluice gate,BOD,5.0,False,106
2021,5,river,Halda,Garduara Sluice gate,BOD,6.0,False,106
2021,6,river,Halda,Garduara Sluice gate,BOD,4.0,False,106
2021,7,river,Halda,Garduara Sluice gate,BOD,4.0,False,106
2021,8,river,Halda,Garduara Sluice gate,BOD,4.0,False,106
2021,9,river,Halda,Garduara Sluice gate,BOD,3.0,False,106
2021,10,river,Halda,Garduara Sluice gate,BOD,4.0,False,106
2021,11,river,Halda,Garduara Sluice gate,BOD,5.0,False,106
2021,12,river,Halda,Garduara Sluice gate,BOD,4.0,False,106
2021,1,river,Halda,Garduara Sluice gate,COD,45.0,False,106
2021,2,river,Halda,Garduara Sluice gate,COD,20.0,False,106
2021,3,river,Halda,Garduara Sluice gate,COD,23.0,False,106
2021,4,river,Halda,Garduara Sluice gate,COD,20.0,False,106
2021,5,river,Halda,Garduara Sluice gate,COD,25.0,False,106
2021,6,river,Halda,Garduara Sluice gate,COD,18.0,False,106
2021,7,river,Halda,Garduara Sluice gate,COD,18.0,False,106
2021,8,river,Halda,Garduara Sluice gate,COD,15.0,False,106
2021,9,river,Halda,Garduara Sluice gate,COD,9.0,False,106
2021,10,river,Halda,Garduara Sluice gate,COD,13.0,False,106
2021,11,river,Halda,Garduara Sluice gate,COD,14.0,False,106
2021,12,river,Halda,Garduara Sluice gate,COD,11.0,False,106
2021,1,river,Halda,Garduara Sluice gate,DO,7.82,False,105
2021,2,river,Halda,Garduara Sluice gate,DO,7.4,False,105
2021,3,river,Halda,Garduara Sluice gate,DO,7.56,False,105
2021,4,river,Halda,Garduara Sluice gate,DO,7.61,False,105
2021,5,river,Halda,Garduara Sluice gate,DO,7.29,False,105
2021,6,river,Halda,Garduara Sluice gate,DO,6.37,False,105
2021,7,river,Halda,Garduara Sluice gate,DO,4.25,False,105
2021,8,river,Halda,Garduara Sluice gate,DO,5.34,False,105
2021,9,river,Halda,Garduara Sluice gate,DO,5.85,False,105
2021,10,river,Halda,Garduara Sluice gate,DO,5.4,False,105
2021,11,river,Halda,Garduara Sluice gate,DO,8.12,False,105
2021,12,river,Halda,Garduara Sluice gate,DO,7.44,False,105
2021,1,river,Halda,Garduara Sluice gate,SS,136.0,False,106
2021,2,river,Halda,Garduara Sluice gate,SS,32.0,False,106
2021,3,river,Halda,Garduara Sluice gate,SS,42.0,False,106
2021,4,river,Halda,Garduara Sluice gate,SS,48.0,False,106
2021,5,river,Halda,Garduara Sluice gate,SS,89.0,False,106
2021,6,river,Halda,Garduara Sluice gate,SS,481.0,False,106
2021,7,river,Halda,Garduara Sluice gate,SS,135.0,False,106
2021,8,river,Halda,Garduara Sluice gate,SS,142.0,False,106
2021,9,river,Halda,Garduara Sluice gate,SS,63.0,False,106
2021,10,river,Halda,Garduara Sluice gate,SS,45.0,False,106
2021,11,river,Halda,Garduara Sluice gate,SS,24.0,False,106
2021,12,river,Halda,Garduara Sluice gate,SS,37.0,False,106
2021,1,river,Halda,Garduara Sluice gate,TDS,74.7,False,106
2021,2,river,Halda,Garduara Sluice gate,TDS,67.4,False,106
2021,3,river,Halda,Garduara Sluice gate,TDS,89.4,False,106
2021,4,river,Halda,Garduara Sluice gate,TDS,79.5,False,106
2021,5,river,Halda,Garduara Sluice gate,TDS,540.0,False,106
2021,6,river,Halda,Garduara Sluice gate,TDS,79.8,False,106
2021,7,river,Halda,Garduara Sluice gate,TDS,51.8,False,106
2021,8,river,Halda,Garduara Sluice gate,TDS,51.3,False,106
2021,9,river,Halda,Garduara Sluice gate,TDS,53.3,False,106
2021,10,river,Halda,Garduara Sluice gate,TDS,46.0,False,106
2021,11,river,Halda,Garduara Sluice gate,TDS,15.64,False,106
2021,12,river,Halda,Garduara Sluice gate,TDS,38.0,False,106
2021,1,river,Halda,Garduara Sluice gate,pH,9.03,False,105
2021,2,river,Halda,Garduara Sluice gate,pH,8.02,False,105
2021,3,river,Halda,Garduara Sluice gate,pH,7.89,False,105
2021,4,river,Halda,Garduara Sluice gate,pH,7.71,False,105
2021,5,river,Halda,Garduara Sluice gate,pH,8.09,False,105
2021,6,river,Halda,Garduara Sluice gate,pH,8.64,False,105
2021,7,river,Halda,Garduara Sluice gate,pH,8.14,False,105
2021,8,river,Halda,Garduara Sluice gate,pH,7.55,False,105
2021,9,river,Halda,Garduara Sluice gate,pH,7.02,False,105
2021,10,river,Halda,Garduara Sluice gate,pH,7.35,False,105
2021,11,river,Halda,Garduara Sluice gate,pH,7.26,False,105
2021,12,river,Halda,Garduara Sluice gate,pH,7.34,False,105
2021,1,river,Halda,Halda Bridge,BOD,9.0,False,106
2021,2,river,Halda,Halda Bridge,BOD,4.0,False,106
2021,3,river,Halda,Halda Bridge,BOD,4.0,False,106
2021,4,river,Halda,Halda Bridge,BOD,4.0,False,106
2021,5,river,Halda,Halda Bridge,BOD,4.0,False,106
2021,6,river,Halda,Halda Bridge,BOD,5.0,False,106
2021,7,river,Halda,Halda Bridge,BOD,5.0,False,106
2021,8,river,Halda,Halda Bridge,BOD,6.0,False,106
2021,9,river,Halda,Halda Bridge,BOD,4.0,False,106
2021,10,river,Halda,Halda Bridge,BOD,5.0,False,106
2021,11,river,Halda,Halda Bridge,BOD,4.0,False,106
2021,12,river,Halda,Halda Bridge,BOD,5.0,False,106
2021,1,river,Halda,Halda Bridge,COD,36.0,False,106
2021,2,river,Halda,Halda Bridge,COD,15.0,False,106
2021,3,river,Halda,Halda Bridge,COD,19.0,False,106
2021,4,river,Halda,Halda Bridge,COD,19.0,False,106
2021,5,river,Halda,Halda Bridge,COD,20.0,False,106
2021,6,river,Halda,Halda Bridge,COD,22.0,False,106
2021,7,river,Halda,Halda Bridge,COD,17.0,False,106
2021,8,river,Halda,Halda Bridge,COD,18.0,False,106
2021,9,river,Halda,Halda Bridge,COD,12.0,False,106
2021,10,river,Halda,Halda Bridge,COD,12.0,False,106
2021,11,river,Halda,Halda Bridge,COD,10.0,False,106
2021,12,river,Halda,Halda Bridge,COD,14.0,False,106
2021,1,river,Halda,Halda Bridge,DO,7.75,False,105
2021,2,river,Halda,Halda Bridge,DO,7.68,False,105
2021,3,river,Halda,Halda Bridge,DO,7.74,False,105
2021,4,river,Halda,Halda Bridge,DO,7.74,False,105
2021,5,river,Halda,Halda Bridge,DO,7.72,False,105
2021,6,river,Halda,Halda Bridge,DO,6.01,False,105
2021,7,river,Halda,Halda Bridge,DO,4.17,False,105
2021,8,river,Halda,Halda Bridge,DO,5.52,False,105
2021,9,river,Halda,Halda Bridge,DO,5.38,False,105
2021,10,river,Halda,Halda Bridge,DO,6.12,False,105
2021,11,river,Halda,Halda Bridge,DO,8.26,False,105
2021,12,river,Halda,Halda Bridge,DO,7.22,False,105
2021,1,river,Halda,Halda Bridge,SS,139.0,False,106
2021,2,river,Halda,Halda Bridge,SS,37.0,False,106
2021,3,river,Halda,Halda Bridge,SS,49.0,False,106
2021,4,river,Halda,Halda Bridge,SS,49.0,False,106
2021,5,river,Halda,Halda Bridge,SS,176.0,False,106
2021,6,river,Halda,Halda Bridge,SS,548.0,False,106
2021,7,river,Halda,Halda Bridge,SS,139.0,False,106
2021,8,river,Halda,Halda Bridge,SS,113.0,False,106
2021,9,river,Halda,Halda Bridge,SS,37.0,False,106
2021,10,river,Halda,Halda Bridge,SS,98.0,False,106
2021,11,river,Halda,Halda Bridge,SS,15.0,False,106
2021,12,river,Halda,Halda Bridge,SS,59.0,False,106
2021,1,river,Halda,Halda Bridge,TDS,75.1,False,106
2021,2,river,Halda,Halda Bridge,TDS,69.9,False,106
2021,3,river,Halda,Halda Bridge,TDS,73.9,False,106
2021,4,river,Halda,Halda Bridge,TDS,73.9,False,106
2021,5,river,Halda,Halda Bridge,TDS,190.2,False,106
2021,6,river,Halda,Halda Bridge,TDS,72.3,False,106
2021,7,river,Halda,Halda Bridge,TDS,49.7,False,106
2021,8,river,Halda,Halda Bridge,TDS,66.3,False,106
2021,9,river,Halda,Halda Bridge,TDS,69.1,False,106
2021,10,river,Halda,Halda Bridge,TDS,49.3,False,106
2021,11,river,Halda,Halda Bridge,TDS,17.2,False,106
2021,12,river,Halda,Halda Bridge,TDS,64.2,False,106
2021,1,river,Halda,Halda Bridge,pH,8.98,False,105
2021,2,river,Halda,Halda Bridge,pH,7.55,False,105
2021,3,river,Halda,Halda Bridge,pH,7.67,False,105
2021,4,river,Halda,Halda Bridge,pH,7.76,False,105
2021,5,river,Halda,Halda Bridge,pH,8.48,False,105
2021,6,river,Halda,Halda Bridge,pH,8.38,False,105
2021,7,river,Halda,Halda Bridge,pH,8.09,False,105
2021,8,river,Halda,Halda Bridge,pH,7.72,False,105
2021,9,river,Halda,Halda Bridge,pH,7.61,False,105
2021,10,river,Halda,Halda Bridge,pH,7.56,False,105
2021,11,river,Halda,Halda Bridge,pH,7.43,False,105
2021,12,river,Halda,Halda Bridge,pH,7.45,False,105
2021,1,river,Halda,Maduna Ghat,BOD,12.0,False,106
2021,2,river,Halda,Maduna Ghat,BOD,6.0,False,106
2021,3,river,Halda,Maduna Ghat,BOD,7.0,False,106
2021,4,river,Halda,Maduna Ghat,BOD,6.0,False,106
2021,5,river,Halda,Maduna Ghat,BOD,7.0,False,106
2021,6,river,Halda,Maduna Ghat,BOD,6.0,False,106
2021,7,river,Halda,Maduna Ghat,BOD,6.0,False,106
2021,8,river,Halda,Maduna Ghat,BOD,4.0,False,106
2021,9,river,Halda,Maduna Ghat,BOD,3.0,False,106
2021,10,river,Halda,Maduna Ghat,BOD,5.0,False,106
2021,11,river,Halda,Maduna Ghat,BOD,4.0,False,106
2021,12,river,Halda,Maduna Ghat,BOD,4.0,False,106
2021,1,river,Halda,Maduna Ghat,COD,60.0,False,106
2021,2,river,Halda,Maduna Ghat,COD,20.0,False,106
2021,3,river,Halda,Maduna Ghat,COD,25.0,False,106
2021,4,river,Halda,Maduna Ghat,COD,21.0,False,106
2021,5,river,Halda,Maduna Ghat,COD,28.0,False,106
2021,6,river,Halda,Maduna Ghat,COD,24.0,False,106
2021,7,river,Halda,Maduna Ghat,COD,20.0,False,106
2021,8,river,Halda,Maduna Ghat,COD,16.0,False,106
2021,9,river,Halda,Maduna Ghat,COD,10.0,False,106
2021,10,river,Halda,Maduna Ghat,COD,15.0,False,106
2021,11,river,Halda,Maduna Ghat,COD,13.0,False,106
2021,12,river,Halda,Maduna Ghat,COD,17.0,False,106
2021,1,river,Halda,Maduna Ghat,DO,8.0,False,105
2021,2,river,Halda,Maduna Ghat,DO,7.8,False,105
2021,3,river,Halda,Maduna Ghat,DO,7.78,False,105
2021,4,river,Halda,Maduna Ghat,DO,7.69,False,105
2021,5,river,Halda,Maduna Ghat,DO,7.43,False,105
2021,6,river,Halda,Maduna Ghat,DO,5.91,False,105
2021,7,river,Halda,Maduna Ghat,DO,5.05,False,105
2021,8,river,Halda,Maduna Ghat,DO,5.74,False,105
2021,9,river,Halda,Maduna Ghat,DO,5.76,False,105
2021,10,river,Halda,Maduna Ghat,DO,5.49,False,105
2021,11,river,Halda,Maduna Ghat,DO,8.07,False,105
2021,12,river,Halda,Maduna Ghat,DO,7.89,False,105
2021,1,river,Halda,Maduna Ghat,SS,169.0,False,106
2021,2,river,Halda,Maduna Ghat,SS,29.0,False,106
2021,3,river,Halda,Maduna Ghat,SS,36.0,False,106
2021,4,river,Halda,Maduna Ghat,SS,28.0,False,106
2021,5,river,Halda,Maduna Ghat,SS,219.0,False,106
2021,6,river,Halda,Maduna Ghat,SS,151.0,False,106
2021,7,river,Halda,Maduna Ghat,SS,121.0,False,106
2021,8,river,Halda,Maduna Ghat,SS,105.0,False,106
2021,9,river,Halda,Maduna Ghat,SS,76.0,False,106
2021,10,river,Halda,Maduna Ghat,SS,67.0,False,106
2021,11,river,Halda,Maduna Ghat,SS,14.0,False,106
2021,12,river,Halda,Maduna Ghat,SS,46.0,False,106
2021,1,river,Halda,Maduna Ghat,pH,8.95,False,105
2021,2,river,Halda,Maduna Ghat,pH,7.54,False,105
2021,3,river,Halda,Maduna Ghat,pH,7.62,False,105
2021,4,river,Halda,Maduna Ghat,pH,7.72,False,105
2021,5,river,Halda,Maduna Ghat,pH,8.57,False,105
2021,6,river,Halda,Maduna Ghat,pH,8.31,False,105
2021,7,river,Halda,Maduna Ghat,pH,8.34,False,105
2021,8,river,Halda,Maduna Ghat,pH,7.62,False,105
2021,9,river,Halda,Maduna Ghat,pH,7.12,False,105
2021,10,river,Halda,Maduna Ghat,pH,7.43,False,105
2021,11,river,Halda,Maduna Ghat,pH,7.47,False,105
2021,12,river,Halda,Maduna Ghat,pH,7.49,False,105
2021,1,urban_lake,Hatir Jheel,FDC More Bridge,BOD,12.0,False,128
2021,2,urban_lake,Hatir Jheel,FDC More Bridge,BOD,20.0,False,128
2021,3,urban_lake,Hatir Jheel,FDC More Bridge,BOD,28.0,False,128
2021,4,urban_lake,Hatir Jheel,FDC More Bridge,BOD,22.0,False,128
2021,6,urban_lake,Hatir Jheel,FDC More Bridge,BOD,6.0,False,128
2021,7,urban_lake,Hatir Jheel,FDC More Bridge,BOD,8.0,False,128
2021,8,urban_lake,Hatir Jheel,FDC More Bridge,BOD,15.0,False,128
2021,9,urban_lake,Hatir Jheel,FDC More Bridge,BOD,12.0,False,128
2021,12,urban_lake,Hatir Jheel,FDC More Bridge,BOD,24.0,False,128
2021,1,urban_lake,Hatir Jheel,FDC More Bridge,COD,60.0,False,128
2021,2,urban_lake,Hatir Jheel,FDC More Bridge,COD,51.0,False,128
2021,3,urban_lake,Hatir Jheel,FDC More Bridge,COD,110.0,False,128
2021,4,urban_lake,Hatir Jheel,FDC More Bridge,COD,93.0,False,128
2021,6,urban_lake,Hatir Jheel,FDC More Bridge,COD,22.0,False,128
2021,7,urban_lake,Hatir Jheel,FDC More Bridge,COD,28.0,False,128
2021,8,urban_lake,Hatir Jheel,FDC More Bridge,COD,46.0,False,128
2021,9,urban_lake,Hatir Jheel,FDC More Bridge,COD,46.0,False,128
2021,12,urban_lake,Hatir Jheel,FDC More Bridge,COD,68.0,False,128
2021,1,urban_lake,Hatir Jheel,FDC More Bridge,Chloride,62.0,False,129
2021,2,urban_lake,Hatir Jheel,FDC More Bridge,Chloride,63.0,False,129
2021,3,urban_lake,Hatir Jheel,FDC More Bridge,Chloride,40.0,False,129
2021,4,urban_lake,Hatir Jheel,FDC More Bridge,Chloride,62.0,False,129
2021,6,urban_lake,Hatir Jheel,FDC More Bridge,Chloride,46.0,False,129
2021,7,urban_lake,Hatir Jheel,FDC More Bridge,Chloride,44.0,False,129
2021,8,urban_lake,Hatir Jheel,FDC More Bridge,Chloride,40.0,False,129
2021,9,urban_lake,Hatir Jheel,FDC More Bridge,Chloride,41.5,False,129
2021,12,urban_lake,Hatir Jheel,FDC More Bridge,Chloride,44.0,False,129
2021,1,urban_lake,Hatir Jheel,FDC More Bridge,DO,2.7,False,128
2021,2,urban_lake,Hatir Jheel,FDC More Bridge,DO,6.0,False,128
2021,3,urban_lake,Hatir Jheel,FDC More Bridge,DO,4.5,False,128
2021,4,urban_lake,Hatir Jheel,FDC More Bridge,DO,18.68,False,128
2021,6,urban_lake,Hatir Jheel,FDC More Bridge,DO,2.02,False,128
2021,7,urban_lake,Hatir Jheel,FDC More Bridge,DO,5.02,False,128
2021,8,urban_lake,Hatir Jheel,FDC More Bridge,DO,0.0,False,128
2021,9,urban_lake,Hatir Jheel,FDC More Bridge,DO,0.0,False,128
2021,12,urban_lake,Hatir Jheel,FDC More Bridge,DO,1.68,False,128
2021,1,urban_lake,Hatir Jheel,FDC More Bridge,EC,527.0,False,129
2021,2,urban_lake,Hatir Jheel,FDC More Bridge,EC,530.0,False,129
2021,3,urban_lake,Hatir Jheel,FDC More Bridge,EC,530.0,False,129
2021,4,urban_lake,Hatir Jheel,FDC More Bridge,EC,441.0,False,129
2021,6,urban_lake,Hatir Jheel,FDC More Bridge,EC,514.0,False,129
2021,7,urban_lake,Hatir Jheel,FDC More Bridge,EC,469.0,False,129
2021,8,urban_lake,Hatir Jheel,FDC More Bridge,EC,514.0,False,129
2021,9,urban_lake,Hatir Jheel,FDC More Bridge,EC,498.0,False,129
2021,12,urban_lake,Hatir Jheel,FDC More Bridge,EC,471.0,False,129
2021,1,urban_lake,Hatir Jheel,FDC More Bridge,SS,13.0,False,129
2021,2,urban_lake,Hatir Jheel,FDC More Bridge,SS,13.0,False,129
2021,3,urban_lake,Hatir Jheel,FDC More Bridge,SS,3.0,False,129
2021,4,urban_lake,Hatir Jheel,FDC More Bridge,SS,30.0,False,129
2021,6,urban_lake,Hatir Jheel,FDC More Bridge,SS,41.0,False,129
2021,7,urban_lake,Hatir Jheel,FDC More Bridge,SS,44.0,False,129
2021,8,urban_lake,Hatir Jheel,FDC More Bridge,SS,72.0,False,129
2021,9,urban_lake,Hatir Jheel,FDC More Bridge,SS,58.0,False,129
2021,12,urban_lake,Hatir Jheel,FDC More Bridge,SS,48.0,False,129
2021,1,urban_lake,Hatir Jheel,FDC More Bridge,TDS,314.0,False,128
2021,2,urban_lake,Hatir Jheel,FDC More Bridge,TDS,313.0,False,128
2021,3,urban_lake,Hatir Jheel,FDC More Bridge,TDS,313.0,False,128
2021,4,urban_lake,Hatir Jheel,FDC More Bridge,TDS,260.0,False,128
2021,6,urban_lake,Hatir Jheel,FDC More Bridge,TDS,298.0,False,128
2021,7,urban_lake,Hatir Jheel,FDC More Bridge,TDS,243.0,False,128
2021,8,urban_lake,Hatir Jheel,FDC More Bridge,TDS,274.0,False,128
2021,9,urban_lake,Hatir Jheel,FDC More Bridge,TDS,267.0,False,128
2021,12,urban_lake,Hatir Jheel,FDC More Bridge,TDS,259.0,False,128
2021,1,urban_lake,Hatir Jheel,FDC More Bridge,TotalAlkalinity,252.0,False,129
2021,2,urban_lake,Hatir Jheel,FDC More Bridge,TotalAlkalinity,260.0,False,129
2021,3,urban_lake,Hatir Jheel,FDC More Bridge,TotalAlkalinity,260.0,False,129
2021,4,urban_lake,Hatir Jheel,FDC More Bridge,TotalAlkalinity,240.0,False,129
2021,6,urban_lake,Hatir Jheel,FDC More Bridge,TotalAlkalinity,149.0,False,129
2021,7,urban_lake,Hatir Jheel,FDC More Bridge,TotalAlkalinity,143.0,False,129
2021,8,urban_lake,Hatir Jheel,FDC More Bridge,TotalAlkalinity,193.0,False,129
2021,9,urban_lake,Hatir Jheel,FDC More Bridge,TotalAlkalinity,174.0,False,129
2021,12,urban_lake,Hatir Jheel,FDC More Bridge,TotalAlkalinity,108.0,False,129
2021,1,urban_lake,Hatir Jheel,FDC More Bridge,Turbidity,68.8,False,129
2021,2,urban_lake,Hatir Jheel,FDC More Bridge,Turbidity,64.0,False,129
2021,3,urban_lake,Hatir Jheel,FDC More Bridge,Turbidity,25.0,False,129
2021,4,urban_lake,Hatir Jheel,FDC More Bridge,Turbidity,339.0,False,129
2021,6,urban_lake,Hatir Jheel,FDC More Bridge,Turbidity,95.0,False,129
2021,7,urban_lake,Hatir Jheel,FDC More Bridge,Turbidity,106.0,False,129
2021,9,urban_lake,Hatir Jheel,FDC More Bridge,Turbidity,32.0,False,129
2021,12,urban_lake,Hatir Jheel,FDC More Bridge,Turbidity,50.7,False,129
2021,1,urban_lake,Hatir Jheel,FDC More Bridge,pH,7.46,False,128
2021,2,urban_lake,Hatir Jheel,FDC More Bridge,pH,7.7,False,128
2021,3,urban_lake,Hatir Jheel,FDC More Bridge,pH,7.7,False,128
2021,4,urban_lake,Hatir Jheel,FDC More Bridge,pH,8.42,False,128
2021,6,urban_lake,Hatir Jheel,FDC More Bridge,pH,7.3,False,128
2021,7,urban_lake,Hatir Jheel,FDC More Bridge,pH,7.12,False,128
2021,8,urban_lake,Hatir Jheel,FDC More Bridge,pH,6.74,False,128
2021,9,urban_lake,Hatir Jheel,FDC More Bridge,pH,6.64,False,128
2021,12,urban_lake,Hatir Jheel,FDC More Bridge,pH,7.71,False,128
2021,1,urban_lake,Hatir Jheel,Raampura Bridge,BOD,22.0,False,128
2021,2,urban_lake,Hatir Jheel,Raampura Bridge,BOD,22.0,False,128
2021,3,urban_lake,Hatir Jheel,Raampura Bridge,BOD,30.0,False,128
2021,4,urban_lake,Hatir Jheel,Raampura Bridge,BOD,22.0,False,128
2021,6,urban_lake,Hatir Jheel,Raampura Bridge,BOD,22.0,False,128
2021,7,urban_lake,Hatir Jheel,Raampura Bridge,BOD,16.0,False,128
2021,8,urban_lake,Hatir Jheel,Raampura Bridge,BOD,10.0,False,128
2021,9,urban_lake,Hatir Jheel,Raampura Bridge,BOD,30.0,False,128
2021,12,urban_lake,Hatir Jheel,Raampura Bridge,BOD,28.0,False,128
2021,1,urban_lake,Hatir Jheel,Raampura Bridge,COD,117.0,False,128
2021,2,urban_lake,Hatir Jheel,Raampura Bridge,COD,120.0,False,128
2021,3,urban_lake,Hatir Jheel,Raampura Bridge,COD,120.0,False,128
2021,4,urban_lake,Hatir Jheel,Raampura Bridge,COD,98.0,False,128
2021,6,urban_lake,Hatir Jheel,Raampura Bridge,COD,78.0,False,128
2021,7,urban_lake,Hatir Jheel,Raampura Bridge,COD,108.0,False,128
2021,8,urban_lake,Hatir Jheel,Raampura Bridge,COD,44.0,False,128
2021,9,urban_lake,Hatir Jheel,Raampura Bridge,COD,149.0,False,128
2021,12,urban_lake,Hatir Jheel,Raampura Bridge,COD,83.0,False,128
2021,1,urban_lake,Hatir Jheel,Raampura Bridge,Chloride,45.5,False,129
2021,2,urban_lake,Hatir Jheel,Raampura Bridge,Chloride,65.5,False,129
2021,3,urban_lake,Hatir Jheel,Raampura Bridge,Chloride,42.0,False,129
2021,4,urban_lake,Hatir Jheel,Raampura Bridge,Chloride,57.0,False,129
2021,6,urban_lake,Hatir Jheel,Raampura Bridge,Chloride,42.0,False,129
2021,7,urban_lake,Hatir Jheel,Raampura Bridge,Chloride,40.0,False,129
2021,8,urban_lake,Hatir Jheel,Raampura Bridge,Chloride,39.0,False,129
2021,9,urban_lake,Hatir Jheel,Raampura Bridge,Chloride,40.5,False,129
2021,12,urban_lake,Hatir Jheel,Raampura Bridge,Chloride,46.0,False,129
2021,1,urban_lake,Hatir Jheel,Raampura Bridge,DO,5.0,False,128
2021,2,urban_lake,Hatir Jheel,Raampura Bridge,DO,1.9,False,128
2021,3,urban_lake,Hatir Jheel,Raampura Bridge,DO,1.9,False,128
2021,4,urban_lake,Hatir Jheel,Raampura Bridge,DO,16.3,False,128
2021,6,urban_lake,Hatir Jheel,Raampura Bridge,DO,8.54,False,128
2021,7,urban_lake,Hatir Jheel,Raampura Bridge,DO,8.54,False,128
2021,8,urban_lake,Hatir Jheel,Raampura Bridge,DO,1.1,False,128
2021,9,urban_lake,Hatir Jheel,Raampura Bridge,DO,0.0,False,128
2021,12,urban_lake,Hatir Jheel,Raampura Bridge,DO,3.22,False,128
2021,1,urban_lake,Hatir Jheel,Raampura Bridge,EC,505.0,False,129
2021,2,urban_lake,Hatir Jheel,Raampura Bridge,EC,545.0,False,129
2021,3,urban_lake,Hatir Jheel,Raampura Bridge,EC,545.0,False,129
2021,4,urban_lake,Hatir Jheel,Raampura Bridge,EC,430.0,False,129
2021,6,urban_lake,Hatir Jheel,Raampura Bridge,EC,427.0,False,129
2021,7,urban_lake,Hatir Jheel,Raampura Bridge,EC,417.0,False,129
2021,8,urban_lake,Hatir Jheel,Raampura Bridge,EC,494.0,False,129
2021,9,urban_lake,Hatir Jheel,Raampura Bridge,EC,497.0,False,129
2021,12,urban_lake,Hatir Jheel,Raampura Bridge,EC,531.0,False,129
2021,1,urban_lake,Hatir Jheel,Raampura Bridge,SS,82.0,False,129
2021,2,urban_lake,Hatir Jheel,Raampura Bridge,SS,82.0,False,129
2021,3,urban_lake,Hatir Jheel,Raampura Bridge,SS,20.0,False,129
2021,4,urban_lake,Hatir Jheel,Raampura Bridge,SS,30.0,False,129
2021,6,urban_lake,Hatir Jheel,Raampura Bridge,SS,74.0,False,129
2021,7,urban_lake,Hatir Jheel,Raampura Bridge,SS,80.0,False,129
2021,8,urban_lake,Hatir Jheel,Raampura Bridge,SS,64.0,False,129
2021,9,urban_lake,Hatir Jheel,Raampura Bridge,SS,56.0,False,129
2021,12,urban_lake,Hatir Jheel,Raampura Bridge,SS,86.0,False,129
2021,1,urban_lake,Hatir Jheel,Raampura Bridge,TDS,301.0,False,128
2021,2,urban_lake,Hatir Jheel,Raampura Bridge,TDS,313.0,False,128
2021,3,urban_lake,Hatir Jheel,Raampura Bridge,TDS,313.0,False,128
2021,4,urban_lake,Hatir Jheel,Raampura Bridge,TDS,254.0,False,128
2021,6,urban_lake,Hatir Jheel,Raampura Bridge,TDS,286.7,False,128
2021,7,urban_lake,Hatir Jheel,Raampura Bridge,TDS,205.0,False,128
2021,8,urban_lake,Hatir Jheel,Raampura Bridge,TDS,259.0,False,128
2021,9,urban_lake,Hatir Jheel,Raampura Bridge,TDS,267.0,False,128
2021,12,urban_lake,Hatir Jheel,Raampura Bridge,TDS,294.0,False,128
2021,1,urban_lake,Hatir Jheel,Raampura Bridge,TotalAlkalinity,189.0,False,129
2021,2,urban_lake,Hatir Jheel,Raampura Bridge,TotalAlkalinity,220.0,False,129
2021,3,urban_lake,Hatir Jheel,Raampura Bridge,TotalAlkalinity,220.0,False,129
2021,4,urban_lake,Hatir Jheel,Raampura Bridge,TotalAlkalinity,230.0,False,129
2021,6,urban_lake,Hatir Jheel,Raampura Bridge,TotalAlkalinity,137.0,False,129
2021,7,urban_lake,Hatir Jheel,Raampura Bridge,TotalAlkalinity,127.0,False,129
2021,8,urban_lake,Hatir Jheel,Raampura Bridge,TotalAlkalinity,184.0,False,129
2021,9,urban_lake,Hatir Jheel,Raampura Bridge,TotalAlkalinity,104.0,False,129
2021,12,urban_lake,Hatir Jheel,Raampura Bridge,TotalAlkalinity,128.0,False,129
2021,1,urban_lake,Hatir Jheel,Raampura Bridge,Turbidity,214.0,False,129
2021,2,urban_lake,Hatir Jheel,Raampura Bridge,Turbidity,214.0,False,129
2021,3,urban_lake,Hatir Jheel,Raampura Bridge,Turbidity,88.0,False,129
2021,4,urban_lake,Hatir Jheel,Raampura Bridge,Turbidity,687.0,False,129
2021,6,urban_lake,Hatir Jheel,Raampura Bridge,Turbidity,112.0,False,129
2021,7,urban_lake,Hatir Jheel,Raampura Bridge,Turbidity,211.0,False,129
2021,9,urban_lake,Hatir Jheel,Raampura Bridge,Turbidity,33.0,False,129
2021,12,urban_lake,Hatir Jheel,Raampura Bridge,Turbidity,29.9,False,129
2021,1,urban_lake,Hatir Jheel,Raampura Bridge,pH,7.45,False,128
2021,2,urban_lake,Hatir Jheel,Raampura Bridge,pH,7.38,False,128
2021,3,urban_lake,Hatir Jheel,Raampura Bridge,pH,7.38,False,128
2021,4,urban_lake,Hatir Jheel,Raampura Bridge,pH,8.02,False,128
2021,6,urban_lake,Hatir Jheel,Raampura Bridge,pH,7.38,False,128
2021,7,urban_lake,Hatir Jheel,Raampura Bridge,pH,7.28,False,128
2021,8,urban_lake,Hatir Jheel,Raampura Bridge,pH,6.82,False,128
2021,9,urban_lake,Hatir Jheel,Raampura Bridge,pH,6.86,False,128
2021,12,urban_lake,Hatir Jheel,Raampura Bridge,pH,7.57,False,128
2021,1,river,Jamuna,Horipur Kheya Ghat (DN),BOD,2.3,False,98
2021,2,river,Jamuna,Horipur Kheya Ghat (DN),BOD,2.3,False,98
2021,3,river,Jamuna,Horipur Kheya Ghat (DN),BOD,2.2,False,98
2021,4,river,Jamuna,Horipur Kheya Ghat (DN),BOD,2.2,False,98
2021,5,river,Jamuna,Horipur Kheya Ghat (DN),BOD,2.2,False,98
2021,6,river,Jamuna,Horipur Kheya Ghat (DN),BOD,2.2,False,98
2021,8,river,Jamuna,Horipur Kheya Ghat (DN),BOD,2.3,False,98
2021,9,river,Jamuna,Horipur Kheya Ghat (DN),BOD,2.2,False,98
2021,10,river,Jamuna,Horipur Kheya Ghat (DN),BOD,2.2,False,98
2021,11,river,Jamuna,Horipur Kheya Ghat (DN),BOD,2.2,False,98
2021,12,river,Jamuna,Horipur Kheya Ghat (DN),BOD,2.2,False,98
2021,1,river,Jamuna,Horipur Kheya Ghat (DN),Chloride,10.0,False,99
2021,2,river,Jamuna,Horipur Kheya Ghat (DN),Chloride,10.0,False,99
2021,3,river,Jamuna,Horipur Kheya Ghat (DN),Chloride,10.0,False,99
2021,4,river,Jamuna,Horipur Kheya Ghat (DN),Chloride,10.0,False,99
2021,5,river,Jamuna,Horipur Kheya Ghat (DN),Chloride,10.0,False,99
2021,6,river,Jamuna,Horipur Kheya Ghat (DN),Chloride,10.0,False,99
2021,8,river,Jamuna,Horipur Kheya Ghat (DN),Chloride,10.0,False,99
2021,9,river,Jamuna,Horipur Kheya Ghat (DN),Chloride,10.0,False,99
2021,10,river,Jamuna,Horipur Kheya Ghat (DN),Chloride,10.0,False,99
2021,11,river,Jamuna,Horipur Kheya Ghat (DN),Chloride,10.0,False,99
2021,12,river,Jamuna,Horipur Kheya Ghat (DN),Chloride,10.0,False,99
2021,1,river,Jamuna,Horipur Kheya Ghat (DN),DO,7.68,False,97
2021,2,river,Jamuna,Horipur Kheya Ghat (DN),DO,7.66,False,97
2021,3,river,Jamuna,Horipur Kheya Ghat (DN),DO,8.12,False,97
2021,4,river,Jamuna,Horipur Kheya Ghat (DN),DO,8.1,False,97
2021,5,river,Jamuna,Horipur Kheya Ghat (DN),DO,7.66,False,97
2021,6,river,Jamuna,Horipur Kheya Ghat (DN),DO,7.68,False,97
2021,8,river,Jamuna,Horipur Kheya Ghat (DN),DO,7.64,False,97
2021,9,river,Jamuna,Horipur Kheya Ghat (DN),DO,7.72,False,97
2021,10,river,Jamuna,Horipur Kheya Ghat (DN),DO,7.66,False,97
2021,11,river,Jamuna,Horipur Kheya Ghat (DN),DO,7.66,False,97
2021,12,river,Jamuna,Horipur Kheya Ghat (DN),DO,7.68,False,97
2021,1,river,Jamuna,Horipur Kheya Ghat (DN),SS,38.0,False,98
2021,2,river,Jamuna,Horipur Kheya Ghat (DN),SS,36.0,False,98
2021,3,river,Jamuna,Horipur Kheya Ghat (DN),SS,39.0,False,98
2021,4,river,Jamuna,Horipur Kheya Ghat (DN),SS,38.0,False,98
2021,5,river,Jamuna,Horipur Kheya Ghat (DN),SS,34.0,False,98
2021,6,river,Jamuna,Horipur Kheya Ghat (DN),SS,36.0,False,98
2021,8,river,Jamuna,Horipur Kheya Ghat (DN),SS,34.0,False,98
2021,9,river,Jamuna,Horipur Kheya Ghat (DN),SS,38.0,False,98
2021,10,river,Jamuna,Horipur Kheya Ghat (DN),SS,38.0,False,98
2021,11,river,Jamuna,Horipur Kheya Ghat (DN),SS,36.0,False,98
2021,12,river,Jamuna,Horipur Kheya Ghat (DN),SS,36.0,False,98
2021,1,river,Jamuna,Horipur Kheya Ghat (DN),TDS,122.0,False,98
2021,2,river,Jamuna,Horipur Kheya Ghat (DN),TDS,121.0,False,98
2021,3,river,Jamuna,Horipur Kheya Ghat (DN),TDS,131.0,False,98
2021,4,river,Jamuna,Horipur Kheya Ghat (DN),TDS,132.0,False,98
2021,5,river,Jamuna,Horipur Kheya Ghat (DN),TDS,118.0,False,98
2021,6,river,Jamuna,Horipur Kheya Ghat (DN),TDS,121.0,False,98
2021,8,river,Jamuna,Horipur Kheya Ghat (DN),TDS,124.0,False,98
2021,9,river,Jamuna,Horipur Kheya Ghat (DN),TDS,124.0,False,98
2021,10,river,Jamuna,Horipur Kheya Ghat (DN),TDS,123.0,False,98
2021,11,river,Jamuna,Horipur Kheya Ghat (DN),TDS,124.0,False,98
2021,12,river,Jamuna,Horipur Kheya Ghat (DN),TDS,121.0,False,98
2021,1,river,Jamuna,Horipur Kheya Ghat (DN),pH,7.68,False,97
2021,2,river,Jamuna,Horipur Kheya Ghat (DN),pH,7.63,False,97
2021,3,river,Jamuna,Horipur Kheya Ghat (DN),pH,8.13,False,97
2021,4,river,Jamuna,Horipur Kheya Ghat (DN),pH,8.11,False,97
2021,5,river,Jamuna,Horipur Kheya Ghat (DN),pH,7.82,False,97
2021,6,river,Jamuna,Horipur Kheya Ghat (DN),pH,7.74,False,97
2021,8,river,Jamuna,Horipur Kheya Ghat (DN),pH,7.68,False,97
2021,9,river,Jamuna,Horipur Kheya Ghat (DN),pH,7.7,False,97
2021,10,river,Jamuna,Horipur Kheya Ghat (DN),pH,7.7,False,97
2021,11,river,Jamuna,Horipur Kheya Ghat (DN),pH,7.76,False,97
2021,12,river,Jamuna,Horipur Kheya Ghat (DN),pH,7.76,False,97
2021,1,river,Jamuna,Horipur Kheya Ghat (UP),BOD,2.3,False,98
2021,2,river,Jamuna,Horipur Kheya Ghat (UP),BOD,2.3,False,98
2021,3,river,Jamuna,Horipur Kheya Ghat (UP),BOD,2.2,False,98
2021,4,river,Jamuna,Horipur Kheya Ghat (UP),BOD,2.2,False,98
2021,5,river,Jamuna,Horipur Kheya Ghat (UP),BOD,2.2,False,98
2021,6,river,Jamuna,Horipur Kheya Ghat (UP),BOD,2.2,False,98
2021,8,river,Jamuna,Horipur Kheya Ghat (UP),BOD,2.3,False,98
2021,9,river,Jamuna,Horipur Kheya Ghat (UP),BOD,2.2,False,98
2021,10,river,Jamuna,Horipur Kheya Ghat (UP),BOD,2.2,False,98
2021,11,river,Jamuna,Horipur Kheya Ghat (UP),BOD,2.2,False,98
2021,12,river,Jamuna,Horipur Kheya Ghat (UP),BOD,2.2,False,98
2021,1,river,Jamuna,Horipur Kheya Ghat (UP),Chloride,10.0,False,99
2021,2,river,Jamuna,Horipur Kheya Ghat (UP),Chloride,10.0,False,99
2021,3,river,Jamuna,Horipur Kheya Ghat (UP),Chloride,10.0,False,99
2021,4,river,Jamuna,Horipur Kheya Ghat (UP),Chloride,10.0,False,99
2021,5,river,Jamuna,Horipur Kheya Ghat (UP),Chloride,10.0,False,99
2021,6,river,Jamuna,Horipur Kheya Ghat (UP),Chloride,10.0,False,99
2021,8,river,Jamuna,Horipur Kheya Ghat (UP),Chloride,10.0,False,99
2021,9,river,Jamuna,Horipur Kheya Ghat (UP),Chloride,10.0,False,99
2021,10,river,Jamuna,Horipur Kheya Ghat (UP),Chloride,10.0,False,99
2021,11,river,Jamuna,Horipur Kheya Ghat (UP),Chloride,10.0,False,99
2021,12,river,Jamuna,Horipur Kheya Ghat (UP),Chloride,10.0,False,99
2021,1,river,Jamuna,Horipur Kheya Ghat (UP),DO,7.68,False,97
2021,2,river,Jamuna,Horipur Kheya Ghat (UP),DO,7.66,False,97
2021,3,river,Jamuna,Horipur Kheya Ghat (UP),DO,8.12,False,97
2021,4,river,Jamuna,Horipur Kheya Ghat (UP),DO,8.1,False,97
2021,5,river,Jamuna,Horipur Kheya Ghat (UP),DO,7.66,False,97
2021,6,river,Jamuna,Horipur Kheya Ghat (UP),DO,7.68,False,97
2021,8,river,Jamuna,Horipur Kheya Ghat (UP),DO,7.64,False,97
2021,9,river,Jamuna,Horipur Kheya Ghat (UP),DO,7.72,False,97
2021,10,river,Jamuna,Horipur Kheya Ghat (UP),DO,7.66,False,97
2021,11,river,Jamuna,Horipur Kheya Ghat (UP),DO,7.66,False,97
2021,12,river,Jamuna,Horipur Kheya Ghat (UP),DO,7.68,False,97
2021,1,river,Jamuna,Horipur Kheya Ghat (UP),SS,38.0,False,98
2021,2,river,Jamuna,Horipur Kheya Ghat (UP),SS,36.0,False,98
2021,3,river,Jamuna,Horipur Kheya Ghat (UP),SS,39.0,False,98
2021,4,river,Jamuna,Horipur Kheya Ghat (UP),SS,38.0,False,98
2021,5,river,Jamuna,Horipur Kheya Ghat (UP),SS,34.0,False,98
2021,6,river,Jamuna,Horipur Kheya Ghat (UP),SS,36.0,False,98
2021,8,river,Jamuna,Horipur Kheya Ghat (UP),SS,34.0,False,98
2021,9,river,Jamuna,Horipur Kheya Ghat (UP),SS,38.0,False,98
2021,10,river,Jamuna,Horipur Kheya Ghat (UP),SS,38.0,False,98
2021,11,river,Jamuna,Horipur Kheya Ghat (UP),SS,36.0,False,98
2021,12,river,Jamuna,Horipur Kheya Ghat (UP),SS,36.0,False,98
2021,1,river,Jamuna,Horipur Kheya Ghat (UP),TDS,122.0,False,98
2021,2,river,Jamuna,Horipur Kheya Ghat (UP),TDS,121.0,False,98
2021,3,river,Jamuna,Horipur Kheya Ghat (UP),TDS,131.0,False,98
2021,4,river,Jamuna,Horipur Kheya Ghat (UP),TDS,132.0,False,98
2021,5,river,Jamuna,Horipur Kheya Ghat (UP),TDS,118.0,False,98
2021,6,river,Jamuna,Horipur Kheya Ghat (UP),TDS,121.0,False,98
2021,8,river,Jamuna,Horipur Kheya Ghat (UP),TDS,124.0,False,98
2021,9,river,Jamuna,Horipur Kheya Ghat (UP),TDS,124.0,False,98
2021,10,river,Jamuna,Horipur Kheya Ghat (UP),TDS,123.0,False,98
2021,11,river,Jamuna,Horipur Kheya Ghat (UP),TDS,124.0,False,98
2021,12,river,Jamuna,Horipur Kheya Ghat (UP),TDS,121.0,False,98
2021,1,river,Jamuna,Horipur Kheya Ghat (UP),pH,7.68,False,97
2021,2,river,Jamuna,Horipur Kheya Ghat (UP),pH,7.63,False,97
2021,3,river,Jamuna,Horipur Kheya Ghat (UP),pH,8.13,False,97
2021,4,river,Jamuna,Horipur Kheya Ghat (UP),pH,8.11,False,97
2021,5,river,Jamuna,Horipur Kheya Ghat (UP),pH,7.82,False,97
2021,6,river,Jamuna,Horipur Kheya Ghat (UP),pH,7.74,False,97
2021,8,river,Jamuna,Horipur Kheya Ghat (UP),pH,7.68,False,97
2021,9,river,Jamuna,Horipur Kheya Ghat (UP),pH,7.7,False,97
2021,10,river,Jamuna,Horipur Kheya Ghat (UP),pH,7.7,False,97
2021,11,river,Jamuna,Horipur Kheya Ghat (UP),pH,7.76,False,97
2021,12,river,Jamuna,Horipur Kheya Ghat (UP),pH,7.76,False,97
2021,1,river,Jamuna,Jamuna Eco Park (DN),BOD,2.3,False,98
2021,2,river,Jamuna,Jamuna Eco Park (DN),BOD,2.3,False,98
2021,3,river,Jamuna,Jamuna Eco Park (DN),BOD,2.2,False,98
2021,4,river,Jamuna,Jamuna Eco Park (DN),BOD,2.2,False,98
2021,5,river,Jamuna,Jamuna Eco Park (DN),BOD,2.3,False,98
2021,6,river,Jamuna,Jamuna Eco Park (DN),BOD,2.3,False,98
2021,8,river,Jamuna,Jamuna Eco Park (DN),BOD,2.3,False,98
2021,9,river,Jamuna,Jamuna Eco Park (DN),BOD,2.3,False,98
2021,10,river,Jamuna,Jamuna Eco Park (DN),BOD,2.3,False,98
2021,11,river,Jamuna,Jamuna Eco Park (DN),BOD,2.3,False,98
2021,12,river,Jamuna,Jamuna Eco Park (DN),BOD,2.3,False,98
2021,1,river,Jamuna,Jamuna Eco Park (DN),Chloride,13.0,False,99
2021,2,river,Jamuna,Jamuna Eco Park (DN),Chloride,12.0,False,99
2021,3,river,Jamuna,Jamuna Eco Park (DN),Chloride,11.0,False,99
2021,4,river,Jamuna,Jamuna Eco Park (DN),Chloride,11.0,False,99
2021,5,river,Jamuna,Jamuna Eco Park (DN),Chloride,11.0,False,99
2021,6,river,Jamuna,Jamuna Eco Park (DN),Chloride,11.0,False,99
2021,8,river,Jamuna,Jamuna Eco Park (DN),Chloride,11.0,False,99
2021,9,river,Jamuna,Jamuna Eco Park (DN),Chloride,11.0,False,99
2021,10,river,Jamuna,Jamuna Eco Park (DN),Chloride,11.0,False,99
2021,11,river,Jamuna,Jamuna Eco Park (DN),Chloride,11.0,False,99
2021,12,river,Jamuna,Jamuna Eco Park (DN),Chloride,11.0,False,99
2021,1,river,Jamuna,Jamuna Eco Park (DN),DO,7.78,False,97
2021,2,river,Jamuna,Jamuna Eco Park (DN),DO,7.76,False,97
2021,3,river,Jamuna,Jamuna Eco Park (DN),DO,7.6,False,97
2021,4,river,Jamuna,Jamuna Eco Park (DN),DO,7.62,False,97
2021,5,river,Jamuna,Jamuna Eco Park (DN),DO,7.66,False,97
2021,6,river,Jamuna,Jamuna Eco Park (DN),DO,7.6,False,97
2021,8,river,Jamuna,Jamuna Eco Park (DN),DO,7.58,False,97
2021,9,river,Jamuna,Jamuna Eco Park (DN),DO,7.62,False,97
2021,10,river,Jamuna,Jamuna Eco Park (DN),DO,77.6,True,97
2021,11,river,Jamuna,Jamuna Eco Park (DN),DO,7.52,False,97
2021,12,river,Jamuna,Jamuna Eco Park (DN),DO,7.6,False,97
2021,1,river,Jamuna,Jamuna Eco Park (DN),SS,38.0,False,98
2021,2,river,Jamuna,Jamuna Eco Park (DN),SS,36.0,False,98
2021,3,river,Jamuna,Jamuna Eco Park (DN),SS,40.0,False,98
2021,4,river,Jamuna,Jamuna Eco Park (DN),SS,38.0,False,98
2021,5,river,Jamuna,Jamuna Eco Park (DN),SS,40.0,False,98
2021,6,river,Jamuna,Jamuna Eco Park (DN),SS,40.0,False,98
2021,8,river,Jamuna,Jamuna Eco Park (DN),SS,38.0,False,98
2021,9,river,Jamuna,Jamuna Eco Park (DN),SS,36.0,False,98
2021,10,river,Jamuna,Jamuna Eco Park (DN),SS,42.0,False,98
2021,11,river,Jamuna,Jamuna Eco Park (DN),SS,40.0,False,98
2021,12,river,Jamuna,Jamuna Eco Park (DN),SS,40.0,False,98
2021,1,river,Jamuna,Jamuna Eco Park (DN),TDS,113.0,False,98
2021,2,river,Jamuna,Jamuna Eco Park (DN),TDS,115.0,False,98
2021,3,river,Jamuna,Jamuna Eco Park (DN),TDS,128.0,False,98
2021,4,river,Jamuna,Jamuna Eco Park (DN),TDS,128.0,False,98
2021,5,river,Jamuna,Jamuna Eco Park (DN),TDS,126.0,False,98
2021,6,river,Jamuna,Jamuna Eco Park (DN),TDS,128.0,False,98
2021,8,river,Jamuna,Jamuna Eco Park (DN),TDS,127.0,False,98
2021,9,river,Jamuna,Jamuna Eco Park (DN),TDS,128.0,False,98
2021,10,river,Jamuna,Jamuna Eco Park (DN),TDS,131.0,False,98
2021,11,river,Jamuna,Jamuna Eco Park (DN),TDS,128.0,False,98
2021,12,river,Jamuna,Jamuna Eco Park (DN),TDS,128.0,False,98
2021,1,river,Jamuna,Jamuna Eco Park (DN),pH,7.68,False,97
2021,2,river,Jamuna,Jamuna Eco Park (DN),pH,7.66,False,97
2021,3,river,Jamuna,Jamuna Eco Park (DN),pH,7.46,False,97
2021,4,river,Jamuna,Jamuna Eco Park (DN),pH,7.8,False,97
2021,5,river,Jamuna,Jamuna Eco Park (DN),pH,7.52,False,97
2021,6,river,Jamuna,Jamuna Eco Park (DN),pH,7.52,False,97
2021,8,river,Jamuna,Jamuna Eco Park (DN),pH,7.58,False,97
2021,9,river,Jamuna,Jamuna Eco Park (DN),pH,7.52,False,97
2021,10,river,Jamuna,Jamuna Eco Park (DN),pH,7.48,False,97
2021,11,river,Jamuna,Jamuna Eco Park (DN),pH,7.52,False,97
2021,12,river,Jamuna,Jamuna Eco Park (DN),pH,7.54,False,97
2021,1,river,Jamuna,Jamuna Eco Park (UP),BOD,2.3,False,98
2021,2,river,Jamuna,Jamuna Eco Park (UP),BOD,2.3,False,98
2021,3,river,Jamuna,Jamuna Eco Park (UP),BOD,2.2,False,98
2021,4,river,Jamuna,Jamuna Eco Park (UP),BOD,2.2,False,98
2021,5,river,Jamuna,Jamuna Eco Park (UP),BOD,2.3,False,98
2021,6,river,Jamuna,Jamuna Eco Park (UP),BOD,2.3,False,98
2021,8,river,Jamuna,Jamuna Eco Park (UP),BOD,2.3,False,98
2021,9,river,Jamuna,Jamuna Eco Park (UP),BOD,2.3,False,98
2021,10,river,Jamuna,Jamuna Eco Park (UP),BOD,2.3,False,98
2021,11,river,Jamuna,Jamuna Eco Park (UP),BOD,2.3,False,98
2021,12,river,Jamuna,Jamuna Eco Park (UP),BOD,2.3,False,98
2021,1,river,Jamuna,Jamuna Eco Park (UP),Chloride,13.0,False,99
2021,2,river,Jamuna,Jamuna Eco Park (UP),Chloride,12.0,False,99
2021,3,river,Jamuna,Jamuna Eco Park (UP),Chloride,11.0,False,99
2021,4,river,Jamuna,Jamuna Eco Park (UP),Chloride,11.0,False,99
2021,5,river,Jamuna,Jamuna Eco Park (UP),Chloride,11.0,False,99
2021,6,river,Jamuna,Jamuna Eco Park (UP),Chloride,11.0,False,99
2021,8,river,Jamuna,Jamuna Eco Park (UP),Chloride,11.0,False,99
2021,9,river,Jamuna,Jamuna Eco Park (UP),Chloride,11.0,False,99
2021,10,river,Jamuna,Jamuna Eco Park (UP),Chloride,11.0,False,99
2021,11,river,Jamuna,Jamuna Eco Park (UP),Chloride,11.0,False,99
2021,12,river,Jamuna,Jamuna Eco Park (UP),Chloride,11.0,False,99
2021,1,river,Jamuna,Jamuna Eco Park (UP),DO,7.78,False,97
2021,2,river,Jamuna,Jamuna Eco Park (UP),DO,7.76,False,97
2021,3,river,Jamuna,Jamuna Eco Park (UP),DO,7.6,False,97
2021,4,river,Jamuna,Jamuna Eco Park (UP),DO,7.62,False,97
2021,5,river,Jamuna,Jamuna Eco Park (UP),DO,7.66,False,97
2021,6,river,Jamuna,Jamuna Eco Park (UP),DO,7.6,False,97
2021,8,river,Jamuna,Jamuna Eco Park (UP),DO,7.58,False,97
2021,9,river,Jamuna,Jamuna Eco Park (UP),DO,7.62,False,97
2021,10,river,Jamuna,Jamuna Eco Park (UP),DO,7.6,False,97
2021,11,river,Jamuna,Jamuna Eco Park (UP),DO,7.52,False,97
2021,12,river,Jamuna,Jamuna Eco Park (UP),DO,7.6,False,97
2021,1,river,Jamuna,Jamuna Eco Park (UP),SS,38.0,False,98
2021,2,river,Jamuna,Jamuna Eco Park (UP),SS,36.0,False,98
2021,3,river,Jamuna,Jamuna Eco Park (UP),SS,40.0,False,98
2021,4,river,Jamuna,Jamuna Eco Park (UP),SS,38.0,False,98
2021,5,river,Jamuna,Jamuna Eco Park (UP),SS,40.0,False,98
2021,6,river,Jamuna,Jamuna Eco Park (UP),SS,40.0,False,98
2021,8,river,Jamuna,Jamuna Eco Park (UP),SS,38.0,False,98
2021,9,river,Jamuna,Jamuna Eco Park (UP),SS,36.0,False,98
2021,10,river,Jamuna,Jamuna Eco Park (UP),SS,42.0,False,98
2021,11,river,Jamuna,Jamuna Eco Park (UP),SS,40.0,False,98
2021,12,river,Jamuna,Jamuna Eco Park (UP),SS,40.0,False,98
2021,1,river,Jamuna,Jamuna Eco Park (UP),TDS,113.0,False,98
2021,2,river,Jamuna,Jamuna Eco Park (UP),TDS,115.0,False,98
2021,3,river,Jamuna,Jamuna Eco Park (UP),TDS,128.0,False,98
2021,4,river,Jamuna,Jamuna Eco Park (UP),TDS,128.0,False,98
2021,5,river,Jamuna,Jamuna Eco Park (UP),TDS,126.0,False,98
2021,6,river,Jamuna,Jamuna Eco Park (UP),TDS,128.0,False,98
2021,8,river,Jamuna,Jamuna Eco Park (UP),TDS,127.0,False,98
2021,9,river,Jamuna,Jamuna Eco Park (UP),TDS,128.0,False,98
2021,10,river,Jamuna,Jamuna Eco Park (UP),TDS,131.0,False,98
2021,11,river,Jamuna,Jamuna Eco Park (UP),TDS,128.0,False,98
2021,12,river,Jamuna,Jamuna Eco Park (UP),TDS,128.0,False,98
2021,1,river,Jamuna,Jamuna Eco Park (UP),pH,7.68,False,97
2021,2,river,Jamuna,Jamuna Eco Park (UP),pH,7.66,False,97
2021,3,river,Jamuna,Jamuna Eco Park (UP),pH,7.46,False,97
2021,4,river,Jamuna,Jamuna Eco Park (UP),pH,7.8,False,97
2021,5,river,Jamuna,Jamuna Eco Park (UP),pH,7.52,False,97
2021,6,river,Jamuna,Jamuna Eco Park (UP),pH,7.52,False,97
2021,8,river,Jamuna,Jamuna Eco Park (UP),pH,7.58,False,97
2021,9,river,Jamuna,Jamuna Eco Park (UP),pH,7.52,False,97
2021,10,river,Jamuna,Jamuna Eco Park (UP),pH,7.48,False,97
2021,11,river,Jamuna,Jamuna Eco Park (UP),pH,7.52,False,97
2021,12,river,Jamuna,Jamuna Eco Park (UP),pH,7.54,False,97
2021,1,river,Jamuna,Kakua,BOD,2.0,False,98
2021,5,river,Jamuna,Kakua,BOD,8.0,False,98
2021,8,river,Jamuna,Kakua,BOD,15.0,False,98
2021,1,river,Jamuna,Kakua,Chloride,11.0,False,99
2021,5,river,Jamuna,Kakua,Chloride,12.0,False,99
2021,8,river,Jamuna,Kakua,Chloride,5.0,False,99
2021,1,river,Jamuna,Kakua,DO,4.7,False,97
2021,5,river,Jamuna,Kakua,DO,7.8,False,97
2021,8,river,Jamuna,Kakua,DO,7.5,False,97
2021,1,river,Jamuna,Kakua,SS,13.0,False,98
2021,5,river,Jamuna,Kakua,SS,42.0,False,98
2021,8,river,Jamuna,Kakua,SS,428.0,False,98
2021,1,river,Jamuna,Kakua,TDS,149.0,False,98
2021,5,river,Jamuna,Kakua,TDS,149.0,False,98
2021,8,river,Jamuna,Kakua,TDS,75.0,False,98
2021,1,river,Jamuna,Kakua,pH,7.27,False,97
2021,5,river,Jamuna,Kakua,pH,7.13,False,97
2021,8,river,Jamuna,Kakua,pH,7.65,False,97
2021,1,river,Jamuna,Mohonganj (DN),BOD,2.2,False,98
2021,2,river,Jamuna,Mohonganj (DN),BOD,2.3,False,98
2021,3,river,Jamuna,Mohonganj (DN),BOD,2.2,False,98
2021,4,river,Jamuna,Mohonganj (DN),BOD,2.2,False,98
2021,5,river,Jamuna,Mohonganj (DN),BOD,2.2,False,98
2021,6,river,Jamuna,Mohonganj (DN),BOD,2.2,False,98
2021,8,river,Jamuna,Mohonganj (DN),BOD,2.3,False,98
2021,9,river,Jamuna,Mohonganj (DN),BOD,2.2,False,98
2021,10,river,Jamuna,Mohonganj (DN),BOD,2.2,False,98
2021,11,river,Jamuna,Mohonganj (DN),BOD,2.2,False,98
2021,12,river,Jamuna,Mohonganj (DN),BOD,2.2,False,98
2021,1,river,Jamuna,Mohonganj (DN),Chloride,11.0,False,99
2021,2,river,Jamuna,Mohonganj (DN),Chloride,11.0,False,99
2021,3,river,Jamuna,Mohonganj (DN),Chloride,11.0,False,99
2021,4,river,Jamuna,Mohonganj (DN),Chloride,11.0,False,99
2021,5,river,Jamuna,Mohonganj (DN),Chloride,11.0,False,99
2021,6,river,Jamuna,Mohonganj (DN),Chloride,11.0,False,99
2021,8,river,Jamuna,Mohonganj (DN),Chloride,11.0,False,99
2021,9,river,Jamuna,Mohonganj (DN),Chloride,11.0,False,99
2021,10,river,Jamuna,Mohonganj (DN),Chloride,11.0,False,99
2021,11,river,Jamuna,Mohonganj (DN),Chloride,11.0,False,99
2021,12,river,Jamuna,Mohonganj (DN),Chloride,11.0,False,99
2021,1,river,Jamuna,Mohonganj (DN),DO,7.82,False,97
2021,2,river,Jamuna,Mohonganj (DN),DO,7.8,False,97
2021,3,river,Jamuna,Mohonganj (DN),DO,7.72,False,97
2021,4,river,Jamuna,Mohonganj (DN),DO,7.7,False,97
2021,5,river,Jamuna,Mohonganj (DN),DO,7.58,False,97
2021,6,river,Jamuna,Mohonganj (DN),DO,7.66,False,97
2021,8,river,Jamuna,Mohonganj (DN),DO,7.64,False,97
2021,9,river,Jamuna,Mohonganj (DN),DO,7.64,False,97
2021,10,river,Jamuna,Mohonganj (DN),DO,7.66,False,97
2021,11,river,Jamuna,Mohonganj (DN),DO,7.66,False,97
2021,12,river,Jamuna,Mohonganj (DN),DO,7.66,False,97
2021,1,river,Jamuna,Mohonganj (DN),SS,40.0,False,98
2021,2,river,Jamuna,Mohonganj (DN),SS,42.0,False,98
2021,3,river,Jamuna,Mohonganj (DN),SS,34.0,False,98
2021,4,river,Jamuna,Mohonganj (DN),SS,34.0,False,98
2021,5,river,Jamuna,Mohonganj (DN),SS,36.0,False,98
2021,6,river,Jamuna,Mohonganj (DN),SS,38.0,False,98
2021,8,river,Jamuna,Mohonganj (DN),SS,36.0,False,98
2021,9,river,Jamuna,Mohonganj (DN),SS,38.0,False,98
2021,10,river,Jamuna,Mohonganj (DN),SS,38.0,False,98
2021,11,river,Jamuna,Mohonganj (DN),SS,38.0,False,98
2021,12,river,Jamuna,Mohonganj (DN),SS,38.0,False,98
2021,1,river,Jamuna,Mohonganj (DN),TDS,118.0,False,98
2021,2,river,Jamuna,Mohonganj (DN),TDS,119.0,False,98
2021,3,river,Jamuna,Mohonganj (DN),TDS,118.0,False,98
2021,4,river,Jamuna,Mohonganj (DN),TDS,118.0,False,98
2021,5,river,Jamuna,Mohonganj (DN),TDS,120.0,False,98
2021,6,river,Jamuna,Mohonganj (DN),TDS,124.0,False,98
2021,8,river,Jamuna,Mohonganj (DN),TDS,126.0,False,98
2021,9,river,Jamuna,Mohonganj (DN),TDS,126.0,False,98
2021,10,river,Jamuna,Mohonganj (DN),TDS,127.0,False,98
2021,11,river,Jamuna,Mohonganj (DN),TDS,167.0,False,98
2021,12,river,Jamuna,Mohonganj (DN),TDS,124.0,False,98
2021,1,river,Jamuna,Mohonganj (DN),pH,7.71,False,97
2021,2,river,Jamuna,Mohonganj (DN),pH,7.69,False,97
2021,3,river,Jamuna,Mohonganj (DN),pH,7.64,False,97
2021,4,river,Jamuna,Mohonganj (DN),pH,7.62,False,97
2021,5,river,Jamuna,Mohonganj (DN),pH,7.64,False,97
2021,6,river,Jamuna,Mohonganj (DN),pH,7.56,False,97
2021,8,river,Jamuna,Mohonganj (DN),pH,7.62,False,97
2021,9,river,Jamuna,Mohonganj (DN),pH,7.54,False,97
2021,10,river,Jamuna,Mohonganj (DN),pH,7.54,False,97
2021,11,river,Jamuna,Mohonganj (DN),pH,7.58,False,97
2021,12,river,Jamuna,Mohonganj (DN),pH,7.58,False,97
2021,1,river,Jamuna,Mohonganj (UP),BOD,2.2,False,98
2021,2,river,Jamuna,Mohonganj (UP),BOD,2.3,False,98
2021,3,river,Jamuna,Mohonganj (UP),BOD,2.2,False,98
2021,4,river,Jamuna,Mohonganj (UP),BOD,2.2,False,98
2021,5,river,Jamuna,Mohonganj (UP),BOD,2.2,False,98
2021,6,river,Jamuna,Mohonganj (UP),BOD,2.2,False,98
2021,8,river,Jamuna,Mohonganj (UP),BOD,2.3,False,98
2021,9,river,Jamuna,Mohonganj (UP),BOD,2.2,False,98
2021,10,river,Jamuna,Mohonganj (UP),BOD,2.2,False,98
2021,11,river,Jamuna,Mohonganj (UP),BOD,2.2,False,98
2021,12,river,Jamuna,Mohonganj (UP),BOD,2.2,False,98
2021,1,river,Jamuna,Mohonganj (UP),Chloride,11.0,False,99
2021,2,river,Jamuna,Mohonganj (UP),Chloride,11.0,False,99
2021,3,river,Jamuna,Mohonganj (UP),Chloride,11.0,False,99
2021,4,river,Jamuna,Mohonganj (UP),Chloride,11.0,False,99
2021,5,river,Jamuna,Mohonganj (UP),Chloride,11.0,False,99
2021,6,river,Jamuna,Mohonganj (UP),Chloride,11.0,False,99
2021,8,river,Jamuna,Mohonganj (UP),Chloride,11.0,False,99
2021,9,river,Jamuna,Mohonganj (UP),Chloride,11.0,False,99
2021,10,river,Jamuna,Mohonganj (UP),Chloride,11.0,False,99
2021,11,river,Jamuna,Mohonganj (UP),Chloride,11.0,False,99
2021,12,river,Jamuna,Mohonganj (UP),Chloride,11.0,False,99
2021,1,river,Jamuna,Mohonganj (UP),DO,7.82,False,97
2021,2,river,Jamuna,Mohonganj (UP),DO,7.8,False,97
2021,3,river,Jamuna,Mohonganj (UP),DO,7.72,False,97
2021,4,river,Jamuna,Mohonganj (UP),DO,7.7,False,97
2021,5,river,Jamuna,Mohonganj (UP),DO,7.58,False,97
2021,6,river,Jamuna,Mohonganj (UP),DO,7.66,False,97
2021,8,river,Jamuna,Mohonganj (UP),DO,7.64,False,97
2021,9,river,Jamuna,Mohonganj (UP),DO,7.64,False,97
2021,10,river,Jamuna,Mohonganj (UP),DO,7.66,False,97
2021,11,river,Jamuna,Mohonganj (UP),DO,7.66,False,97
2021,12,river,Jamuna,Mohonganj (UP),DO,7.66,False,97
2021,1,river,Jamuna,Mohonganj (UP),SS,40.0,False,98
2021,2,river,Jamuna,Mohonganj (UP),SS,42.0,False,98
2021,3,river,Jamuna,Mohonganj (UP),SS,34.0,False,98
2021,4,river,Jamuna,Mohonganj (UP),SS,34.0,False,98
2021,5,river,Jamuna,Mohonganj (UP),SS,36.0,False,98
2021,6,river,Jamuna,Mohonganj (UP),SS,38.0,False,98
2021,8,river,Jamuna,Mohonganj (UP),SS,36.0,False,98
2021,9,river,Jamuna,Mohonganj (UP),SS,38.0,False,98
2021,10,river,Jamuna,Mohonganj (UP),SS,38.0,False,98
2021,11,river,Jamuna,Mohonganj (UP),SS,38.0,False,98
2021,12,river,Jamuna,Mohonganj (UP),SS,38.0,False,98
2021,1,river,Jamuna,Mohonganj (UP),TDS,118.0,False,98
2021,2,river,Jamuna,Mohonganj (UP),TDS,119.0,False,98
2021,3,river,Jamuna,Mohonganj (UP),TDS,118.0,False,98
2021,4,river,Jamuna,Mohonganj (UP),TDS,118.0,False,98
2021,5,river,Jamuna,Mohonganj (UP),TDS,120.0,False,98
2021,6,river,Jamuna,Mohonganj (UP),TDS,124.0,False,98
2021,8,river,Jamuna,Mohonganj (UP),TDS,126.0,False,98
2021,9,river,Jamuna,Mohonganj (UP),TDS,126.0,False,98
2021,10,river,Jamuna,Mohonganj (UP),TDS,127.0,False,98
2021,11,river,Jamuna,Mohonganj (UP),TDS,167.0,False,98
2021,12,river,Jamuna,Mohonganj (UP),TDS,124.0,False,98
2021,1,river,Jamuna,Mohonganj (UP),pH,7.71,False,97
2021,2,river,Jamuna,Mohonganj (UP),pH,7.69,False,97
2021,3,river,Jamuna,Mohonganj (UP),pH,7.64,False,97
2021,4,river,Jamuna,Mohonganj (UP),pH,7.62,False,97
2021,5,river,Jamuna,Mohonganj (UP),pH,7.64,False,97
2021,6,river,Jamuna,Mohonganj (UP),pH,7.56,False,97
2021,8,river,Jamuna,Mohonganj (UP),pH,7.62,False,97
2021,9,river,Jamuna,Mohonganj (UP),pH,7.54,False,97
2021,10,river,Jamuna,Mohonganj (UP),pH,7.54,False,97
2021,11,river,Jamuna,Mohonganj (UP),pH,7.58,False,97
2021,12,river,Jamuna,Mohonganj (UP),pH,7.58,False,97
2021,1,river,Jamuna,Sarkarkhana,BOD,2.0,False,98
2021,5,river,Jamuna,Sarkarkhana,BOD,6.0,False,98
2021,8,river,Jamuna,Sarkarkhana,BOD,12.0,False,98
2021,12,river,Jamuna,Sarkarkhana,BOD,26.0,False,98
2021,1,river,Jamuna,Sarkarkhana,Chloride,12.0,False,99
2021,5,river,Jamuna,Sarkarkhana,Chloride,13.0,False,99
2021,8,river,Jamuna,Sarkarkhana,Chloride,5.0,False,99
2021,12,river,Jamuna,Sarkarkhana,Chloride,18.0,False,99
2021,1,river,Jamuna,Sarkarkhana,DO,8.0,False,97
2021,5,river,Jamuna,Sarkarkhana,DO,4.0,False,97
2021,8,river,Jamuna,Sarkarkhana,DO,6.8,False,97
2021,12,river,Jamuna,Sarkarkhana,DO,6.5,False,97
2021,1,river,Jamuna,Sarkarkhana,SS,8.0,False,98
2021,5,river,Jamuna,Sarkarkhana,SS,7.0,False,98
2021,8,river,Jamuna,Sarkarkhana,SS,440.0,False,98
2021,12,river,Jamuna,Sarkarkhana,SS,12.0,False,98
2021,1,river,Jamuna,Sarkarkhana,TDS,209.0,False,98
2021,5,river,Jamuna,Sarkarkhana,TDS,253.0,False,98
2021,8,river,Jamuna,Sarkarkhana,TDS,74.3,False,98
2021,12,river,Jamuna,Sarkarkhana,TDS,224.0,False,98
2021,1,river,Jamuna,Sarkarkhana,pH,7.36,False,97
2021,5,river,Jamuna,Sarkarkhana,pH,7.32,False,97
2021,8,river,Jamuna,Sarkarkhana,pH,7.56,False,97
2021,12,river,Jamuna,Sarkarkhana,pH,7.59,False,97
2021,1,river,Kalabodar,Kalabodar Ferry Ghat (M),DO,6.6,False,118
2021,3,river,Kalabodar,Kalabodar Ferry Ghat (M),DO,5.3,False,118
2021,11,river,Kalabodar,Kalabodar Ferry Ghat (M),DO,6.2,False,118
2021,1,river,Kalabodar,Kalabodar Ferry Ghat (M),EC,305.0,False,118
2021,3,river,Kalabodar,Kalabodar Ferry Ghat (M),EC,748.0,False,118
2021,11,river,Kalabodar,Kalabodar Ferry Ghat (M),EC,972.0,False,118
2021,1,river,Kalabodar,Kalabodar Ferry Ghat (M),TDS,151.0,False,118
2021,3,river,Kalabodar,Kalabodar Ferry Ghat (M),TDS,374.0,False,118
2021,11,river,Kalabodar,Kalabodar Ferry Ghat (M),TDS,486.0,False,118
2021,1,river,Kalabodar,Kalabodar Ferry Ghat (M),pH,7.9,False,118
2021,3,river,Kalabodar,Kalabodar Ferry Ghat (M),pH,7.6,False,118
2021,11,river,Kalabodar,Kalabodar Ferry Ghat (M),pH,8.14,False,118
2021,1,river,Kalabodar,Kalabodar Ferry Ghat (S),DO,5.5,False,118
2021,3,river,Kalabodar,Kalabodar Ferry Ghat (S),DO,5.5,False,118
2021,11,river,Kalabodar,Kalabodar Ferry Ghat (S),DO,6.4,False,118
2021,1,river,Kalabodar,Kalabodar Ferry Ghat (S),EC,306.0,False,118
2021,3,river,Kalabodar,Kalabodar Ferry Ghat (S),EC,788.0,False,118
2021,11,river,Kalabodar,Kalabodar Ferry Ghat (S),EC,966.0,False,118
2021,1,river,Kalabodar,Kalabodar Ferry Ghat (S),TDS,154.0,False,118
2021,3,river,Kalabodar,Kalabodar Ferry Ghat (S),TDS,394.0,False,118
2021,11,river,Kalabodar,Kalabodar Ferry Ghat (S),TDS,484.0,False,118
2021,1,river,Kalabodar,Kalabodar Ferry Ghat (S),pH,7.8,False,118
2021,3,river,Kalabodar,Kalabodar Ferry Ghat (S),pH,7.8,False,118
2021,11,river,Kalabodar,Kalabodar Ferry Ghat (S),pH,8.2,False,118
2021,1,river,Kaligonga,Bheutha Ghat,BOD,5.0,False,96
2021,2,river,Kaligonga,Bheutha Ghat,BOD,8.0,False,96
2021,3,river,Kaligonga,Bheutha Ghat,BOD,6.0,False,96
2021,5,river,Kaligonga,Bheutha Ghat,BOD,1.0,False,96
2021,6,river,Kaligonga,Bheutha Ghat,BOD,7.0,False,96
2021,7,river,Kaligonga,Bheutha Ghat,BOD,8.0,False,96
2021,8,river,Kaligonga,Bheutha Ghat,BOD,3.0,False,96
2021,12,river,Kaligonga,Bheutha Ghat,BOD,4.0,False,96
2021,1,river,Kaligonga,Bheutha Ghat,Chloride,16.0,False,97
2021,2,river,Kaligonga,Bheutha Ghat,Chloride,14.0,False,97
2021,3,river,Kaligonga,Bheutha Ghat,Chloride,15.0,False,97
2021,5,river,Kaligonga,Bheutha Ghat,Chloride,26.0,False,97
2021,6,river,Kaligonga,Bheutha Ghat,Chloride,8.0,False,97
2021,7,river,Kaligonga,Bheutha Ghat,Chloride,14.0,False,97
2021,8,river,Kaligonga,Bheutha Ghat,Chloride,14.0,False,97
2021,12,river,Kaligonga,Bheutha Ghat,Chloride,15.0,False,97
2021,1,river,Kaligonga,Bheutha Ghat,DO,9.2,False,96
2021,2,river,Kaligonga,Bheutha Ghat,DO,9.8,False,96
2021,3,river,Kaligonga,Bheutha Ghat,DO,6.9,False,96
2021,5,river,Kaligonga,Bheutha Ghat,DO,5.0,False,96
2021,6,river,Kaligonga,Bheutha Ghat,DO,6.9,False,96
2021,7,river,Kaligonga,Bheutha Ghat,DO,9.8,False,96
2021,8,river,Kaligonga,Bheutha Ghat,DO,7.2,False,96
2021,12,river,Kaligonga,Bheutha Ghat,DO,7.6,False,96
2021,1,river,Kaligonga,Bheutha Ghat,SS,3.0,False,97
2021,2,river,Kaligonga,Bheutha Ghat,SS,5.0,False,97
2021,3,river,Kaligonga,Bheutha Ghat,SS,12.0,False,97
2021,5,river,Kaligonga,Bheutha Ghat,SS,6.0,False,97
2021,6,river,Kaligonga,Bheutha Ghat,SS,272.0,False,97
2021,7,river,Kaligonga,Bheutha Ghat,SS,5.0,False,97
2021,8,river,Kaligonga,Bheutha Ghat,SS,8.0,False,97
2021,12,river,Kaligonga,Bheutha Ghat,SS,9.0,False,97
2021,1,river,Kaligonga,Bheutha Ghat,TDS,246.0,False,96
2021,2,river,Kaligonga,Bheutha Ghat,TDS,244.0,False,96
2021,3,river,Kaligonga,Bheutha Ghat,TDS,244.0,False,96
2021,5,river,Kaligonga,Bheutha Ghat,TDS,216.0,False,96
2021,6,river,Kaligonga,Bheutha Ghat,TDS,62.1,False,96
2021,7,river,Kaligonga,Bheutha Ghat,TDS,244.0,False,96
2021,8,river,Kaligonga,Bheutha Ghat,TDS,75.0,False,96
2021,12,river,Kaligonga,Bheutha Ghat,TDS,259.0,False,96
2021,1,river,Kaligonga,Bheutha Ghat,pH,7.47,False,96
2021,2,river,Kaligonga,Bheutha Ghat,pH,7.24,False,96
2021,3,river,Kaligonga,Bheutha Ghat,pH,7.28,False,96
2021,5,river,Kaligonga,Bheutha Ghat,pH,8.21,False,96
2021,6,river,Kaligonga,Bheutha Ghat,pH,6.94,False,96
2021,7,river,Kaligonga,Bheutha Ghat,pH,7.24,False,96
2021,8,river,Kaligonga,Bheutha Ghat,pH,7.39,False,96
2021,12,river,Kaligonga,Bheutha Ghat,pH,7.55,False,96
2021,1,river,Karnaphuli,CUFL,BOD,150.0,False,104
2021,2,river,Karnaphuli,CUFL,BOD,120.0,False,104
2021,3,river,Karnaphuli,CUFL,BOD,112.0,False,104
2021,4,river,Karnaphuli,CUFL,BOD,112.0,False,104
2021,5,river,Karnaphuli,CUFL,BOD,110.0,False,104
2021,6,river,Karnaphuli,CUFL,BOD,95.0,False,104
2021,7,river,Karnaphuli,CUFL,BOD,52.0,False,104
2021,8,river,Karnaphuli,CUFL,BOD,25.0,False,104
2021,9,river,Karnaphuli,CUFL,BOD,16.0,False,104
2021,11,river,Karnaphuli,CUFL,BOD,21.0,False,104
2021,12,river,Karnaphuli,CUFL,BOD,19.0,False,104
2021,1,river,Karnaphuli,CUFL,COD,520.0,False,105
2021,2,river,Karnaphuli,CUFL,COD,480.0,False,105
2021,3,river,Karnaphuli,CUFL,COD,420.0,False,105
2021,4,river,Karnaphuli,CUFL,COD,420.0,False,105
2021,5,river,Karnaphuli,CUFL,COD,390.0,False,105
2021,6,river,Karnaphuli,CUFL,COD,358.0,False,105
2021,7,river,Karnaphuli,CUFL,COD,240.0,False,105
2021,8,river,Karnaphuli,CUFL,COD,96.0,False,105
2021,9,river,Karnaphuli,CUFL,COD,60.0,False,105
2021,11,river,Karnaphuli,CUFL,COD,92.0,False,105
2021,12,river,Karnaphuli,CUFL,COD,76.0,False,105
2021,1,river,Karnaphuli,CUFL,DO,6.56,False,104
2021,2,river,Karnaphuli,CUFL,DO,6.36,False,104
2021,3,river,Karnaphuli,CUFL,DO,6.43,False,104
2021,4,river,Karnaphuli,CUFL,DO,5.89,False,104
2021,5,river,Karnaphuli,CUFL,DO,6.23,False,104
2021,6,river,Karnaphuli,CUFL,DO,7.81,False,104
2021,7,river,Karnaphuli,CUFL,DO,8.44,False,104
2021,8,river,Karnaphuli,CUFL,DO,7.66,False,104
2021,9,river,Karnaphuli,CUFL,DO,9.7,False,104
2021,11,river,Karnaphuli,CUFL,DO,7.87,False,104
2021,12,river,Karnaphuli,CUFL,DO,7.56,False,104
2021,1,river,Karnaphuli,CUFL,SS,73.0,False,105
2021,2,river,Karnaphuli,CUFL,SS,79.0,False,105
2021,3,river,Karnaphuli,CUFL,SS,120.0,False,105
2021,4,river,Karnaphuli,CUFL,SS,66.0,False,105
2021,5,river,Karnaphuli,CUFL,SS,84.0,False,105
2021,6,river,Karnaphuli,CUFL,SS,98.0,False,105
2021,7,river,Karnaphuli,CUFL,SS,310.0,False,105
2021,8,river,Karnaphuli,CUFL,SS,205.0,False,105
2021,9,river,Karnaphuli,CUFL,SS,55.0,False,105
2021,11,river,Karnaphuli,CUFL,SS,210.0,False,105
2021,12,river,Karnaphuli,CUFL,SS,197.0,False,105
2021,1,river,Karnaphuli,CUFL,TDS,8040.0,False,105
2021,2,river,Karnaphuli,CUFL,TDS,8340.0,False,105
2021,3,river,Karnaphuli,CUFL,TDS,9670.0,False,105
2021,4,river,Karnaphuli,CUFL,TDS,9480.0,False,105
2021,5,river,Karnaphuli,CUFL,TDS,7430.0,False,105
2021,6,river,Karnaphuli,CUFL,TDS,10060.0,False,105
2021,7,river,Karnaphuli,CUFL,TDS,2610.0,False,105
2021,8,river,Karnaphuli,CUFL,TDS,1385.0,False,105
2021,9,river,Karnaphuli,CUFL,TDS,392.0,False,105
2021,11,river,Karnaphuli,CUFL,TDS,6740.0,False,105
2021,12,river,Karnaphuli,CUFL,TDS,5432.0,False,105
2021,1,river,Karnaphuli,CUFL,pH,7.0,False,104
2021,2,river,Karnaphuli,CUFL,pH,7.32,False,104
2021,3,river,Karnaphuli,CUFL,pH,7.42,False,104
2021,4,river,Karnaphuli,CUFL,pH,7.42,False,104
2021,5,river,Karnaphuli,CUFL,pH,7.42,False,104
2021,6,river,Karnaphuli,CUFL,pH,7.33,False,104
2021,7,river,Karnaphuli,CUFL,pH,6.7,False,104
2021,8,river,Karnaphuli,CUFL,pH,7.3,False,104
2021,9,river,Karnaphuli,CUFL,pH,7.32,False,104
2021,11,river,Karnaphuli,CUFL,pH,6.44,False,104
2021,12,river,Karnaphuli,CUFL,pH,6.14,False,104
2021,1,river,Karnaphuli,Kalurghat Bridge,BOD,4.0,False,104
2021,2,river,Karnaphuli,Kalurghat Bridge,BOD,4.0,False,104
2021,3,river,Karnaphuli,Kalurghat Bridge,BOD,6.0,False,104
2021,4,river,Karnaphuli,Kalurghat Bridge,BOD,5.0,False,104
2021,5,river,Karnaphuli,Kalurghat Bridge,BOD,6.0,False,104
2021,6,river,Karnaphuli,Kalurghat Bridge,BOD,7.0,False,104
2021,7,river,Karnaphuli,Kalurghat Bridge,BOD,6.0,False,104
2021,8,river,Karnaphuli,Kalurghat Bridge,BOD,7.0,False,104
2021,9,river,Karnaphuli,Kalurghat Bridge,BOD,8.0,False,104
2021,11,river,Karnaphuli,Kalurghat Bridge,BOD,5.0,False,104
2021,12,river,Karnaphuli,Kalurghat Bridge,BOD,4.0,False,104
2021,1,river,Karnaphuli,Kalurghat Bridge,COD,12.0,False,105
2021,2,river,Karnaphuli,Kalurghat Bridge,COD,16.0,False,105
2021,3,river,Karnaphuli,Kalurghat Bridge,COD,18.0,False,105
2021,4,river,Karnaphuli,Kalurghat Bridge,COD,19.0,False,105
2021,5,river,Karnaphuli,Kalurghat Bridge,COD,22.0,False,105
2021,6,river,Karnaphuli,Kalurghat Bridge,COD,32.0,False,105
2021,7,river,Karnaphuli,Kalurghat Bridge,COD,18.0,False,105
2021,8,river,Karnaphuli,Kalurghat Bridge,COD,20.0,False,105
2021,9,river,Karnaphuli,Kalurghat Bridge,COD,24.0,False,105
2021,11,river,Karnaphuli,Kalurghat Bridge,COD,14.0,False,105
2021,12,river,Karnaphuli,Kalurghat Bridge,COD,15.0,False,105
2021,1,river,Karnaphuli,Kalurghat Bridge,DO,7.04,False,104
2021,3,river,Karnaphuli,Kalurghat Bridge,DO,7.53,False,104
2021,4,river,Karnaphuli,Kalurghat Bridge,DO,7.8,False,104
2021,5,river,Karnaphuli,Kalurghat Bridge,DO,7.47,False,104
2021,6,river,Karnaphuli,Kalurghat Bridge,DO,7.63,False,104
2021,7,river,Karnaphuli,Kalurghat Bridge,DO,7.69,False,104
2021,8,river,Karnaphuli,Kalurghat Bridge,DO,7.34,False,104
2021,9,river,Karnaphuli,Kalurghat Bridge,DO,7.47,False,104
2021,11,river,Karnaphuli,Kalurghat Bridge,DO,7.87,False,104
2021,12,river,Karnaphuli,Kalurghat Bridge,DO,7.59,False,104
2021,1,river,Karnaphuli,Kalurghat Bridge,SS,55.0,False,105
2021,2,river,Karnaphuli,Kalurghat Bridge,SS,38.0,False,105
2021,3,river,Karnaphuli,Kalurghat Bridge,SS,34.0,False,105
2021,4,river,Karnaphuli,Kalurghat Bridge,SS,32.0,False,105
2021,5,river,Karnaphuli,Kalurghat Bridge,SS,48.0,False,105
2021,6,river,Karnaphuli,Kalurghat Bridge,SS,58.0,False,105
2021,7,river,Karnaphuli,Kalurghat Bridge,SS,58.0,False,105
2021,8,river,Karnaphuli,Kalurghat Bridge,SS,63.0,False,105
2021,9,river,Karnaphuli,Kalurghat Bridge,SS,49.0,False,105
2021,11,river,Karnaphuli,Kalurghat Bridge,SS,32.0,False,105
2021,12,river,Karnaphuli,Kalurghat Bridge,SS,48.0,False,105
2021,1,river,Karnaphuli,Kalurghat Bridge,TDS,72.4,False,105
2021,2,river,Karnaphuli,Kalurghat Bridge,TDS,145.0,False,105
2021,3,river,Karnaphuli,Kalurghat Bridge,TDS,167.0,False,105
2021,4,river,Karnaphuli,Kalurghat Bridge,TDS,179.0,False,105
2021,5,river,Karnaphuli,Kalurghat Bridge,TDS,127.0,False,105
2021,6,river,Karnaphuli,Kalurghat Bridge,TDS,149.0,False,105
2021,7,river,Karnaphuli,Kalurghat Bridge,TDS,140.0,False,105
2021,8,river,Karnaphuli,Kalurghat Bridge,TDS,167.0,False,105
2021,9,river,Karnaphuli,Kalurghat Bridge,TDS,210.0,False,105
2021,11,river,Karnaphuli,Kalurghat Bridge,TDS,142.0,False,105
2021,12,river,Karnaphuli,Kalurghat Bridge,TDS,164.0,False,105
2021,1,river,Karnaphuli,Kalurghat Bridge,pH,8.19,False,104
2021,2,river,Karnaphuli,Kalurghat Bridge,pH,7.22,False,104
2021,3,river,Karnaphuli,Kalurghat Bridge,pH,7.32,False,104
2021,4,river,Karnaphuli,Kalurghat Bridge,pH,7.69,False,104
2021,5,river,Karnaphuli,Kalurghat Bridge,pH,7.52,False,104
2021,6,river,Karnaphuli,Kalurghat Bridge,pH,7.68,False,104
2021,7,river,Karnaphuli,Kalurghat Bridge,pH,7.48,False,104
2021,8,river,Karnaphuli,Kalurghat Bridge,pH,7.53,False,104
2021,9,river,Karnaphuli,Kalurghat Bridge,pH,7.53,False,104
2021,11,river,Karnaphuli,Kalurghat Bridge,pH,7.35,False,104
2021,12,river,Karnaphuli,Kalurghat Bridge,pH,7.19,False,104
2021,1,river,Karnaphuli,Karnafully Paper,BOD,10.0,False,104
2021,2,river,Karnaphuli,Karnafully Paper,BOD,11.0,False,104
2021,3,river,Karnaphuli,Karnafully Paper,BOD,14.0,False,104
2021,4,river,Karnaphuli,Karnafully Paper,BOD,12.0,False,104
2021,5,river,Karnaphuli,Karnafully Paper,BOD,13.0,False,104
2021,6,river,Karnaphuli,Karnafully Paper,BOD,12.0,False,104
2021,7,river,Karnaphuli,Karnafully Paper,BOD,14.0,False,104
2021,8,river,Karnaphuli,Karnafully Paper,BOD,15.0,False,104
2021,9,river,Karnaphuli,Karnafully Paper,BOD,13.0,False,104
2021,11,river,Karnaphuli,Karnafully Paper,BOD,5.0,False,104
2021,12,river,Karnaphuli,Karnafully Paper,BOD,5.0,False,104
2021,1,river,Karnaphuli,Karnafully Paper,COD,51.0,False,105
2021,2,river,Karnaphuli,Karnafully Paper,COD,49.0,False,105
2021,3,river,Karnaphuli,Karnafully Paper,COD,54.0,False,105
2021,4,river,Karnaphuli,Karnafully Paper,COD,42.0,False,105
2021,5,river,Karnaphuli,Karnafully Paper,COD,58.0,False,105
2021,6,river,Karnaphuli,Karnafully Paper,COD,45.0,False,105
2021,7,river,Karnaphuli,Karnafully Paper,COD,42.0,False,105
2021,8,river,Karnaphuli,Karnafully Paper,COD,38.0,False,105
2021,9,river,Karnaphuli,Karnafully Paper,COD,32.0,False,105
2021,11,river,Karnaphuli,Karnafully Paper,COD,14.0,False,105
2021,12,river,Karnaphuli,Karnafully Paper,COD,16.0,False,105
2021,1,river,Karnaphuli,Karnafully Paper,DO,7.48,False,104
2021,2,river,Karnaphuli,Karnafully Paper,DO,7.44,False,104
2021,3,river,Karnaphuli,Karnafully Paper,DO,7.45,False,104
2021,4,river,Karnaphuli,Karnafully Paper,DO,7.52,False,104
2021,5,river,Karnaphuli,Karnafully Paper,DO,7.49,False,104
2021,6,river,Karnaphuli,Karnafully Paper,DO,7.67,False,104
2021,7,river,Karnaphuli,Karnafully Paper,DO,7.59,False,104
2021,8,river,Karnaphuli,Karnafully Paper,DO,7.63,False,104
2021,9,river,Karnaphuli,Karnafully Paper,DO,7.48,False,104
2021,11,river,Karnaphuli,Karnafully Paper,DO,7.68,False,104
2021,12,river,Karnaphuli,Karnafully Paper,DO,7.61,False,104
2021,1,river,Karnaphuli,Karnafully Paper,SS,12.0,False,105
2021,2,river,Karnaphuli,Karnafully Paper,SS,5.0,False,105
2021,3,river,Karnaphuli,Karnafully Paper,SS,10.0,False,105
2021,4,river,Karnaphuli,Karnafully Paper,SS,23.0,False,105
2021,5,river,Karnaphuli,Karnafully Paper,SS,12.0,False,105
2021,6,river,Karnaphuli,Karnafully Paper,SS,21.0,False,105
2021,7,river,Karnaphuli,Karnafully Paper,SS,41.0,False,105
2021,8,river,Karnaphuli,Karnafully Paper,SS,52.0,False,105
2021,9,river,Karnaphuli,Karnafully Paper,SS,63.0,False,105
2021,11,river,Karnaphuli,Karnafully Paper,SS,59.0,False,105
2021,12,river,Karnaphuli,Karnafully Paper,SS,63.0,False,105
2021,1,river,Karnaphuli,Karnafully Paper,TDS,68.5,False,105
2021,2,river,Karnaphuli,Karnafully Paper,TDS,58.2,False,105
2021,3,river,Karnaphuli,Karnafully Paper,TDS,69.0,False,105
2021,4,river,Karnaphuli,Karnafully Paper,TDS,59.0,False,105
2021,5,river,Karnaphuli,Karnafully Paper,TDS,67.5,False,105
2021,6,river,Karnaphuli,Karnafully Paper,TDS,79.6,False,105
2021,7,river,Karnaphuli,Karnafully Paper,TDS,79.0,False,105
2021,8,river,Karnaphuli,Karnafully Paper,TDS,123.0,False,105
2021,9,river,Karnaphuli,Karnafully Paper,TDS,142.0,False,105
2021,11,river,Karnaphuli,Karnafully Paper,TDS,212.0,False,105
2021,12,river,Karnaphuli,Karnafully Paper,TDS,189.0,False,105
2021,1,river,Karnaphuli,Karnafully Paper,pH,7.23,False,104
2021,2,river,Karnaphuli,Karnafully Paper,pH,7.16,False,104
2021,3,river,Karnaphuli,Karnafully Paper,pH,7.26,False,104
2021,4,river,Karnaphuli,Karnafully Paper,pH,7.43,False,104
2021,5,river,Karnaphuli,Karnafully Paper,pH,7.32,False,104
2021,6,river,Karnaphuli,Karnafully Paper,pH,7.43,False,104
2021,7,river,Karnaphuli,Karnafully Paper,pH,7.46,False,104
2021,8,river,Karnaphuli,Karnafully Paper,pH,7.58,False,104
2021,9,river,Karnaphuli,Karnafully Paper,pH,7.58,False,104
2021,11,river,Karnaphuli,Karnafully Paper,pH,7.17,False,104
2021,12,river,Karnaphuli,Karnafully Paper,pH,7.37,False,104
2021,1,river,Karnaphuli,Mariam Nagar,BOD,4.0,False,104
2021,2,river,Karnaphuli,Mariam Nagar,BOD,5.0,False,104
2021,3,river,Karnaphuli,Mariam Nagar,BOD,4.0,False,104
2021,4,river,Karnaphuli,Mariam Nagar,BOD,5.0,False,104
2021,5,river,Karnaphuli,Mariam Nagar,BOD,7.0,False,104
2021,6,river,Karnaphuli,Mariam Nagar,BOD,6.0,False,104
2021,7,river,Karnaphuli,Mariam Nagar,BOD,5.0,False,104
2021,8,river,Karnaphuli,Mariam Nagar,BOD,6.0,False,104
2021,9,river,Karnaphuli,Mariam Nagar,BOD,7.0,False,104
2021,11,river,Karnaphuli,Mariam Nagar,BOD,5.0,False,104
2021,12,river,Karnaphuli,Mariam Nagar,BOD,5.0,False,104
2021,1,river,Karnaphuli,Mariam Nagar,COD,10.0,False,105
2021,2,river,Karnaphuli,Mariam Nagar,COD,18.0,False,105
2021,3,river,Karnaphuli,Mariam Nagar,COD,21.0,False,105
2021,4,river,Karnaphuli,Mariam Nagar,COD,18.0,False,105
2021,5,river,Karnaphuli,Mariam Nagar,COD,19.0,False,105
2021,6,river,Karnaphuli,Mariam Nagar,COD,24.0,False,105
2021,7,river,Karnaphuli,Mariam Nagar,COD,16.0,False,105
2021,8,river,Karnaphuli,Mariam Nagar,COD,18.0,False,105
2021,9,river,Karnaphuli,Mariam Nagar,COD,20.0,False,105
2021,11,river,Karnaphuli,Mariam Nagar,COD,16.0,False,105
2021,12,river,Karnaphuli,Mariam Nagar,COD,15.0,False,105
2021,1,river,Karnaphuli,Mariam Nagar,DO,6.47,False,104
2021,2,river,Karnaphuli,Mariam Nagar,DO,6.56,False,104
2021,3,river,Karnaphuli,Mariam Nagar,DO,6.63,False,104
2021,4,river,Karnaphuli,Mariam Nagar,DO,6.72,False,104
2021,5,river,Karnaphuli,Mariam Nagar,DO,6.72,False,104
2021,6,river,Karnaphuli,Mariam Nagar,DO,6.96,False,104
2021,7,river,Karnaphuli,Mariam Nagar,DO,6.87,False,104
2021,8,river,Karnaphuli,Mariam Nagar,DO,7.12,False,104
2021,9,river,Karnaphuli,Mariam Nagar,DO,7.42,False,104
2021,11,river,Karnaphuli,Mariam Nagar,DO,7.49,False,104
2021,12,river,Karnaphuli,Mariam Nagar,DO,7.36,False,104
2021,1,river,Karnaphuli,Mariam Nagar,SS,49.0,False,105
2021,2,river,Karnaphuli,Mariam Nagar,SS,29.0,False,105
2021,3,river,Karnaphuli,Mariam Nagar,SS,42.0,False,105
2021,4,river,Karnaphuli,Mariam Nagar,SS,46.0,False,105
2021,5,river,Karnaphuli,Mariam Nagar,SS,39.0,False,105
2021,6,river,Karnaphuli,Mariam Nagar,SS,48.0,False,105
2021,7,river,Karnaphuli,Mariam Nagar,SS,49.0,False,105
2021,8,river,Karnaphuli,Mariam Nagar,SS,64.0,False,105
2021,9,river,Karnaphuli,Mariam Nagar,SS,67.0,False,105
2021,11,river,Karnaphuli,Mariam Nagar,SS,89.0,False,105
2021,12,river,Karnaphuli,Mariam Nagar,SS,112.0,False,105
2021,1,river,Karnaphuli,Mariam Nagar,TDS,79.2,False,105
2021,2,river,Karnaphuli,Mariam Nagar,TDS,121.0,False,105
2021,3,river,Karnaphuli,Mariam Nagar,TDS,148.0,False,105
2021,4,river,Karnaphuli,Mariam Nagar,TDS,156.0,False,105
2021,5,river,Karnaphuli,Mariam Nagar,TDS,136.0,False,105
2021,6,river,Karnaphuli,Mariam Nagar,TDS,168.0,False,105
2021,7,river,Karnaphuli,Mariam Nagar,TDS,139.0,False,105
2021,8,river,Karnaphuli,Mariam Nagar,TDS,149.0,False,105
2021,9,river,Karnaphuli,Mariam Nagar,TDS,214.0,False,105
2021,11,river,Karnaphuli,Mariam Nagar,TDS,198.0,False,105
2021,12,river,Karnaphuli,Mariam Nagar,TDS,213.0,False,105
2021,1,river,Karnaphuli,Mariam Nagar,pH,8.2,False,104
2021,2,river,Karnaphuli,Mariam Nagar,pH,7.35,False,104
2021,3,river,Karnaphuli,Mariam Nagar,pH,7.43,False,104
2021,4,river,Karnaphuli,Mariam Nagar,pH,7.54,False,104
2021,5,river,Karnaphuli,Mariam Nagar,pH,7.47,False,104
2021,6,river,Karnaphuli,Mariam Nagar,pH,7.58,False,104
2021,7,river,Karnaphuli,Mariam Nagar,pH,7.58,False,104
2021,8,river,Karnaphuli,Mariam Nagar,pH,7.69,False,104
2021,9,river,Karnaphuli,Mariam Nagar,pH,7.69,False,104
2021,11,river,Karnaphuli,Mariam Nagar,pH,7.11,False,104
2021,12,river,Karnaphuli,Mariam Nagar,pH,7.24,False,104
2021,1,river,Karnaphuli,Shikalbaha,BOD,15.0,False,104
2021,3,river,Karnaphuli,Shikalbaha,BOD,24.0,False,104
2021,4,river,Karnaphuli,Shikalbaha,BOD,22.0,False,104
2021,5,river,Karnaphuli,Shikalbaha,BOD,24.0,False,104
2021,6,river,Karnaphuli,Shikalbaha,BOD,21.0,False,104
2021,7,river,Karnaphuli,Shikalbaha,BOD,16.0,False,104
2021,8,river,Karnaphuli,Shikalbaha,BOD,13.0,False,104
2021,9,river,Karnaphuli,Shikalbaha,BOD,9.0,False,104
2021,11,river,Karnaphuli,Shikalbaha,BOD,6.0,False,104
2021,12,river,Karnaphuli,Shikalbaha,BOD,5.0,False,104
2021,1,river,Karnaphuli,Shikalbaha,DO,6.43,False,104
2021,2,river,Karnaphuli,Shikalbaha,DO,6.69,False,104
2021,3,river,Karnaphuli,Shikalbaha,DO,6.59,False,104
2021,4,river,Karnaphuli,Shikalbaha,DO,6.59,False,104
2021,5,river,Karnaphuli,Shikalbaha,DO,6.78,False,104
2021,6,river,Karnaphuli,Shikalbaha,DO,6.89,False,104
2021,7,river,Karnaphuli,Shikalbaha,DO,7.59,False,104
2021,8,river,Karnaphuli,Shikalbaha,DO,7.64,False,104
2021,9,river,Karnaphuli,Shikalbaha,DO,7.45,False,104
2021,11,river,Karnaphuli,Shikalbaha,DO,7.56,False,104
2021,12,river,Karnaphuli,Shikalbaha,DO,7.21,False,104
2021,1,river,Karnaphuli,Shikalbaha,SS,21.0,False,105
2021,2,river,Karnaphuli,Shikalbaha,SS,35.0,False,105
2021,3,river,Karnaphuli,Shikalbaha,SS,42.0,False,105
2021,4,river,Karnaphuli,Shikalbaha,SS,63.0,False,105
2021,5,river,Karnaphuli,Shikalbaha,SS,45.0,False,105
2021,6,river,Karnaphuli,Shikalbaha,SS,64.0,False,105
2021,7,river,Karnaphuli,Shikalbaha,SS,63.0,False,105
2021,8,river,Karnaphuli,Shikalbaha,SS,97.0,False,105
2021,9,river,Karnaphuli,Shikalbaha,SS,120.0,False,105
2021,11,river,Karnaphuli,Shikalbaha,SS,87.0,False,105
2021,12,river,Karnaphuli,Shikalbaha,SS,84.0,False,105
2021,1,river,Karnaphuli,Shikalbaha,TDS,2080.0,False,105
2021,2,river,Karnaphuli,Shikalbaha,TDS,2130.0,False,105
2021,3,river,Karnaphuli,Shikalbaha,TDS,2360.0,False,105
2021,4,river,Karnaphuli,Shikalbaha,TDS,2453.0,False,105
2021,5,river,Karnaphuli,Shikalbaha,TDS,1890.0,False,105
2021,6,river,Karnaphuli,Shikalbaha,TDS,2140.0,False,105
2021,7,river,Karnaphuli,Shikalbaha,TDS,1580.0,False,105
2021,8,river,Karnaphuli,Shikalbaha,TDS,1260.0,False,105
2021,9,river,Karnaphuli,Shikalbaha,TDS,390.0,False,105
2021,11,river,Karnaphuli,Shikalbaha,TDS,312.0,False,105
2021,12,river,Karnaphuli,Shikalbaha,TDS,432.0,False,105
2021,1,river,Karnaphuli,Shikalbaha,pH,7.89,False,104
2021,3,river,Karnaphuli,Shikalbaha,pH,7.67,False,104
2021,4,river,Karnaphuli,Shikalbaha,pH,7.73,False,104
2021,5,river,Karnaphuli,Shikalbaha,pH,7.67,False,104
2021,6,river,Karnaphuli,Shikalbaha,pH,7.46,False,104
2021,7,river,Karnaphuli,Shikalbaha,pH,7.42,False,104
2021,8,river,Karnaphuli,Shikalbaha,pH,7.63,False,104
2021,9,river,Karnaphuli,Shikalbaha,pH,7.63,False,104
2021,11,river,Karnaphuli,Shikalbaha,pH,7.24,False,104
2021,12,river,Karnaphuli,Shikalbaha,pH,7.41,False,104
2021,1,river,Karnaphuli,TSP,BOD,167.0,False,104
2021,2,river,Karnaphuli,TSP,BOD,140.0,False,104
2021,3,river,Karnaphuli,TSP,BOD,123.0,False,104
2021,4,river,Karnaphuli,TSP,BOD,123.0,False,104
2021,5,river,Karnaphuli,TSP,BOD,123.0,False,104
2021,6,river,Karnaphuli,TSP,BOD,109.0,False,104
2021,7,river,Karnaphuli,TSP,BOD,67.0,False,104
2021,8,river,Karnaphuli,TSP,BOD,23.0,False,104
2021,9,river,Karnaphuli,TSP,BOD,13.0,False,104
2021,11,river,Karnaphuli,TSP,BOD,17.0,False,104
2021,12,river,Karnaphuli,TSP,BOD,11.0,False,104
2021,1,river,Karnaphuli,TSP,COD,560.0,False,105
2021,2,river,Karnaphuli,TSP,COD,540.0,False,105
2021,3,river,Karnaphuli,TSP,COD,460.0,False,105
2021,4,river,Karnaphuli,TSP,COD,460.0,False,105
2021,5,river,Karnaphuli,TSP,COD,460.0,False,105
2021,6,river,Karnaphuli,TSP,COD,426.0,False,105
2021,7,river,Karnaphuli,TSP,COD,284.0,False,105
2021,8,river,Karnaphuli,TSP,COD,74.0,False,105
2021,9,river,Karnaphuli,TSP,COD,41.0,False,105
2021,11,river,Karnaphuli,TSP,COD,54.0,False,105
2021,12,river,Karnaphuli,TSP,COD,38.0,False,105
2021,1,river,Karnaphuli,TSP,DO,8.1,False,104
2021,2,river,Karnaphuli,TSP,DO,8.42,False,104
2021,3,river,Karnaphuli,TSP,DO,8.23,False,104
2021,4,river,Karnaphuli,TSP,DO,7.98,False,104
2021,5,river,Karnaphuli,TSP,DO,8.49,False,104
2021,6,river,Karnaphuli,TSP,DO,7.82,False,104
2021,7,river,Karnaphuli,TSP,DO,8.89,False,104
2021,8,river,Karnaphuli,TSP,DO,7.74,False,104
2021,9,river,Karnaphuli,TSP,DO,6.58,False,104
2021,11,river,Karnaphuli,TSP,DO,6.69,False,104
2021,12,river,Karnaphuli,TSP,DO,6.29,False,104
2021,1,river,Karnaphuli,TSP,SS,130.0,False,105
2021,2,river,Karnaphuli,TSP,SS,145.0,False,105
2021,3,river,Karnaphuli,TSP,SS,154.0,False,105
2021,4,river,Karnaphuli,TSP,SS,300.0,False,105
2021,5,river,Karnaphuli,TSP,SS,156.0,False,105
2021,6,river,Karnaphuli,TSP,SS,118.0,False,105
2021,7,river,Karnaphuli,TSP,SS,533.0,False,105
2021,8,river,Karnaphuli,TSP,SS,137.0,False,105
2021,9,river,Karnaphuli,TSP,SS,62.0,False,105
2021,11,river,Karnaphuli,TSP,SS,178.0,False,105
2021,12,river,Karnaphuli,TSP,SS,139.0,False,105
2021,1,river,Karnaphuli,TSP,TDS,11370.0,False,105
2021,2,river,Karnaphuli,TSP,TDS,1240.0,False,105
2021,3,river,Karnaphuli,TSP,TDS,13450.0,False,105
2021,4,river,Karnaphuli,TSP,TDS,5980.0,False,105
2021,5,river,Karnaphuli,TSP,TDS,1140.0,False,105
2021,6,river,Karnaphuli,TSP,TDS,10230.0,False,105
2021,7,river,Karnaphuli,TSP,TDS,4750.0,False,105
2021,8,river,Karnaphuli,TSP,TDS,1256.0,False,105
2021,9,river,Karnaphuli,TSP,TDS,70.6,False,105
2021,11,river,Karnaphuli,TSP,TDS,3710.0,False,105
2021,12,river,Karnaphuli,TSP,TDS,3198.0,False,105
2021,1,river,Karnaphuli,TSP,pH,6.59,False,104
2021,2,river,Karnaphuli,TSP,pH,7.1,False,104
2021,3,river,Karnaphuli,TSP,pH,7.21,False,104
2021,4,river,Karnaphuli,TSP,pH,7.21,False,104
2021,5,river,Karnaphuli,TSP,pH,7.34,False,104
2021,6,river,Karnaphuli,TSP,pH,7.32,False,104
2021,7,river,Karnaphuli,TSP,pH,6.34,False,104
2021,8,river,Karnaphuli,TSP,pH,7.31,False,104
2021,9,river,Karnaphuli,TSP,pH,7.68,False,104
2021,11,river,Karnaphuli,TSP,pH,6.69,False,104
2021,12,river,Karnaphuli,TSP,pH,6.74,False,104
2021,10,river,Khakshiali,Boshontopur,BOD,9.0,False,113
2021,11,river,Khakshiali,Boshontopur,BOD,8.0,False,113
2021,12,river,Khakshiali,Boshontopur,BOD,1.0,False,113
2021,1,river,Khakshiali,Boshontopur,Chloride,152.0,False,113
2021,2,river,Khakshiali,Boshontopur,Chloride,1005.0,False,113
2021,3,river,Khakshiali,Boshontopur,Chloride,972.0,False,113
2021,9,river,Khakshiali,Boshontopur,Chloride,203.0,False,113
2021,10,river,Khakshiali,Boshontopur,Chloride,205.0,False,113
2021,11,river,Khakshiali,Boshontopur,Chloride,375.0,False,113
2021,12,river,Khakshiali,Boshontopur,Chloride,138.0,False,113
2021,1,river,Khakshiali,Boshontopur,DO,7.28,False,113
2021,2,river,Khakshiali,Boshontopur,DO,7.29,False,113
2021,3,river,Khakshiali,Boshontopur,DO,6.5,False,113
2021,9,river,Khakshiali,Boshontopur,DO,3.7,False,113
2021,10,river,Khakshiali,Boshontopur,DO,3.7,False,113
2021,11,river,Khakshiali,Boshontopur,DO,3.7,False,113
2021,12,river,Khakshiali,Boshontopur,DO,1.4,False,113
2021,1,river,Khakshiali,Boshontopur,EC,444.0,False,113
2021,2,river,Khakshiali,Boshontopur,EC,4250.0,False,113
2021,3,river,Khakshiali,Boshontopur,EC,7140.0,False,113
2021,9,river,Khakshiali,Boshontopur,EC,1306.0,False,113
2021,10,river,Khakshiali,Boshontopur,EC,599.0,False,113
2021,11,river,Khakshiali,Boshontopur,EC,523.0,False,113
2021,12,river,Khakshiali,Boshontopur,EC,1942.0,False,113
2021,1,river,Khakshiali,Boshontopur,SS,56.0,False,113
2021,2,river,Khakshiali,Boshontopur,SS,55.0,False,113
2021,3,river,Khakshiali,Boshontopur,SS,56.0,False,113
2021,9,river,Khakshiali,Boshontopur,SS,70.0,False,113
2021,10,river,Khakshiali,Boshontopur,SS,70.0,False,113
2021,11,river,Khakshiali,Boshontopur,SS,69.0,False,113
2021,12,river,Khakshiali,Boshontopur,SS,82.0,False,113
2021,1,river,Khakshiali,Boshontopur,TDS,220.0,False,113
2021,2,river,Khakshiali,Boshontopur,TDS,2210.0,False,113
2021,3,river,Khakshiali,Boshontopur,TDS,3840.0,False,113
2021,9,river,Khakshiali,Boshontopur,TDS,645.0,False,113
2021,10,river,Khakshiali,Boshontopur,TDS,289.0,False,113
2021,11,river,Khakshiali,Boshontopur,TDS,268.0,False,113
2021,12,river,Khakshiali,Boshontopur,TDS,1089.0,False,113
2021,1,river,Khakshiali,Boshontopur,Turbidity,58.2,False,113
2021,2,river,Khakshiali,Boshontopur,Turbidity,132.0,False,113
2021,3,river,Khakshiali,Boshontopur,Turbidity,132.0,False,113
2021,9,river,Khakshiali,Boshontopur,Turbidity,90.0,False,113
2021,10,river,Khakshiali,Boshontopur,Turbidity,89.0,False,113
2021,11,river,Khakshiali,Boshontopur,Turbidity,88.0,False,113
2021,12,river,Khakshiali,Boshontopur,Turbidity,88.0,False,113
2021,1,river,Khakshiali,Boshontopur,pH,8.34,False,112
2021,2,river,Khakshiali,Boshontopur,pH,8.45,False,112
2021,3,river,Khakshiali,Boshontopur,pH,8.43,False,112
2021,9,river,Khakshiali,Boshontopur,pH,8.45,False,112
2021,10,river,Khakshiali,Boshontopur,pH,8.23,False,112
2021,11,river,Khakshiali,Boshontopur,pH,8.2,False,112
2021,12,river,Khakshiali,Boshontopur,pH,8.09,False,112
2021,10,river,Khakshiali,Kaliganj Bazar,BOD,10.0,False,113
2021,11,river,Khakshiali,Kaliganj Bazar,BOD,7.0,False,113
2021,12,river,Khakshiali,Kaliganj Bazar,BOD,6.1,False,113
2021,1,river,Khakshiali,Kaliganj Bazar,Chloride,148.0,False,113
2021,2,river,Khakshiali,Kaliganj Bazar,Chloride,945.0,False,113
2021,3,river,Khakshiali,Kaliganj Bazar,Chloride,950.0,False,113
2021,9,river,Khakshiali,Kaliganj Bazar,Chloride,205.0,False,113
2021,10,river,Khakshiali,Kaliganj Bazar,Chloride,203.0,False,113
2021,11,river,Khakshiali,Kaliganj Bazar,Chloride,363.0,False,113
2021,12,river,Khakshiali,Kaliganj Bazar,Chloride,1375.0,False,113
2021,1,river,Khakshiali,Kaliganj Bazar,DO,7.21,False,113
2021,2,river,Khakshiali,Kaliganj Bazar,DO,6.03,False,113
2021,3,river,Khakshiali,Kaliganj Bazar,DO,6.23,False,113
2021,9,river,Khakshiali,Kaliganj Bazar,DO,4.4,False,113
2021,10,river,Khakshiali,Kaliganj Bazar,DO,3.5,False,113
2021,11,river,Khakshiali,Kaliganj Bazar,DO,3.4,False,113
2021,12,river,Khakshiali,Kaliganj Bazar,DO,8.7,False,113
2021,1,river,Khakshiali,Kaliganj Bazar,EC,434.0,False,113
2021,2,river,Khakshiali,Kaliganj Bazar,EC,3880.0,False,113
2021,3,river,Khakshiali,Kaliganj Bazar,EC,7430.0,False,113
2021,9,river,Khakshiali,Kaliganj Bazar,EC,1299.0,False,113
2021,10,river,Khakshiali,Kaliganj Bazar,EC,588.0,False,113
2021,11,river,Khakshiali,Kaliganj Bazar,EC,512.0,False,113
2021,12,river,Khakshiali,Kaliganj Bazar,EC,1926.0,False,113
2021,1,river,Khakshiali,Kaliganj Bazar,SS,52.0,False,113
2021,2,river,Khakshiali,Kaliganj Bazar,SS,52.0,False,113
2021,3,river,Khakshiali,Kaliganj Bazar,SS,51.0,False,113
2021,9,river,Khakshiali,Kaliganj Bazar,SS,67.0,False,113
2021,10,river,Khakshiali,Kaliganj Bazar,SS,68.0,False,113
2021,11,river,Khakshiali,Kaliganj Bazar,SS,68.0,False,113
2021,12,river,Khakshiali,Kaliganj Bazar,SS,88.0,False,113
2021,1,river,Khakshiali,Kaliganj Bazar,TDS,228.0,False,113
2021,2,river,Khakshiali,Kaliganj Bazar,TDS,2010.0,False,113
2021,3,river,Khakshiali,Kaliganj Bazar,TDS,3990.0,False,113
2021,9,river,Khakshiali,Kaliganj Bazar,TDS,644.0,False,113
2021,10,river,Khakshiali,Kaliganj Bazar,TDS,285.0,False,113
2021,11,river,Khakshiali,Kaliganj Bazar,TDS,262.0,False,113
2021,12,river,Khakshiali,Kaliganj Bazar,TDS,1084.0,False,113
2021,1,river,Khakshiali,Kaliganj Bazar,Turbidity,56.3,False,113
2021,2,river,Khakshiali,Kaliganj Bazar,Turbidity,124.0,False,113
2021,3,river,Khakshiali,Kaliganj Bazar,Turbidity,124.0,False,113
2021,9,river,Khakshiali,Kaliganj Bazar,Turbidity,89.0,False,113
2021,10,river,Khakshiali,Kaliganj Bazar,Turbidity,90.0,False,113
2021,11,river,Khakshiali,Kaliganj Bazar,Turbidity,90.0,False,113
2021,12,river,Khakshiali,Kaliganj Bazar,Turbidity,90.0,False,113
2021,1,river,Khakshiali,Kaliganj Bazar,pH,8.24,False,112
2021,2,river,Khakshiali,Kaliganj Bazar,pH,8.46,False,112
2021,3,river,Khakshiali,Kaliganj Bazar,pH,8.39,False,112
2021,9,river,Khakshiali,Kaliganj Bazar,pH,7.87,False,112
2021,10,river,Khakshiali,Kaliganj Bazar,pH,8.2,False,112
2021,11,river,Khakshiali,Kaliganj Bazar,pH,8.18,False,112
2021,12,river,Khakshiali,Kaliganj Bazar,pH,7.69,False,112
2021,10,river,Khakshiali,Uzirpur,BOD,9.0,False,113
2021,11,river,Khakshiali,Uzirpur,BOD,8.0,False,113
2021,12,river,Khakshiali,Uzirpur,BOD,4.2,False,113
2021,1,river,Khakshiali,Uzirpur,Chloride,154.0,False,113
2021,2,river,Khakshiali,Uzirpur,Chloride,1015.0,False,113
2021,3,river,Khakshiali,Uzirpur,Chloride,1000.0,False,113
2021,9,river,Khakshiali,Uzirpur,Chloride,209.0,False,113
2021,10,river,Khakshiali,Uzirpur,Chloride,210.0,False,113
2021,11,river,Khakshiali,Uzirpur,Chloride,762.0,False,113
2021,12,river,Khakshiali,Uzirpur,Chloride,1375.0,False,113
2021,1,river,Khakshiali,Uzirpur,DO,7.28,False,113
2021,2,river,Khakshiali,Uzirpur,DO,5.51,False,113
2021,3,river,Khakshiali,Uzirpur,DO,3.7,False,113
2021,9,river,Khakshiali,Uzirpur,DO,4.7,False,113
2021,10,river,Khakshiali,Uzirpur,DO,3.5,False,113
2021,11,river,Khakshiali,Uzirpur,DO,3.7,False,113
2021,12,river,Khakshiali,Uzirpur,DO,6.7,False,113
2021,1,river,Khakshiali,Uzirpur,EC,440.0,False,113
2021,2,river,Khakshiali,Uzirpur,EC,4170.0,False,113
2021,3,river,Khakshiali,Uzirpur,EC,6240.0,False,113
2021,9,river,Khakshiali,Uzirpur,EC,1984.0,False,113
2021,10,river,Khakshiali,Uzirpur,EC,1810.0,False,113
2021,11,river,Khakshiali,Uzirpur,EC,1428.0,False,113
2021,12,river,Khakshiali,Uzirpur,EC,1945.0,False,113
2021,1,river,Khakshiali,Uzirpur,SS,56.0,False,113
2021,2,river,Khakshiali,Uzirpur,SS,59.0,False,113
2021,3,river,Khakshiali,Uzirpur,SS,60.0,False,113
2021,9,river,Khakshiali,Uzirpur,SS,68.0,False,113
2021,10,river,Khakshiali,Uzirpur,SS,69.0,False,113
2021,11,river,Khakshiali,Uzirpur,SS,64.0,False,113
2021,12,river,Khakshiali,Uzirpur,SS,87.0,False,113
2021,1,river,Khakshiali,Uzirpur,TDS,216.0,False,113
2021,2,river,Khakshiali,Uzirpur,TDS,2156.0,False,113
2021,3,river,Khakshiali,Uzirpur,TDS,3320.0,False,113
2021,9,river,Khakshiali,Uzirpur,TDS,100.0,False,113
2021,10,river,Khakshiali,Uzirpur,TDS,906.0,False,113
2021,11,river,Khakshiali,Uzirpur,TDS,734.0,False,113
2021,12,river,Khakshiali,Uzirpur,TDS,1093.0,False,113
2021,1,river,Khakshiali,Uzirpur,Turbidity,53.2,False,113
2021,2,river,Khakshiali,Uzirpur,Turbidity,153.0,False,113
2021,3,river,Khakshiali,Uzirpur,Turbidity,153.0,False,113
2021,9,river,Khakshiali,Uzirpur,Turbidity,87.0,False,113
2021,10,river,Khakshiali,Uzirpur,Turbidity,88.0,False,113
2021,11,river,Khakshiali,Uzirpur,Turbidity,84.0,False,113
2021,12,river,Khakshiali,Uzirpur,Turbidity,98.0,False,113
2021,1,river,Khakshiali,Uzirpur,pH,8.32,False,112
2021,2,river,Khakshiali,Uzirpur,pH,8.37,False,112
2021,3,river,Khakshiali,Uzirpur,pH,8.28,False,112
2021,9,river,Khakshiali,Uzirpur,pH,8.03,False,112
2021,10,river,Khakshiali,Uzirpur,pH,8.18,False,112
2021,11,river,Khakshiali,Uzirpur,pH,8.17,False,112
2021,12,river,Khakshiali,Uzirpur,pH,7.86,False,112
2021,1,river,Kirtankhola,Dopdopia Kheyaghat (M),DO,5.6,False,117
2021,2,river,Kirtankhola,Dopdopia Kheyaghat (M),DO,6.3,False,117
2021,3,river,Kirtankhola,Dopdopia Kheyaghat (M),DO,5.6,False,117
2021,6,river,Kirtankhola,Dopdopia Kheyaghat (M),DO,5.1,False,117
2021,8,river,Kirtankhola,Dopdopia Kheyaghat (M),DO,5.2,False,117
2021,10,river,Kirtankhola,Dopdopia Kheyaghat (M),DO,6.1,False,117
2021,11,river,Kirtankhola,Dopdopia Kheyaghat (M),DO,6.2,False,117
2021,12,river,Kirtankhola,Dopdopia Kheyaghat (M),DO,6.0,False,117
2021,1,river,Kirtankhola,Dopdopia Kheyaghat (M),EC,304.0,False,117
2021,2,river,Kirtankhola,Dopdopia Kheyaghat (M),EC,324.0,False,117
2021,3,river,Kirtankhola,Dopdopia Kheyaghat (M),EC,1240.0,False,117
2021,6,river,Kirtankhola,Dopdopia Kheyaghat (M),EC,2322.0,False,117
2021,8,river,Kirtankhola,Dopdopia Kheyaghat (M),EC,4376.0,False,117
2021,10,river,Kirtankhola,Dopdopia Kheyaghat (M),EC,3692.0,False,117
2021,11,river,Kirtankhola,Dopdopia Kheyaghat (M),EC,3884.0,False,117
2021,12,river,Kirtankhola,Dopdopia Kheyaghat (M),EC,3862.0,False,117
2021,1,river,Kirtankhola,Dopdopia Kheyaghat (M),TDS,152.0,False,117
2021,2,river,Kirtankhola,Dopdopia Kheyaghat (M),TDS,164.0,False,117
2021,3,river,Kirtankhola,Dopdopia Kheyaghat (M),TDS,620.0,False,117
2021,6,river,Kirtankhola,Dopdopia Kheyaghat (M),TDS,1162.0,False,117
2021,8,river,Kirtankhola,Dopdopia Kheyaghat (M),TDS,2188.0,False,117
2021,10,river,Kirtankhola,Dopdopia Kheyaghat (M),TDS,1847.0,False,117
2021,11,river,Kirtankhola,Dopdopia Kheyaghat (M),TDS,936.0,False,117
2021,12,river,Kirtankhola,Dopdopia Kheyaghat (M),TDS,1920.0,False,117
2021,1,river,Kirtankhola,Dopdopia Kheyaghat (M),pH,7.7,False,117
2021,2,river,Kirtankhola,Dopdopia Kheyaghat (M),pH,7.6,False,117
2021,3,river,Kirtankhola,Dopdopia Kheyaghat (M),pH,8.2,False,117
2021,6,river,Kirtankhola,Dopdopia Kheyaghat (M),pH,7.4,False,117
2021,8,river,Kirtankhola,Dopdopia Kheyaghat (M),pH,8.1,False,117
2021,10,river,Kirtankhola,Dopdopia Kheyaghat (M),pH,8.2,False,117
2021,11,river,Kirtankhola,Dopdopia Kheyaghat (M),pH,8.14,False,117
2021,12,river,Kirtankhola,Dopdopia Kheyaghat (M),pH,8.3,False,117
2021,1,river,Kirtankhola,Dopdopia Kheyaghat (S),DO,5.7,False,117
2021,2,river,Kirtankhola,Dopdopia Kheyaghat (S),DO,6.1,False,117
2021,3,river,Kirtankhola,Dopdopia Kheyaghat (S),DO,5.4,False,117
2021,6,river,Kirtankhola,Dopdopia Kheyaghat (S),DO,5.3,False,117
2021,8,river,Kirtankhola,Dopdopia Kheyaghat (S),DO,5.4,False,117
2021,10,river,Kirtankhola,Dopdopia Kheyaghat (S),DO,5.8,False,117
2021,11,river,Kirtankhola,Dopdopia Kheyaghat (S),DO,6.1,False,117
2021,12,river,Kirtankhola,Dopdopia Kheyaghat (S),DO,6.2,False,117
2021,1,river,Kirtankhola,Dopdopia Kheyaghat (S),EC,300.0,False,117
2021,2,river,Kirtankhola,Dopdopia Kheyaghat (S),EC,340.0,False,117
2021,3,river,Kirtankhola,Dopdopia Kheyaghat (S),EC,1242.0,False,117
2021,6,river,Kirtankhola,Dopdopia Kheyaghat (S),EC,2392.0,False,117
2021,8,river,Kirtankhola,Dopdopia Kheyaghat (S),EC,4620.0,False,117
2021,10,river,Kirtankhola,Dopdopia Kheyaghat (S),EC,3680.0,False,117
2021,11,river,Kirtankhola,Dopdopia Kheyaghat (S),EC,3820.0,False,117
2021,12,river,Kirtankhola,Dopdopia Kheyaghat (S),EC,3822.0,False,117
2021,1,river,Kirtankhola,Dopdopia Kheyaghat (S),TDS,149.0,False,117
2021,2,river,Kirtankhola,Dopdopia Kheyaghat (S),TDS,171.0,False,117
2021,3,river,Kirtankhola,Dopdopia Kheyaghat (S),TDS,622.0,False,117
2021,6,river,Kirtankhola,Dopdopia Kheyaghat (S),TDS,1196.0,False,117
2021,8,river,Kirtankhola,Dopdopia Kheyaghat (S),TDS,2310.0,False,117
2021,10,river,Kirtankhola,Dopdopia Kheyaghat (S),TDS,1840.0,False,117
2021,11,river,Kirtankhola,Dopdopia Kheyaghat (S),TDS,933.0,False,117
2021,12,river,Kirtankhola,Dopdopia Kheyaghat (S),TDS,1345.0,False,117
2021,1,river,Kirtankhola,Dopdopia Kheyaghat (S),pH,7.8,False,117
2021,2,river,Kirtankhola,Dopdopia Kheyaghat (S),pH,7.8,False,117
2021,3,river,Kirtankhola,Dopdopia Kheyaghat (S),pH,8.0,False,117
2021,6,river,Kirtankhola,Dopdopia Kheyaghat (S),pH,7.5,False,117
2021,8,river,Kirtankhola,Dopdopia Kheyaghat (S),pH,8.3,False,117
2021,10,river,Kirtankhola,Dopdopia Kheyaghat (S),pH,7.9,False,117
2021,11,river,Kirtankhola,Dopdopia Kheyaghat (S),pH,8.16,False,117
2021,12,river,Kirtankhola,Dopdopia Kheyaghat (S),pH,8.4,False,117
2021,1,river,Kirtankhola,Kaower Char (M),DO,5.9,False,117
2021,2,river,Kirtankhola,Kaower Char (M),DO,6.3,False,117
2021,3,river,Kirtankhola,Kaower Char (M),DO,5.4,False,117
2021,8,river,Kirtankhola,Kaower Char (M),DO,4.0,False,117
2021,10,river,Kirtankhola,Kaower Char (M),DO,6.0,False,117
2021,11,river,Kirtankhola,Kaower Char (M),DO,6.2,False,117
2021,12,river,Kirtankhola,Kaower Char (M),DO,6.2,False,117
2021,1,river,Kirtankhola,Kaower Char (M),EC,292.0,False,117
2021,2,river,Kirtankhola,Kaower Char (M),EC,321.0,False,117
2021,3,river,Kirtankhola,Kaower Char (M),EC,1342.0,False,117
2021,8,river,Kirtankhola,Kaower Char (M),EC,3368.0,False,117
2021,10,river,Kirtankhola,Kaower Char (M),EC,4872.0,False,117
2021,11,river,Kirtankhola,Kaower Char (M),EC,5982.0,False,117
2021,12,river,Kirtankhola,Kaower Char (M),EC,5144.0,False,117
2021,1,river,Kirtankhola,Kaower Char (M),TDS,146.0,False,117
2021,2,river,Kirtankhola,Kaower Char (M),TDS,160.0,False,117
2021,3,river,Kirtankhola,Kaower Char (M),TDS,672.0,False,117
2021,8,river,Kirtankhola,Kaower Char (M),TDS,1684.0,False,117
2021,10,river,Kirtankhola,Kaower Char (M),TDS,2438.0,False,117
2021,11,river,Kirtankhola,Kaower Char (M),TDS,1228.0,False,117
2021,12,river,Kirtankhola,Kaower Char (M),TDS,2573.0,False,117
2021,1,river,Kirtankhola,Kaower Char (M),pH,7.9,False,117
2021,2,river,Kirtankhola,Kaower Char (M),pH,7.6,False,117
2021,3,river,Kirtankhola,Kaower Char (M),pH,7.8,False,117
2021,8,river,Kirtankhola,Kaower Char (M),pH,7.8,False,117
2021,10,river,Kirtankhola,Kaower Char (M),pH,8.4,False,117
2021,11,river,Kirtankhola,Kaower Char (M),pH,8.1,False,117
2021,12,river,Kirtankhola,Kaower Char (M),pH,8.32,False,117
2021,1,river,Kirtankhola,Kaower Char (S),DO,6.1,False,117
2021,2,river,Kirtankhola,Kaower Char (S),DO,6.0,False,117
2021,3,river,Kirtankhola,Kaower Char (S),DO,5.3,False,117
2021,8,river,Kirtankhola,Kaower Char (S),DO,4.2,False,117
2021,10,river,Kirtankhola,Kaower Char (S),DO,6.2,False,117
2021,11,river,Kirtankhola,Kaower Char (S),DO,6.5,False,117
2021,12,river,Kirtankhola,Kaower Char (S),DO,6.1,False,117
2021,1,river,Kirtankhola,Kaower Char (S),EC,300.0,False,117
2021,2,river,Kirtankhola,Kaower Char (S),EC,332.0,False,117
2021,3,river,Kirtankhola,Kaower Char (S),EC,1331.0,False,117
2021,8,river,Kirtankhola,Kaower Char (S),EC,3422.0,False,117
2021,10,river,Kirtankhola,Kaower Char (S),EC,4826.0,False,117
2021,11,river,Kirtankhola,Kaower Char (S),EC,5938.0,False,117
2021,12,river,Kirtankhola,Kaower Char (S),EC,5088.0,False,117
2021,1,river,Kirtankhola,Kaower Char (S),TDS,148.0,False,117
2021,2,river,Kirtankhola,Kaower Char (S),TDS,164.0,False,117
2021,3,river,Kirtankhola,Kaower Char (S),TDS,667.0,False,117
2021,8,river,Kirtankhola,Kaower Char (S),TDS,1711.0,False,117
2021,10,river,Kirtankhola,Kaower Char (S),TDS,2413.0,False,117
2021,11,river,Kirtankhola,Kaower Char (S),TDS,1216.0,False,117
2021,12,river,Kirtankhola,Kaower Char (S),TDS,2544.0,False,117
2021,1,river,Kirtankhola,Kaower Char (S),pH,8.0,False,117
2021,2,river,Kirtankhola,Kaower Char (S),pH,8.0,False,117
2021,3,river,Kirtankhola,Kaower Char (S),pH,7.6,False,117
2021,8,river,Kirtankhola,Kaower Char (S),pH,7.6,False,117
2021,10,river,Kirtankhola,Kaower Char (S),pH,8.1,False,117
2021,11,river,Kirtankhola,Kaower Char (S),pH,8.0,False,117
2021,12,river,Kirtankhola,Kaower Char (S),pH,8.25,False,117
2021,1,river,Kirtankhola,Launch Ghat (M),DO,6.0,False,117
2021,2,river,Kirtankhola,Launch Ghat (M),DO,6.0,False,117
2021,3,river,Kirtankhola,Launch Ghat (M),DO,5.2,False,117
2021,8,river,Kirtankhola,Launch Ghat (M),DO,3.4,False,117
2021,10,river,Kirtankhola,Launch Ghat (M),DO,6.0,False,117
2021,11,river,Kirtankhola,Launch Ghat (M),DO,6.3,False,117
2021,12,river,Kirtankhola,Launch Ghat (M),DO,6.1,False,117
2021,1,river,Kirtankhola,Launch Ghat (M),EC,299.0,False,117
2021,2,river,Kirtankhola,Launch Ghat (M),EC,314.0,False,117
2021,3,river,Kirtankhola,Launch Ghat (M),EC,1362.0,False,117
2021,8,river,Kirtankhola,Launch Ghat (M),EC,3288.0,False,117
2021,10,river,Kirtankhola,Launch Ghat (M),EC,2538.0,False,117
2021,11,river,Kirtankhola,Launch Ghat (M),EC,2698.0,False,117
2021,12,river,Kirtankhola,Launch Ghat (M),EC,2688.0,False,117
2021,1,river,Kirtankhola,Launch Ghat (M),TDS,148.0,False,117
2021,2,river,Kirtankhola,Launch Ghat (M),TDS,154.0,False,117
2021,3,river,Kirtankhola,Launch Ghat (M),TDS,682.0,False,117
2021,8,river,Kirtankhola,Launch Ghat (M),TDS,1644.0,False,117
2021,10,river,Kirtankhola,Launch Ghat (M),TDS,1270.0,False,117
2021,11,river,Kirtankhola,Launch Ghat (M),TDS,1349.0,False,117
2021,12,river,Kirtankhola,Launch Ghat (M),TDS,1345.0,False,117
2021,1,river,Kirtankhola,Launch Ghat (M),pH,8.0,False,117
2021,2,river,Kirtankhola,Launch Ghat (M),pH,7.6,False,117
2021,3,river,Kirtankhola,Launch Ghat (M),pH,7.4,False,117
2021,8,river,Kirtankhola,Launch Ghat (M),pH,8.0,False,117
2021,10,river,Kirtankhola,Launch Ghat (M),pH,7.2,False,117
2021,11,river,Kirtankhola,Launch Ghat (M),pH,7.74,False,117
2021,12,river,Kirtankhola,Launch Ghat (M),pH,7.89,False,117
2021,1,river,Kirtankhola,Launch Ghat (S),DO,5.8,False,117
2021,2,river,Kirtankhola,Launch Ghat (S),DO,6.2,False,117
2021,3,river,Kirtankhola,Launch Ghat (S),DO,5.1,False,117
2021,8,river,Kirtankhola,Launch Ghat (S),DO,3.2,False,117
2021,10,river,Kirtankhola,Launch Ghat (S),DO,5.8,False,117
2021,11,river,Kirtankhola,Launch Ghat (S),DO,6.1,False,117
2021,12,river,Kirtankhola,Launch Ghat (S),DO,6.2,False,117
2021,1,river,Kirtankhola,Launch Ghat (S),EC,303.0,False,117
2021,2,river,Kirtankhola,Launch Ghat (S),EC,320.0,False,117
2021,3,river,Kirtankhola,Launch Ghat (S),EC,1360.0,False,117
2021,8,river,Kirtankhola,Launch Ghat (S),EC,3390.0,False,117
2021,10,river,Kirtankhola,Launch Ghat (S),EC,2591.0,False,117
2021,11,river,Kirtankhola,Launch Ghat (S),EC,2732.0,False,117
2021,12,river,Kirtankhola,Launch Ghat (S),EC,2720.0,False,117
2021,1,river,Kirtankhola,Launch Ghat (S),TDS,150.0,False,117
2021,2,river,Kirtankhola,Launch Ghat (S),TDS,158.0,False,117
2021,3,river,Kirtankhola,Launch Ghat (S),TDS,681.0,False,117
2021,8,river,Kirtankhola,Launch Ghat (S),TDS,1695.0,False,117
2021,10,river,Kirtankhola,Launch Ghat (S),TDS,1297.0,False,117
2021,11,river,Kirtankhola,Launch Ghat (S),TDS,1366.0,False,117
2021,12,river,Kirtankhola,Launch Ghat (S),TDS,1360.0,False,117
2021,1,river,Kirtankhola,Launch Ghat (S),pH,7.9,False,117
2021,2,river,Kirtankhola,Launch Ghat (S),pH,7.7,False,117
2021,3,river,Kirtankhola,Launch Ghat (S),pH,7.5,False,117
2021,8,river,Kirtankhola,Launch Ghat (S),pH,7.8,False,117
2021,10,river,Kirtankhola,Launch Ghat (S),pH,7.4,False,117
2021,11,river,Kirtankhola,Launch Ghat (S),pH,7.8,False,117
2021,12,river,Kirtankhola,Launch Ghat (S),pH,8.0,False,117
2021,1,river,Korotoa,Aziz Ahmed Taki Road (Down),BOD,6.0,False,102
2021,2,river,Korotoa,Aziz Ahmed Taki Road (Down),BOD,5.9,False,102
2021,3,river,Korotoa,Aziz Ahmed Taki Road (Down),BOD,6.2,False,102
2021,4,river,Korotoa,Aziz Ahmed Taki Road (Down),BOD,6.22,False,102
2021,5,river,Korotoa,Aziz Ahmed Taki Road (Down),BOD,5.42,False,102
2021,6,river,Korotoa,Aziz Ahmed Taki Road (Down),BOD,3.8,False,102
2021,8,river,Korotoa,Aziz Ahmed Taki Road (Down),BOD,3.1,False,102
2021,9,river,Korotoa,Aziz Ahmed Taki Road (Down),BOD,4.0,False,102
2021,10,river,Korotoa,Aziz Ahmed Taki Road (Down),BOD,3.7,False,102
2021,11,river,Korotoa,Aziz Ahmed Taki Road (Down),BOD,3.9,False,102
2021,12,river,Korotoa,Aziz Ahmed Taki Road (Down),BOD,4.2,False,102
2021,1,river,Korotoa,Aziz Ahmed Taki Road (Down),DO,3.84,False,102
2021,2,river,Korotoa,Aziz Ahmed Taki Road (Down),DO,3.94,False,102
2021,3,river,Korotoa,Aziz Ahmed Taki Road (Down),DO,3.8,False,102
2021,4,river,Korotoa,Aziz Ahmed Taki Road (Down),DO,3.81,False,102
2021,5,river,Korotoa,Aziz Ahmed Taki Road (Down),DO,3.72,False,102
2021,6,river,Korotoa,Aziz Ahmed Taki Road (Down),DO,5.0,False,102
2021,8,river,Korotoa,Aziz Ahmed Taki Road (Down),DO,6.6,False,102
2021,9,river,Korotoa,Aziz Ahmed Taki Road (Down),DO,4.94,False,102
2021,10,river,Korotoa,Aziz Ahmed Taki Road (Down),DO,5.04,False,102
2021,11,river,Korotoa,Aziz Ahmed Taki Road (Down),DO,4.86,False,102
2021,12,river,Korotoa,Aziz Ahmed Taki Road (Down),DO,5.0,False,102
2021,1,river,Korotoa,Aziz Ahmed Taki Road (Down),EC,340.0,False,103
2021,2,river,Korotoa,Aziz Ahmed Taki Road (Down),EC,328.0,False,103
2021,3,river,Korotoa,Aziz Ahmed Taki Road (Down),EC,380.0,False,103
2021,4,river,Korotoa,Aziz Ahmed Taki Road (Down),EC,390.0,False,103
2021,5,river,Korotoa,Aziz Ahmed Taki Road (Down),EC,360.0,False,103
2021,6,river,Korotoa,Aziz Ahmed Taki Road (Down),EC,300.0,False,103
2021,8,river,Korotoa,Aziz Ahmed Taki Road (Down),EC,268.0,False,103
2021,9,river,Korotoa,Aziz Ahmed Taki Road (Down),EC,296.0,False,103
2021,10,river,Korotoa,Aziz Ahmed Taki Road (Down),EC,312.0,False,103
2021,11,river,Korotoa,Aziz Ahmed Taki Road (Down),EC,308.0,False,103
2021,12,river,Korotoa,Aziz Ahmed Taki Road (Down),EC,332.0,False,103
2021,1,river,Korotoa,Aziz Ahmed Taki Road (Down),SS,63.0,False,102
2021,2,river,Korotoa,Aziz Ahmed Taki Road (Down),SS,58.0,False,102
2021,3,river,Korotoa,Aziz Ahmed Taki Road (Down),SS,60.0,False,102
2021,4,river,Korotoa,Aziz Ahmed Taki Road (Down),SS,65.0,False,102
2021,5,river,Korotoa,Aziz Ahmed Taki Road (Down),SS,62.0,False,102
2021,6,river,Korotoa,Aziz Ahmed Taki Road (Down),SS,54.0,False,102
2021,8,river,Korotoa,Aziz Ahmed Taki Road (Down),SS,46.0,False,102
2021,9,river,Korotoa,Aziz Ahmed Taki Road (Down),SS,54.0,False,102
2021,10,river,Korotoa,Aziz Ahmed Taki Road (Down),SS,58.0,False,102
2021,11,river,Korotoa,Aziz Ahmed Taki Road (Down),SS,56.0,False,102
2021,12,river,Korotoa,Aziz Ahmed Taki Road (Down),SS,54.0,False,102
2021,1,river,Korotoa,Aziz Ahmed Taki Road (Down),TDS,170.0,False,102
2021,2,river,Korotoa,Aziz Ahmed Taki Road (Down),TDS,164.0,False,102
2021,3,river,Korotoa,Aziz Ahmed Taki Road (Down),TDS,190.0,False,102
2021,4,river,Korotoa,Aziz Ahmed Taki Road (Down),TDS,195.0,False,102
2021,5,river,Korotoa,Aziz Ahmed Taki Road (Down),TDS,180.0,False,102
2021,6,river,Korotoa,Aziz Ahmed Taki Road (Down),TDS,150.0,False,102
2021,8,river,Korotoa,Aziz Ahmed Taki Road (Down),TDS,134.0,False,102
2021,9,river,Korotoa,Aziz Ahmed Taki Road (Down),TDS,148.0,False,102
2021,10,river,Korotoa,Aziz Ahmed Taki Road (Down),TDS,156.0,False,102
2021,11,river,Korotoa,Aziz Ahmed Taki Road (Down),TDS,154.0,False,102
2021,12,river,Korotoa,Aziz Ahmed Taki Road (Down),TDS,166.0,False,102
2021,1,river,Korotoa,Aziz Ahmed Taki Road (Down),pH,6.92,False,102
2021,2,river,Korotoa,Aziz Ahmed Taki Road (Down),pH,7.06,False,102
2021,3,river,Korotoa,Aziz Ahmed Taki Road (Down),pH,7.06,False,102
2021,4,river,Korotoa,Aziz Ahmed Taki Road (Down),pH,7.08,False,102
2021,5,river,Korotoa,Aziz Ahmed Taki Road (Down),pH,7.12,False,102
2021,6,river,Korotoa,Aziz Ahmed Taki Road (Down),pH,7.12,False,102
2021,8,river,Korotoa,Aziz Ahmed Taki Road (Down),pH,7.26,False,102
2021,9,river,Korotoa,Aziz Ahmed Taki Road (Down),pH,7.02,False,102
2021,10,river,Korotoa,Aziz Ahmed Taki Road (Down),pH,7.08,False,102
2021,11,river,Korotoa,Aziz Ahmed Taki Road (Down),pH,7.06,False,102
2021,12,river,Korotoa,Aziz Ahmed Taki Road (Down),pH,7.02,False,102
2021,1,river,Korotoa,Aziz Ahmed Taki Road (UP),BOD,6.0,False,102
2021,2,river,Korotoa,Aziz Ahmed Taki Road (UP),BOD,5.9,False,102
2021,3,river,Korotoa,Aziz Ahmed Taki Road (UP),BOD,6.2,False,102
2021,4,river,Korotoa,Aziz Ahmed Taki Road (UP),BOD,6.22,False,102
2021,5,river,Korotoa,Aziz Ahmed Taki Road (UP),BOD,5.42,False,102
2021,6,river,Korotoa,Aziz Ahmed Taki Road (UP),BOD,3.8,False,102
2021,8,river,Korotoa,Aziz Ahmed Taki Road (UP),BOD,3.1,False,102
2021,9,river,Korotoa,Aziz Ahmed Taki Road (UP),BOD,4.0,False,102
2021,10,river,Korotoa,Aziz Ahmed Taki Road (UP),BOD,3.7,False,102
2021,11,river,Korotoa,Aziz Ahmed Taki Road (UP),BOD,3.9,False,102
2021,12,river,Korotoa,Aziz Ahmed Taki Road (UP),BOD,4.2,False,102
2021,1,river,Korotoa,Aziz Ahmed Taki Road (UP),DO,3.84,False,102
2021,2,river,Korotoa,Aziz Ahmed Taki Road (UP),DO,3.94,False,102
2021,3,river,Korotoa,Aziz Ahmed Taki Road (UP),DO,3.8,False,102
2021,4,river,Korotoa,Aziz Ahmed Taki Road (UP),DO,3.81,False,102
2021,5,river,Korotoa,Aziz Ahmed Taki Road (UP),DO,3.72,False,102
2021,6,river,Korotoa,Aziz Ahmed Taki Road (UP),DO,5.0,False,102
2021,8,river,Korotoa,Aziz Ahmed Taki Road (UP),DO,6.6,False,102
2021,9,river,Korotoa,Aziz Ahmed Taki Road (UP),DO,4.94,False,102
2021,10,river,Korotoa,Aziz Ahmed Taki Road (UP),DO,5.04,False,102
2021,11,river,Korotoa,Aziz Ahmed Taki Road (UP),DO,4.86,False,102
2021,12,river,Korotoa,Aziz Ahmed Taki Road (UP),DO,5.0,False,102
2021,1,river,Korotoa,Aziz Ahmed Taki Road (UP),EC,340.0,False,103
2021,2,river,Korotoa,Aziz Ahmed Taki Road (UP),EC,328.0,False,103
2021,3,river,Korotoa,Aziz Ahmed Taki Road (UP),EC,380.0,False,103
2021,4,river,Korotoa,Aziz Ahmed Taki Road (UP),EC,390.0,False,103
2021,5,river,Korotoa,Aziz Ahmed Taki Road (UP),EC,360.0,False,103
2021,6,river,Korotoa,Aziz Ahmed Taki Road (UP),EC,300.0,False,103
2021,8,river,Korotoa,Aziz Ahmed Taki Road (UP),EC,268.0,False,103
2021,9,river,Korotoa,Aziz Ahmed Taki Road (UP),EC,296.0,False,103
2021,10,river,Korotoa,Aziz Ahmed Taki Road (UP),EC,312.0,False,103
2021,11,river,Korotoa,Aziz Ahmed Taki Road (UP),EC,308.0,False,103
2021,12,river,Korotoa,Aziz Ahmed Taki Road (UP),EC,332.0,False,103
2021,1,river,Korotoa,Aziz Ahmed Taki Road (UP),SS,63.0,False,102
2021,2,river,Korotoa,Aziz Ahmed Taki Road (UP),SS,58.0,False,102
2021,3,river,Korotoa,Aziz Ahmed Taki Road (UP),SS,60.0,False,102
2021,4,river,Korotoa,Aziz Ahmed Taki Road (UP),SS,65.0,False,102
2021,5,river,Korotoa,Aziz Ahmed Taki Road (UP),SS,62.0,False,102
2021,6,river,Korotoa,Aziz Ahmed Taki Road (UP),SS,54.0,False,102
2021,8,river,Korotoa,Aziz Ahmed Taki Road (UP),SS,46.0,False,102
2021,9,river,Korotoa,Aziz Ahmed Taki Road (UP),SS,54.0,False,102
2021,10,river,Korotoa,Aziz Ahmed Taki Road (UP),SS,58.0,False,102
2021,11,river,Korotoa,Aziz Ahmed Taki Road (UP),SS,56.0,False,102
2021,12,river,Korotoa,Aziz Ahmed Taki Road (UP),SS,54.0,False,102
2021,1,river,Korotoa,Aziz Ahmed Taki Road (UP),TDS,170.0,False,102
2021,2,river,Korotoa,Aziz Ahmed Taki Road (UP),TDS,164.0,False,102
2021,3,river,Korotoa,Aziz Ahmed Taki Road (UP),TDS,190.0,False,102
2021,4,river,Korotoa,Aziz Ahmed Taki Road (UP),TDS,195.0,False,102
2021,5,river,Korotoa,Aziz Ahmed Taki Road (UP),TDS,180.0,False,102
2021,6,river,Korotoa,Aziz Ahmed Taki Road (UP),TDS,150.0,False,102
2021,8,river,Korotoa,Aziz Ahmed Taki Road (UP),TDS,134.0,False,102
2021,9,river,Korotoa,Aziz Ahmed Taki Road (UP),TDS,148.0,False,102
2021,10,river,Korotoa,Aziz Ahmed Taki Road (UP),TDS,156.0,False,102
2021,11,river,Korotoa,Aziz Ahmed Taki Road (UP),TDS,154.0,False,102
2021,12,river,Korotoa,Aziz Ahmed Taki Road (UP),TDS,166.0,False,102
2021,1,river,Korotoa,Aziz Ahmed Taki Road (UP),pH,6.92,False,102
2021,2,river,Korotoa,Aziz Ahmed Taki Road (UP),pH,7.06,False,102
2021,3,river,Korotoa,Aziz Ahmed Taki Road (UP),pH,7.06,False,102
2021,4,river,Korotoa,Aziz Ahmed Taki Road (UP),pH,7.08,False,102
2021,5,river,Korotoa,Aziz Ahmed Taki Road (UP),pH,7.12,False,102
2021,6,river,Korotoa,Aziz Ahmed Taki Road (UP),pH,7.12,False,102
2021,8,river,Korotoa,Aziz Ahmed Taki Road (UP),pH,7.26,False,102
2021,9,river,Korotoa,Aziz Ahmed Taki Road (UP),pH,7.02,False,102
2021,10,river,Korotoa,Aziz Ahmed Taki Road (UP),pH,7.08,False,102
2021,11,river,Korotoa,Aziz Ahmed Taki Road (UP),pH,7.06,False,102
2021,12,river,Korotoa,Aziz Ahmed Taki Road (UP),pH,7.02,False,102
2021,1,river,Korotoa,Dottobari Bridge (Down),BOD,6.1,False,102
2021,2,river,Korotoa,Dottobari Bridge (Down),BOD,6.2,False,102
2021,3,river,Korotoa,Dottobari Bridge (Down),BOD,6.46,False,102
2021,4,river,Korotoa,Dottobari Bridge (Down),BOD,6.44,False,102
2021,5,river,Korotoa,Dottobari Bridge (Down),BOD,5.94,False,102
2021,6,river,Korotoa,Dottobari Bridge (Down),BOD,3.8,False,102
2021,8,river,Korotoa,Dottobari Bridge (Down),BOD,3.0,False,102
2021,9,river,Korotoa,Dottobari Bridge (Down),BOD,4.1,False,102
2021,10,river,Korotoa,Dottobari Bridge (Down),BOD,3.6,False,102
2021,11,river,Korotoa,Dottobari Bridge (Down),BOD,4.1,False,102
2021,12,river,Korotoa,Dottobari Bridge (Down),BOD,4.1,False,102
2021,1,river,Korotoa,Dottobari Bridge (Down),DO,3.88,False,102
2021,2,river,Korotoa,Dottobari Bridge (Down),DO,3.78,False,102
2021,3,river,Korotoa,Dottobari Bridge (Down),DO,3.52,False,102
2021,4,river,Korotoa,Dottobari Bridge (Down),DO,3.51,False,102
2021,5,river,Korotoa,Dottobari Bridge (Down),DO,3.8,False,102
2021,6,river,Korotoa,Dottobari Bridge (Down),DO,5.1,False,102
2021,8,river,Korotoa,Dottobari Bridge (Down),DO,6.8,False,102
2021,9,river,Korotoa,Dottobari Bridge (Down),DO,4.88,False,102
2021,10,river,Korotoa,Dottobari Bridge (Down),DO,4.8,False,102
2021,11,river,Korotoa,Dottobari Bridge (Down),DO,4.92,False,102
2021,12,river,Korotoa,Dottobari Bridge (Down),DO,4.9,False,102
2021,1,river,Korotoa,Dottobari Bridge (Down),EC,334.0,False,103
2021,2,river,Korotoa,Dottobari Bridge (Down),EC,344.0,False,103
2021,3,river,Korotoa,Dottobari Bridge (Down),EC,392.0,False,103
2021,4,river,Korotoa,Dottobari Bridge (Down),EC,396.0,False,103
2021,5,river,Korotoa,Dottobari Bridge (Down),EC,360.0,False,103
2021,6,river,Korotoa,Dottobari Bridge (Down),EC,300.0,False,103
2021,8,river,Korotoa,Dottobari Bridge (Down),EC,280.0,False,103
2021,9,river,Korotoa,Dottobari Bridge (Down),EC,310.0,False,103
2021,10,river,Korotoa,Dottobari Bridge (Down),EC,320.0,False,103
2021,11,river,Korotoa,Dottobari Bridge (Down),EC,320.0,False,103
2021,12,river,Korotoa,Dottobari Bridge (Down),EC,340.0,False,103
2021,1,river,Korotoa,Dottobari Bridge (Down),SS,62.0,False,102
2021,2,river,Korotoa,Dottobari Bridge (Down),SS,64.0,False,102
2021,3,river,Korotoa,Dottobari Bridge (Down),SS,64.0,False,102
2021,4,river,Korotoa,Dottobari Bridge (Down),SS,72.0,False,102
2021,5,river,Korotoa,Dottobari Bridge (Down),SS,68.0,False,102
2021,6,river,Korotoa,Dottobari Bridge (Down),SS,58.0,False,102
2021,8,river,Korotoa,Dottobari Bridge (Down),SS,48.0,False,102
2021,9,river,Korotoa,Dottobari Bridge (Down),SS,56.0,False,102
2021,10,river,Korotoa,Dottobari Bridge (Down),SS,60.0,False,102
2021,11,river,Korotoa,Dottobari Bridge (Down),SS,60.0,False,102
2021,12,river,Korotoa,Dottobari Bridge (Down),SS,58.0,False,102
2021,1,river,Korotoa,Dottobari Bridge (Down),TDS,167.0,False,102
2021,2,river,Korotoa,Dottobari Bridge (Down),TDS,172.0,False,102
2021,3,river,Korotoa,Dottobari Bridge (Down),TDS,196.0,False,102
2021,4,river,Korotoa,Dottobari Bridge (Down),TDS,198.0,False,102
2021,5,river,Korotoa,Dottobari Bridge (Down),TDS,180.0,False,102
2021,6,river,Korotoa,Dottobari Bridge (Down),TDS,150.0,False,102
2021,8,river,Korotoa,Dottobari Bridge (Down),TDS,140.0,False,102
2021,9,river,Korotoa,Dottobari Bridge (Down),TDS,155.0,False,102
2021,10,river,Korotoa,Dottobari Bridge (Down),TDS,160.0,False,102
2021,11,river,Korotoa,Dottobari Bridge (Down),TDS,160.0,False,102
2021,12,river,Korotoa,Dottobari Bridge (Down),TDS,170.0,False,102
2021,1,river,Korotoa,Dottobari Bridge (Down),pH,7.02,False,102
2021,2,river,Korotoa,Dottobari Bridge (Down),pH,7.0,False,102
2021,3,river,Korotoa,Dottobari Bridge (Down),pH,6.98,False,102
2021,4,river,Korotoa,Dottobari Bridge (Down),pH,6.97,False,102
2021,5,river,Korotoa,Dottobari Bridge (Down),pH,7.02,False,102
2021,6,river,Korotoa,Dottobari Bridge (Down),pH,7.2,False,102
2021,8,river,Korotoa,Dottobari Bridge (Down),pH,7.24,False,102
2021,9,river,Korotoa,Dottobari Bridge (Down),pH,7.12,False,102
2021,10,river,Korotoa,Dottobari Bridge (Down),pH,7.16,False,102
2021,11,river,Korotoa,Dottobari Bridge (Down),pH,7.1,False,102
2021,12,river,Korotoa,Dottobari Bridge (Down),pH,7.04,False,102
2021,1,river,Korotoa,Dottobari Bridge (UP),BOD,6.1,False,102
2021,2,river,Korotoa,Dottobari Bridge (UP),BOD,6.2,False,102
2021,3,river,Korotoa,Dottobari Bridge (UP),BOD,6.46,False,102
2021,4,river,Korotoa,Dottobari Bridge (UP),BOD,6.44,False,102
2021,5,river,Korotoa,Dottobari Bridge (UP),BOD,5.94,False,102
2021,6,river,Korotoa,Dottobari Bridge (UP),BOD,3.8,False,102
2021,8,river,Korotoa,Dottobari Bridge (UP),BOD,3.0,False,102
2021,9,river,Korotoa,Dottobari Bridge (UP),BOD,4.1,False,102
2021,10,river,Korotoa,Dottobari Bridge (UP),BOD,3.6,False,102
2021,11,river,Korotoa,Dottobari Bridge (UP),BOD,4.1,False,102
2021,12,river,Korotoa,Dottobari Bridge (UP),BOD,4.1,False,102
2021,1,river,Korotoa,Dottobari Bridge (UP),DO,3.88,False,102
2021,2,river,Korotoa,Dottobari Bridge (UP),DO,3.78,False,102
2021,3,river,Korotoa,Dottobari Bridge (UP),DO,3.52,False,102
2021,4,river,Korotoa,Dottobari Bridge (UP),DO,3.51,False,102
2021,5,river,Korotoa,Dottobari Bridge (UP),DO,3.8,False,102
2021,6,river,Korotoa,Dottobari Bridge (UP),DO,5.1,False,102
2021,8,river,Korotoa,Dottobari Bridge (UP),DO,6.8,False,102
2021,9,river,Korotoa,Dottobari Bridge (UP),DO,4.88,False,102
2021,10,river,Korotoa,Dottobari Bridge (UP),DO,4.8,False,102
2021,11,river,Korotoa,Dottobari Bridge (UP),DO,4.92,False,102
2021,12,river,Korotoa,Dottobari Bridge (UP),DO,4.9,False,102
2021,1,river,Korotoa,Dottobari Bridge (UP),EC,334.0,False,103
2021,2,river,Korotoa,Dottobari Bridge (UP),EC,344.0,False,103
2021,3,river,Korotoa,Dottobari Bridge (UP),EC,392.0,False,103
2021,4,river,Korotoa,Dottobari Bridge (UP),EC,396.0,False,103
2021,5,river,Korotoa,Dottobari Bridge (UP),EC,360.0,False,103
2021,6,river,Korotoa,Dottobari Bridge (UP),EC,300.0,False,103
2021,8,river,Korotoa,Dottobari Bridge (UP),EC,280.0,False,103
2021,9,river,Korotoa,Dottobari Bridge (UP),EC,310.0,False,103
2021,10,river,Korotoa,Dottobari Bridge (UP),EC,320.0,False,103
2021,11,river,Korotoa,Dottobari Bridge (UP),EC,320.0,False,103
2021,12,river,Korotoa,Dottobari Bridge (UP),EC,340.0,False,103
2021,1,river,Korotoa,Dottobari Bridge (UP),SS,62.0,False,102
2021,2,river,Korotoa,Dottobari Bridge (UP),SS,64.0,False,102
2021,3,river,Korotoa,Dottobari Bridge (UP),SS,64.0,False,102
2021,4,river,Korotoa,Dottobari Bridge (UP),SS,72.0,False,102
2021,5,river,Korotoa,Dottobari Bridge (UP),SS,68.0,False,102
2021,6,river,Korotoa,Dottobari Bridge (UP),SS,58.0,False,102
2021,8,river,Korotoa,Dottobari Bridge (UP),SS,48.0,False,102
2021,9,river,Korotoa,Dottobari Bridge (UP),SS,56.0,False,102
2021,10,river,Korotoa,Dottobari Bridge (UP),SS,60.0,False,102
2021,11,river,Korotoa,Dottobari Bridge (UP),SS,60.0,False,102
2021,12,river,Korotoa,Dottobari Bridge (UP),SS,58.0,False,102
2021,1,river,Korotoa,Dottobari Bridge (UP),TDS,167.0,False,102
2021,2,river,Korotoa,Dottobari Bridge (UP),TDS,172.0,False,102
2021,3,river,Korotoa,Dottobari Bridge (UP),TDS,196.0,False,102
2021,4,river,Korotoa,Dottobari Bridge (UP),TDS,198.0,False,102
2021,5,river,Korotoa,Dottobari Bridge (UP),TDS,180.0,False,102
2021,6,river,Korotoa,Dottobari Bridge (UP),TDS,150.0,False,102
2021,8,river,Korotoa,Dottobari Bridge (UP),TDS,140.0,False,102
2021,9,river,Korotoa,Dottobari Bridge (UP),TDS,155.0,False,102
2021,10,river,Korotoa,Dottobari Bridge (UP),TDS,160.0,False,102
2021,11,river,Korotoa,Dottobari Bridge (UP),TDS,160.0,False,102
2021,12,river,Korotoa,Dottobari Bridge (UP),TDS,170.0,False,102
2021,1,river,Korotoa,Dottobari Bridge (UP),pH,7.02,False,102
2021,2,river,Korotoa,Dottobari Bridge (UP),pH,7.0,False,102
2021,3,river,Korotoa,Dottobari Bridge (UP),pH,6.98,False,102
2021,4,river,Korotoa,Dottobari Bridge (UP),pH,6.97,False,102
2021,5,river,Korotoa,Dottobari Bridge (UP),pH,7.02,False,102
2021,6,river,Korotoa,Dottobari Bridge (UP),pH,7.2,False,102
2021,8,river,Korotoa,Dottobari Bridge (UP),pH,7.24,False,102
2021,9,river,Korotoa,Dottobari Bridge (UP),pH,7.12,False,102
2021,10,river,Korotoa,Dottobari Bridge (UP),pH,7.16,False,102
2021,11,river,Korotoa,Dottobari Bridge (UP),pH,7.1,False,102
2021,12,river,Korotoa,Dottobari Bridge (UP),pH,7.04,False,102
2021,1,river,Korotoa,Sultanganj- Gabtoli (DN),BOD,5.8,False,102
2021,2,river,Korotoa,Sultanganj- Gabtoli (DN),BOD,6.1,False,102
2021,3,river,Korotoa,Sultanganj- Gabtoli (DN),BOD,6.3,False,102
2021,4,river,Korotoa,Sultanganj- Gabtoli (DN),BOD,6.32,False,102
2021,5,river,Korotoa,Sultanganj- Gabtoli (DN),BOD,5.84,False,102
2021,6,river,Korotoa,Sultanganj- Gabtoli (DN),BOD,3.9,False,102
2021,8,river,Korotoa,Sultanganj- Gabtoli (DN),BOD,3.2,False,102
2021,9,river,Korotoa,Sultanganj- Gabtoli (DN),BOD,4.1,False,102
2021,10,river,Korotoa,Sultanganj- Gabtoli (DN),BOD,3.8,False,102
2021,11,river,Korotoa,Sultanganj- Gabtoli (DN),BOD,4.0,False,102
2021,12,river,Korotoa,Sultanganj- Gabtoli (DN),BOD,4.0,False,102
2021,1,river,Korotoa,Sultanganj- Gabtoli (DN),DO,3.96,False,102
2021,2,river,Korotoa,Sultanganj- Gabtoli (DN),DO,3.76,False,102
2021,3,river,Korotoa,Sultanganj- Gabtoli (DN),DO,3.48,False,102
2021,4,river,Korotoa,Sultanganj- Gabtoli (DN),DO,3.49,False,102
2021,5,river,Korotoa,Sultanganj- Gabtoli (DN),DO,3.94,False,102
2021,6,river,Korotoa,Sultanganj- Gabtoli (DN),DO,5.2,False,102
2021,8,river,Korotoa,Sultanganj- Gabtoli (DN),DO,6.7,False,102
2021,9,river,Korotoa,Sultanganj- Gabtoli (DN),DO,5.12,False,102
2021,10,river,Korotoa,Sultanganj- Gabtoli (DN),DO,5.1,False,102
2021,11,river,Korotoa,Sultanganj- Gabtoli (DN),DO,4.88,False,102
2021,12,river,Korotoa,Sultanganj- Gabtoli (DN),DO,5.1,False,102
2021,1,river,Korotoa,Sultanganj- Gabtoli (DN),EC,324.0,False,103
2021,2,river,Korotoa,Sultanganj- Gabtoli (DN),EC,348.0,False,103
2021,3,river,Korotoa,Sultanganj- Gabtoli (DN),EC,408.0,False,103
2021,4,river,Korotoa,Sultanganj- Gabtoli (DN),EC,404.0,False,103
2021,5,river,Korotoa,Sultanganj- Gabtoli (DN),EC,380.0,False,103
2021,6,river,Korotoa,Sultanganj- Gabtoli (DN),EC,320.0,False,103
2021,8,river,Korotoa,Sultanganj- Gabtoli (DN),EC,276.0,False,103
2021,9,river,Korotoa,Sultanganj- Gabtoli (DN),EC,308.0,False,103
2021,10,river,Korotoa,Sultanganj- Gabtoli (DN),EC,328.0,False,103
2021,11,river,Korotoa,Sultanganj- Gabtoli (DN),EC,316.0,False,103
2021,12,river,Korotoa,Sultanganj- Gabtoli (DN),EC,320.0,False,103
2021,1,river,Korotoa,Sultanganj- Gabtoli (DN),SS,56.0,False,102
2021,2,river,Korotoa,Sultanganj- Gabtoli (DN),SS,65.0,False,102
2021,3,river,Korotoa,Sultanganj- Gabtoli (DN),SS,66.0,False,102
2021,4,river,Korotoa,Sultanganj- Gabtoli (DN),SS,64.0,False,102
2021,5,river,Korotoa,Sultanganj- Gabtoli (DN),SS,62.0,False,102
2021,6,river,Korotoa,Sultanganj- Gabtoli (DN),SS,56.0,False,102
2021,8,river,Korotoa,Sultanganj- Gabtoli (DN),SS,50.0,False,102
2021,9,river,Korotoa,Sultanganj- Gabtoli (DN),SS,58.0,False,102
2021,10,river,Korotoa,Sultanganj- Gabtoli (DN),SS,56.0,False,102
2021,11,river,Korotoa,Sultanganj- Gabtoli (DN),SS,58.0,False,102
2021,12,river,Korotoa,Sultanganj- Gabtoli (DN),SS,56.0,False,102
2021,1,river,Korotoa,Sultanganj- Gabtoli (DN),TDS,162.0,False,102
2021,2,river,Korotoa,Sultanganj- Gabtoli (DN),TDS,174.0,False,102
2021,3,river,Korotoa,Sultanganj- Gabtoli (DN),TDS,270.0,False,102
2021,4,river,Korotoa,Sultanganj- Gabtoli (DN),TDS,202.0,False,102
2021,5,river,Korotoa,Sultanganj- Gabtoli (DN),TDS,190.0,False,102
2021,6,river,Korotoa,Sultanganj- Gabtoli (DN),TDS,160.0,False,102
2021,8,river,Korotoa,Sultanganj- Gabtoli (DN),TDS,138.0,False,102
2021,9,river,Korotoa,Sultanganj- Gabtoli (DN),TDS,154.0,False,102
2021,10,river,Korotoa,Sultanganj- Gabtoli (DN),TDS,164.0,False,102
2021,11,river,Korotoa,Sultanganj- Gabtoli (DN),TDS,158.0,False,102
2021,12,river,Korotoa,Sultanganj- Gabtoli (DN),TDS,160.0,False,102
2021,1,river,Korotoa,Sultanganj- Gabtoli (DN),pH,7.04,False,102
2021,2,river,Korotoa,Sultanganj- Gabtoli (DN),pH,6.94,False,102
2021,3,river,Korotoa,Sultanganj- Gabtoli (DN),pH,6.94,False,102
2021,4,river,Korotoa,Sultanganj- Gabtoli (DN),pH,6.96,False,102
2021,5,river,Korotoa,Sultanganj- Gabtoli (DN),pH,7.08,False,102
2021,6,river,Korotoa,Sultanganj- Gabtoli (DN),pH,7.08,False,102
2021,8,river,Korotoa,Sultanganj- Gabtoli (DN),pH,7.16,False,102
2021,9,river,Korotoa,Sultanganj- Gabtoli (DN),pH,7.04,False,102
2021,10,river,Korotoa,Sultanganj- Gabtoli (DN),pH,7.04,False,102
2021,11,river,Korotoa,Sultanganj- Gabtoli (DN),pH,7.04,False,102
2021,12,river,Korotoa,Sultanganj- Gabtoli (DN),pH,6.98,False,102
2021,1,river,Korotoa,Sultanganj- Gabtoli (UP),BOD,5.8,False,102
2021,2,river,Korotoa,Sultanganj- Gabtoli (UP),BOD,6.1,False,102
2021,3,river,Korotoa,Sultanganj- Gabtoli (UP),BOD,6.3,False,102
2021,4,river,Korotoa,Sultanganj- Gabtoli (UP),BOD,6.32,False,102
2021,5,river,Korotoa,Sultanganj- Gabtoli (UP),BOD,5.84,False,102
2021,6,river,Korotoa,Sultanganj- Gabtoli (UP),BOD,3.9,False,102
2021,8,river,Korotoa,Sultanganj- Gabtoli (UP),BOD,3.2,False,102
2021,9,river,Korotoa,Sultanganj- Gabtoli (UP),BOD,4.1,False,102
2021,10,river,Korotoa,Sultanganj- Gabtoli (UP),BOD,3.8,False,102
2021,11,river,Korotoa,Sultanganj- Gabtoli (UP),BOD,4.0,False,102
2021,12,river,Korotoa,Sultanganj- Gabtoli (UP),BOD,4.0,False,102
2021,1,river,Korotoa,Sultanganj- Gabtoli (UP),DO,3.96,False,102
2021,2,river,Korotoa,Sultanganj- Gabtoli (UP),DO,3.76,False,102
2021,3,river,Korotoa,Sultanganj- Gabtoli (UP),DO,3.48,False,102
2021,4,river,Korotoa,Sultanganj- Gabtoli (UP),DO,3.49,False,102
2021,5,river,Korotoa,Sultanganj- Gabtoli (UP),DO,3.94,False,102
2021,6,river,Korotoa,Sultanganj- Gabtoli (UP),DO,5.2,False,102
2021,8,river,Korotoa,Sultanganj- Gabtoli (UP),DO,6.7,False,102
2021,9,river,Korotoa,Sultanganj- Gabtoli (UP),DO,5.12,False,102
2021,10,river,Korotoa,Sultanganj- Gabtoli (UP),DO,5.1,False,102
2021,11,river,Korotoa,Sultanganj- Gabtoli (UP),DO,4.88,False,102
2021,12,river,Korotoa,Sultanganj- Gabtoli (UP),DO,5.1,False,102
2021,1,river,Korotoa,Sultanganj- Gabtoli (UP),EC,324.0,False,103
2021,2,river,Korotoa,Sultanganj- Gabtoli (UP),EC,348.0,False,103
2021,3,river,Korotoa,Sultanganj- Gabtoli (UP),EC,408.0,False,103
2021,4,river,Korotoa,Sultanganj- Gabtoli (UP),EC,404.0,False,103
2021,5,river,Korotoa,Sultanganj- Gabtoli (UP),EC,380.0,False,103
2021,6,river,Korotoa,Sultanganj- Gabtoli (UP),EC,320.0,False,103
2021,8,river,Korotoa,Sultanganj- Gabtoli (UP),EC,276.0,False,103
2021,9,river,Korotoa,Sultanganj- Gabtoli (UP),EC,308.0,False,103
2021,10,river,Korotoa,Sultanganj- Gabtoli (UP),EC,328.0,False,103
2021,11,river,Korotoa,Sultanganj- Gabtoli (UP),EC,316.0,False,103
2021,12,river,Korotoa,Sultanganj- Gabtoli (UP),EC,320.0,False,103
2021,1,river,Korotoa,Sultanganj- Gabtoli (UP),SS,56.0,False,102
2021,2,river,Korotoa,Sultanganj- Gabtoli (UP),SS,65.0,False,102
2021,3,river,Korotoa,Sultanganj- Gabtoli (UP),SS,66.0,False,102
2021,4,river,Korotoa,Sultanganj- Gabtoli (UP),SS,64.0,False,102
2021,5,river,Korotoa,Sultanganj- Gabtoli (UP),SS,62.0,False,102
2021,6,river,Korotoa,Sultanganj- Gabtoli (UP),SS,56.0,False,102
2021,8,river,Korotoa,Sultanganj- Gabtoli (UP),SS,50.0,False,102
2021,9,river,Korotoa,Sultanganj- Gabtoli (UP),SS,58.0,False,102
2021,10,river,Korotoa,Sultanganj- Gabtoli (UP),SS,56.0,False,102
2021,11,river,Korotoa,Sultanganj- Gabtoli (UP),SS,58.0,False,102
2021,12,river,Korotoa,Sultanganj- Gabtoli (UP),SS,56.0,False,102
2021,1,river,Korotoa,Sultanganj- Gabtoli (UP),TDS,162.0,False,102
2021,2,river,Korotoa,Sultanganj- Gabtoli (UP),TDS,174.0,False,102
2021,3,river,Korotoa,Sultanganj- Gabtoli (UP),TDS,270.0,False,102
2021,4,river,Korotoa,Sultanganj- Gabtoli (UP),TDS,202.0,False,102
2021,5,river,Korotoa,Sultanganj- Gabtoli (UP),TDS,190.0,False,102
2021,6,river,Korotoa,Sultanganj- Gabtoli (UP),TDS,160.0,False,102
2021,8,river,Korotoa,Sultanganj- Gabtoli (UP),TDS,138.0,False,102
2021,9,river,Korotoa,Sultanganj- Gabtoli (UP),TDS,154.0,False,102
2021,10,river,Korotoa,Sultanganj- Gabtoli (UP),TDS,164.0,False,102
2021,11,river,Korotoa,Sultanganj- Gabtoli (UP),TDS,158.0,False,102
2021,12,river,Korotoa,Sultanganj- Gabtoli (UP),TDS,160.0,False,102
2021,1,river,Korotoa,Sultanganj- Gabtoli (UP),pH,7.04,False,102
2021,2,river,Korotoa,Sultanganj- Gabtoli (UP),pH,6.94,False,102
2021,3,river,Korotoa,Sultanganj- Gabtoli (UP),pH,6.94,False,102
2021,4,river,Korotoa,Sultanganj- Gabtoli (UP),pH,6.96,False,102
2021,5,river,Korotoa,Sultanganj- Gabtoli (UP),pH,7.08,False,102
2021,6,river,Korotoa,Sultanganj- Gabtoli (UP),pH,7.08,False,102
2021,8,river,Korotoa,Sultanganj- Gabtoli (UP),pH,7.16,False,102
2021,9,river,Korotoa,Sultanganj- Gabtoli (UP),pH,7.04,False,102
2021,10,river,Korotoa,Sultanganj- Gabtoli (UP),pH,7.04,False,102
2021,11,river,Korotoa,Sultanganj- Gabtoli (UP),pH,7.04,False,102
2021,12,river,Korotoa,Sultanganj- Gabtoli (UP),pH,6.98,False,102
2021,1,river,Kushiara,Fcnchuganj Bridge Point,pH,7.3,False,120
2021,2,river,Kushiara,Fcnchuganj Bridge Point,pH,7.1,False,120
2021,3,river,Kushiara,Fcnchuganj Bridge Point,pH,7.2,False,120
2021,4,river,Kushiara,Fcnchuganj Bridge Point,pH,7.23,False,120
2021,5,river,Kushiara,Fcnchuganj Bridge Point,pH,7.18,False,120
2021,6,river,Kushiara,Fcnchuganj Bridge Point,pH,7.24,False,120
2021,7,river,Kushiara,Fcnchuganj Bridge Point,pH,7.21,False,120
2021,8,river,Kushiara,Fcnchuganj Bridge Point,pH,7.22,False,120
2021,9,river,Kushiara,Fcnchuganj Bridge Point,pH,7.26,False,120
2021,10,river,Kushiara,Fcnchuganj Bridge Point,pH,7.22,False,120
2021,11,river,Kushiara,Fcnchuganj Bridge Point,pH,7.02,False,120
2021,12,river,Kushiara,Fcnchuganj Bridge Point,pH,6.91,False,120
2021,1,river,Kushiara,Fenchuganj Bridge Point,BOD,2.7,False,120
2021,2,river,Kushiara,Fenchuganj Bridge Point,BOD,2.9,False,120
2021,3,river,Kushiara,Fenchuganj Bridge Point,BOD,2.9,False,120
2021,4,river,Kushiara,Fenchuganj Bridge Point,BOD,2.8,False,120
2021,5,river,Kushiara,Fenchuganj Bridge Point,BOD,3.6,False,120
2021,6,river,Kushiara,Fenchuganj Bridge Point,BOD,2.8,False,120
2021,7,river,Kushiara,Fenchuganj Bridge Point,BOD,2.5,False,120
2021,8,river,Kushiara,Fenchuganj Bridge Point,BOD,2.6,False,120
2021,9,river,Kushiara,Fenchuganj Bridge Point,BOD,3.6,False,120
2021,10,river,Kushiara,Fenchuganj Bridge Point,BOD,3.2,False,120
2021,11,river,Kushiara,Fenchuganj Bridge Point,BOD,3.1,False,120
2021,12,river,Kushiara,Fenchuganj Bridge Point,BOD,2.6,False,120
2021,1,river,Kushiara,Fenchuganj Bridge Point,COD,15.0,False,120
2021,2,river,Kushiara,Fenchuganj Bridge Point,COD,20.0,False,120
2021,3,river,Kushiara,Fenchuganj Bridge Point,COD,20.0,False,120
2021,4,river,Kushiara,Fenchuganj Bridge Point,COD,22.0,False,120
2021,5,river,Kushiara,Fenchuganj Bridge Point,COD,16.0,False,120
2021,6,river,Kushiara,Fenchuganj Bridge Point,COD,20.0,False,120
2021,7,river,Kushiara,Fenchuganj Bridge Point,COD,19.0,False,120
2021,8,river,Kushiara,Fenchuganj Bridge Point,COD,21.0,False,120
2021,9,river,Kushiara,Fenchuganj Bridge Point,COD,18.0,False,120
2021,10,river,Kushiara,Fenchuganj Bridge Point,COD,17.0,False,120
2021,11,river,Kushiara,Fenchuganj Bridge Point,COD,16.0,False,120
2021,12,river,Kushiara,Fenchuganj Bridge Point,COD,15.0,False,120
2021,1,river,Kushiara,Fenchuganj Bridge Point,DO,7.2,False,120
2021,2,river,Kushiara,Fenchuganj Bridge Point,DO,7.3,False,120
2021,3,river,Kushiara,Fenchuganj Bridge Point,DO,7.1,False,120
2021,4,river,Kushiara,Fenchuganj Bridge Point,DO,7.13,False,120
2021,5,river,Kushiara,Fenchuganj Bridge Point,DO,6.71,False,120
2021,6,river,Kushiara,Fenchuganj Bridge Point,DO,7.14,False,120
2021,7,river,Kushiara,Fenchuganj Bridge Point,DO,7.23,False,120
2021,8,river,Kushiara,Fenchuganj Bridge Point,DO,7.25,False,120
2021,9,river,Kushiara,Fenchuganj Bridge Point,DO,6.7,False,120
2021,10,river,Kushiara,Fenchuganj Bridge Point,DO,6.71,False,120
2021,11,river,Kushiara,Fenchuganj Bridge Point,DO,6.7,False,120
2021,12,river,Kushiara,Fenchuganj Bridge Point,DO,7.2,False,120
2021,1,river,Kushiara,Fenchuganj Bridge Point,EC,112.6,False,120
2021,2,river,Kushiara,Fenchuganj Bridge Point,EC,114.6,False,120
2021,3,river,Kushiara,Fenchuganj Bridge Point,EC,118.6,False,120
2021,4,river,Kushiara,Fenchuganj Bridge Point,EC,118.3,False,120
2021,5,river,Kushiara,Fenchuganj Bridge Point,EC,92.6,False,120
2021,6,river,Kushiara,Fenchuganj Bridge Point,EC,115.1,False,120
2021,7,river,Kushiara,Fenchuganj Bridge Point,EC,115.1,False,120
2021,8,river,Kushiara,Fenchuganj Bridge Point,EC,116.2,False,120
2021,9,river,Kushiara,Fenchuganj Bridge Point,EC,96.8,False,120
2021,10,river,Kushiara,Fenchuganj Bridge Point,EC,97.8,False,120
2021,11,river,Kushiara,Fenchuganj Bridge Point,EC,98.2,False,120
2021,12,river,Kushiara,Fenchuganj Bridge Point,EC,119.4,False,120
2021,1,river,Kushiara,Fenchuganj Bridge Point,TDS,55.4,False,120
2021,2,river,Kushiara,Fenchuganj Bridge Point,TDS,56.4,False,120
2021,3,river,Kushiara,Fenchuganj Bridge Point,TDS,57.4,False,120
2021,4,river,Kushiara,Fenchuganj Bridge Point,TDS,58.3,False,120
2021,5,river,Kushiara,Fenchuganj Bridge Point,TDS,47.0,False,120
2021,6,river,Kushiara,Fenchuganj Bridge Point,TDS,56.0,False,120
2021,7,river,Kushiara,Fenchuganj Bridge Point,TDS,54.0,False,120
2021,8,river,Kushiara,Fenchuganj Bridge Point,TDS,54.0,False,120
2021,9,river,Kushiara,Fenchuganj Bridge Point,TDS,54.0,False,120
2021,10,river,Kushiara,Fenchuganj Bridge Point,TDS,53.0,False,120
2021,11,river,Kushiara,Fenchuganj Bridge Point,TDS,52.0,False,120
2021,12,river,Kushiara,Fenchuganj Bridge Point,TDS,59.0,False,120
2021,1,river,Lohalia,Patuakhali L.G (M),DO,5.7,False,119
2021,3,river,Lohalia,Patuakhali L.G (M),DO,5.6,False,119
2021,7,river,Lohalia,Patuakhali L.G (M),DO,5.5,False,119
2021,9,river,Lohalia,Patuakhali L.G (M),DO,5.8,False,119
2021,10,river,Lohalia,Patuakhali L.G (M),DO,6.2,False,119
2021,12,river,Lohalia,Patuakhali L.G (M),DO,5.7,False,119
2021,1,river,Lohalia,Patuakhali L.G (M),EC,302.0,False,119
2021,3,river,Lohalia,Patuakhali L.G (M),EC,998.0,False,119
2021,8,river,Lohalia,Patuakhali L.G (M),EC,2188.0,False,119
2021,10,river,Lohalia,Patuakhali L.G (M),EC,1818.0,False,119
2021,11,river,Lohalia,Patuakhali L.G (M),EC,1228.0,False,119
2021,1,river,Lohalia,Patuakhali L.G (M),TDS,153.0,False,119
2021,3,river,Lohalia,Patuakhali L.G (M),TDS,499.0,False,119
2021,8,river,Lohalia,Patuakhali L.G (M),TDS,1094.0,False,119
2021,10,river,Lohalia,Patuakhali L.G (M),TDS,910.0,False,119
2021,11,river,Lohalia,Patuakhali L.G (M),TDS,614.0,False,119
2021,1,river,Lohalia,Patuakhali L.G (S),DO,5.8,False,119
2021,3,river,Lohalia,Patuakhali L.G (S),DO,5.4,False,119
2021,7,river,Lohalia,Patuakhali L.G (S),DO,5.7,False,119
2021,9,river,Lohalia,Patuakhali L.G (S),DO,6.0,False,119
2021,10,river,Lohalia,Patuakhali L.G (S),DO,6.0,False,119
2021,12,river,Lohalia,Patuakhali L.G (S),DO,5.8,False,119
2021,1,river,Lohalia,Patuakhali L.G (S),EC,299.0,False,119
2021,3,river,Lohalia,Patuakhali L.G (S),EC,1022.0,False,119
2021,8,river,Lohalia,Patuakhali L.G (S),EC,2210.0,False,119
2021,10,river,Lohalia,Patuakhali L.G (S),EC,1736.0,False,119
2021,11,river,Lohalia,Patuakhali L.G (S),EC,1138.0,False,119
2021,1,river,Lohalia,Patuakhali L.G (S),TDS,150.0,False,119
2021,3,river,Lohalia,Patuakhali L.G (S),TDS,512.0,False,119
2021,8,river,Lohalia,Patuakhali L.G (S),TDS,1106.0,False,119
2021,10,river,Lohalia,Patuakhali L.G (S),TDS,870.0,False,119
2021,11,river,Lohalia,Patuakhali L.G (S),TDS,570.0,False,119
2021,1,river,Lohalia,Patuakhali Launch Ghat (M),pH,7.9,False,118
2021,3,river,Lohalia,Patuakhali Launch Ghat (M),pH,7.6,False,118
2021,8,river,Lohalia,Patuakhali Launch Ghat (M),pH,8.0,False,118
2021,10,river,Lohalia,Patuakhali Launch Ghat (M),pH,7.9,False,118
2021,11,river,Lohalia,Patuakhali Launch Ghat (M),pH,8.26,False,118
2021,1,river,Lohalia,Patuakhali Launch Ghat (S),pH,8.0,False,118
2021,3,river,Lohalia,Patuakhali Launch Ghat (S),pH,7.8,False,118
2021,8,river,Lohalia,Patuakhali Launch Ghat (S),pH,8.2,False,118
2021,10,river,Lohalia,Patuakhali Launch Ghat (S),pH,8.0,False,118
2021,11,river,Lohalia,Patuakhali Launch Ghat (S),pH,8.22,False,118
2021,1,river,Mathavanga,Dorshona Railway,Turbidity,44.3,False,111
2021,2,river,Mathavanga,Dorshona Railway,Turbidity,44.3,False,111
2021,3,river,Mathavanga,Dorshona Railway,Turbidity,44.3,False,111
2021,8,river,Mathavanga,Dorshona Railway,Turbidity,41.0,False,111
2021,9,river,Mathavanga,Dorshona Railway,Turbidity,41.0,False,111
2021,10,river,Mathavanga,Dorshona Railway,Turbidity,45.0,False,111
2021,11,river,Mathavanga,Dorshona Railway,Turbidity,40.0,False,111
2021,12,river,Mathavanga,Dorshona Railway,Turbidity,38.0,False,111
2021,10,river,Mathavanga,Dorshona Railway Junction,BOD,2.2,False,111
2021,11,river,Mathavanga,Dorshona Railway Junction,BOD,2.1,False,111
2021,12,river,Mathavanga,Dorshona Railway Junction,BOD,2.7,False,111
2021,1,river,Mathavanga,Dorshona Railway Junction,Chloride,26.0,False,111
2021,2,river,Mathavanga,Dorshona Railway Junction,Chloride,26.0,False,111
2021,3,river,Mathavanga,Dorshona Railway Junction,Chloride,29.0,False,111
2021,8,river,Mathavanga,Dorshona Railway Junction,Chloride,29.0,False,111
2021,9,river,Mathavanga,Dorshona Railway Junction,Chloride,30.0,False,111
2021,10,river,Mathavanga,Dorshona Railway Junction,Chloride,65.0,False,111
2021,11,river,Mathavanga,Dorshona Railway Junction,Chloride,135.0,False,111
2021,12,river,Mathavanga,Dorshona Railway Junction,Chloride,175.0,False,111
2021,1,river,Mathavanga,Dorshona Railway Junction,DO,6.28,False,110
2021,2,river,Mathavanga,Dorshona Railway Junction,DO,7.62,False,110
2021,3,river,Mathavanga,Dorshona Railway Junction,DO,5.94,False,110
2021,8,river,Mathavanga,Dorshona Railway Junction,DO,6.8,False,110
2021,9,river,Mathavanga,Dorshona Railway Junction,DO,5.4,False,110
2021,10,river,Mathavanga,Dorshona Railway Junction,DO,3.2,False,110
2021,11,river,Mathavanga,Dorshona Railway Junction,DO,5.02,False,110
2021,12,river,Mathavanga,Dorshona Railway Junction,DO,5.4,False,110
2021,1,river,Mathavanga,Dorshona Railway Junction,EC,310.0,False,111
2021,2,river,Mathavanga,Dorshona Railway Junction,EC,405.0,False,111
2021,3,river,Mathavanga,Dorshona Railway Junction,EC,301.0,False,111
2021,8,river,Mathavanga,Dorshona Railway Junction,EC,1200.0,False,111
2021,9,river,Mathavanga,Dorshona Railway Junction,EC,203.0,False,111
2021,10,river,Mathavanga,Dorshona Railway Junction,EC,163.0,False,111
2021,11,river,Mathavanga,Dorshona Railway Junction,EC,226.0,False,111
2021,12,river,Mathavanga,Dorshona Railway Junction,EC,304.0,False,111
2021,1,river,Mathavanga,Dorshona Railway Junction,Salinity,0.01,False,111
2021,2,river,Mathavanga,Dorshona Railway Junction,Salinity,0.19,False,111
2021,3,river,Mathavanga,Dorshona Railway Junction,Salinity,0.14,False,111
2021,8,river,Mathavanga,Dorshona Railway Junction,Salinity,0.05,False,111
2021,9,river,Mathavanga,Dorshona Railway Junction,Salinity,0.09,False,111
2021,10,river,Mathavanga,Dorshona Railway Junction,Salinity,0.08,False,111
2021,11,river,Mathavanga,Dorshona Railway Junction,Salinity,0.11,False,111
2021,12,river,Mathavanga,Dorshona Railway Junction,Salinity,0.14,False,111
2021,1,river,Mathavanga,Dorshona Railway Junction,TDS,148.0,False,111
2021,2,river,Mathavanga,Dorshona Railway Junction,TDS,194.0,False,111
2021,3,river,Mathavanga,Dorshona Railway Junction,TDS,1439.0,False,111
2021,8,river,Mathavanga,Dorshona Railway Junction,TDS,1410.0,False,111
2021,9,river,Mathavanga,Dorshona Railway Junction,TDS,96.0,False,111
2021,10,river,Mathavanga,Dorshona Railway Junction,TDS,77.0,False,111
2021,11,river,Mathavanga,Dorshona Railway Junction,TDS,110.0,False,111
2021,12,river,Mathavanga,Dorshona Railway Junction,TDS,146.0,False,111
2021,1,river,Mathavanga,Dorshona Railway Junction,pH,8.63,False,110
2021,2,river,Mathavanga,Dorshona Railway Junction,pH,8.36,False,110
2021,3,river,Mathavanga,Dorshona Railway Junction,pH,8.36,False,110
2021,8,river,Mathavanga,Dorshona Railway Junction,pH,7.44,False,110
2021,9,river,Mathavanga,Dorshona Railway Junction,pH,8.51,False,110
2021,10,river,Mathavanga,Dorshona Railway Junction,pH,8.55,False,110
2021,11,river,Mathavanga,Dorshona Railway Junction,pH,8.79,False,110
2021,12,river,Mathavanga,Dorshona Railway Junction,pH,7.95,False,110
2021,2,river,Meghna,Annando Bazar,BOD,8.0,False,99
2021,5,river,Meghna,Annando Bazar,BOD,4.0,False,99
2021,9,river,Meghna,Annando Bazar,BOD,2.0,False,99
2021,12,river,Meghna,Annando Bazar,BOD,3.0,False,99
2021,2,river,Meghna,Annando Bazar,Chloride,9.0,False,100
2021,5,river,Meghna,Annando Bazar,Chloride,35.0,False,100
2021,9,river,Meghna,Annando Bazar,Chloride,5.0,False,100
2021,12,river,Meghna,Annando Bazar,Chloride,7.0,False,100
2021,2,river,Meghna,Annando Bazar,DO,9.8,False,99
2021,5,river,Meghna,Annando Bazar,DO,4.3,False,99
2021,9,river,Meghna,Annando Bazar,DO,5.9,False,99
2021,12,river,Meghna,Annando Bazar,DO,7.2,False,99
2021,2,river,Meghna,Annando Bazar,SS,9.0,False,100
2021,5,river,Meghna,Annando Bazar,SS,32.0,False,100
2021,9,river,Meghna,Annando Bazar,SS,22.0,False,100
2021,12,river,Meghna,Annando Bazar,SS,9.0,False,100
2021,2,river,Meghna,Annando Bazar,TDS,60.2,False,100
2021,5,river,Meghna,Annando Bazar,TDS,72.0,False,100
2021,9,river,Meghna,Annando Bazar,TDS,35.2,False,100
2021,12,river,Meghna,Annando Bazar,TDS,48.0,False,100
2021,2,river,Meghna,Annando Bazar,pH,6.98,False,99
2021,5,river,Meghna,Annando Bazar,pH,7.88,False,99
2021,9,river,Meghna,Annando Bazar,pH,6.48,False,99
2021,12,river,Meghna,Annando Bazar,pH,7.14,False,99
2021,1,river,Meghna,Bairob Ferry Ghat,BOD,3.0,False,99
2021,2,river,Meghna,Bairob Ferry Ghat,BOD,14.0,False,99
2021,3,river,Meghna,Bairob Ferry Ghat,BOD,8.0,False,99
2021,5,river,Meghna,Bairob Ferry Ghat,BOD,2.0,False,99
2021,6,river,Meghna,Bairob Ferry Ghat,BOD,8.0,False,99
2021,7,river,Meghna,Bairob Ferry Ghat,BOD,4.0,False,99
2021,8,river,Meghna,Bairob Ferry Ghat,BOD,10.0,False,99
2021,9,river,Meghna,Bairob Ferry Ghat,BOD,4.0,False,99
2021,12,river,Meghna,Bairob Ferry Ghat,BOD,3.0,False,99
2021,1,river,Meghna,Bairob Ferry Ghat,Chloride,7.0,False,100
2021,2,river,Meghna,Bairob Ferry Ghat,Chloride,8.5,False,100
2021,3,river,Meghna,Bairob Ferry Ghat,Chloride,9.0,False,100
2021,5,river,Meghna,Bairob Ferry Ghat,Chloride,46.0,False,100
2021,6,river,Meghna,Bairob Ferry Ghat,Chloride,5.0,False,100
2021,7,river,Meghna,Bairob Ferry Ghat,Chloride,20.0,False,100
2021,8,river,Meghna,Bairob Ferry Ghat,Chloride,6.0,False,100
2021,9,river,Meghna,Bairob Ferry Ghat,Chloride,7.0,False,100
2021,12,river,Meghna,Bairob Ferry Ghat,Chloride,8.5,False,100
2021,1,river,Meghna,Bairob Ferry Ghat,DO,7.4,False,99
2021,2,river,Meghna,Bairob Ferry Ghat,DO,7.2,False,99
2021,3,river,Meghna,Bairob Ferry Ghat,DO,7.0,False,99
2021,5,river,Meghna,Bairob Ferry Ghat,DO,5.2,False,99
2021,6,river,Meghna,Bairob Ferry Ghat,DO,3.6,False,99
2021,7,river,Meghna,Bairob Ferry Ghat,DO,5.6,False,99
2021,8,river,Meghna,Bairob Ferry Ghat,DO,6.5,False,99
2021,9,river,Meghna,Bairob Ferry Ghat,DO,6.3,False,99
2021,12,river,Meghna,Bairob Ferry Ghat,DO,6.5,False,99
2021,1,river,Meghna,Bairob Ferry Ghat,SS,13.0,False,100
2021,2,river,Meghna,Bairob Ferry Ghat,SS,13.0,False,100
2021,3,river,Meghna,Bairob Ferry Ghat,SS,3.0,False,100
2021,5,river,Meghna,Bairob Ferry Ghat,SS,40.0,False,100
2021,6,river,Meghna,Bairob Ferry Ghat,SS,15.0,False,100
2021,7,river,Meghna,Bairob Ferry Ghat,SS,32.0,False,100
2021,8,river,Meghna,Bairob Ferry Ghat,SS,11.0,False,100
2021,9,river,Meghna,Bairob Ferry Ghat,SS,14.0,False,100
2021,12,river,Meghna,Bairob Ferry Ghat,SS,16.0,False,100
2021,1,river,Meghna,Bairob Ferry Ghat,TDS,50.0,False,100
2021,2,river,Meghna,Bairob Ferry Ghat,TDS,56.2,False,100
2021,3,river,Meghna,Bairob Ferry Ghat,TDS,64.0,False,100
2021,5,river,Meghna,Bairob Ferry Ghat,TDS,64.0,False,100
2021,6,river,Meghna,Bairob Ferry Ghat,TDS,37.1,False,100
2021,7,river,Meghna,Bairob Ferry Ghat,TDS,36.0,False,100
2021,8,river,Meghna,Bairob Ferry Ghat,TDS,27.0,False,100
2021,9,river,Meghna,Bairob Ferry Ghat,TDS,37.2,False,100
2021,12,river,Meghna,Bairob Ferry Ghat,TDS,44.0,False,100
2021,1,river,Meghna,Bairob Ferry Ghat,pH,7.4,False,99
2021,2,river,Meghna,Bairob Ferry Ghat,pH,7.71,False,99
2021,3,river,Meghna,Bairob Ferry Ghat,pH,7.1,False,99
2021,5,river,Meghna,Bairob Ferry Ghat,pH,7.32,False,99
2021,6,river,Meghna,Bairob Ferry Ghat,pH,7.76,False,99
2021,7,river,Meghna,Bairob Ferry Ghat,pH,7.12,False,99
2021,8,river,Meghna,Bairob Ferry Ghat,pH,7.31,False,99
2021,9,river,Meghna,Bairob Ferry Ghat,pH,7.42,False,99
2021,12,river,Meghna,Bairob Ferry Ghat,pH,6.89,False,99
2021,2,river,Meghna,Bish Nondi Ghat,BOD,12.0,False,99
2021,4,river,Meghna,Bish Nondi Ghat,BOD,8.0,False,99
2021,5,river,Meghna,Bish Nondi Ghat,BOD,8.0,False,99
2021,6,river,Meghna,Bish Nondi Ghat,BOD,8.0,False,99
2021,7,river,Meghna,Bish Nondi Ghat,BOD,4.0,False,99
2021,8,river,Meghna,Bish Nondi Ghat,BOD,4.2,False,99
2021,9,river,Meghna,Bish Nondi Ghat,BOD,10.0,False,99
2021,12,river,Meghna,Bish Nondi Ghat,BOD,6.0,False,99
2021,2,river,Meghna,Bish Nondi Ghat,Chloride,8.0,False,100
2021,4,river,Meghna,Bish Nondi Ghat,Chloride,21.0,False,100
2021,5,river,Meghna,Bish Nondi Ghat,Chloride,21.0,False,100
2021,6,river,Meghna,Bish Nondi Ghat,Chloride,10.0,False,100
2021,7,river,Meghna,Bish Nondi Ghat,Chloride,8.0,False,100
2021,8,river,Meghna,Bish Nondi Ghat,Chloride,6.0,False,100
2021,9,river,Meghna,Bish Nondi Ghat,Chloride,4.5,False,100
2021,12,river,Meghna,Bish Nondi Ghat,Chloride,7.0,False,100
2021,2,river,Meghna,Bish Nondi Ghat,DO,5.1,False,99
2021,4,river,Meghna,Bish Nondi Ghat,DO,0.7,False,99
2021,5,river,Meghna,Bish Nondi Ghat,DO,5.5,False,99
2021,6,river,Meghna,Bish Nondi Ghat,DO,6.2,False,99
2021,7,river,Meghna,Bish Nondi Ghat,DO,7.16,False,99
2021,8,river,Meghna,Bish Nondi Ghat,DO,7.18,False,99
2021,9,river,Meghna,Bish Nondi Ghat,DO,7.56,False,99
2021,12,river,Meghna,Bish Nondi Ghat,DO,5.8,False,99
2021,2,river,Meghna,Bish Nondi Ghat,SS,1.0,False,100
2021,4,river,Meghna,Bish Nondi Ghat,SS,5.0,False,100
2021,5,river,Meghna,Bish Nondi Ghat,SS,5.0,False,100
2021,6,river,Meghna,Bish Nondi Ghat,SS,11.0,False,100
2021,7,river,Meghna,Bish Nondi Ghat,SS,18.0,False,100
2021,8,river,Meghna,Bish Nondi Ghat,SS,20.0,False,100
2021,9,river,Meghna,Bish Nondi Ghat,SS,2.0,False,100
2021,12,river,Meghna,Bish Nondi Ghat,SS,15.0,False,100
2021,2,river,Meghna,Bish Nondi Ghat,TDS,68.3,False,100
2021,4,river,Meghna,Bish Nondi Ghat,TDS,83.0,False,100
2021,5,river,Meghna,Bish Nondi Ghat,TDS,83.0,False,100
2021,6,river,Meghna,Bish Nondi Ghat,TDS,35.7,False,100
2021,7,river,Meghna,Bish Nondi Ghat,TDS,45.0,False,100
2021,8,river,Meghna,Bish Nondi Ghat,TDS,30.0,False,100
2021,9,river,Meghna,Bish Nondi Ghat,TDS,36.9,False,100
2021,12,river,Meghna,Bish Nondi Ghat,TDS,60.0,False,100
2021,2,river,Meghna,Bish Nondi Ghat,pH,7.36,False,99
2021,4,river,Meghna,Bish Nondi Ghat,pH,6.99,False,99
2021,5,river,Meghna,Bish Nondi Ghat,pH,6.99,False,99
2021,6,river,Meghna,Bish Nondi Ghat,pH,6.85,False,99
2021,7,river,Meghna,Bish Nondi Ghat,pH,7.76,False,99
2021,8,river,Meghna,Bish Nondi Ghat,pH,8.15,False,99
2021,9,river,Meghna,Bish Nondi Ghat,pH,6.79,False,99
2021,12,river,Meghna,Bish Nondi Ghat,pH,7.39,False,99
2021,1,river,Meghna,Meghna Ghat,BOD,3.0,False,99
2021,2,river,Meghna,Meghna Ghat,BOD,16.0,False,99
2021,3,river,Meghna,Meghna Ghat,BOD,6.0,False,99
2021,5,river,Meghna,Meghna Ghat,BOD,8.0,False,99
2021,7,river,Meghna,Meghna Ghat,BOD,5.0,False,99
2021,8,river,Meghna,Meghna Ghat,BOD,10.0,False,99
2021,9,river,Meghna,Meghna Ghat,BOD,8.0,False,99
2021,12,river,Meghna,Meghna Ghat,BOD,3.0,False,99
2021,1,river,Meghna,Meghna Ghat,Chloride,16.0,False,100
2021,2,river,Meghna,Meghna Ghat,Chloride,21.5,False,100
2021,3,river,Meghna,Meghna Ghat,Chloride,20.0,False,100
2021,5,river,Meghna,Meghna Ghat,Chloride,42.0,False,100
2021,7,river,Meghna,Meghna Ghat,Chloride,9.0,False,100
2021,8,river,Meghna,Meghna Ghat,Chloride,5.0,False,100
2021,9,river,Meghna,Meghna Ghat,Chloride,9.0,False,100
2021,12,river,Meghna,Meghna Ghat,Chloride,10.0,False,100
2021,1,river,Meghna,Meghna Ghat,DO,5.0,False,99
2021,2,river,Meghna,Meghna Ghat,DO,5.2,False,99
2021,3,river,Meghna,Meghna Ghat,DO,5.2,False,99
2021,5,river,Meghna,Meghna Ghat,DO,4.5,False,99
2021,7,river,Meghna,Meghna Ghat,DO,6.2,False,99
2021,8,river,Meghna,Meghna Ghat,DO,7.2,False,99
2021,9,river,Meghna,Meghna Ghat,DO,4.5,False,99
2021,12,river,Meghna,Meghna Ghat,DO,6.0,False,99
2021,1,river,Meghna,Meghna Ghat,SS,38.0,False,100
2021,2,river,Meghna,Meghna Ghat,SS,4.0,False,100
2021,3,river,Meghna,Meghna Ghat,SS,29.0,False,100
2021,5,river,Meghna,Meghna Ghat,SS,35.0,False,100
2021,7,river,Meghna,Meghna Ghat,SS,17.0,False,100
2021,8,river,Meghna,Meghna Ghat,SS,12.0,False,100
2021,9,river,Meghna,Meghna Ghat,SS,19.0,False,100
2021,12,river,Meghna,Meghna Ghat,SS,18.0,False,100
2021,1,river,Meghna,Meghna Ghat,TDS,70.4,False,100
2021,2,river,Meghna,Meghna Ghat,TDS,80.7,False,100
2021,3,river,Meghna,Meghna Ghat,TDS,92.0,False,100
2021,5,river,Meghna,Meghna Ghat,TDS,60.0,False,100
2021,7,river,Meghna,Meghna Ghat,TDS,28.3,False,100
2021,8,river,Meghna,Meghna Ghat,TDS,23.0,False,100
2021,9,river,Meghna,Meghna Ghat,TDS,43.8,False,100
2021,12,river,Meghna,Meghna Ghat,TDS,66.0,False,100
2021,1,river,Meghna,Meghna Ghat,pH,7.9,False,99
2021,2,river,Meghna,Meghna Ghat,pH,6.42,False,99
2021,3,river,Meghna,Meghna Ghat,pH,7.18,False,99
2021,5,river,Meghna,Meghna Ghat,pH,7.12,False,99
2021,7,river,Meghna,Meghna Ghat,pH,7.65,False,99
2021,8,river,Meghna,Meghna Ghat,pH,7.36,False,99
2021,9,river,Meghna,Meghna Ghat,pH,6.41,False,99
2021,12,river,Meghna,Meghna Ghat,pH,7.23,False,99
2021,1,river,Meghna,Narshingdi Launch Ghat,BOD,23.0,False,99
2021,2,river,Meghna,Narshingdi Launch Ghat,BOD,3.0,False,99
2021,4,river,Meghna,Narshingdi Launch Ghat,BOD,6.0,False,99
2021,5,river,Meghna,Narshingdi Launch Ghat,BOD,16.0,False,99
2021,6,river,Meghna,Narshingdi Launch Ghat,BOD,7.0,False,99
2021,8,river,Meghna,Narshingdi Launch Ghat,BOD,4.2,False,99
2021,1,river,Meghna,Narshingdi Launch Ghat,Chloride,25.0,False,100
2021,2,river,Meghna,Narshingdi Launch Ghat,Chloride,34.5,False,100
2021,4,river,Meghna,Narshingdi Launch Ghat,Chloride,44.5,False,100
2021,5,river,Meghna,Narshingdi Launch Ghat,Chloride,45.0,False,100
2021,6,river,Meghna,Narshingdi Launch Ghat,Chloride,11.5,False,100
2021,8,river,Meghna,Narshingdi Launch Ghat,Chloride,11.0,False,100
2021,1,river,Meghna,Narshingdi Launch Ghat,DO,1.5,False,99
2021,2,river,Meghna,Narshingdi Launch Ghat,DO,2.1,False,99
2021,4,river,Meghna,Narshingdi Launch Ghat,DO,5.5,False,99
2021,5,river,Meghna,Narshingdi Launch Ghat,DO,0.7,False,99
2021,6,river,Meghna,Narshingdi Launch Ghat,DO,1.0,False,99
2021,8,river,Meghna,Narshingdi Launch Ghat,DO,5.7,False,99
2021,1,river,Meghna,Narshingdi Launch Ghat,SS,16.0,False,100
2021,2,river,Meghna,Narshingdi Launch Ghat,SS,20.0,False,100
2021,4,river,Meghna,Narshingdi Launch Ghat,SS,8.0,False,100
2021,5,river,Meghna,Narshingdi Launch Ghat,SS,34.0,False,100
2021,6,river,Meghna,Narshingdi Launch Ghat,SS,100.0,False,100
2021,8,river,Meghna,Narshingdi Launch Ghat,SS,20.0,False,100
2021,1,river,Meghna,Narshingdi Launch Ghat,TDS,177.0,False,100
2021,2,river,Meghna,Narshingdi Launch Ghat,TDS,237.0,False,100
2021,4,river,Meghna,Narshingdi Launch Ghat,TDS,209.0,False,100
2021,5,river,Meghna,Narshingdi Launch Ghat,TDS,209.0,False,100
2021,6,river,Meghna,Narshingdi Launch Ghat,TDS,55.9,False,100
2021,8,river,Meghna,Narshingdi Launch Ghat,TDS,44.0,False,100
2021,1,river,Meghna,Narshingdi Launch Ghat,pH,7.82,False,99
2021,2,river,Meghna,Narshingdi Launch Ghat,pH,8.65,False,99
2021,4,river,Meghna,Narshingdi Launch Ghat,pH,7.98,False,99
2021,5,river,Meghna,Narshingdi Launch Ghat,pH,7.98,False,99
2021,6,river,Meghna,Narshingdi Launch Ghat,pH,6.74,False,99
2021,8,river,Meghna,Narshingdi Launch Ghat,pH,7.51,False,99
2021,1,river,Meghna,Shajalal Paper,BOD,20.0,False,99
2021,1,river,Meghna,Shajalal Paper,Chloride,14.5,False,100
2021,1,river,Meghna,Shajalal Paper,DO,5.9,False,99
2021,1,river,Meghna,Shajalal Paper,SS,25.0,False,100
2021,1,river,Meghna,Shajalal Paper,TDS,64.5,False,100
2021,1,river,Meghna,Shajalal Paper,pH,7.53,False,99
2021,10,river,Modhumoti,Dhalaitala,BOD,3.9,False,115
2021,11,river,Modhumoti,Dhalaitala,BOD,3.1,False,115
2021,1,river,Modhumoti,Dhalaitala,Chloride,28.0,False,115
2021,2,river,Modhumoti,Dhalaitala,Chloride,28.0,False,115
2021,3,river,Modhumoti,Dhalaitala,Chloride,202.0,False,115
2021,10,river,Modhumoti,Dhalaitala,Chloride,28.0,False,115
2021,11,river,Modhumoti,Dhalaitala,Chloride,50.0,False,115
2021,1,river,Modhumoti,Dhalaitala,DO,6.1,False,115
2021,2,river,Modhumoti,Dhalaitala,DO,6.1,False,115
2021,3,river,Modhumoti,Dhalaitala,DO,0.0,False,115
2021,10,river,Modhumoti,Dhalaitala,DO,4.5,False,115
2021,11,river,Modhumoti,Dhalaitala,DO,4.8,False,115
2021,1,river,Modhumoti,Dhalaitala,EC,176.0,False,115
2021,2,river,Modhumoti,Dhalaitala,EC,912.0,False,115
2021,3,river,Modhumoti,Dhalaitala,EC,4810.0,False,115
2021,10,river,Modhumoti,Dhalaitala,EC,176.0,False,115
2021,11,river,Modhumoti,Dhalaitala,EC,174.0,False,115
2021,1,river,Modhumoti,Dhalaitala,SS,58.0,False,115
2021,2,river,Modhumoti,Dhalaitala,SS,58.0,False,115
2021,3,river,Modhumoti,Dhalaitala,SS,56.0,False,115
2021,10,river,Modhumoti,Dhalaitala,SS,42.0,False,115
2021,11,river,Modhumoti,Dhalaitala,SS,48.0,False,115
2021,1,river,Modhumoti,Dhalaitala,TDS,84.0,False,115
2021,2,river,Modhumoti,Dhalaitala,TDS,84.0,False,115
2021,3,river,Modhumoti,Dhalaitala,TDS,2330.0,False,115
2021,10,river,Modhumoti,Dhalaitala,TDS,155.0,False,115
2021,11,river,Modhumoti,Dhalaitala,TDS,86.0,False,115
2021,1,river,Modhumoti,Dhalaitala,Turbidity,30.6,False,115
2021,2,river,Modhumoti,Dhalaitala,Turbidity,30.6,False,115
2021,3,river,Modhumoti,Dhalaitala,Turbidity,30.6,False,115
2021,10,river,Modhumoti,Dhalaitala,Turbidity,55.0,False,115
2021,11,river,Modhumoti,Dhalaitala,Turbidity,52.1,False,115
2021,1,river,Modhumoti,Dhalaitala,pH,7.59,False,115
2021,2,river,Modhumoti,Dhalaitala,pH,8.21,False,115
2021,3,river,Modhumoti,Dhalaitala,pH,8.57,False,115
2021,10,river,Modhumoti,Dhalaitala,pH,7.49,False,115
2021,11,river,Modhumoti,Dhalaitala,pH,7.45,False,115
2021,10,river,Moyuri,Buro Moulavir Darga,BOD,88.0,False,107
2021,11,river,Moyuri,Buro Moulavir Darga,BOD,26.0,False,107
2021,1,river,Moyuri,Buro Moulavir Darga,Chloride,88.0,False,107
2021,2,river,Moyuri,Buro Moulavir Darga,Chloride,89.0,False,107
2021,8,river,Moyuri,Buro Moulavir Darga,Chloride,150.0,False,107
2021,9,river,Moyuri,Buro Moulavir Darga,Chloride,152.0,False,107
2021,10,river,Moyuri,Buro Moulavir Darga,Chloride,155.0,False,107
2021,11,river,Moyuri,Buro Moulavir Darga,Chloride,325.0,False,107
2021,1,river,Moyuri,Buro Moulavir Darga,DO,0.81,False,106
2021,2,river,Moyuri,Buro Moulavir Darga,DO,1.0,False,106
2021,8,river,Moyuri,Buro Moulavir Darga,DO,0.0,False,106
2021,9,river,Moyuri,Buro Moulavir Darga,DO,6.2,False,106
2021,10,river,Moyuri,Buro Moulavir Darga,DO,0.3,False,106
2021,11,river,Moyuri,Buro Moulavir Darga,DO,3.91,False,106
2021,1,river,Moyuri,Buro Moulavir Darga,EC,3620.0,False,107
2021,2,river,Moyuri,Buro Moulavir Darga,EC,792.0,False,107
2021,8,river,Moyuri,Buro Moulavir Darga,EC,327.0,False,107
2021,9,river,Moyuri,Buro Moulavir Darga,EC,442.0,False,107
2021,10,river,Moyuri,Buro Moulavir Darga,EC,522.0,False,107
2021,11,river,Moyuri,Buro Moulavir Darga,EC,540.0,False,107
2021,1,river,Moyuri,Buro Moulavir Darga,Salinity,1.77,False,107
2021,2,river,Moyuri,Buro Moulavir Darga,Salinity,1.4,False,107
2021,8,river,Moyuri,Buro Moulavir Darga,Salinity,0.25,False,107
2021,9,river,Moyuri,Buro Moulavir Darga,Salinity,0.22,False,107
2021,10,river,Moyuri,Buro Moulavir Darga,Salinity,0.23,False,107
2021,11,river,Moyuri,Buro Moulavir Darga,Salinity,0.26,False,107
2021,1,river,Moyuri,Buro Moulavir Darga,TDS,1866.0,False,107
2021,2,river,Moyuri,Buro Moulavir Darga,TDS,409.0,False,107
2021,8,river,Moyuri,Buro Moulavir Darga,TDS,255.0,False,107
2021,9,river,Moyuri,Buro Moulavir Darga,TDS,221.0,False,107
2021,10,river,Moyuri,Buro Moulavir Darga,TDS,235.0,False,107
2021,11,river,Moyuri,Buro Moulavir Darga,TDS,257.0,False,107
2021,1,river,Moyuri,Buro Moulavir Darga,Turbidity,57.0,False,107
2021,2,river,Moyuri,Buro Moulavir Darga,Turbidity,57.7,False,107
2021,8,river,Moyuri,Buro Moulavir Darga,Turbidity,50.1,False,107
2021,9,river,Moyuri,Buro Moulavir Darga,Turbidity,50.2,False,107
2021,10,river,Moyuri,Buro Moulavir Darga,Turbidity,49.0,False,107
2021,11,river,Moyuri,Buro Moulavir Darga,Turbidity,49.2,False,107
2021,1,river,Moyuri,Buro Moulavir Darga,pH,7.77,False,106
2021,2,river,Moyuri,Buro Moulavir Darga,pH,7.97,False,106
2021,8,river,Moyuri,Buro Moulavir Darga,pH,7.6,False,106
2021,9,river,Moyuri,Buro Moulavir Darga,pH,7.66,False,106
2021,10,river,Moyuri,Buro Moulavir Darga,pH,8.01,False,106
2021,11,river,Moyuri,Buro Moulavir Darga,pH,8.03,False,106
2021,10,river,Moyuri,Doshgate Jalma,BOD,38.0,False,107
2021,11,river,Moyuri,Doshgate Jalma,BOD,34.0,False,107
2021,1,river,Moyuri,Doshgate Jalma,Chloride,93.0,False,107
2021,2,river,Moyuri,Doshgate Jalma,Chloride,95.0,False,107
2021,8,river,Moyuri,Doshgate Jalma,Chloride,1410.0,False,107
2021,9,river,Moyuri,Doshgate Jalma,Chloride,141.0,False,107
2021,10,river,Moyuri,Doshgate Jalma,Chloride,269.0,False,107
2021,11,river,Moyuri,Doshgate Jalma,Chloride,225.0,False,107
2021,1,river,Moyuri,Doshgate Jalma,DO,6.67,False,106
2021,2,river,Moyuri,Doshgate Jalma,DO,6.47,False,106
2021,8,river,Moyuri,Doshgate Jalma,DO,6.6,False,106
2021,9,river,Moyuri,Doshgate Jalma,DO,0.2,False,106
2021,10,river,Moyuri,Doshgate Jalma,DO,2.6,False,106
2021,11,river,Moyuri,Doshgate Jalma,DO,2.56,False,106
2021,1,river,Moyuri,Doshgate Jalma,EC,5630.0,False,107
2021,2,river,Moyuri,Doshgate Jalma,EC,3220.0,False,107
2021,8,river,Moyuri,Doshgate Jalma,EC,5540.0,False,107
2021,9,river,Moyuri,Doshgate Jalma,EC,131.0,False,107
2021,10,river,Moyuri,Doshgate Jalma,EC,339.0,False,107
2021,11,river,Moyuri,Doshgate Jalma,EC,350.0,False,107
2021,1,river,Moyuri,Doshgate Jalma,Salinity,2.84,False,107
2021,2,river,Moyuri,Doshgate Jalma,Salinity,1.68,False,107
2021,8,river,Moyuri,Doshgate Jalma,Salinity,1.25,False,107
2021,9,river,Moyuri,Doshgate Jalma,Salinity,0.6,False,107
2021,10,river,Moyuri,Doshgate Jalma,Salinity,0.15,False,107
2021,11,river,Moyuri,Doshgate Jalma,Salinity,0.18,False,107
2021,1,river,Moyuri,Doshgate Jalma,TDS,2815.0,False,107
2021,2,river,Moyuri,Doshgate Jalma,TDS,1658.0,False,107
2021,8,river,Moyuri,Doshgate Jalma,TDS,2820.0,False,107
2021,9,river,Moyuri,Doshgate Jalma,TDS,63.0,False,107
2021,10,river,Moyuri,Doshgate Jalma,TDS,151.0,False,107
2021,11,river,Moyuri,Doshgate Jalma,TDS,180.0,False,107
2021,1,river,Moyuri,Doshgate Jalma,Turbidity,56.0,False,107
2021,2,river,Moyuri,Doshgate Jalma,Turbidity,56.2,False,107
2021,8,river,Moyuri,Doshgate Jalma,Turbidity,52.2,False,107
2021,9,river,Moyuri,Doshgate Jalma,Turbidity,52.0,False,107
2021,10,river,Moyuri,Doshgate Jalma,Turbidity,51.4,False,107
2021,11,river,Moyuri,Doshgate Jalma,Turbidity,51.1,False,107
2021,1,river,Moyuri,Doshgate Jalma,pH,7.85,False,106
2021,2,river,Moyuri,Doshgate Jalma,pH,8.36,False,106
2021,8,river,Moyuri,Doshgate Jalma,pH,7.2,False,106
2021,9,river,Moyuri,Doshgate Jalma,pH,8.2,False,106
2021,10,river,Moyuri,Doshgate Jalma,pH,7.66,False,106
2021,11,river,Moyuri,Doshgate Jalma,pH,7.7,False,106
2021,10,river,Moyuri,Shoshan Ghat,BOD,1.6,False,107
2021,11,river,Moyuri,Shoshan Ghat,BOD,14.0,False,107
2021,1,river,Moyuri,Shoshan Ghat,Chloride,88.0,False,107
2021,2,river,Moyuri,Shoshan Ghat,Chloride,87.0,False,107
2021,8,river,Moyuri,Shoshan Ghat,Chloride,260.0,False,107
2021,9,river,Moyuri,Shoshan Ghat,Chloride,262.0,False,107
2021,10,river,Moyuri,Shoshan Ghat,Chloride,269.0,False,107
2021,11,river,Moyuri,Shoshan Ghat,Chloride,325.0,False,107
2021,1,river,Moyuri,Shoshan Ghat,DO,0.64,False,106
2021,2,river,Moyuri,Shoshan Ghat,DO,0.64,False,106
2021,8,river,Moyuri,Shoshan Ghat,DO,3.2,False,106
2021,9,river,Moyuri,Shoshan Ghat,DO,5.3,False,106
2021,10,river,Moyuri,Shoshan Ghat,DO,4.1,False,106
2021,11,river,Moyuri,Shoshan Ghat,DO,2.65,False,106
2021,1,river,Moyuri,Shoshan Ghat,EC,1635.0,False,107
2021,2,river,Moyuri,Shoshan Ghat,EC,979.0,False,107
2021,8,river,Moyuri,Shoshan Ghat,EC,304.0,False,107
2021,9,river,Moyuri,Shoshan Ghat,EC,497.0,False,107
2021,10,river,Moyuri,Shoshan Ghat,EC,368.0,False,107
2021,11,river,Moyuri,Shoshan Ghat,EC,540.0,False,107
2021,1,river,Moyuri,Shoshan Ghat,Salinity,0.76,False,107
2021,2,river,Moyuri,Shoshan Ghat,Salinity,0.5,False,107
2021,8,river,Moyuri,Shoshan Ghat,Salinity,0.24,False,107
2021,9,river,Moyuri,Shoshan Ghat,Salinity,0.24,False,107
2021,10,river,Moyuri,Shoshan Ghat,Salinity,0.16,False,107
2021,11,river,Moyuri,Shoshan Ghat,Salinity,0.26,False,107
2021,1,river,Moyuri,Shoshan Ghat,TDS,762.0,False,107
2021,2,river,Moyuri,Shoshan Ghat,TDS,502.0,False,107
2021,8,river,Moyuri,Shoshan Ghat,TDS,244.0,False,107
2021,9,river,Moyuri,Shoshan Ghat,TDS,240.0,False,107
2021,10,river,Moyuri,Shoshan Ghat,TDS,164.0,False,107
2021,11,river,Moyuri,Shoshan Ghat,TDS,257.0,False,107
2021,1,river,Moyuri,Shoshan Ghat,Turbidity,57.1,False,107
2021,2,river,Moyuri,Shoshan Ghat,Turbidity,58.6,False,107
2021,8,river,Moyuri,Shoshan Ghat,Turbidity,52.0,False,107
2021,9,river,Moyuri,Shoshan Ghat,Turbidity,52.5,False,107
2021,10,river,Moyuri,Shoshan Ghat,Turbidity,51.4,False,107
2021,11,river,Moyuri,Shoshan Ghat,Turbidity,50.2,False,107
2021,1,river,Moyuri,Shoshan Ghat,pH,7.81,False,106
2021,2,river,Moyuri,Shoshan Ghat,pH,7.98,False,106
2021,8,river,Moyuri,Shoshan Ghat,pH,7.82,False,106
2021,9,river,Moyuri,Shoshan Ghat,pH,7.9,False,106
2021,10,river,Moyuri,Shoshan Ghat,pH,7.94,False,106
2021,11,river,Moyuri,Shoshan Ghat,pH,8.05,False,106
2021,6,river,Padma,Barha Ghat,BOD,13.0,False,101
2021,7,river,Padma,Barha Ghat,BOD,7.0,False,101
2021,8,river,Padma,Barha Ghat,BOD,8.0,False,101
2021,12,river,Padma,Barha Ghat,BOD,4.0,False,101
2021,6,river,Padma,Barha Ghat,DO,8.0,False,100
2021,7,river,Padma,Barha Ghat,DO,8.7,False,100
2021,8,river,Padma,Barha Ghat,DO,5.0,False,100
2021,12,river,Padma,Barha Ghat,DO,6.6,False,100
2021,6,river,Padma,Barha Ghat,EC,122.9,False,101
2021,7,river,Padma,Barha Ghat,EC,271.0,False,101
2021,8,river,Padma,Barha Ghat,EC,138.0,False,101
2021,12,river,Padma,Barha Ghat,EC,207.0,False,101
2021,6,river,Padma,Barha Ghat,SS,393.0,False,101
2021,7,river,Padma,Barha Ghat,SS,25.0,False,101
2021,8,river,Padma,Barha Ghat,SS,103.0,False,101
2021,12,river,Padma,Barha Ghat,SS,93.0,False,101
2021,6,river,Padma,Barha Ghat,TDS,64.6,False,101
2021,7,river,Padma,Barha Ghat,TDS,147.0,False,101
2021,8,river,Padma,Barha Ghat,TDS,77.0,False,101
2021,12,river,Padma,Barha Ghat,TDS,111.0,False,101
2021,6,river,Padma,Barha Ghat,pH,7.35,False,100
2021,7,river,Padma,Barha Ghat,pH,7.28,False,100
2021,8,river,Padma,Barha Ghat,pH,7.78,False,100
2021,12,river,Padma,Barha Ghat,pH,8.01,False,100
2021,1,river,Padma,Gordhor Bazar,BOD,2.0,False,101
2021,1,river,Padma,Gordhor Bazar,DO,6.8,False,100
2021,1,river,Padma,Gordhor Bazar,EC,179.0,False,101
2021,1,river,Padma,Gordhor Bazar,SS,14.0,False,101
2021,1,river,Padma,Gordhor Bazar,TDS,103.0,False,101
2021,1,river,Padma,Gordhor Bazar,pH,8.02,False,100
2021,1,river,Padma,Josldia,BOD,5.0,False,101
2021,1,river,Padma,Josldia,DO,6.1,False,100
2021,1,river,Padma,Josldia,EC,166.0,False,101
2021,1,river,Padma,Josldia,TDS,96.0,False,101
2021,1,river,Padma,Josldia,pH,7.75,False,100
2021,1,river,Padma,Kandipara,BOD,4.0,False,101
2021,1,river,Padma,Kandipara,DO,6.3,False,100
2021,1,river,Padma,Kandipara,EC,175.0,False,101
2021,1,river,Padma,Kandipara,SS,12.0,False,101
2021,1,river,Padma,Kandipara,TDS,101.0,False,101
2021,1,river,Padma,Kandipara,pH,7.84,False,100
2021,1,river,Padma,Khoiria,BOD,4.0,False,101
2021,1,river,Padma,Khoiria,DO,6.9,False,100
2021,1,river,Padma,Khoiria,EC,179.0,False,101
2021,1,river,Padma,Khoiria,SS,12.0,False,101
2021,1,river,Padma,Khoiria,TDS,103.0,False,101
2021,1,river,Padma,Khoiria,pH,7.94,False,100
2021,1,river,Padma,Mawa ferry Ghat,BOD,4.0,False,101
2021,3,river,Padma,Mawa ferry Ghat,BOD,4.0,False,101
2021,5,river,Padma,Mawa ferry Ghat,BOD,12.0,False,101
2021,6,river,Padma,Mawa ferry Ghat,BOD,30.0,False,101
2021,7,river,Padma,Mawa ferry Ghat,BOD,16.0,False,101
2021,12,river,Padma,Mawa ferry Ghat,BOD,3.0,False,101
2021,1,river,Padma,Mawa ferry Ghat,DO,6.4,False,100
2021,3,river,Padma,Mawa ferry Ghat,DO,9.2,False,100
2021,5,river,Padma,Mawa ferry Ghat,DO,6.2,False,100
2021,6,river,Padma,Mawa ferry Ghat,DO,6.5,False,100
2021,7,river,Padma,Mawa ferry Ghat,DO,5.2,False,100
2021,12,river,Padma,Mawa ferry Ghat,DO,8.6,False,100
2021,1,river,Padma,Mawa ferry Ghat,EC,257.0,False,101
2021,3,river,Padma,Mawa ferry Ghat,EC,193.0,False,101
2021,5,river,Padma,Mawa ferry Ghat,EC,128.0,False,101
2021,6,river,Padma,Mawa ferry Ghat,EC,123.2,False,101
2021,7,river,Padma,Mawa ferry Ghat,EC,157.0,False,101
2021,12,river,Padma,Mawa ferry Ghat,EC,240.0,False,101
2021,1,river,Padma,Mawa ferry Ghat,SS,20.0,False,101
2021,3,river,Padma,Mawa ferry Ghat,SS,31.0,False,101
2021,5,river,Padma,Mawa ferry Ghat,SS,70.0,False,101
2021,6,river,Padma,Mawa ferry Ghat,SS,355.0,False,101
2021,7,river,Padma,Mawa ferry Ghat,SS,4.0,False,101
2021,12,river,Padma,Mawa ferry Ghat,SS,67.0,False,101
2021,1,river,Padma,Mawa ferry Ghat,TDS,148.0,False,101
2021,3,river,Padma,Mawa ferry Ghat,TDS,109.0,False,101
2021,5,river,Padma,Mawa ferry Ghat,TDS,66.0,False,101
2021,6,river,Padma,Mawa ferry Ghat,TDS,62.4,False,101
2021,7,river,Padma,Mawa ferry Ghat,TDS,40.0,False,101
2021,12,river,Padma,Mawa ferry Ghat,TDS,128.0,False,101
2021,1,river,Padma,Mawa ferry Ghat,pH,8.17,False,100
2021,3,river,Padma,Mawa ferry Ghat,pH,7.62,False,100
2021,5,river,Padma,Mawa ferry Ghat,pH,6.89,False,100
2021,6,river,Padma,Mawa ferry Ghat,pH,6.35,False,100
2021,7,river,Padma,Mawa ferry Ghat,pH,6.42,False,100
2021,12,river,Padma,Mawa ferry Ghat,pH,7.74,False,100
2021,1,river,Padma,Shimolia,BOD,1.0,False,101
2021,1,river,Padma,Shimolia,DO,6.2,False,100
2021,1,river,Padma,Shimolia,EC,178.0,False,101
2021,1,river,Padma,Shimolia,SS,17.0,False,101
2021,1,river,Padma,Shimolia,TDS,102.0,False,101
2021,1,river,Padma,Shimolia,pH,7.99,False,100
2021,1,river,Padma,Sitardor,BOD,4.0,False,101
2021,1,river,Padma,Sitardor,DO,6.2,False,100
2021,1,river,Padma,Sitardor,EC,175.0,False,101
2021,1,river,Padma,Sitardor,SS,14.0,False,101
2021,1,river,Padma,Sitardor,TDS,101.0,False,101
2021,1,river,Padma,Sitardor,pH,7.8,False,100
2021,4,river,Pashur,Banishanta,BOD,1.72,False,112
2021,10,river,Pashur,Banishanta,BOD,2.0,False,112
2021,11,river,Pashur,Banishanta,BOD,1.5,False,112
2021,12,river,Pashur,Banishanta,BOD,3.2,False,112
2021,1,river,Pashur,Banishanta,Chloride,96.0,False,112
2021,2,river,Pashur,Banishanta,Chloride,627.0,False,112
2021,3,river,Pashur,Banishanta,Chloride,234.0,False,112
2021,4,river,Pashur,Banishanta,Chloride,2675.0,False,112
2021,8,river,Pashur,Banishanta,Chloride,2573.0,False,112
2021,9,river,Pashur,Banishanta,Chloride,256.0,False,112
2021,10,river,Pashur,Banishanta,Chloride,256.0,False,112
2021,11,river,Pashur,Banishanta,Chloride,113.0,False,112
2021,12,river,Pashur,Banishanta,Chloride,138.0,False,112
2021,1,river,Pashur,Banishanta,DO,7.74,False,111
2021,2,river,Pashur,Banishanta,DO,6.01,False,111
2021,3,river,Pashur,Banishanta,DO,6.57,False,111
2021,4,river,Pashur,Banishanta,DO,4.2,False,111
2021,8,river,Pashur,Banishanta,DO,6.2,False,111
2021,9,river,Pashur,Banishanta,DO,5.95,False,111
2021,10,river,Pashur,Banishanta,DO,5.95,False,111
2021,11,river,Pashur,Banishanta,DO,6.97,False,111
2021,12,river,Pashur,Banishanta,DO,6.0,False,111
2021,1,river,Pashur,Banishanta,EC,1616.0,False,112
2021,2,river,Pashur,Banishanta,EC,2540.0,False,112
2021,3,river,Pashur,Banishanta,EC,7610.0,False,112
2021,4,river,Pashur,Banishanta,EC,10700.0,False,112
2021,8,river,Pashur,Banishanta,EC,298.0,False,112
2021,9,river,Pashur,Banishanta,EC,134.0,False,112
2021,10,river,Pashur,Banishanta,EC,178.0,False,112
2021,11,river,Pashur,Banishanta,EC,178.0,False,112
2021,12,river,Pashur,Banishanta,EC,244.0,False,112
2021,1,river,Pashur,Banishanta,TDS,802.0,False,112
2021,2,river,Pashur,Banishanta,TDS,1292.0,False,112
2021,3,river,Pashur,Banishanta,TDS,3810.0,False,112
2021,4,river,Pashur,Banishanta,TDS,5860.0,False,112
2021,8,river,Pashur,Banishanta,TDS,3701.0,False,112
2021,9,river,Pashur,Banishanta,TDS,85.0,False,112
2021,10,river,Pashur,Banishanta,TDS,85.0,False,112
2021,11,river,Pashur,Banishanta,TDS,67.5,False,112
2021,12,river,Pashur,Banishanta,TDS,116.0,False,112
2021,1,river,Pashur,Banishanta,Turbidity,60.4,False,112
2021,2,river,Pashur,Banishanta,Turbidity,59.5,False,112
2021,3,river,Pashur,Banishanta,Turbidity,68.4,False,112
2021,4,river,Pashur,Banishanta,Turbidity,78.3,False,112
2021,8,river,Pashur,Banishanta,Turbidity,76.3,False,112
2021,9,river,Pashur,Banishanta,Turbidity,75.3,False,112
2021,10,river,Pashur,Banishanta,Turbidity,75.3,False,112
2021,11,river,Pashur,Banishanta,Turbidity,75.8,False,112
2021,12,river,Pashur,Banishanta,Turbidity,78.8,False,112
2021,1,river,Pashur,Banishanta,pH,8.15,False,111
2021,2,river,Pashur,Banishanta,pH,8.36,False,111
2021,3,river,Pashur,Banishanta,pH,8.09,False,111
2021,4,river,Pashur,Banishanta,pH,7.87,False,111
2021,8,river,Pashur,Banishanta,pH,7.97,False,111
2021,9,river,Pashur,Banishanta,pH,8.19,False,111
2021,10,river,Pashur,Banishanta,pH,8.25,False,111
2021,11,river,Pashur,Banishanta,pH,8.57,False,111
2021,12,river,Pashur,Banishanta,pH,7.85,False,111
2021,1,river,Pashur,"Banishanta, Mongla",Salinity,1.5,False,112
2021,2,river,Pashur,"Banishanta, Mongla",Salinity,1.32,False,112
2021,3,river,Pashur,"Banishanta, Mongla",Salinity,3.91,False,112
2021,4,river,Pashur,"Banishanta, Mongla",Salinity,6.04,False,112
2021,8,river,Pashur,"Banishanta, Mongla",Salinity,3.13,False,112
2021,9,river,Pashur,"Banishanta, Mongla",Salinity,0.08,False,112
2021,10,river,Pashur,"Banishanta, Mongla",Salinity,0.08,False,112
2021,11,river,Pashur,"Banishanta, Mongla",Salinity,0.09,False,112
2021,12,river,Pashur,"Banishanta, Mongla",Salinity,0.11,False,112
2021,10,river,Pashur,Batiaghata By Pass,BOD,2.7,False,112
2021,11,river,Pashur,Batiaghata By Pass,BOD,2.5,False,112
2021,1,river,Pashur,Batiaghata By Pass,Chloride,88.0,False,112
2021,2,river,Pashur,Batiaghata By Pass,Chloride,235.0,False,112
2021,3,river,Pashur,Batiaghata By Pass,Chloride,610.0,False,112
2021,8,river,Pashur,Batiaghata By Pass,Chloride,2524.0,False,112
2021,9,river,Pashur,Batiaghata By Pass,Chloride,252.0,False,112
2021,10,river,Pashur,Batiaghata By Pass,Chloride,249.0,False,112
2021,11,river,Pashur,Batiaghata By Pass,Chloride,250.0,False,112
2021,1,river,Pashur,Batiaghata By Pass,DO,8.35,False,111
2021,2,river,Pashur,Batiaghata By Pass,DO,8.05,False,111
2021,3,river,Pashur,Batiaghata By Pass,DO,5.86,False,111
2021,8,river,Pashur,Batiaghata By Pass,DO,5.24,False,111
2021,9,river,Pashur,Batiaghata By Pass,DO,6.1,False,111
2021,10,river,Pashur,Batiaghata By Pass,DO,5.6,False,111
2021,11,river,Pashur,Batiaghata By Pass,DO,5.09,False,111
2021,1,river,Pashur,Batiaghata By Pass,EC,576.0,False,112
2021,2,river,Pashur,Batiaghata By Pass,EC,930.0,False,112
2021,3,river,Pashur,Batiaghata By Pass,EC,7670.0,False,112
2021,8,river,Pashur,Batiaghata By Pass,EC,225.0,False,112
2021,9,river,Pashur,Batiaghata By Pass,EC,178.0,False,112
2021,10,river,Pashur,Batiaghata By Pass,EC,237.0,False,112
2021,11,river,Pashur,Batiaghata By Pass,EC,415.0,False,112
2021,1,river,Pashur,Batiaghata By Pass,Salinity,1.2,False,112
2021,2,river,Pashur,Batiaghata By Pass,Salinity,2.56,False,112
2021,3,river,Pashur,Batiaghata By Pass,Salinity,4.21,False,112
2021,8,river,Pashur,Batiaghata By Pass,Salinity,4.1,False,112
2021,9,river,Pashur,Batiaghata By Pass,Salinity,0.06,False,112
2021,10,river,Pashur,Batiaghata By Pass,Salinity,0.1,False,112
2021,11,river,Pashur,Batiaghata By Pass,Salinity,0.2,False,112
2021,1,river,Pashur,Batiaghata By Pass,TDS,276.0,False,112
2021,2,river,Pashur,Batiaghata By Pass,TDS,2049.0,False,112
2021,3,river,Pashur,Batiaghata By Pass,TDS,4120.0,False,112
2021,8,river,Pashur,Batiaghata By Pass,TDS,4012.0,False,112
2021,9,river,Pashur,Batiaghata By Pass,TDS,64.0,False,112
2021,10,river,Pashur,Batiaghata By Pass,TDS,105.0,False,112
2021,11,river,Pashur,Batiaghata By Pass,TDS,196.0,False,112
2021,1,river,Pashur,Batiaghata By Pass,Turbidity,58.2,False,112
2021,2,river,Pashur,Batiaghata By Pass,Turbidity,68.4,False,112
2021,3,river,Pashur,Batiaghata By Pass,Turbidity,59.4,False,112
2021,8,river,Pashur,Batiaghata By Pass,Turbidity,65.1,False,112
2021,9,river,Pashur,Batiaghata By Pass,Turbidity,64.1,False,112
2021,10,river,Pashur,Batiaghata By Pass,Turbidity,63.1,False,112
2021,11,river,Pashur,Batiaghata By Pass,Turbidity,61.2,False,112
2021,1,river,Pashur,Batiaghata By Pass,pH,8.23,False,111
2021,2,river,Pashur,Batiaghata By Pass,pH,8.47,False,111
2021,3,river,Pashur,Batiaghata By Pass,pH,7.98,False,111
2021,8,river,Pashur,Batiaghata By Pass,pH,8.1,False,111
2021,9,river,Pashur,Batiaghata By Pass,pH,8.25,False,111
2021,10,river,Pashur,Batiaghata By Pass,pH,8.4,False,111
2021,11,river,Pashur,Batiaghata By Pass,pH,8.1,False,111
2021,4,river,Pashur,Rampal Power Plant,BOD,1.78,False,112
2021,10,river,Pashur,Rampal Power Plant,BOD,1.9,False,112
2021,11,river,Pashur,Rampal Power Plant,BOD,1.1,False,112
2021,12,river,Pashur,Rampal Power Plant,BOD,1.9,False,112
2021,1,river,Pashur,Rampal Power Plant,Chloride,96.0,False,112
2021,2,river,Pashur,Rampal Power Plant,Chloride,98.0,False,112
2021,3,river,Pashur,Rampal Power Plant,Chloride,99.0,False,112
2021,4,river,Pashur,Rampal Power Plant,Chloride,920.0,False,112
2021,8,river,Pashur,Rampal Power Plant,Chloride,922.0,False,112
2021,9,river,Pashur,Rampal Power Plant,Chloride,725.0,False,112
2021,10,river,Pashur,Rampal Power Plant,Chloride,725.0,False,112
2021,11,river,Pashur,Rampal Power Plant,Chloride,88.0,False,112
2021,12,river,Pashur,Rampal Power Plant,Chloride,150.0,False,112
2021,1,river,Pashur,Rampal Power Plant,DO,7.76,False,111
2021,2,river,Pashur,Rampal Power Plant,DO,7.48,False,111
2021,3,river,Pashur,Rampal Power Plant,DO,6.7,False,111
2021,4,river,Pashur,Rampal Power Plant,DO,6.97,False,111
2021,8,river,Pashur,Rampal Power Plant,DO,5.79,False,111
2021,9,river,Pashur,Rampal Power Plant,DO,5.94,False,111
2021,10,river,Pashur,Rampal Power Plant,DO,5.94,False,111
2021,11,river,Pashur,Rampal Power Plant,DO,5.82,False,111
2021,12,river,Pashur,Rampal Power Plant,DO,4.8,False,111
2021,1,river,Pashur,Rampal Power Plant,EC,1640.0,False,112
2021,2,river,Pashur,Rampal Power Plant,EC,927.0,False,112
2021,3,river,Pashur,Rampal Power Plant,EC,7550.0,False,112
2021,4,river,Pashur,Rampal Power Plant,EC,3680.0,False,112
2021,8,river,Pashur,Rampal Power Plant,EC,501.0,False,112
2021,9,river,Pashur,Rampal Power Plant,EC,180.0,False,112
2021,10,river,Pashur,Rampal Power Plant,EC,180.0,False,112
2021,12,river,Pashur,Rampal Power Plant,EC,238.0,False,112
2021,1,river,Pashur,Rampal Power Plant,Salinity,1.6,False,112
2021,2,river,Pashur,Rampal Power Plant,Salinity,2.46,False,112
2021,3,river,Pashur,Rampal Power Plant,Salinity,3.87,False,112
2021,4,river,Pashur,Rampal Power Plant,Salinity,1.97,False,112
2021,8,river,Pashur,Rampal Power Plant,Salinity,0.24,False,112
2021,9,river,Pashur,Rampal Power Plant,Salinity,0.07,False,112
2021,10,river,Pashur,Rampal Power Plant,Salinity,0.07,False,112
2021,11,river,Pashur,Rampal Power Plant,Salinity,0.07,False,112
2021,12,river,Pashur,Rampal Power Plant,Salinity,0.12,False,112
2021,1,river,Pashur,Rampal Power Plant,TDS,818.0,False,112
2021,2,river,Pashur,Rampal Power Plant,TDS,2400.0,False,112
2021,3,river,Pashur,Rampal Power Plant,TDS,3770.0,False,112
2021,4,river,Pashur,Rampal Power Plant,TDS,1938.0,False,112
2021,8,river,Pashur,Rampal Power Plant,TDS,241.0,False,112
2021,9,river,Pashur,Rampal Power Plant,TDS,84.0,False,112
2021,10,river,Pashur,Rampal Power Plant,TDS,84.0,False,112
2021,11,river,Pashur,Rampal Power Plant,TDS,90.0,False,112
2021,12,river,Pashur,Rampal Power Plant,TDS,118.4,False,112
2021,1,river,Pashur,Rampal Power Plant,Turbidity,68.5,False,112
2021,2,river,Pashur,Rampal Power Plant,Turbidity,68.9,False,112
2021,3,river,Pashur,Rampal Power Plant,Turbidity,68.1,False,112
2021,4,river,Pashur,Rampal Power Plant,Turbidity,75.4,False,112
2021,8,river,Pashur,Rampal Power Plant,Turbidity,75.3,False,112
2021,9,river,Pashur,Rampal Power Plant,Turbidity,74.3,False,112
2021,10,river,Pashur,Rampal Power Plant,Turbidity,74.3,False,112
2021,11,river,Pashur,Rampal Power Plant,Turbidity,74.0,False,112
2021,12,river,Pashur,Rampal Power Plant,Turbidity,74.0,False,112
2021,1,river,Pashur,Rampal Power Plant,pH,8.18,False,111
2021,2,river,Pashur,Rampal Power Plant,pH,8.45,False,111
2021,3,river,Pashur,Rampal Power Plant,pH,7.9,False,111
2021,4,river,Pashur,Rampal Power Plant,pH,7.78,False,111
2021,8,river,Pashur,Rampal Power Plant,pH,8.15,False,111
2021,9,river,Pashur,Rampal Power Plant,pH,8.18,False,111
2021,10,river,Pashur,Rampal Power Plant,pH,8.18,False,111
2021,11,river,Pashur,Rampal Power Plant,pH,8.22,False,111
2021,12,river,Pashur,Rampal Power Plant,pH,8.64,False,111
2021,10,river,Rupsa,"Charer Hat, Sulpur Aijgati (M)",BOD,3.3,False,109
2021,11,river,Rupsa,"Charer Hat, Sulpur Aijgati (M)",BOD,0.2,False,109
2021,1,river,Rupsa,"Charer Hat, Sulpur Aijgati (M)",Chloride,70.0,False,110
2021,2,river,Rupsa,"Charer Hat, Sulpur Aijgati (M)",Chloride,72.0,False,110
2021,3,river,Rupsa,"Charer Hat, Sulpur Aijgati (M)",Chloride,72.0,False,110
2021,9,river,Rupsa,"Charer Hat, Sulpur Aijgati (M)",Chloride,370.0,False,110
2021,10,river,Rupsa,"Charer Hat, Sulpur Aijgati (M)",Chloride,372.0,False,110
2021,11,river,Rupsa,"Charer Hat, Sulpur Aijgati (M)",Chloride,123.0,False,110
2021,1,river,Rupsa,"Charer Hat, Sulpur Aijgati (M)",DO,7.24,False,109
2021,2,river,Rupsa,"Charer Hat, Sulpur Aijgati (M)",DO,4.88,False,109
2021,3,river,Rupsa,"Charer Hat, Sulpur Aijgati (M)",DO,6.72,False,109
2021,9,river,Rupsa,"Charer Hat, Sulpur Aijgati (M)",DO,5.9,False,109
2021,10,river,Rupsa,"Charer Hat, Sulpur Aijgati (M)",DO,5.0,False,109
2021,11,river,Rupsa,"Charer Hat, Sulpur Aijgati (M)",DO,7.01,False,109
2021,1,river,Rupsa,"Charer Hat, Sulpur Aijgati (M)",EC,330.0,False,110
2021,2,river,Rupsa,"Charer Hat, Sulpur Aijgati (M)",EC,912.0,False,110
2021,3,river,Rupsa,"Charer Hat, Sulpur Aijgati (M)",EC,3520.0,False,110
2021,9,river,Rupsa,"Charer Hat, Sulpur Aijgati (M)",EC,130.0,False,110
2021,10,river,Rupsa,"Charer Hat, Sulpur Aijgati (M)",EC,164.0,False,110
2021,11,river,Rupsa,"Charer Hat, Sulpur Aijgati (M)",EC,205.6,False,110
2021,1,river,Rupsa,"Charer Hat, Sulpur Aijgati (M)",SS,62.0,False,110
2021,2,river,Rupsa,"Charer Hat, Sulpur Aijgati (M)",SS,64.0,False,110
2021,3,river,Rupsa,"Charer Hat, Sulpur Aijgati (M)",SS,66.0,False,110
2021,9,river,Rupsa,"Charer Hat, Sulpur Aijgati (M)",SS,64.0,False,110
2021,10,river,Rupsa,"Charer Hat, Sulpur Aijgati (M)",SS,65.0,False,110
2021,11,river,Rupsa,"Charer Hat, Sulpur Aijgati (M)",SS,65.0,False,110
2021,1,river,Rupsa,"Charer Hat, Sulpur Aijgati (M)",Salinity,0.15,False,110
2021,2,river,Rupsa,"Charer Hat, Sulpur Aijgati (M)",Salinity,0.56,False,110
2021,3,river,Rupsa,"Charer Hat, Sulpur Aijgati (M)",Salinity,1.85,False,110
2021,9,river,Rupsa,"Charer Hat, Sulpur Aijgati (M)",Salinity,0.06,False,110
2021,10,river,Rupsa,"Charer Hat, Sulpur Aijgati (M)",Salinity,0.07,False,110
2021,11,river,Rupsa,"Charer Hat, Sulpur Aijgati (M)",Salinity,0.1,False,110
2021,1,river,Rupsa,"Charer Hat, Sulpur Aijgati (M)",Turbidity,67.3,False,110
2021,2,river,Rupsa,"Charer Hat, Sulpur Aijgati (M)",Turbidity,69.3,False,110
2021,3,river,Rupsa,"Charer Hat, Sulpur Aijgati (M)",Turbidity,69.3,False,110
2021,9,river,Rupsa,"Charer Hat, Sulpur Aijgati (M)",Turbidity,71.04,False,110
2021,10,river,Rupsa,"Charer Hat, Sulpur Aijgati (M)",Turbidity,71.04,False,110
2021,11,river,Rupsa,"Charer Hat, Sulpur Aijgati (M)",Turbidity,71.04,False,110
2021,1,river,Rupsa,"Charer Hat, Sulpur Aijgati (M)",pH,8.78,False,109
2021,2,river,Rupsa,"Charer Hat, Sulpur Aijgati (M)",pH,8.16,False,109
2021,3,river,Rupsa,"Charer Hat, Sulpur Aijgati (M)",pH,8.16,False,109
2021,9,river,Rupsa,"Charer Hat, Sulpur Aijgati (M)",pH,8.41,False,109
2021,10,river,Rupsa,"Charer Hat, Sulpur Aijgati (M)",pH,8.59,False,109
2021,11,river,Rupsa,"Charer Hat, Sulpur Aijgati (M)",pH,8.15,False,109
2021,4,river,Rupsa,"Gilatola, Nadan Pratap (M)",BOD,0.68,False,109
2021,10,river,Rupsa,"Gilatola, Nadan Pratap (M)",BOD,1.8,False,109
2021,11,river,Rupsa,"Gilatola, Nadan Pratap (M)",BOD,1.0,False,109
2021,12,river,Rupsa,"Gilatola, Nadan Pratap (M)",BOD,2.8,False,109
2021,1,river,Rupsa,"Gilatola, Nadan Pratap (M)",Chloride,66.0,False,110
2021,2,river,Rupsa,"Gilatola, Nadan Pratap (M)",Chloride,69.0,False,110
2021,3,river,Rupsa,"Gilatola, Nadan Pratap (M)",Chloride,69.0,False,110
2021,4,river,Rupsa,"Gilatola, Nadan Pratap (M)",Chloride,928.0,False,110
2021,10,river,Rupsa,"Gilatola, Nadan Pratap (M)",Chloride,66.0,False,110
2021,11,river,Rupsa,"Gilatola, Nadan Pratap (M)",Chloride,123.0,False,110
2021,12,river,Rupsa,"Gilatola, Nadan Pratap (M)",Chloride,125.0,False,110
2021,1,river,Rupsa,"Gilatola, Nadan Pratap (M)",DO,8.25,False,109
2021,2,river,Rupsa,"Gilatola, Nadan Pratap (M)",DO,4.91,False,109
2021,3,river,Rupsa,"Gilatola, Nadan Pratap (M)",DO,6.46,False,109
2021,4,river,Rupsa,"Gilatola, Nadan Pratap (M)",DO,6.4,False,109
2021,10,river,Rupsa,"Gilatola, Nadan Pratap (M)",DO,3.5,False,109
2021,11,river,Rupsa,"Gilatola, Nadan Pratap (M)",DO,6.02,False,109
2021,12,river,Rupsa,"Gilatola, Nadan Pratap (M)",DO,5.2,False,109
2021,1,river,Rupsa,"Gilatola, Nadan Pratap (M)",EC,330.0,False,110
2021,2,river,Rupsa,"Gilatola, Nadan Pratap (M)",EC,1102.0,False,110
2021,3,river,Rupsa,"Gilatola, Nadan Pratap (M)",EC,3870.0,False,110
2021,4,river,Rupsa,"Gilatola, Nadan Pratap (M)",EC,3712.0,False,110
2021,10,river,Rupsa,"Gilatola, Nadan Pratap (M)",EC,182.0,False,110
2021,11,river,Rupsa,"Gilatola, Nadan Pratap (M)",EC,204.0,False,110
2021,12,river,Rupsa,"Gilatola, Nadan Pratap (M)",EC,212.5,False,110
2021,1,river,Rupsa,"Gilatola, Nadan Pratap (M)",SS,70.0,False,110
2021,2,river,Rupsa,"Gilatola, Nadan Pratap (M)",SS,72.0,False,110
2021,3,river,Rupsa,"Gilatola, Nadan Pratap (M)",SS,70.0,False,110
2021,4,river,Rupsa,"Gilatola, Nadan Pratap (M)",SS,78.0,False,110
2021,10,river,Rupsa,"Gilatola, Nadan Pratap (M)",SS,75.0,False,110
2021,11,river,Rupsa,"Gilatola, Nadan Pratap (M)",SS,72.0,False,110
2021,12,river,Rupsa,"Gilatola, Nadan Pratap (M)",SS,68.0,False,110
2021,1,river,Rupsa,"Gilatola, Nadan Pratap (M)",Salinity,0.16,False,110
2021,2,river,Rupsa,"Gilatola, Nadan Pratap (M)",Salinity,0.52,False,110
2021,3,river,Rupsa,"Gilatola, Nadan Pratap (M)",Salinity,2.04,False,110
2021,4,river,Rupsa,"Gilatola, Nadan Pratap (M)",Salinity,5.34,False,110
2021,10,river,Rupsa,"Gilatola, Nadan Pratap (M)",Salinity,0.08,False,110
2021,11,river,Rupsa,"Gilatola, Nadan Pratap (M)",Salinity,0.1,False,110
2021,12,river,Rupsa,"Gilatola, Nadan Pratap (M)",Salinity,0.1,False,110
2021,1,river,Rupsa,"Gilatola, Nadan Pratap (M)",Turbidity,68.9,False,110
2021,2,river,Rupsa,"Gilatola, Nadan Pratap (M)",Turbidity,67.8,False,110
2021,3,river,Rupsa,"Gilatola, Nadan Pratap (M)",Turbidity,67.8,False,110
2021,4,river,Rupsa,"Gilatola, Nadan Pratap (M)",Turbidity,72.6,False,110
2021,10,river,Rupsa,"Gilatola, Nadan Pratap (M)",Turbidity,70.4,False,110
2021,11,river,Rupsa,"Gilatola, Nadan Pratap (M)",Turbidity,70.1,False,110
2021,12,river,Rupsa,"Gilatola, Nadan Pratap (M)",Turbidity,75.4,False,110
2021,1,river,Rupsa,"Gilatola, Nadan Pratap (M)",pH,8.75,False,109
2021,2,river,Rupsa,"Gilatola, Nadan Pratap (M)",pH,8.13,False,109
2021,3,river,Rupsa,"Gilatola, Nadan Pratap (M)",pH,8.03,False,109
2021,4,river,Rupsa,"Gilatola, Nadan Pratap (M)",pH,7.25,False,109
2021,10,river,Rupsa,"Gilatola, Nadan Pratap (M)",pH,8.56,False,109
2021,11,river,Rupsa,"Gilatola, Nadan Pratap (M)",pH,8.8,False,109
2021,12,river,Rupsa,"Gilatola, Nadan Pratap (M)",pH,7.21,False,109
2021,10,river,Rupsa,Kalibari Ghat (M),BOD,3.0,False,109
2021,11,river,Rupsa,Kalibari Ghat (M),BOD,3.0,False,109
2021,12,river,Rupsa,Kalibari Ghat (M),BOD,3.1,False,109
2021,1,river,Rupsa,Kalibari Ghat (M),Chloride,66.0,False,110
2021,2,river,Rupsa,Kalibari Ghat (M),Chloride,67.0,False,110
2021,3,river,Rupsa,Kalibari Ghat (M),Chloride,68.0,False,110
2021,8,river,Rupsa,Kalibari Ghat (M),Chloride,980.0,False,110
2021,9,river,Rupsa,Kalibari Ghat (M),Chloride,380.0,False,110
2021,10,river,Rupsa,Kalibari Ghat (M),Chloride,368.0,False,110
2021,11,river,Rupsa,Kalibari Ghat (M),Chloride,124.0,False,110
2021,12,river,Rupsa,Kalibari Ghat (M),Chloride,87.5,False,110
2021,1,river,Rupsa,Kalibari Ghat (M),DO,7.16,False,109
2021,2,river,Rupsa,Kalibari Ghat (M),DO,4.93,False,109
2021,3,river,Rupsa,Kalibari Ghat (M),DO,6.42,False,109
2021,8,river,Rupsa,Kalibari Ghat (M),DO,5.3,False,109
2021,9,river,Rupsa,Kalibari Ghat (M),DO,5.8,False,109
2021,10,river,Rupsa,Kalibari Ghat (M),DO,5.3,False,109
2021,11,river,Rupsa,Kalibari Ghat (M),DO,5.0,False,109
2021,12,river,Rupsa,Kalibari Ghat (M),DO,5.4,False,109
2021,1,river,Rupsa,Kalibari Ghat (M),EC,324.0,False,110
2021,2,river,Rupsa,Kalibari Ghat (M),EC,1112.0,False,110
2021,3,river,Rupsa,Kalibari Ghat (M),EC,3740.0,False,110
2021,8,river,Rupsa,Kalibari Ghat (M),EC,198.0,False,110
2021,9,river,Rupsa,Kalibari Ghat (M),EC,129.0,False,110
2021,10,river,Rupsa,Kalibari Ghat (M),EC,126.0,False,110
2021,11,river,Rupsa,Kalibari Ghat (M),EC,136.0,False,110
2021,12,river,Rupsa,Kalibari Ghat (M),EC,141.0,False,110
2021,1,river,Rupsa,Kalibari Ghat (M),SS,66.0,False,110
2021,2,river,Rupsa,Kalibari Ghat (M),SS,77.0,False,110
2021,3,river,Rupsa,Kalibari Ghat (M),SS,76.0,False,110
2021,8,river,Rupsa,Kalibari Ghat (M),SS,72.0,False,110
2021,9,river,Rupsa,Kalibari Ghat (M),SS,60.0,False,110
2021,10,river,Rupsa,Kalibari Ghat (M),SS,59.0,False,110
2021,11,river,Rupsa,Kalibari Ghat (M),SS,61.0,False,110
2021,12,river,Rupsa,Kalibari Ghat (M),SS,65.0,False,110
2021,1,river,Rupsa,Kalibari Ghat (M),Salinity,0.14,False,110
2021,2,river,Rupsa,Kalibari Ghat (M),Salinity,0.57,False,110
2021,3,river,Rupsa,Kalibari Ghat (M),Salinity,1.85,False,110
2021,8,river,Rupsa,Kalibari Ghat (M),Salinity,0.09,False,110
2021,9,river,Rupsa,Kalibari Ghat (M),Salinity,0.06,False,110
2021,10,river,Rupsa,Kalibari Ghat (M),Salinity,0.06,False,110
2021,11,river,Rupsa,Kalibari Ghat (M),Salinity,0.1,False,110
2021,12,river,Rupsa,Kalibari Ghat (M),Salinity,0.07,False,110
2021,1,river,Rupsa,Kalibari Ghat (M),Turbidity,66.2,False,110
2021,2,river,Rupsa,Kalibari Ghat (M),Turbidity,69.6,False,110
2021,3,river,Rupsa,Kalibari Ghat (M),Turbidity,68.2,False,110
2021,8,river,Rupsa,Kalibari Ghat (M),Turbidity,74.4,False,110
2021,9,river,Rupsa,Kalibari Ghat (M),Turbidity,73.4,False,110
2021,10,river,Rupsa,Kalibari Ghat (M),Turbidity,75.4,False,110
2021,11,river,Rupsa,Kalibari Ghat (M),Turbidity,75.4,False,110
2021,12,river,Rupsa,Kalibari Ghat (M),Turbidity,74.4,False,110
2021,1,river,Rupsa,Kalibari Ghat (M),pH,8.76,False,109
2021,2,river,Rupsa,Kalibari Ghat (M),pH,8.11,False,109
2021,3,river,Rupsa,Kalibari Ghat (M),pH,7.15,False,109
2021,8,river,Rupsa,Kalibari Ghat (M),pH,8.08,False,109
2021,9,river,Rupsa,Kalibari Ghat (M),pH,8.52,False,109
2021,10,river,Rupsa,Kalibari Ghat (M),pH,8.73,False,109
2021,11,river,Rupsa,Kalibari Ghat (M),pH,8.23,False,109
2021,12,river,Rupsa,Kalibari Ghat (M),pH,7.17,False,109
2021,10,river,Rupsa,Rupsa Ghat (M),BOD,3.1,False,109
2021,11,river,Rupsa,Rupsa Ghat (M),BOD,2.1,False,109
2021,12,river,Rupsa,Rupsa Ghat (M),BOD,2.5,False,109
2021,1,river,Rupsa,Rupsa Ghat (M),Chloride,68.0,False,110
2021,2,river,Rupsa,Rupsa Ghat (M),Chloride,68.0,False,110
2021,3,river,Rupsa,Rupsa Ghat (M),Chloride,69.0,False,110
2021,8,river,Rupsa,Rupsa Ghat (M),Chloride,1212.0,False,110
2021,9,river,Rupsa,Rupsa Ghat (M),Chloride,385.0,False,110
2021,10,river,Rupsa,Rupsa Ghat (M),Chloride,386.0,False,110
2021,11,river,Rupsa,Rupsa Ghat (M),Chloride,138.0,False,110
2021,12,river,Rupsa,Rupsa Ghat (M),Chloride,75.0,False,110
2021,1,river,Rupsa,Rupsa Ghat (M),DO,8.15,False,109
2021,2,river,Rupsa,Rupsa Ghat (M),DO,7.2,False,109
2021,3,river,Rupsa,Rupsa Ghat (M),DO,6.17,False,109
2021,8,river,Rupsa,Rupsa Ghat (M),DO,4.2,False,109
2021,9,river,Rupsa,Rupsa Ghat (M),DO,4.8,False,109
2021,10,river,Rupsa,Rupsa Ghat (M),DO,5.2,False,109
2021,11,river,Rupsa,Rupsa Ghat (M),DO,4.5,False,109
2021,12,river,Rupsa,Rupsa Ghat (M),DO,5.5,False,109
2021,1,river,Rupsa,Rupsa Ghat (M),EC,349.0,False,110
2021,2,river,Rupsa,Rupsa Ghat (M),EC,1925.0,False,110
2021,3,river,Rupsa,Rupsa Ghat (M),EC,4250.0,False,110
2021,8,river,Rupsa,Rupsa Ghat (M),EC,111.0,False,110
2021,9,river,Rupsa,Rupsa Ghat (M),EC,215.0,False,110
2021,10,river,Rupsa,Rupsa Ghat (M),EC,137.0,False,110
2021,11,river,Rupsa,Rupsa Ghat (M),EC,131.4,False,110
2021,12,river,Rupsa,Rupsa Ghat (M),EC,136.0,False,110
2021,1,river,Rupsa,Rupsa Ghat (M),SS,76.0,False,110
2021,2,river,Rupsa,Rupsa Ghat (M),SS,76.0,False,110
2021,3,river,Rupsa,Rupsa Ghat (M),SS,74.0,False,110
2021,8,river,Rupsa,Rupsa Ghat (M),SS,75.0,False,110
2021,9,river,Rupsa,Rupsa Ghat (M),SS,63.0,False,110
2021,10,river,Rupsa,Rupsa Ghat (M),SS,62.0,False,110
2021,11,river,Rupsa,Rupsa Ghat (M),SS,61.0,False,110
2021,12,river,Rupsa,Rupsa Ghat (M),SS,57.0,False,110
2021,1,river,Rupsa,Rupsa Ghat (M),Salinity,0.17,False,110
2021,2,river,Rupsa,Rupsa Ghat (M),Salinity,1.02,False,110
2021,3,river,Rupsa,Rupsa Ghat (M),Salinity,2.13,False,110
2021,8,river,Rupsa,Rupsa Ghat (M),Salinity,1.91,False,110
2021,9,river,Rupsa,Rupsa Ghat (M),Salinity,0.1,False,110
2021,10,river,Rupsa,Rupsa Ghat (M),Salinity,0.06,False,110
2021,11,river,Rupsa,Rupsa Ghat (M),Salinity,0.11,False,110
2021,12,river,Rupsa,Rupsa Ghat (M),Salinity,0.06,False,110
2021,1,river,Rupsa,Rupsa Ghat (M),Turbidity,68.4,False,110
2021,2,river,Rupsa,Rupsa Ghat (M),Turbidity,68.4,False,110
2021,3,river,Rupsa,Rupsa Ghat (M),Turbidity,68.2,False,110
2021,8,river,Rupsa,Rupsa Ghat (M),Turbidity,72.3,False,110
2021,9,river,Rupsa,Rupsa Ghat (M),Turbidity,72.0,False,110
2021,10,river,Rupsa,Rupsa Ghat (M),Turbidity,75.0,False,110
2021,11,river,Rupsa,Rupsa Ghat (M),Turbidity,75.0,False,110
2021,12,river,Rupsa,Rupsa Ghat (M),Turbidity,70.8,False,110
2021,1,river,Rupsa,Rupsa Ghat (M),pH,8.65,False,109
2021,2,river,Rupsa,Rupsa Ghat (M),pH,8.08,False,109
2021,3,river,Rupsa,Rupsa Ghat (M),pH,7.68,False,109
2021,8,river,Rupsa,Rupsa Ghat (M),pH,8.53,False,109
2021,9,river,Rupsa,Rupsa Ghat (M),pH,8.22,False,109
2021,10,river,Rupsa,Rupsa Ghat (M),pH,8.79,False,109
2021,11,river,Rupsa,Rupsa Ghat (M),pH,8.26,False,109
2021,12,river,Rupsa,Rupsa Ghat (M),pH,8.1,False,109
2021,1,river,Shitalakhya,Gorashal,BOD,12.0,False,90
2021,2,river,Shitalakhya,Gorashal,BOD,6.0,False,90
2021,6,river,Shitalakhya,Gorashal,BOD,7.0,False,90
2021,8,river,Shitalakhya,Gorashal,BOD,16.0,False,90
2021,9,river,Shitalakhya,Gorashal,BOD,4.0,False,90
2021,12,river,Shitalakhya,Gorashal,BOD,8.0,False,90
2021,1,river,Shitalakhya,Gorashal,COD,54.0,False,90
2021,2,river,Shitalakhya,Gorashal,COD,28.0,False,90
2021,6,river,Shitalakhya,Gorashal,COD,19.0,False,90
2021,8,river,Shitalakhya,Gorashal,COD,34.0,False,90
2021,9,river,Shitalakhya,Gorashal,COD,12.0,False,90
2021,12,river,Shitalakhya,Gorashal,COD,29.0,False,90
2021,1,river,Shitalakhya,Gorashal,Chloride,10.5,False,91
2021,2,river,Shitalakhya,Gorashal,Chloride,14.0,False,91
2021,6,river,Shitalakhya,Gorashal,Chloride,11.0,False,91
2021,8,river,Shitalakhya,Gorashal,Chloride,12.0,False,91
2021,9,river,Shitalakhya,Gorashal,Chloride,16.0,False,91
2021,12,river,Shitalakhya,Gorashal,Chloride,14.0,False,91
2021,1,river,Shitalakhya,Gorashal,DO,5.8,False,90
2021,2,river,Shitalakhya,Gorashal,DO,5.2,False,90
2021,6,river,Shitalakhya,Gorashal,DO,2.4,False,90
2021,8,river,Shitalakhya,Gorashal,DO,3.6,False,90
2021,9,river,Shitalakhya,Gorashal,DO,6.4,False,90
2021,12,river,Shitalakhya,Gorashal,DO,4.5,False,90
2021,1,river,Shitalakhya,Gorashal,EC,251.0,False,91
2021,2,river,Shitalakhya,Gorashal,EC,277.0,False,91
2021,6,river,Shitalakhya,Gorashal,EC,156.7,False,91
2021,8,river,Shitalakhya,Gorashal,EC,126.0,False,91
2021,9,river,Shitalakhya,Gorashal,EC,389.0,False,91
2021,12,river,Shitalakhya,Gorashal,EC,331.0,False,91
2021,1,river,Shitalakhya,Gorashal,SS,7.0,False,91
2021,2,river,Shitalakhya,Gorashal,SS,11.0,False,91
2021,6,river,Shitalakhya,Gorashal,SS,78.0,False,91
2021,8,river,Shitalakhya,Gorashal,SS,35.0,False,91
2021,9,river,Shitalakhya,Gorashal,SS,12.0,False,91
2021,12,river,Shitalakhya,Gorashal,SS,29.0,False,91
2021,1,river,Shitalakhya,Gorashal,TDS,158.0,False,91
2021,2,river,Shitalakhya,Gorashal,TDS,164.0,False,91
2021,6,river,Shitalakhya,Gorashal,TDS,79.4,False,91
2021,8,river,Shitalakhya,Gorashal,TDS,64.0,False,91
2021,9,river,Shitalakhya,Gorashal,TDS,79.0,False,91
2021,12,river,Shitalakhya,Gorashal,TDS,185.0,False,91
2021,1,river,Shitalakhya,Gorashal,TotalAlkalinity,61.0,False,91
2021,2,river,Shitalakhya,Gorashal,TotalAlkalinity,63.0,False,91
2021,6,river,Shitalakhya,Gorashal,TotalAlkalinity,11.0,False,91
2021,8,river,Shitalakhya,Gorashal,TotalAlkalinity,56.0,False,91
2021,9,river,Shitalakhya,Gorashal,TotalAlkalinity,73.0,False,91
2021,12,river,Shitalakhya,Gorashal,TotalAlkalinity,76.0,False,91
2021,1,river,Shitalakhya,Gorashal,pH,7.48,False,90
2021,2,river,Shitalakhya,Gorashal,pH,7.21,False,90
2021,6,river,Shitalakhya,Gorashal,pH,7.02,False,90
2021,8,river,Shitalakhya,Gorashal,pH,6.54,False,90
2021,9,river,Shitalakhya,Gorashal,pH,7.21,False,90
2021,12,river,Shitalakhya,Gorashal,pH,7.68,False,90
2021,1,river,Shitalakhya,Majira Demra Ghat,BOD,4.5,False,90
2021,2,river,Shitalakhya,Majira Demra Ghat,BOD,32.4,False,90
2021,4,river,Shitalakhya,Majira Demra Ghat,BOD,14.0,False,90
2021,5,river,Shitalakhya,Majira Demra Ghat,BOD,10.0,False,90
2021,6,river,Shitalakhya,Majira Demra Ghat,BOD,14.0,False,90
2021,7,river,Shitalakhya,Majira Demra Ghat,BOD,12.0,False,90
2021,8,river,Shitalakhya,Majira Demra Ghat,BOD,18.0,False,90
2021,9,river,Shitalakhya,Majira Demra Ghat,BOD,8.0,False,90
2021,12,river,Shitalakhya,Majira Demra Ghat,BOD,12.0,False,90
2021,1,river,Shitalakhya,Majira Demra Ghat,COD,20.0,False,90
2021,2,river,Shitalakhya,Majira Demra Ghat,COD,80.0,False,90
2021,4,river,Shitalakhya,Majira Demra Ghat,COD,36.0,False,90
2021,5,river,Shitalakhya,Majira Demra Ghat,COD,58.0,False,90
2021,6,river,Shitalakhya,Majira Demra Ghat,COD,46.0,False,90
2021,7,river,Shitalakhya,Majira Demra Ghat,COD,37.0,False,90
2021,8,river,Shitalakhya,Majira Demra Ghat,COD,38.0,False,90
2021,9,river,Shitalakhya,Majira Demra Ghat,COD,24.0,False,90
2021,12,river,Shitalakhya,Majira Demra Ghat,COD,34.0,False,90
2021,1,river,Shitalakhya,Majira Demra Ghat,Chloride,39.0,False,91
2021,2,river,Shitalakhya,Majira Demra Ghat,Chloride,51.0,False,91
2021,4,river,Shitalakhya,Majira Demra Ghat,Chloride,65.0,False,91
2021,5,river,Shitalakhya,Majira Demra Ghat,Chloride,45.0,False,91
2021,6,river,Shitalakhya,Majira Demra Ghat,Chloride,34.5,False,91
2021,7,river,Shitalakhya,Majira Demra Ghat,Chloride,15.5,False,91
2021,8,river,Shitalakhya,Majira Demra Ghat,Chloride,14.0,False,91
2021,9,river,Shitalakhya,Majira Demra Ghat,Chloride,9.0,False,91
2021,12,river,Shitalakhya,Majira Demra Ghat,Chloride,15.0,False,91
2021,1,river,Shitalakhya,Majira Demra Ghat,DO,0.4,False,90
2021,2,river,Shitalakhya,Majira Demra Ghat,DO,0.0,False,90
2021,4,river,Shitalakhya,Majira Demra Ghat,DO,0.0,False,90
2021,5,river,Shitalakhya,Majira Demra Ghat,DO,0.0,False,90
2021,6,river,Shitalakhya,Majira Demra Ghat,DO,2.6,False,90
2021,7,river,Shitalakhya,Majira Demra Ghat,DO,4.69,False,90
2021,8,river,Shitalakhya,Majira Demra Ghat,DO,5.9,False,90
2021,9,river,Shitalakhya,Majira Demra Ghat,DO,6.1,False,90
2021,12,river,Shitalakhya,Majira Demra Ghat,DO,3.0,False,90
2021,1,river,Shitalakhya,Majira Demra Ghat,EC,429.0,False,91
2021,2,river,Shitalakhya,Majira Demra Ghat,EC,584.0,False,91
2021,4,river,Shitalakhya,Majira Demra Ghat,EC,919.0,False,91
2021,5,river,Shitalakhya,Majira Demra Ghat,EC,611.0,False,91
2021,6,river,Shitalakhya,Majira Demra Ghat,EC,263.0,False,91
2021,7,river,Shitalakhya,Majira Demra Ghat,EC,109.1,False,91
2021,8,river,Shitalakhya,Majira Demra Ghat,EC,131.0,False,91
2021,9,river,Shitalakhya,Majira Demra Ghat,EC,156.6,False,91
2021,12,river,Shitalakhya,Majira Demra Ghat,EC,431.0,False,91
2021,1,river,Shitalakhya,Majira Demra Ghat,SS,26.0,False,91
2021,2,river,Shitalakhya,Majira Demra Ghat,SS,26.0,False,91
2021,4,river,Shitalakhya,Majira Demra Ghat,SS,57.0,False,91
2021,5,river,Shitalakhya,Majira Demra Ghat,SS,6.0,False,91
2021,6,river,Shitalakhya,Majira Demra Ghat,SS,6.0,False,91
2021,7,river,Shitalakhya,Majira Demra Ghat,SS,120.0,False,91
2021,8,river,Shitalakhya,Majira Demra Ghat,SS,29.0,False,91
2021,9,river,Shitalakhya,Majira Demra Ghat,SS,38.0,False,91
2021,12,river,Shitalakhya,Majira Demra Ghat,SS,33.0,False,91
2021,1,river,Shitalakhya,Majira Demra Ghat,TDS,247.0,False,91
2021,2,river,Shitalakhya,Majira Demra Ghat,TDS,338.0,False,91
2021,4,river,Shitalakhya,Majira Demra Ghat,TDS,445.0,False,91
2021,5,river,Shitalakhya,Majira Demra Ghat,TDS,320.0,False,91
2021,6,river,Shitalakhya,Majira Demra Ghat,TDS,134.0,False,91
2021,7,river,Shitalakhya,Majira Demra Ghat,TDS,58.1,False,91
2021,8,river,Shitalakhya,Majira Demra Ghat,TDS,70.0,False,91
2021,9,river,Shitalakhya,Majira Demra Ghat,TDS,82.5,False,91
2021,12,river,Shitalakhya,Majira Demra Ghat,TDS,242.0,False,91
2021,1,river,Shitalakhya,Majira Demra Ghat,TotalAlkalinity,112.0,False,91
2021,2,river,Shitalakhya,Majira Demra Ghat,TotalAlkalinity,196.0,False,91
2021,4,river,Shitalakhya,Majira Demra Ghat,TotalAlkalinity,227.0,False,91
2021,5,river,Shitalakhya,Majira Demra Ghat,TotalAlkalinity,186.0,False,91
2021,6,river,Shitalakhya,Majira Demra Ghat,TotalAlkalinity,138.0,False,91
2021,7,river,Shitalakhya,Majira Demra Ghat,TotalAlkalinity,47.0,False,91
2021,8,river,Shitalakhya,Majira Demra Ghat,TotalAlkalinity,20.0,False,91
2021,9,river,Shitalakhya,Majira Demra Ghat,TotalAlkalinity,29.0,False,91
2021,12,river,Shitalakhya,Majira Demra Ghat,TotalAlkalinity,39.0,False,91
2021,1,river,Shitalakhya,Majira Demra Ghat,pH,7.06,False,90
2021,2,river,Shitalakhya,Majira Demra Ghat,pH,7.34,False,90
2021,4,river,Shitalakhya,Majira Demra Ghat,pH,7.07,False,90
2021,5,river,Shitalakhya,Majira Demra Ghat,pH,6.93,False,90
2021,6,river,Shitalakhya,Majira Demra Ghat,pH,7.09,False,90
2021,7,river,Shitalakhya,Majira Demra Ghat,pH,6.83,False,90
2021,8,river,Shitalakhya,Majira Demra Ghat,pH,7.84,False,90
2021,9,river,Shitalakhya,Majira Demra Ghat,pH,6.57,False,90
2021,12,river,Shitalakhya,Majira Demra Ghat,pH,7.28,False,90
2021,1,river,Shitalakhya,Murapara (Rupgonj),BOD,4.6,False,90
2021,2,river,Shitalakhya,Murapara (Rupgonj),BOD,6.0,False,90
2021,4,river,Shitalakhya,Murapara (Rupgonj),BOD,6.4,False,90
2021,5,river,Shitalakhya,Murapara (Rupgonj),BOD,8.0,False,90
2021,6,river,Shitalakhya,Murapara (Rupgonj),BOD,12.0,False,90
2021,7,river,Shitalakhya,Murapara (Rupgonj),BOD,12.0,False,90
2021,8,river,Shitalakhya,Murapara (Rupgonj),BOD,17.0,False,90
2021,9,river,Shitalakhya,Murapara (Rupgonj),BOD,12.0,False,90
2021,12,river,Shitalakhya,Murapara (Rupgonj),BOD,8.0,False,90
2021,1,river,Shitalakhya,Murapara (Rupgonj),COD,32.0,False,90
2021,2,river,Shitalakhya,Murapara (Rupgonj),COD,27.0,False,90
2021,4,river,Shitalakhya,Murapara (Rupgonj),COD,18.0,False,90
2021,5,river,Shitalakhya,Murapara (Rupgonj),COD,21.0,False,90
2021,6,river,Shitalakhya,Murapara (Rupgonj),COD,44.0,False,90
2021,7,river,Shitalakhya,Murapara (Rupgonj),COD,60.0,False,90
2021,8,river,Shitalakhya,Murapara (Rupgonj),COD,36.0,False,90
2021,9,river,Shitalakhya,Murapara (Rupgonj),COD,46.0,False,90
2021,12,river,Shitalakhya,Murapara (Rupgonj),COD,30.0,False,90
2021,1,river,Shitalakhya,Murapara (Rupgonj),Chloride,37.0,False,91
2021,2,river,Shitalakhya,Murapara (Rupgonj),Chloride,41.0,False,91
2021,4,river,Shitalakhya,Murapara (Rupgonj),Chloride,52.0,False,91
2021,5,river,Shitalakhya,Murapara (Rupgonj),Chloride,37.0,False,91
2021,6,river,Shitalakhya,Murapara (Rupgonj),Chloride,19.0,False,91
2021,7,river,Shitalakhya,Murapara (Rupgonj),Chloride,6.0,False,91
2021,8,river,Shitalakhya,Murapara (Rupgonj),Chloride,29.0,False,91
2021,9,river,Shitalakhya,Murapara (Rupgonj),Chloride,8.5,False,91
2021,12,river,Shitalakhya,Murapara (Rupgonj),Chloride,20.0,False,91
2021,1,river,Shitalakhya,Murapara (Rupgonj),DO,0.0,False,90
2021,2,river,Shitalakhya,Murapara (Rupgonj),DO,4.1,False,90
2021,4,river,Shitalakhya,Murapara (Rupgonj),DO,4.2,False,90
2021,5,river,Shitalakhya,Murapara (Rupgonj),DO,1.3,False,90
2021,6,river,Shitalakhya,Murapara (Rupgonj),DO,1.4,False,90
2021,7,river,Shitalakhya,Murapara (Rupgonj),DO,4.99,False,90
2021,8,river,Shitalakhya,Murapara (Rupgonj),DO,5.5,False,90
2021,9,river,Shitalakhya,Murapara (Rupgonj),DO,6.5,False,90
2021,12,river,Shitalakhya,Murapara (Rupgonj),DO,4.0,False,90
2021,1,river,Shitalakhya,Murapara (Rupgonj),EC,407.0,False,91
2021,2,river,Shitalakhya,Murapara (Rupgonj),EC,489.0,False,91
2021,4,river,Shitalakhya,Murapara (Rupgonj),EC,610.0,False,91
2021,5,river,Shitalakhya,Murapara (Rupgonj),EC,501.0,False,91
2021,6,river,Shitalakhya,Murapara (Rupgonj),EC,318.0,False,91
2021,7,river,Shitalakhya,Murapara (Rupgonj),EC,101.5,False,91
2021,8,river,Shitalakhya,Murapara (Rupgonj),EC,452.0,False,91
2021,9,river,Shitalakhya,Murapara (Rupgonj),EC,142.6,False,91
2021,12,river,Shitalakhya,Murapara (Rupgonj),EC,510.0,False,91
2021,1,river,Shitalakhya,Murapara (Rupgonj),SS,59.0,False,91
2021,2,river,Shitalakhya,Murapara (Rupgonj),SS,94.0,False,91
2021,4,river,Shitalakhya,Murapara (Rupgonj),SS,5.0,False,91
2021,5,river,Shitalakhya,Murapara (Rupgonj),SS,9.0,False,91
2021,6,river,Shitalakhya,Murapara (Rupgonj),SS,12.0,False,91
2021,7,river,Shitalakhya,Murapara (Rupgonj),SS,143.0,False,91
2021,8,river,Shitalakhya,Murapara (Rupgonj),SS,28.0,False,91
2021,9,river,Shitalakhya,Murapara (Rupgonj),SS,138.0,False,91
2021,12,river,Shitalakhya,Murapara (Rupgonj),SS,36.0,False,91
2021,1,river,Shitalakhya,Murapara (Rupgonj),TDS,235.0,False,91
2021,2,river,Shitalakhya,Murapara (Rupgonj),TDS,274.0,False,91
2021,4,river,Shitalakhya,Murapara (Rupgonj),TDS,299.0,False,91
2021,5,river,Shitalakhya,Murapara (Rupgonj),TDS,259.0,False,91
2021,6,river,Shitalakhya,Murapara (Rupgonj),TDS,167.4,False,91
2021,7,river,Shitalakhya,Murapara (Rupgonj),TDS,54.9,False,91
2021,8,river,Shitalakhya,Murapara (Rupgonj),TDS,246.0,False,91
2021,9,river,Shitalakhya,Murapara (Rupgonj),TDS,75.9,False,91
2021,12,river,Shitalakhya,Murapara (Rupgonj),TDS,222.0,False,91
2021,1,river,Shitalakhya,Murapara (Rupgonj),TotalAlkalinity,164.0,False,91
2021,2,river,Shitalakhya,Murapara (Rupgonj),TotalAlkalinity,166.0,False,91
2021,4,river,Shitalakhya,Murapara (Rupgonj),TotalAlkalinity,192.0,False,91
2021,5,river,Shitalakhya,Murapara (Rupgonj),TotalAlkalinity,252.0,False,91
2021,6,river,Shitalakhya,Murapara (Rupgonj),TotalAlkalinity,19.0,False,91
2021,7,river,Shitalakhya,Murapara (Rupgonj),TotalAlkalinity,49.0,False,91
2021,8,river,Shitalakhya,Murapara (Rupgonj),TotalAlkalinity,54.0,False,91
2021,9,river,Shitalakhya,Murapara (Rupgonj),TotalAlkalinity,50.0,False,91
2021,12,river,Shitalakhya,Murapara (Rupgonj),TotalAlkalinity,82.0,False,91
2021,1,river,Shitalakhya,Murapara (Rupgonj),pH,7.26,False,90
2021,2,river,Shitalakhya,Murapara (Rupgonj),pH,7.44,False,90
2021,4,river,Shitalakhya,Murapara (Rupgonj),pH,7.38,False,90
2021,5,river,Shitalakhya,Murapara (Rupgonj),pH,7.13,False,90
2021,6,river,Shitalakhya,Murapara (Rupgonj),pH,7.07,False,90
2021,7,river,Shitalakhya,Murapara (Rupgonj),pH,6.91,False,90
2021,8,river,Shitalakhya,Murapara (Rupgonj),pH,7.54,False,90
2021,9,river,Shitalakhya,Murapara (Rupgonj),pH,6.58,False,90
2021,12,river,Shitalakhya,Murapara (Rupgonj),pH,7.56,False,90
2021,2,river,Shitalakhya,Port Road,BOD,49.2,False,90
2021,5,river,Shitalakhya,Port Road,BOD,12.0,False,90
2021,6,river,Shitalakhya,Port Road,BOD,14.0,False,90
2021,7,river,Shitalakhya,Port Road,BOD,14.0,False,90
2021,8,river,Shitalakhya,Port Road,BOD,12.0,False,90
2021,9,river,Shitalakhya,Port Road,BOD,10.0,False,90
2021,12,river,Shitalakhya,Port Road,BOD,10.0,False,90
2021,2,river,Shitalakhya,Port Road,COD,166.0,False,90
2021,5,river,Shitalakhya,Port Road,COD,70.0,False,90
2021,6,river,Shitalakhya,Port Road,COD,42.0,False,90
2021,7,river,Shitalakhya,Port Road,COD,38.0,False,90
2021,8,river,Shitalakhya,Port Road,COD,32.0,False,90
2021,9,river,Shitalakhya,Port Road,COD,30.0,False,90
2021,12,river,Shitalakhya,Port Road,COD,32.0,False,90
2021,2,river,Shitalakhya,Port Road,Chloride,70.0,False,91
2021,5,river,Shitalakhya,Port Road,Chloride,42.0,False,91
2021,6,river,Shitalakhya,Port Road,Chloride,30.5,False,91
2021,7,river,Shitalakhya,Port Road,Chloride,35.0,False,91
2021,8,river,Shitalakhya,Port Road,Chloride,19.0,False,91
2021,9,river,Shitalakhya,Port Road,Chloride,19.0,False,91
2021,12,river,Shitalakhya,Port Road,Chloride,24.0,False,91
2021,2,river,Shitalakhya,Port Road,DO,0.0,False,90
2021,5,river,Shitalakhya,Port Road,DO,1.2,False,90
2021,6,river,Shitalakhya,Port Road,DO,3.0,False,90
2021,7,river,Shitalakhya,Port Road,DO,4.51,False,90
2021,8,river,Shitalakhya,Port Road,DO,2.8,False,90
2021,9,river,Shitalakhya,Port Road,DO,4.5,False,90
2021,12,river,Shitalakhya,Port Road,DO,3.4,False,90
2021,2,river,Shitalakhya,Port Road,EC,634.0,False,91
2021,5,river,Shitalakhya,Port Road,EC,598.0,False,91
2021,6,river,Shitalakhya,Port Road,EC,364.0,False,91
2021,7,river,Shitalakhya,Port Road,EC,264.0,False,91
2021,8,river,Shitalakhya,Port Road,EC,154.0,False,91
2021,9,river,Shitalakhya,Port Road,EC,422.0,False,91
2021,12,river,Shitalakhya,Port Road,EC,550.0,False,91
2021,2,river,Shitalakhya,Port Road,SS,65.0,False,91
2021,5,river,Shitalakhya,Port Road,SS,10.0,False,91
2021,6,river,Shitalakhya,Port Road,SS,28.0,False,91
2021,7,river,Shitalakhya,Port Road,SS,26.0,False,91
2021,8,river,Shitalakhya,Port Road,SS,37.0,False,91
2021,9,river,Shitalakhya,Port Road,SS,16.0,False,91
2021,12,river,Shitalakhya,Port Road,SS,38.0,False,91
2021,2,river,Shitalakhya,Port Road,TDS,354.0,False,91
2021,5,river,Shitalakhya,Port Road,TDS,285.0,False,91
2021,6,river,Shitalakhya,Port Road,TDS,186.0,False,91
2021,7,river,Shitalakhya,Port Road,TDS,134.0,False,91
2021,8,river,Shitalakhya,Port Road,TDS,83.0,False,91
2021,9,river,Shitalakhya,Port Road,TDS,158.0,False,91
2021,12,river,Shitalakhya,Port Road,TDS,296.0,False,91
2021,2,river,Shitalakhya,Port Road,TotalAlkalinity,262.0,False,91
2021,5,river,Shitalakhya,Port Road,TotalAlkalinity,251.0,False,91
2021,6,river,Shitalakhya,Port Road,TotalAlkalinity,149.0,False,91
2021,7,river,Shitalakhya,Port Road,TotalAlkalinity,88.0,False,91
2021,8,river,Shitalakhya,Port Road,TotalAlkalinity,74.0,False,91
2021,9,river,Shitalakhya,Port Road,TotalAlkalinity,84.0,False,91
2021,12,river,Shitalakhya,Port Road,TotalAlkalinity,102.0,False,91
2021,2,river,Shitalakhya,Port Road,pH,6.97,False,90
2021,5,river,Shitalakhya,Port Road,pH,7.35,False,90
2021,6,river,Shitalakhya,Port Road,pH,7.29,False,90
2021,7,river,Shitalakhya,Port Road,pH,7.19,False,90
2021,8,river,Shitalakhya,Port Road,pH,7.31,False,90
2021,9,river,Shitalakhya,Port Road,pH,6.98,False,90
2021,12,river,Shitalakhya,Port Road,pH,7.31,False,90
2021,1,river,Surma,Chhatak,BOD,3.8,False,119
2021,2,river,Surma,Chhatak,BOD,2.4,False,119
2021,3,river,Surma,Chhatak,BOD,2.7,False,119
2021,4,river,Surma,Chhatak,BOD,2.8,False,119
2021,5,river,Surma,Chhatak,BOD,2.6,False,119
2021,6,river,Surma,Chhatak,BOD,2.8,False,119
2021,7,river,Surma,Chhatak,BOD,2.7,False,119
2021,8,river,Surma,Chhatak,BOD,2.9,False,119
2021,9,river,Surma,Chhatak,BOD,2.4,False,119
2021,10,river,Surma,Chhatak,BOD,2.6,False,119
2021,11,river,Surma,Chhatak,BOD,2.5,False,119
2021,12,river,Surma,Chhatak,BOD,2.3,False,119
2021,1,river,Surma,Chhatak,COD,16.0,False,119
2021,2,river,Surma,Chhatak,COD,16.0,False,119
2021,3,river,Surma,Chhatak,COD,16.0,False,119
2021,4,river,Surma,Chhatak,COD,22.0,False,119
2021,5,river,Surma,Chhatak,COD,21.0,False,119
2021,6,river,Surma,Chhatak,COD,22.0,False,119
2021,7,river,Surma,Chhatak,COD,21.0,False,119
2021,8,river,Surma,Chhatak,COD,24.0,False,119
2021,9,river,Surma,Chhatak,COD,15.0,False,119
2021,10,river,Surma,Chhatak,COD,15.0,False,119
2021,11,river,Surma,Chhatak,COD,14.0,False,119
2021,12,river,Surma,Chhatak,COD,14.0,False,119
2021,1,river,Surma,Chhatak,DO,6.81,False,119
2021,2,river,Surma,Chhatak,DO,4.97,False,119
2021,3,river,Surma,Chhatak,DO,7.12,False,119
2021,4,river,Surma,Chhatak,DO,7.09,False,119
2021,5,river,Surma,Chhatak,DO,7.19,False,119
2021,6,river,Surma,Chhatak,DO,7.27,False,119
2021,7,river,Surma,Chhatak,DO,7.26,False,119
2021,8,river,Surma,Chhatak,DO,7.25,False,119
2021,9,river,Surma,Chhatak,DO,7.28,False,119
2021,10,river,Surma,Chhatak,DO,7.26,False,119
2021,11,river,Surma,Chhatak,DO,7.23,False,119
2021,12,river,Surma,Chhatak,DO,7.19,False,119
2021,1,river,Surma,Chhatak,EC,132.0,False,120
2021,2,river,Surma,Chhatak,EC,117.2,False,120
2021,3,river,Surma,Chhatak,EC,128.4,False,120
2021,4,river,Surma,Chhatak,EC,128.6,False,120
2021,5,river,Surma,Chhatak,EC,127.6,False,120
2021,6,river,Surma,Chhatak,EC,133.4,False,120
2021,7,river,Surma,Chhatak,EC,133.4,False,120
2021,8,river,Surma,Chhatak,EC,132.8,False,120
2021,9,river,Surma,Chhatak,EC,132.2,False,120
2021,10,river,Surma,Chhatak,EC,133.2,False,120
2021,11,river,Surma,Chhatak,EC,133.2,False,120
2021,12,river,Surma,Chhatak,EC,134.3,False,120
2021,1,river,Surma,Chhatak,TDS,65.0,False,120
2021,2,river,Surma,Chhatak,TDS,51.6,False,120
2021,3,river,Surma,Chhatak,TDS,53.6,False,120
2021,4,river,Surma,Chhatak,TDS,52.9,False,120
2021,5,river,Surma,Chhatak,TDS,53.0,False,120
2021,6,river,Surma,Chhatak,TDS,54.0,False,120
2021,7,river,Surma,Chhatak,TDS,53.0,False,120
2021,8,river,Surma,Chhatak,TDS,58.0,False,120
2021,9,river,Surma,Chhatak,TDS,56.0,False,120
2021,10,river,Surma,Chhatak,TDS,54.0,False,120
2021,11,river,Surma,Chhatak,TDS,53.0,False,120
2021,12,river,Surma,Chhatak,TDS,52.0,False,120
2021,1,river,Surma,Chhatak,pH,7.2,False,119
2021,2,river,Surma,Chhatak,pH,6.51,False,119
2021,3,river,Surma,Chhatak,pH,6.72,False,119
2021,4,river,Surma,Chhatak,pH,6.69,False,119
2021,5,river,Surma,Chhatak,pH,6.71,False,119
2021,6,river,Surma,Chhatak,pH,6.78,False,119
2021,7,river,Surma,Chhatak,pH,6.72,False,119
2021,8,river,Surma,Chhatak,pH,6.76,False,119
2021,9,river,Surma,Chhatak,pH,6.79,False,119
2021,10,river,Surma,Chhatak,pH,7.76,False,119
2021,11,river,Surma,Chhatak,pH,6.79,False,119
2021,12,river,Surma,Chhatak,pH,6.76,False,119
2021,1,river,Surma,Kin Bridge Point,BOD,1.7,False,119
2021,1,river,Surma,Kin Bridge Point,COD,12.0,False,119
2021,1,river,Surma,Kin Bridge Point,DO,7.0,False,119
2021,1,river,Surma,Kin Bridge Point,EC,122.6,False,120
2021,1,river,Surma,Kin Bridge Point,TDS,47.0,False,120
2021,1,river,Surma,Kin Bridge Point,pH,6.61,False,119
2021,1,river,Surma,Mendibag Point,BOD,1.9,False,119
2021,2,river,Surma,Mendibag Point,BOD,2.3,False,119
2021,3,river,Surma,Mendibag Point,BOD,2.8,False,119
2021,4,river,Surma,Mendibag Point,BOD,2.6,False,119
2021,5,river,Surma,Mendibag Point,BOD,2.7,False,119
2021,6,river,Surma,Mendibag Point,BOD,3.3,False,119
2021,7,river,Surma,Mendibag Point,BOD,3.2,False,119
2021,8,river,Surma,Mendibag Point,BOD,3.3,False,119
2021,9,river,Surma,Mendibag Point,BOD,2.2,False,119
2021,10,river,Surma,Mendibag Point,BOD,2.4,False,119
2021,11,river,Surma,Mendibag Point,BOD,2.3,False,119
2021,12,river,Surma,Mendibag Point,BOD,2.9,False,119
2021,1,river,Surma,Mendibag Point,COD,14.0,False,119
2021,2,river,Surma,Mendibag Point,COD,18.0,False,119
2021,3,river,Surma,Mendibag Point,COD,15.0,False,119
2021,4,river,Surma,Mendibag Point,COD,17.0,False,119
2021,5,river,Surma,Mendibag Point,COD,16.0,False,119
2021,6,river,Surma,Mendibag Point,COD,17.0,False,119
2021,7,river,Surma,Mendibag Point,COD,19.0,False,119
2021,8,river,Surma,Mendibag Point,COD,23.0,False,119
2021,9,river,Surma,Mendibag Point,COD,13.0,False,119
2021,10,river,Surma,Mendibag Point,COD,14.0,False,119
2021,11,river,Surma,Mendibag Point,COD,13.0,False,119
2021,12,river,Surma,Mendibag Point,COD,16.0,False,119
2021,1,river,Surma,Mendibag Point,DO,6.9,False,119
2021,2,river,Surma,Mendibag Point,DO,6.8,False,119
2021,3,river,Surma,Mendibag Point,DO,6.9,False,119
2021,4,river,Surma,Mendibag Point,DO,6.8,False,119
2021,5,river,Surma,Mendibag Point,DO,6.81,False,119
2021,6,river,Surma,Mendibag Point,DO,6.88,False,119
2021,7,river,Surma,Mendibag Point,DO,6.81,False,119
2021,8,river,Surma,Mendibag Point,DO,6.83,False,119
2021,9,river,Surma,Mendibag Point,DO,6.81,False,119
2021,10,river,Surma,Mendibag Point,DO,6.89,False,119
2021,11,river,Surma,Mendibag Point,DO,6.88,False,119
2021,12,river,Surma,Mendibag Point,DO,8.55,False,119
2021,1,river,Surma,Mendibag Point,EC,120.1,False,120
2021,2,river,Surma,Mendibag Point,EC,122.3,False,120
2021,3,river,Surma,Mendibag Point,EC,126.9,False,120
2021,4,river,Surma,Mendibag Point,EC,128.9,False,120
2021,5,river,Surma,Mendibag Point,EC,126.9,False,120
2021,6,river,Surma,Mendibag Point,EC,127.8,False,120
2021,7,river,Surma,Mendibag Point,EC,127.8,False,120
2021,8,river,Surma,Mendibag Point,EC,127.2,False,120
2021,9,river,Surma,Mendibag Point,EC,126.4,False,120
2021,10,river,Surma,Mendibag Point,EC,128.1,False,120
2021,11,river,Surma,Mendibag Point,EC,128.0,False,120
2021,12,river,Surma,Mendibag Point,EC,127.7,False,120
2021,1,river,Surma,Mendibag Point,TDS,44.0,False,120
2021,2,river,Surma,Mendibag Point,TDS,48.0,False,120
2021,3,river,Surma,Mendibag Point,TDS,48.6,False,120
2021,4,river,Surma,Mendibag Point,TDS,49.7,False,120
2021,5,river,Surma,Mendibag Point,TDS,49.8,False,120
2021,6,river,Surma,Mendibag Point,TDS,49.0,False,120
2021,7,river,Surma,Mendibag Point,TDS,47.0,False,120
2021,8,river,Surma,Mendibag Point,TDS,49.0,False,120
2021,9,river,Surma,Mendibag Point,TDS,51.0,False,120
2021,10,river,Surma,Mendibag Point,TDS,52.0,False,120
2021,11,river,Surma,Mendibag Point,TDS,50.0,False,120
2021,12,river,Surma,Mendibag Point,TDS,68.4,False,120
2021,1,river,Surma,Mendibag Point,pH,6.56,False,119
2021,2,river,Surma,Mendibag Point,pH,6.57,False,119
2021,3,river,Surma,Mendibag Point,pH,6.62,False,119
2021,4,river,Surma,Mendibag Point,pH,6.61,False,119
2021,5,river,Surma,Mendibag Point,pH,6.62,False,119
2021,6,river,Surma,Mendibag Point,pH,6.69,False,119
2021,7,river,Surma,Mendibag Point,pH,6.68,False,119
2021,8,river,Surma,Mendibag Point,pH,6.69,False,119
2021,9,river,Surma,Mendibag Point,pH,6.68,False,119
2021,10,river,Surma,Mendibag Point,pH,6.79,False,119
2021,11,river,Surma,Mendibag Point,pH,6.76,False,119
2021,12,river,Surma,Mendibag Point,pH,6.88,False,119
2021,1,river,Surma,Sheaik Ghat,BOD,2.1,False,119
2021,2,river,Surma,Sheaik Ghat,BOD,2.5,False,119
2021,3,river,Surma,Sheaik Ghat,BOD,2.9,False,119
2021,4,river,Surma,Sheaik Ghat,BOD,2.7,False,119
2021,5,river,Surma,Sheaik Ghat,BOD,2.9,False,119
2021,6,river,Surma,Sheaik Ghat,BOD,3.2,False,119
2021,7,river,Surma,Sheaik Ghat,BOD,3.1,False,119
2021,8,river,Surma,Sheaik Ghat,BOD,3.2,False,119
2021,9,river,Surma,Sheaik Ghat,BOD,2.7,False,119
2021,10,river,Surma,Sheaik Ghat,BOD,2.8,False,119
2021,11,river,Surma,Sheaik Ghat,BOD,2.7,False,119
2021,12,river,Surma,Sheaik Ghat,BOD,2.8,False,119
2021,1,river,Surma,Sheaik Ghat,COD,13.0,False,119
2021,2,river,Surma,Sheaik Ghat,COD,21.0,False,119
2021,3,river,Surma,Sheaik Ghat,COD,19.0,False,119
2021,4,river,Surma,Sheaik Ghat,COD,19.0,False,119
2021,5,river,Surma,Sheaik Ghat,COD,20.0,False,119
2021,6,river,Surma,Sheaik Ghat,COD,19.0,False,119
2021,7,river,Surma,Sheaik Ghat,COD,23.0,False,119
2021,8,river,Surma,Sheaik Ghat,COD,22.0,False,119
2021,9,river,Surma,Sheaik Ghat,COD,18.0,False,119
2021,10,river,Surma,Sheaik Ghat,COD,16.0,False,119
2021,11,river,Surma,Sheaik Ghat,COD,15.0,False,119
2021,12,river,Surma,Sheaik Ghat,COD,18.0,False,119
2021,1,river,Surma,Sheaik Ghat,DO,7.1,False,119
2021,2,river,Surma,Sheaik Ghat,DO,6.9,False,119
2021,3,river,Surma,Sheaik Ghat,DO,7.1,False,119
2021,4,river,Surma,Sheaik Ghat,DO,7.2,False,119
2021,5,river,Surma,Sheaik Ghat,DO,7.09,False,119
2021,6,river,Surma,Sheaik Ghat,DO,7.19,False,119
2021,7,river,Surma,Sheaik Ghat,DO,7.18,False,119
2021,8,river,Surma,Sheaik Ghat,DO,7.17,False,119
2021,9,river,Surma,Sheaik Ghat,DO,7.13,False,119
2021,10,river,Surma,Sheaik Ghat,DO,7.21,False,119
2021,11,river,Surma,Sheaik Ghat,DO,7.2,False,119
2021,12,river,Surma,Sheaik Ghat,DO,8.23,False,119
2021,1,river,Surma,Sheaik Ghat,EC,127.3,False,120
2021,2,river,Surma,Sheaik Ghat,EC,126.2,False,120
2021,3,river,Surma,Sheaik Ghat,EC,128.2,False,120
2021,4,river,Surma,Sheaik Ghat,EC,129.2,False,120
2021,5,river,Surma,Sheaik Ghat,EC,128.2,False,120
2021,6,river,Surma,Sheaik Ghat,EC,131.6,False,120
2021,7,river,Surma,Sheaik Ghat,EC,131.6,False,120
2021,8,river,Surma,Sheaik Ghat,EC,129.6,False,120
2021,9,river,Surma,Sheaik Ghat,EC,129.3,False,120
2021,10,river,Surma,Sheaik Ghat,EC,131.9,False,120
2021,11,river,Surma,Sheaik Ghat,EC,131.7,False,120
2021,12,river,Surma,Sheaik Ghat,EC,132.9,False,120
2021,1,river,Surma,Sheaik Ghat,TDS,49.0,False,120
2021,2,river,Surma,Sheaik Ghat,TDS,53.0,False,120
2021,3,river,Surma,Sheaik Ghat,TDS,51.9,False,120
2021,4,river,Surma,Sheaik Ghat,TDS,51.8,False,120
2021,5,river,Surma,Sheaik Ghat,TDS,51.9,False,120
2021,6,river,Surma,Sheaik Ghat,TDS,52.0,False,120
2021,7,river,Surma,Sheaik Ghat,TDS,51.0,False,120
2021,8,river,Surma,Sheaik Ghat,TDS,54.0,False,120
2021,9,river,Surma,Sheaik Ghat,TDS,54.0,False,120
2021,10,river,Surma,Sheaik Ghat,TDS,56.0,False,120
2021,11,river,Surma,Sheaik Ghat,TDS,54.0,False,120
2021,12,river,Surma,Sheaik Ghat,TDS,69.2,False,120
2021,1,river,Surma,Sheaik Ghat,pH,6.7,False,119
2021,2,river,Surma,Sheaik Ghat,pH,6.62,False,119
2021,3,river,Surma,Sheaik Ghat,pH,6.68,False,119
2021,4,river,Surma,Sheaik Ghat,pH,6.67,False,119
2021,5,river,Surma,Sheaik Ghat,pH,6.69,False,119
2021,6,river,Surma,Sheaik Ghat,pH,6.75,False,119
2021,7,river,Surma,Sheaik Ghat,pH,6.77,False,119
2021,8,river,Surma,Sheaik Ghat,pH,6.75,False,119
2021,9,river,Surma,Sheaik Ghat,pH,6.72,False,119
2021,10,river,Surma,Sheaik Ghat,pH,6.71,False,119
2021,11,river,Surma,Sheaik Ghat,pH,6.72,False,119
2021,12,river,Surma,Sheaik Ghat,pH,6.92,False,119
2021,1,river,Teesta,Nohali Sapmari (Dn),BOD,2.3,False,103
2021,2,river,Teesta,Nohali Sapmari (Dn),BOD,2.3,False,103
2021,3,river,Teesta,Nohali Sapmari (Dn),BOD,2.2,False,103
2021,4,river,Teesta,Nohali Sapmari (Dn),BOD,2.2,False,103
2021,5,river,Teesta,Nohali Sapmari (Dn),BOD,2.2,False,103
2021,6,river,Teesta,Nohali Sapmari (Dn),BOD,2.2,False,103
2021,8,river,Teesta,Nohali Sapmari (Dn),BOD,2.2,False,103
2021,9,river,Teesta,Nohali Sapmari (Dn),BOD,2.2,False,103
2021,10,river,Teesta,Nohali Sapmari (Dn),BOD,2.2,False,103
2021,11,river,Teesta,Nohali Sapmari (Dn),BOD,2.2,False,103
2021,12,river,Teesta,Nohali Sapmari (Dn),BOD,2.2,False,103
2021,1,river,Teesta,Nohali Sapmari (Dn),Chloride,10.0,False,104
2021,2,river,Teesta,Nohali Sapmari (Dn),Chloride,10.0,False,104
2021,3,river,Teesta,Nohali Sapmari (Dn),Chloride,10.0,False,104
2021,4,river,Teesta,Nohali Sapmari (Dn),Chloride,10.0,False,104
2021,5,river,Teesta,Nohali Sapmari (Dn),Chloride,10.0,False,104
2021,6,river,Teesta,Nohali Sapmari (Dn),Chloride,10.0,False,104
2021,8,river,Teesta,Nohali Sapmari (Dn),Chloride,10.0,False,104
2021,9,river,Teesta,Nohali Sapmari (Dn),Chloride,10.0,False,104
2021,10,river,Teesta,Nohali Sapmari (Dn),Chloride,10.0,False,104
2021,11,river,Teesta,Nohali Sapmari (Dn),Chloride,10.0,False,104
2021,12,river,Teesta,Nohali Sapmari (Dn),Chloride,10.0,False,104
2021,1,river,Teesta,Nohali Sapmari (Dn),DO,8.07,False,103
2021,2,river,Teesta,Nohali Sapmari (Dn),DO,8.03,False,103
2021,3,river,Teesta,Nohali Sapmari (Dn),DO,7.7,False,103
2021,4,river,Teesta,Nohali Sapmari (Dn),DO,7.72,False,103
2021,5,river,Teesta,Nohali Sapmari (Dn),DO,7.76,False,103
2021,6,river,Teesta,Nohali Sapmari (Dn),DO,7.68,False,103
2021,8,river,Teesta,Nohali Sapmari (Dn),DO,7.64,False,103
2021,9,river,Teesta,Nohali Sapmari (Dn),DO,7.68,False,103
2021,10,river,Teesta,Nohali Sapmari (Dn),DO,7.66,False,103
2021,11,river,Teesta,Nohali Sapmari (Dn),DO,7.66,False,103
2021,12,river,Teesta,Nohali Sapmari (Dn),DO,7.68,False,103
2021,1,river,Teesta,Nohali Sapmari (Dn),SS,40.0,False,104
2021,2,river,Teesta,Nohali Sapmari (Dn),SS,44.0,False,104
2021,3,river,Teesta,Nohali Sapmari (Dn),SS,32.0,False,104
2021,4,river,Teesta,Nohali Sapmari (Dn),SS,34.0,False,104
2021,5,river,Teesta,Nohali Sapmari (Dn),SS,36.0,False,104
2021,6,river,Teesta,Nohali Sapmari (Dn),SS,38.0,False,104
2021,8,river,Teesta,Nohali Sapmari (Dn),SS,38.0,False,104
2021,9,river,Teesta,Nohali Sapmari (Dn),SS,38.0,False,104
2021,10,river,Teesta,Nohali Sapmari (Dn),SS,44.0,False,104
2021,11,river,Teesta,Nohali Sapmari (Dn),SS,38.0,False,104
2021,12,river,Teesta,Nohali Sapmari (Dn),SS,37.0,False,104
2021,1,river,Teesta,Nohali Sapmari (Dn),TDS,128.0,False,103
2021,2,river,Teesta,Nohali Sapmari (Dn),TDS,131.0,False,103
2021,3,river,Teesta,Nohali Sapmari (Dn),TDS,118.0,False,103
2021,4,river,Teesta,Nohali Sapmari (Dn),TDS,118.0,False,103
2021,5,river,Teesta,Nohali Sapmari (Dn),TDS,121.0,False,103
2021,6,river,Teesta,Nohali Sapmari (Dn),TDS,123.0,False,103
2021,8,river,Teesta,Nohali Sapmari (Dn),TDS,124.0,False,103
2021,9,river,Teesta,Nohali Sapmari (Dn),TDS,123.0,False,103
2021,10,river,Teesta,Nohali Sapmari (Dn),TDS,125.0,False,103
2021,11,river,Teesta,Nohali Sapmari (Dn),TDS,129.0,False,103
2021,12,river,Teesta,Nohali Sapmari (Dn),TDS,123.0,False,103
2021,1,river,Teesta,Nohali Sapmari (Dn),pH,8.12,False,103
2021,2,river,Teesta,Nohali Sapmari (Dn),pH,8.1,False,103
2021,3,river,Teesta,Nohali Sapmari (Dn),pH,7.66,False,103
2021,4,river,Teesta,Nohali Sapmari (Dn),pH,7.64,False,103
2021,5,river,Teesta,Nohali Sapmari (Dn),pH,7.64,False,103
2021,6,river,Teesta,Nohali Sapmari (Dn),pH,7.6,False,103
2021,8,river,Teesta,Nohali Sapmari (Dn),pH,7.72,False,103
2021,9,river,Teesta,Nohali Sapmari (Dn),pH,7.56,False,103
2021,10,river,Teesta,Nohali Sapmari (Dn),pH,7.68,False,103
2021,11,river,Teesta,Nohali Sapmari (Dn),pH,7.62,False,103
2021,12,river,Teesta,Nohali Sapmari (Dn),pH,7.62,False,103
2021,1,river,Teesta,Nohali Sapmari (Up),BOD,2.3,False,103
2021,2,river,Teesta,Nohali Sapmari (Up),BOD,2.3,False,103
2021,3,river,Teesta,Nohali Sapmari (Up),BOD,2.2,False,103
2021,4,river,Teesta,Nohali Sapmari (Up),BOD,2.2,False,103
2021,5,river,Teesta,Nohali Sapmari (Up),BOD,2.2,False,103
2021,6,river,Teesta,Nohali Sapmari (Up),BOD,2.2,False,103
2021,8,river,Teesta,Nohali Sapmari (Up),BOD,2.2,False,103
2021,9,river,Teesta,Nohali Sapmari (Up),BOD,2.2,False,103
2021,10,river,Teesta,Nohali Sapmari (Up),BOD,2.2,False,103
2021,11,river,Teesta,Nohali Sapmari (Up),BOD,2.2,False,103
2021,12,river,Teesta,Nohali Sapmari (Up),BOD,2.2,False,103
2021,1,river,Teesta,Nohali Sapmari (Up),Chloride,10.0,False,104
2021,2,river,Teesta,Nohali Sapmari (Up),Chloride,10.0,False,104
2021,3,river,Teesta,Nohali Sapmari (Up),Chloride,10.0,False,104
2021,4,river,Teesta,Nohali Sapmari (Up),Chloride,10.0,False,104
2021,5,river,Teesta,Nohali Sapmari (Up),Chloride,10.0,False,104
2021,6,river,Teesta,Nohali Sapmari (Up),Chloride,10.0,False,104
2021,8,river,Teesta,Nohali Sapmari (Up),Chloride,10.0,False,104
2021,9,river,Teesta,Nohali Sapmari (Up),Chloride,10.0,False,104
2021,10,river,Teesta,Nohali Sapmari (Up),Chloride,10.0,False,104
2021,11,river,Teesta,Nohali Sapmari (Up),Chloride,10.0,False,104
2021,12,river,Teesta,Nohali Sapmari (Up),Chloride,10.0,False,104
2021,1,river,Teesta,Nohali Sapmari (Up),DO,8.07,False,103
2021,2,river,Teesta,Nohali Sapmari (Up),DO,8.03,False,103
2021,3,river,Teesta,Nohali Sapmari (Up),DO,7.7,False,103
2021,4,river,Teesta,Nohali Sapmari (Up),DO,7.72,False,103
2021,5,river,Teesta,Nohali Sapmari (Up),DO,7.76,False,103
2021,6,river,Teesta,Nohali Sapmari (Up),DO,7.68,False,103
2021,8,river,Teesta,Nohali Sapmari (Up),DO,7.64,False,103
2021,9,river,Teesta,Nohali Sapmari (Up),DO,7.68,False,103
2021,10,river,Teesta,Nohali Sapmari (Up),DO,7.66,False,103
2021,11,river,Teesta,Nohali Sapmari (Up),DO,7.66,False,103
2021,12,river,Teesta,Nohali Sapmari (Up),DO,7.68,False,103
2021,1,river,Teesta,Nohali Sapmari (Up),SS,40.0,False,104
2021,2,river,Teesta,Nohali Sapmari (Up),SS,44.0,False,104
2021,3,river,Teesta,Nohali Sapmari (Up),SS,32.0,False,104
2021,4,river,Teesta,Nohali Sapmari (Up),SS,34.0,False,104
2021,5,river,Teesta,Nohali Sapmari (Up),SS,36.0,False,104
2021,6,river,Teesta,Nohali Sapmari (Up),SS,38.0,False,104
2021,8,river,Teesta,Nohali Sapmari (Up),SS,38.0,False,104
2021,9,river,Teesta,Nohali Sapmari (Up),SS,38.0,False,104
2021,10,river,Teesta,Nohali Sapmari (Up),SS,44.0,False,104
2021,11,river,Teesta,Nohali Sapmari (Up),SS,38.0,False,104
2021,12,river,Teesta,Nohali Sapmari (Up),SS,37.0,False,104
2021,1,river,Teesta,Nohali Sapmari (Up),TDS,128.0,False,103
2021,2,river,Teesta,Nohali Sapmari (Up),TDS,131.0,False,103
2021,3,river,Teesta,Nohali Sapmari (Up),TDS,118.0,False,103
2021,4,river,Teesta,Nohali Sapmari (Up),TDS,118.0,False,103
2021,5,river,Teesta,Nohali Sapmari (Up),TDS,121.0,False,103
2021,6,river,Teesta,Nohali Sapmari (Up),TDS,123.0,False,103
2021,8,river,Teesta,Nohali Sapmari (Up),TDS,124.0,False,103
2021,9,river,Teesta,Nohali Sapmari (Up),TDS,123.0,False,103
2021,10,river,Teesta,Nohali Sapmari (Up),TDS,125.0,False,103
2021,11,river,Teesta,Nohali Sapmari (Up),TDS,129.0,False,103
2021,12,river,Teesta,Nohali Sapmari (Up),TDS,123.0,False,103
2021,1,river,Teesta,Nohali Sapmari (Up),pH,8.12,False,103
2021,2,river,Teesta,Nohali Sapmari (Up),pH,8.1,False,103
2021,3,river,Teesta,Nohali Sapmari (Up),pH,7.66,False,103
2021,4,river,Teesta,Nohali Sapmari (Up),pH,7.64,False,103
2021,5,river,Teesta,Nohali Sapmari (Up),pH,7.64,False,103
2021,6,river,Teesta,Nohali Sapmari (Up),pH,7.6,False,103
2021,8,river,Teesta,Nohali Sapmari (Up),pH,7.72,False,103
2021,9,river,Teesta,Nohali Sapmari (Up),pH,7.56,False,103
2021,10,river,Teesta,Nohali Sapmari (Up),pH,7.68,False,103
2021,11,river,Teesta,Nohali Sapmari (Up),pH,7.62,False,103
2021,12,river,Teesta,Nohali Sapmari (Up),pH,7.62,False,103
2021,1,river,Teesta,Teesta Barrage (Dn),BOD,2.3,False,103
2021,2,river,Teesta,Teesta Barrage (Dn),BOD,2.3,False,103
2021,3,river,Teesta,Teesta Barrage (Dn),BOD,2.2,False,103
2021,4,river,Teesta,Teesta Barrage (Dn),BOD,2.2,False,103
2021,5,river,Teesta,Teesta Barrage (Dn),BOD,2.2,False,103
2021,6,river,Teesta,Teesta Barrage (Dn),BOD,2.3,False,103
2021,8,river,Teesta,Teesta Barrage (Dn),BOD,2.3,False,103
2021,9,river,Teesta,Teesta Barrage (Dn),BOD,2.3,False,103
2021,10,river,Teesta,Teesta Barrage (Dn),BOD,2.3,False,103
2021,11,river,Teesta,Teesta Barrage (Dn),BOD,2.3,False,103
2021,12,river,Teesta,Teesta Barrage (Dn),BOD,2.3,False,103
2021,1,river,Teesta,Teesta Barrage (Dn),Chloride,10.0,False,104
2021,2,river,Teesta,Teesta Barrage (Dn),Chloride,10.0,False,104
2021,3,river,Teesta,Teesta Barrage (Dn),Chloride,10.0,False,104
2021,4,river,Teesta,Teesta Barrage (Dn),Chloride,10.0,False,104
2021,5,river,Teesta,Teesta Barrage (Dn),Chloride,10.0,False,104
2021,6,river,Teesta,Teesta Barrage (Dn),Chloride,10.0,False,104
2021,8,river,Teesta,Teesta Barrage (Dn),Chloride,10.0,False,104
2021,9,river,Teesta,Teesta Barrage (Dn),Chloride,10.0,False,104
2021,10,river,Teesta,Teesta Barrage (Dn),Chloride,10.0,False,104
2021,11,river,Teesta,Teesta Barrage (Dn),Chloride,10.0,False,104
2021,12,river,Teesta,Teesta Barrage (Dn),Chloride,10.0,False,104
2021,1,river,Teesta,Teesta Barrage (Dn),DO,8.14,False,103
2021,2,river,Teesta,Teesta Barrage (Dn),DO,8.14,False,103
2021,3,river,Teesta,Teesta Barrage (Dn),DO,7.68,False,103
2021,4,river,Teesta,Teesta Barrage (Dn),DO,7.66,False,103
2021,5,river,Teesta,Teesta Barrage (Dn),DO,7.98,False,103
2021,6,river,Teesta,Teesta Barrage (Dn),DO,7.9,False,103
2021,8,river,Teesta,Teesta Barrage (Dn),DO,7.7,False,103
2021,9,river,Teesta,Teesta Barrage (Dn),DO,7.88,False,103
2021,10,river,Teesta,Teesta Barrage (Dn),DO,7.84,False,103
2021,11,river,Teesta,Teesta Barrage (Dn),DO,7.92,False,103
2021,12,river,Teesta,Teesta Barrage (Dn),DO,7.9,False,103
2021,1,river,Teesta,Teesta Barrage (Dn),SS,36.0,False,104
2021,2,river,Teesta,Teesta Barrage (Dn),SS,37.0,False,104
2021,3,river,Teesta,Teesta Barrage (Dn),SS,36.0,False,104
2021,4,river,Teesta,Teesta Barrage (Dn),SS,36.0,False,104
2021,5,river,Teesta,Teesta Barrage (Dn),SS,40.0,False,104
2021,6,river,Teesta,Teesta Barrage (Dn),SS,42.0,False,104
2021,8,river,Teesta,Teesta Barrage (Dn),SS,40.0,False,104
2021,9,river,Teesta,Teesta Barrage (Dn),SS,40.0,False,104
2021,10,river,Teesta,Teesta Barrage (Dn),SS,42.0,False,104
2021,11,river,Teesta,Teesta Barrage (Dn),SS,42.0,False,104
2021,12,river,Teesta,Teesta Barrage (Dn),SS,42.0,False,104
2021,1,river,Teesta,Teesta Barrage (Dn),TDS,124.0,False,103
2021,2,river,Teesta,Teesta Barrage (Dn),TDS,126.0,False,103
2021,3,river,Teesta,Teesta Barrage (Dn),TDS,114.0,False,103
2021,4,river,Teesta,Teesta Barrage (Dn),TDS,116.0,False,103
2021,5,river,Teesta,Teesta Barrage (Dn),TDS,128.0,False,103
2021,6,river,Teesta,Teesta Barrage (Dn),TDS,128.0,False,103
2021,8,river,Teesta,Teesta Barrage (Dn),TDS,128.0,False,103
2021,9,river,Teesta,Teesta Barrage (Dn),TDS,128.0,False,103
2021,10,river,Teesta,Teesta Barrage (Dn),TDS,127.0,False,103
2021,11,river,Teesta,Teesta Barrage (Dn),TDS,138.0,False,103
2021,12,river,Teesta,Teesta Barrage (Dn),TDS,128.0,False,103
2021,1,river,Teesta,Teesta Barrage (Dn),pH,8.16,False,103
2021,2,river,Teesta,Teesta Barrage (Dn),pH,8.15,False,103
2021,3,river,Teesta,Teesta Barrage (Dn),pH,7.67,False,103
2021,4,river,Teesta,Teesta Barrage (Dn),pH,7.65,False,103
2021,5,river,Teesta,Teesta Barrage (Dn),pH,8.06,False,103
2021,6,river,Teesta,Teesta Barrage (Dn),pH,9.96,False,103
2021,8,river,Teesta,Teesta Barrage (Dn),pH,7.78,False,103
2021,9,river,Teesta,Teesta Barrage (Dn),pH,7.96,False,103
2021,10,river,Teesta,Teesta Barrage (Dn),pH,8.02,False,103
2021,11,river,Teesta,Teesta Barrage (Dn),pH,7.82,False,103
2021,12,river,Teesta,Teesta Barrage (Dn),pH,7.8,False,103
2021,1,river,Teesta,Teesta Barrage (Up),BOD,2.3,False,103
2021,2,river,Teesta,Teesta Barrage (Up),BOD,2.3,False,103
2021,3,river,Teesta,Teesta Barrage (Up),BOD,2.2,False,103
2021,4,river,Teesta,Teesta Barrage (Up),BOD,2.2,False,103
2021,5,river,Teesta,Teesta Barrage (Up),BOD,2.2,False,103
2021,6,river,Teesta,Teesta Barrage (Up),BOD,2.3,False,103
2021,8,river,Teesta,Teesta Barrage (Up),BOD,2.3,False,103
2021,9,river,Teesta,Teesta Barrage (Up),BOD,2.3,False,103
2021,10,river,Teesta,Teesta Barrage (Up),BOD,2.3,False,103
2021,11,river,Teesta,Teesta Barrage (Up),BOD,2.3,False,103
2021,12,river,Teesta,Teesta Barrage (Up),BOD,2.3,False,103
2021,1,river,Teesta,Teesta Barrage (Up),Chloride,10.0,False,104
2021,2,river,Teesta,Teesta Barrage (Up),Chloride,10.0,False,104
2021,3,river,Teesta,Teesta Barrage (Up),Chloride,10.0,False,104
2021,4,river,Teesta,Teesta Barrage (Up),Chloride,10.0,False,104
2021,5,river,Teesta,Teesta Barrage (Up),Chloride,10.0,False,104
2021,6,river,Teesta,Teesta Barrage (Up),Chloride,10.0,False,104
2021,8,river,Teesta,Teesta Barrage (Up),Chloride,10.0,False,104
2021,9,river,Teesta,Teesta Barrage (Up),Chloride,10.0,False,104
2021,10,river,Teesta,Teesta Barrage (Up),Chloride,10.0,False,104
2021,11,river,Teesta,Teesta Barrage (Up),Chloride,10.0,False,104
2021,12,river,Teesta,Teesta Barrage (Up),Chloride,10.0,False,104
2021,1,river,Teesta,Teesta Barrage (Up),DO,8.14,False,103
2021,2,river,Teesta,Teesta Barrage (Up),DO,8.14,False,103
2021,3,river,Teesta,Teesta Barrage (Up),DO,7.68,False,103
2021,4,river,Teesta,Teesta Barrage (Up),DO,7.66,False,103
2021,5,river,Teesta,Teesta Barrage (Up),DO,7.98,False,103
2021,6,river,Teesta,Teesta Barrage (Up),DO,7.9,False,103
2021,8,river,Teesta,Teesta Barrage (Up),DO,7.7,False,103
2021,9,river,Teesta,Teesta Barrage (Up),DO,7.88,False,103
2021,10,river,Teesta,Teesta Barrage (Up),DO,7.84,False,103
2021,11,river,Teesta,Teesta Barrage (Up),DO,7.92,False,103
2021,12,river,Teesta,Teesta Barrage (Up),DO,7.9,False,103
2021,1,river,Teesta,Teesta Barrage (Up),SS,36.0,False,104
2021,2,river,Teesta,Teesta Barrage (Up),SS,37.0,False,104
2021,3,river,Teesta,Teesta Barrage (Up),SS,36.0,False,104
2021,4,river,Teesta,Teesta Barrage (Up),SS,36.0,False,104
2021,5,river,Teesta,Teesta Barrage (Up),SS,40.0,False,104
2021,6,river,Teesta,Teesta Barrage (Up),SS,42.0,False,104
2021,8,river,Teesta,Teesta Barrage (Up),SS,40.0,False,104
2021,9,river,Teesta,Teesta Barrage (Up),SS,40.0,False,104
2021,10,river,Teesta,Teesta Barrage (Up),SS,42.0,False,104
2021,11,river,Teesta,Teesta Barrage (Up),SS,42.0,False,104
2021,12,river,Teesta,Teesta Barrage (Up),SS,42.0,False,104
2021,1,river,Teesta,Teesta Barrage (Up),TDS,124.0,False,103
2021,2,river,Teesta,Teesta Barrage (Up),TDS,126.0,False,103
2021,3,river,Teesta,Teesta Barrage (Up),TDS,114.0,False,103
2021,4,river,Teesta,Teesta Barrage (Up),TDS,116.0,False,103
2021,5,river,Teesta,Teesta Barrage (Up),TDS,128.0,False,103
2021,6,river,Teesta,Teesta Barrage (Up),TDS,128.0,False,103
2021,8,river,Teesta,Teesta Barrage (Up),TDS,128.0,False,103
2021,9,river,Teesta,Teesta Barrage (Up),TDS,128.0,False,103
2021,10,river,Teesta,Teesta Barrage (Up),TDS,127.0,False,103
2021,11,river,Teesta,Teesta Barrage (Up),TDS,138.0,False,103
2021,12,river,Teesta,Teesta Barrage (Up),TDS,128.0,False,103
2021,1,river,Teesta,Teesta Barrage (Up),pH,8.16,False,103
2021,2,river,Teesta,Teesta Barrage (Up),pH,8.15,False,103
2021,3,river,Teesta,Teesta Barrage (Up),pH,7.67,False,103
2021,4,river,Teesta,Teesta Barrage (Up),pH,7.65,False,103
2021,5,river,Teesta,Teesta Barrage (Up),pH,8.06,False,103
2021,6,river,Teesta,Teesta Barrage (Up),pH,9.96,False,103
2021,8,river,Teesta,Teesta Barrage (Up),pH,7.78,False,103
2021,9,river,Teesta,Teesta Barrage (Up),pH,7.96,False,103
2021,10,river,Teesta,Teesta Barrage (Up),pH,8.02,False,103
2021,11,river,Teesta,Teesta Barrage (Up),pH,7.82,False,103
2021,12,river,Teesta,Teesta Barrage (Up),pH,7.8,False,103
2021,1,river,Teesta,Teesta Bridge (Dn),BOD,2.2,False,103
2021,2,river,Teesta,Teesta Bridge (Dn),BOD,2.2,False,103
2021,3,river,Teesta,Teesta Bridge (Dn),BOD,2.2,False,103
2021,4,river,Teesta,Teesta Bridge (Dn),BOD,2.2,False,103
2021,5,river,Teesta,Teesta Bridge (Dn),BOD,2.2,False,103
2021,6,river,Teesta,Teesta Bridge (Dn),BOD,2.3,False,103
2021,8,river,Teesta,Teesta Bridge (Dn),BOD,2.3,False,103
2021,9,river,Teesta,Teesta Bridge (Dn),BOD,2.3,False,103
2021,10,river,Teesta,Teesta Bridge (Dn),BOD,2.3,False,103
2021,11,river,Teesta,Teesta Bridge (Dn),BOD,2.3,False,103
2021,12,river,Teesta,Teesta Bridge (Dn),BOD,2.3,False,103
2021,1,river,Teesta,Teesta Bridge (Dn),Chloride,10.0,False,104
2021,2,river,Teesta,Teesta Bridge (Dn),Chloride,10.0,False,104
2021,3,river,Teesta,Teesta Bridge (Dn),Chloride,10.0,False,104
2021,4,river,Teesta,Teesta Bridge (Dn),Chloride,10.0,False,104
2021,5,river,Teesta,Teesta Bridge (Dn),Chloride,10.0,False,104
2021,6,river,Teesta,Teesta Bridge (Dn),Chloride,10.0,False,104
2021,8,river,Teesta,Teesta Bridge (Dn),Chloride,10.0,False,104
2021,9,river,Teesta,Teesta Bridge (Dn),Chloride,10.0,False,104
2021,10,river,Teesta,Teesta Bridge (Dn),Chloride,10.0,False,104
2021,11,river,Teesta,Teesta Bridge (Dn),Chloride,10.0,False,104
2021,12,river,Teesta,Teesta Bridge (Dn),Chloride,10.0,False,104
2021,1,river,Teesta,Teesta Bridge (Dn),DO,7.84,False,103
2021,2,river,Teesta,Teesta Bridge (Dn),DO,7.86,False,103
2021,3,river,Teesta,Teesta Bridge (Dn),DO,8.02,False,103
2021,4,river,Teesta,Teesta Bridge (Dn),DO,8.04,False,103
2021,5,river,Teesta,Teesta Bridge (Dn),DO,7.94,False,103
2021,6,river,Teesta,Teesta Bridge (Dn),DO,7.88,False,103
2021,8,river,Teesta,Teesta Bridge (Dn),DO,7.72,False,103
2021,9,river,Teesta,Teesta Bridge (Dn),DO,7.84,False,103
2021,10,river,Teesta,Teesta Bridge (Dn),DO,7.86,False,103
2021,11,river,Teesta,Teesta Bridge (Dn),DO,7.9,False,103
2021,12,river,Teesta,Teesta Bridge (Dn),DO,7.88,False,103
2021,1,river,Teesta,Teesta Bridge (Dn),SS,40.0,False,104
2021,2,river,Teesta,Teesta Bridge (Dn),SS,40.0,False,104
2021,3,river,Teesta,Teesta Bridge (Dn),SS,44.0,False,104
2021,4,river,Teesta,Teesta Bridge (Dn),SS,46.0,False,104
2021,5,river,Teesta,Teesta Bridge (Dn),SS,42.0,False,104
2021,6,river,Teesta,Teesta Bridge (Dn),SS,44.0,False,104
2021,8,river,Teesta,Teesta Bridge (Dn),SS,40.0,False,104
2021,9,river,Teesta,Teesta Bridge (Dn),SS,42.0,False,104
2021,10,river,Teesta,Teesta Bridge (Dn),SS,40.0,False,104
2021,11,river,Teesta,Teesta Bridge (Dn),SS,44.0,False,104
2021,12,river,Teesta,Teesta Bridge (Dn),SS,44.0,False,104
2021,1,river,Teesta,Teesta Bridge (Dn),TDS,126.0,False,103
2021,2,river,Teesta,Teesta Bridge (Dn),TDS,127.0,False,103
2021,3,river,Teesta,Teesta Bridge (Dn),TDS,136.0,False,103
2021,4,river,Teesta,Teesta Bridge (Dn),TDS,134.0,False,103
2021,5,river,Teesta,Teesta Bridge (Dn),TDS,132.0,False,103
2021,6,river,Teesta,Teesta Bridge (Dn),TDS,130.0,False,103
2021,8,river,Teesta,Teesta Bridge (Dn),TDS,129.0,False,103
2021,9,river,Teesta,Teesta Bridge (Dn),TDS,132.0,False,103
2021,10,river,Teesta,Teesta Bridge (Dn),TDS,132.0,False,103
2021,11,river,Teesta,Teesta Bridge (Dn),TDS,130.0,False,103
2021,12,river,Teesta,Teesta Bridge (Dn),TDS,132.0,False,103
2021,1,river,Teesta,Teesta Bridge (Dn),pH,7.94,False,103
2021,2,river,Teesta,Teesta Bridge (Dn),pH,7.93,False,103
2021,3,river,Teesta,Teesta Bridge (Dn),pH,8.08,False,103
2021,4,river,Teesta,Teesta Bridge (Dn),pH,8.06,False,103
2021,5,river,Teesta,Teesta Bridge (Dn),pH,8.02,False,103
2021,6,river,Teesta,Teesta Bridge (Dn),pH,7.94,False,103
2021,8,river,Teesta,Teesta Bridge (Dn),pH,7.8,False,103
2021,9,river,Teesta,Teesta Bridge (Dn),pH,7.9,False,103
2021,10,river,Teesta,Teesta Bridge (Dn),pH,7.9,False,103
2021,11,river,Teesta,Teesta Bridge (Dn),pH,7.86,False,103
2021,12,river,Teesta,Teesta Bridge (Dn),pH,79.0,True,103
2021,1,river,Teesta,Teesta Bridge (Up),BOD,2.2,False,103
2021,2,river,Teesta,Teesta Bridge (Up),BOD,2.2,False,103
2021,3,river,Teesta,Teesta Bridge (Up),BOD,2.2,False,103
2021,4,river,Teesta,Teesta Bridge (Up),BOD,2.2,False,103
2021,5,river,Teesta,Teesta Bridge (Up),BOD,2.2,False,103
2021,6,river,Teesta,Teesta Bridge (Up),BOD,2.3,False,103
2021,8,river,Teesta,Teesta Bridge (Up),BOD,2.3,False,103
2021,9,river,Teesta,Teesta Bridge (Up),BOD,2.3,False,103
2021,10,river,Teesta,Teesta Bridge (Up),BOD,2.3,False,103
2021,11,river,Teesta,Teesta Bridge (Up),BOD,2.3,False,103
2021,12,river,Teesta,Teesta Bridge (Up),BOD,2.3,False,103
2021,1,river,Teesta,Teesta Bridge (Up),Chloride,10.0,False,104
2021,2,river,Teesta,Teesta Bridge (Up),Chloride,10.0,False,104
2021,3,river,Teesta,Teesta Bridge (Up),Chloride,10.0,False,104
2021,4,river,Teesta,Teesta Bridge (Up),Chloride,10.0,False,104
2021,5,river,Teesta,Teesta Bridge (Up),Chloride,10.0,False,104
2021,6,river,Teesta,Teesta Bridge (Up),Chloride,10.0,False,104
2021,8,river,Teesta,Teesta Bridge (Up),Chloride,10.0,False,104
2021,9,river,Teesta,Teesta Bridge (Up),Chloride,10.0,False,104
2021,10,river,Teesta,Teesta Bridge (Up),Chloride,10.0,False,104
2021,11,river,Teesta,Teesta Bridge (Up),Chloride,10.0,False,104
2021,12,river,Teesta,Teesta Bridge (Up),Chloride,10.0,False,104
2021,1,river,Teesta,Teesta Bridge (Up),DO,7.84,False,103
2021,2,river,Teesta,Teesta Bridge (Up),DO,7.86,False,103
2021,3,river,Teesta,Teesta Bridge (Up),DO,8.02,False,103
2021,4,river,Teesta,Teesta Bridge (Up),DO,8.04,False,103
2021,5,river,Teesta,Teesta Bridge (Up),DO,7.94,False,103
2021,6,river,Teesta,Teesta Bridge (Up),DO,7.88,False,103
2021,8,river,Teesta,Teesta Bridge (Up),DO,7.72,False,103
2021,9,river,Teesta,Teesta Bridge (Up),DO,7.84,False,103
2021,10,river,Teesta,Teesta Bridge (Up),DO,7.86,False,103
2021,11,river,Teesta,Teesta Bridge (Up),DO,7.9,False,103
2021,12,river,Teesta,Teesta Bridge (Up),DO,7.88,False,103
2021,1,river,Teesta,Teesta Bridge (Up),SS,40.0,False,104
2021,2,river,Teesta,Teesta Bridge (Up),SS,40.0,False,104
2021,3,river,Teesta,Teesta Bridge (Up),SS,44.0,False,104
2021,4,river,Teesta,Teesta Bridge (Up),SS,46.0,False,104
2021,5,river,Teesta,Teesta Bridge (Up),SS,42.0,False,104
2021,6,river,Teesta,Teesta Bridge (Up),SS,44.0,False,104
2021,8,river,Teesta,Teesta Bridge (Up),SS,40.0,False,104
2021,9,river,Teesta,Teesta Bridge (Up),SS,42.0,False,104
2021,10,river,Teesta,Teesta Bridge (Up),SS,40.0,False,104
2021,11,river,Teesta,Teesta Bridge (Up),SS,44.0,False,104
2021,12,river,Teesta,Teesta Bridge (Up),SS,44.0,False,104
2021,1,river,Teesta,Teesta Bridge (Up),TDS,126.0,False,103
2021,2,river,Teesta,Teesta Bridge (Up),TDS,127.0,False,103
2021,3,river,Teesta,Teesta Bridge (Up),TDS,136.0,False,103
2021,4,river,Teesta,Teesta Bridge (Up),TDS,134.0,False,103
2021,5,river,Teesta,Teesta Bridge (Up),TDS,132.0,False,103
2021,6,river,Teesta,Teesta Bridge (Up),TDS,130.0,False,103
2021,8,river,Teesta,Teesta Bridge (Up),TDS,129.0,False,103
2021,9,river,Teesta,Teesta Bridge (Up),TDS,132.0,False,103
2021,10,river,Teesta,Teesta Bridge (Up),TDS,132.0,False,103
2021,11,river,Teesta,Teesta Bridge (Up),TDS,130.0,False,103
2021,12,river,Teesta,Teesta Bridge (Up),TDS,132.0,False,103
2021,1,river,Teesta,Teesta Bridge (Up),pH,7.94,False,103
2021,2,river,Teesta,Teesta Bridge (Up),pH,7.93,False,103
2021,3,river,Teesta,Teesta Bridge (Up),pH,8.08,False,103
2021,4,river,Teesta,Teesta Bridge (Up),pH,8.06,False,103
2021,5,river,Teesta,Teesta Bridge (Up),pH,8.02,False,103
2021,6,river,Teesta,Teesta Bridge (Up),pH,7.94,False,103
2021,8,river,Teesta,Teesta Bridge (Up),pH,7.8,False,103
2021,9,river,Teesta,Teesta Bridge (Up),pH,7.9,False,103
2021,10,river,Teesta,Teesta Bridge (Up),pH,7.9,False,103
2021,11,river,Teesta,Teesta Bridge (Up),pH,7.86,False,103
2021,12,river,Teesta,Teesta Bridge (Up),pH,7.9,False,103
2021,1,river,Tetulia,Vadura Launch Ghat (M),DO,6.1,False,118
2021,3,river,Tetulia,Vadura Launch Ghat (M),DO,5.1,False,118
2021,10,river,Tetulia,Vadura Launch Ghat (M),DO,6.1,False,118
2021,11,river,Tetulia,Vadura Launch Ghat (M),DO,6.2,False,118
2021,1,river,Tetulia,Vadura Launch Ghat (M),EC,308.0,False,118
2021,3,river,Tetulia,Vadura Launch Ghat (M),EC,638.0,False,118
2021,10,river,Tetulia,Vadura Launch Ghat (M),EC,1240.0,False,118
2021,11,river,Tetulia,Vadura Launch Ghat (M),EC,1402.0,False,118
2021,1,river,Tetulia,Vadura Launch Ghat (M),TDS,155.0,False,118
2021,3,river,Tetulia,Vadura Launch Ghat (M),TDS,322.0,False,118
2021,10,river,Tetulia,Vadura Launch Ghat (M),TDS,622.0,False,118
2021,11,river,Tetulia,Vadura Launch Ghat (M),TDS,702.0,False,118
2021,1,river,Tetulia,Vadura Launch Ghat (M),pH,8.0,False,117
2021,3,river,Tetulia,Vadura Launch Ghat (M),pH,7.8,False,117
2021,10,river,Tetulia,Vadura Launch Ghat (M),pH,7.8,False,117
2021,11,river,Tetulia,Vadura Launch Ghat (M),pH,8.24,False,117
2021,1,river,Tetulia,Vadura Launch Ghat (S),DO,5.8,False,118
2021,3,river,Tetulia,Vadura Launch Ghat (S),DO,5.0,False,118
2021,10,river,Tetulia,Vadura Launch Ghat (S),DO,6.4,False,118
2021,11,river,Tetulia,Vadura Launch Ghat (S),DO,6.4,False,118
2021,1,river,Tetulia,Vadura Launch Ghat (S),EC,311.0,False,118
2021,3,river,Tetulia,Vadura Launch Ghat (S),EC,622.0,False,118
2021,10,river,Tetulia,Vadura Launch Ghat (S),EC,1210.0,False,118
2021,11,river,Tetulia,Vadura Launch Ghat (S),EC,1388.0,False,118
2021,1,river,Tetulia,Vadura Launch Ghat (S),TDS,156.0,False,118
2021,3,river,Tetulia,Vadura Launch Ghat (S),TDS,313.0,False,118
2021,10,river,Tetulia,Vadura Launch Ghat (S),TDS,607.0,False,118
2021,11,river,Tetulia,Vadura Launch Ghat (S),TDS,695.0,False,118
2021,1,river,Tetulia,Vadura Launch Ghat (S),pH,7.7,False,117
2021,3,river,Tetulia,Vadura Launch Ghat (S),pH,7.9,False,117
2021,10,river,Tetulia,Vadura Launch Ghat (S),pH,7.9,False,117
2021,11,river,Tetulia,Vadura Launch Ghat (S),pH,8.16,False,117
2021,2,river,Turag,Ashulia,BOD,6.2,False,92
2021,3,river,Turag,Ashulia,BOD,30.0,False,92
2021,4,river,Turag,Ashulia,BOD,18.0,False,92
2021,5,river,Turag,Ashulia,BOD,8.2,False,92
2021,6,river,Turag,Ashulia,BOD,18.0,False,92
2021,7,river,Turag,Ashulia,BOD,15.6,False,92
2021,8,river,Turag,Ashulia,BOD,28.0,False,92
2021,9,river,Turag,Ashulia,BOD,14.0,False,92
2021,12,river,Turag,Ashulia,BOD,8.0,False,92
2021,2,river,Turag,Ashulia,COD,28.0,False,92
2021,3,river,Turag,Ashulia,COD,129.0,False,92
2021,4,river,Turag,Ashulia,COD,70.0,False,92
2021,5,river,Turag,Ashulia,COD,24.0,False,92
2021,6,river,Turag,Ashulia,COD,44.0,False,92
2021,7,river,Turag,Ashulia,COD,29.0,False,92
2021,8,river,Turag,Ashulia,COD,56.0,False,92
2021,9,river,Turag,Ashulia,COD,50.0,False,92
2021,12,river,Turag,Ashulia,COD,22.0,False,92
2021,2,river,Turag,Ashulia,Chloride,62.0,False,92
2021,3,river,Turag,Ashulia,Chloride,71.0,False,92
2021,4,river,Turag,Ashulia,Chloride,66.0,False,92
2021,5,river,Turag,Ashulia,Chloride,26.0,False,92
2021,6,river,Turag,Ashulia,Chloride,18.0,False,92
2021,7,river,Turag,Ashulia,Chloride,13.0,False,92
2021,8,river,Turag,Ashulia,Chloride,14.0,False,92
2021,9,river,Turag,Ashulia,Chloride,13.0,False,92
2021,12,river,Turag,Ashulia,Chloride,34.5,False,92
2021,2,river,Turag,Ashulia,DO,0.0,False,92
2021,3,river,Turag,Ashulia,DO,0.0,False,92
2021,4,river,Turag,Ashulia,DO,0.0,False,92
2021,5,river,Turag,Ashulia,DO,2.9,False,92
2021,6,river,Turag,Ashulia,DO,3.1,False,92
2021,7,river,Turag,Ashulia,DO,5.1,False,92
2021,8,river,Turag,Ashulia,DO,6.45,False,92
2021,9,river,Turag,Ashulia,DO,5.35,False,92
2021,12,river,Turag,Ashulia,DO,0.5,False,92
2021,2,river,Turag,Ashulia,EC,916.0,False,93
2021,3,river,Turag,Ashulia,EC,916.0,False,93
2021,4,river,Turag,Ashulia,EC,1296.0,False,93
2021,5,river,Turag,Ashulia,EC,399.0,False,93
2021,6,river,Turag,Ashulia,EC,188.8,False,93
2021,7,river,Turag,Ashulia,EC,164.0,False,93
2021,8,river,Turag,Ashulia,EC,161.0,False,93
2021,9,river,Turag,Ashulia,EC,166.0,False,93
2021,12,river,Turag,Ashulia,EC,455.0,False,93
2021,2,river,Turag,Ashulia,SS,86.0,False,93
2021,3,river,Turag,Ashulia,SS,396.0,False,93
2021,4,river,Turag,Ashulia,SS,78.0,False,93
2021,5,river,Turag,Ashulia,SS,1.0,False,93
2021,6,river,Turag,Ashulia,SS,42.0,False,93
2021,7,river,Turag,Ashulia,SS,115.0,False,93
2021,8,river,Turag,Ashulia,SS,67.0,False,93
2021,9,river,Turag,Ashulia,SS,64.0,False,93
2021,12,river,Turag,Ashulia,SS,27.0,False,93
2021,2,river,Turag,Ashulia,TDS,525.0,False,92
2021,3,river,Turag,Ashulia,TDS,525.0,False,92
2021,4,river,Turag,Ashulia,TDS,791.0,False,92
2021,5,river,Turag,Ashulia,TDS,211.0,False,92
2021,6,river,Turag,Ashulia,TDS,96.3,False,92
2021,7,river,Turag,Ashulia,TDS,92.3,False,92
2021,8,river,Turag,Ashulia,TDS,82.0,False,92
2021,9,river,Turag,Ashulia,TDS,82.0,False,92
2021,12,river,Turag,Ashulia,TDS,257.0,False,92
2021,2,river,Turag,Ashulia,TotalAlkalinity,206.0,False,93
2021,3,river,Turag,Ashulia,TotalAlkalinity,286.0,False,93
2021,4,river,Turag,Ashulia,TotalAlkalinity,267.0,False,93
2021,5,river,Turag,Ashulia,TotalAlkalinity,120.0,False,93
2021,6,river,Turag,Ashulia,TotalAlkalinity,97.0,False,93
2021,7,river,Turag,Ashulia,TotalAlkalinity,55.0,False,93
2021,8,river,Turag,Ashulia,TotalAlkalinity,60.0,False,93
2021,9,river,Turag,Ashulia,TotalAlkalinity,63.0,False,93
2021,12,river,Turag,Ashulia,TotalAlkalinity,100.0,False,93
2021,2,river,Turag,Ashulia,pH,7.5,False,91
2021,3,river,Turag,Ashulia,pH,7.5,False,91
2021,4,river,Turag,Ashulia,pH,7.6,False,91
2021,5,river,Turag,Ashulia,pH,7.32,False,91
2021,6,river,Turag,Ashulia,pH,7.48,False,91
2021,7,river,Turag,Ashulia,pH,6.8,False,91
2021,8,river,Turag,Ashulia,pH,6.42,False,91
2021,9,river,Turag,Ashulia,pH,7.11,False,91
2021,12,river,Turag,Ashulia,pH,7.28,False,91
2021,2,river,Turag,Kaliakoir,BOD,6.2,False,92
2021,3,river,Turag,Kaliakoir,BOD,8.0,False,92
2021,4,river,Turag,Kaliakoir,BOD,30.0,False,92
2021,5,river,Turag,Kaliakoir,BOD,6.2,False,92
2021,6,river,Turag,Kaliakoir,BOD,18.0,False,92
2021,7,river,Turag,Kaliakoir,BOD,16.8,False,92
2021,8,river,Turag,Kaliakoir,BOD,22.0,False,92
2021,9,river,Turag,Kaliakoir,BOD,10.0,False,92
2021,12,river,Turag,Kaliakoir,BOD,12.0,False,92
2021,2,river,Turag,Kaliakoir,COD,23.0,False,92
2021,3,river,Turag,Kaliakoir,COD,30.0,False,92
2021,4,river,Turag,Kaliakoir,COD,59.0,False,92
2021,5,river,Turag,Kaliakoir,COD,10.0,False,92
2021,6,river,Turag,Kaliakoir,COD,51.0,False,92
2021,7,river,Turag,Kaliakoir,COD,54.0,False,92
2021,8,river,Turag,Kaliakoir,COD,48.0,False,92
2021,9,river,Turag,Kaliakoir,COD,32.0,False,92
2021,12,river,Turag,Kaliakoir,COD,36.0,False,92
2021,2,river,Turag,Kaliakoir,Chloride,50.0,False,92
2021,3,river,Turag,Kaliakoir,Chloride,26.0,False,92
2021,4,river,Turag,Kaliakoir,Chloride,72.0,False,92
2021,5,river,Turag,Kaliakoir,Chloride,20.5,False,92
2021,6,river,Turag,Kaliakoir,Chloride,16.0,False,92
2021,7,river,Turag,Kaliakoir,Chloride,9.0,False,92
2021,8,river,Turag,Kaliakoir,Chloride,12.0,False,92
2021,9,river,Turag,Kaliakoir,Chloride,14.0,False,92
2021,12,river,Turag,Kaliakoir,Chloride,12.0,False,92
2021,2,river,Turag,Kaliakoir,DO,4.9,False,92
2021,3,river,Turag,Kaliakoir,DO,1.8,False,92
2021,4,river,Turag,Kaliakoir,DO,1.6,False,92
2021,5,river,Turag,Kaliakoir,DO,4.9,False,92
2021,6,river,Turag,Kaliakoir,DO,7.6,False,92
2021,7,river,Turag,Kaliakoir,DO,7.49,False,92
2021,8,river,Turag,Kaliakoir,DO,6.95,False,92
2021,9,river,Turag,Kaliakoir,DO,5.1,False,92
2021,12,river,Turag,Kaliakoir,DO,2.1,False,92
2021,2,river,Turag,Kaliakoir,EC,327.0,False,93
2021,3,river,Turag,Kaliakoir,EC,527.0,False,93
2021,4,river,Turag,Kaliakoir,EC,895.0,False,93
2021,5,river,Turag,Kaliakoir,EC,163.0,False,93
2021,6,river,Turag,Kaliakoir,EC,148.2,False,93
2021,7,river,Turag,Kaliakoir,EC,93.4,False,93
2021,8,river,Turag,Kaliakoir,EC,135.0,False,93
2021,9,river,Turag,Kaliakoir,EC,176.0,False,93
2021,12,river,Turag,Kaliakoir,EC,296.0,False,93
2021,2,river,Turag,Kaliakoir,SS,1.0,False,93
2021,3,river,Turag,Kaliakoir,SS,29.0,False,93
2021,4,river,Turag,Kaliakoir,SS,38.0,False,93
2021,5,river,Turag,Kaliakoir,SS,2.0,False,93
2021,6,river,Turag,Kaliakoir,SS,213.0,False,93
2021,7,river,Turag,Kaliakoir,SS,316.0,False,93
2021,8,river,Turag,Kaliakoir,SS,307.0,False,93
2021,9,river,Turag,Kaliakoir,SS,322.0,False,93
2021,12,river,Turag,Kaliakoir,SS,13.0,False,93
2021,2,river,Turag,Kaliakoir,TDS,195.0,False,92
2021,3,river,Turag,Kaliakoir,TDS,301.0,False,92
2021,4,river,Turag,Kaliakoir,TDS,534.0,False,92
2021,5,river,Turag,Kaliakoir,TDS,86.0,False,92
2021,6,river,Turag,Kaliakoir,TDS,75.1,False,92
2021,7,river,Turag,Kaliakoir,TDS,53.6,False,92
2021,8,river,Turag,Kaliakoir,TDS,68.0,False,92
2021,9,river,Turag,Kaliakoir,TDS,94.0,False,92
2021,12,river,Turag,Kaliakoir,TDS,160.0,False,92
2021,2,river,Turag,Kaliakoir,TotalAlkalinity,159.0,False,93
2021,3,river,Turag,Kaliakoir,TotalAlkalinity,162.0,False,93
2021,4,river,Turag,Kaliakoir,TotalAlkalinity,152.0,False,93
2021,5,river,Turag,Kaliakoir,TotalAlkalinity,49.0,False,93
2021,6,river,Turag,Kaliakoir,TotalAlkalinity,51.0,False,93
2021,7,river,Turag,Kaliakoir,TotalAlkalinity,47.0,False,93
2021,8,river,Turag,Kaliakoir,TotalAlkalinity,55.0,False,93
2021,9,river,Turag,Kaliakoir,TotalAlkalinity,62.0,False,93
2021,12,river,Turag,Kaliakoir,TotalAlkalinity,86.0,False,93
2021,2,river,Turag,Kaliakoir,pH,7.05,False,91
2021,3,river,Turag,Kaliakoir,pH,7.38,False,91
2021,4,river,Turag,Kaliakoir,pH,7.51,False,91
2021,5,river,Turag,Kaliakoir,pH,7.46,False,91
2021,6,river,Turag,Kaliakoir,pH,7.5,False,91
2021,7,river,Turag,Kaliakoir,pH,6.91,False,91
2021,8,river,Turag,Kaliakoir,pH,6.5,False,91
2021,9,river,Turag,Kaliakoir,pH,6.98,False,91
2021,12,river,Turag,Kaliakoir,pH,7.6,False,91
2021,2,river,Turag,Nama Bazar,BOD,16.0,False,92
2021,3,river,Turag,Nama Bazar,BOD,12.0,False,92
2021,4,river,Turag,Nama Bazar,BOD,30.0,False,92
2021,5,river,Turag,Nama Bazar,BOD,8.4,False,92
2021,6,river,Turag,Nama Bazar,BOD,8.0,False,92
2021,7,river,Turag,Nama Bazar,BOD,20.4,False,92
2021,8,river,Turag,Nama Bazar,BOD,23.0,False,92
2021,9,river,Turag,Nama Bazar,BOD,10.0,False,92
2021,12,river,Turag,Nama Bazar,BOD,8.0,False,92
2021,2,river,Turag,Nama Bazar,COD,78.0,False,92
2021,3,river,Turag,Nama Bazar,COD,49.0,False,92
2021,4,river,Turag,Nama Bazar,COD,126.0,False,92
2021,5,river,Turag,Nama Bazar,COD,34.0,False,92
2021,6,river,Turag,Nama Bazar,COD,22.0,False,92
2021,7,river,Turag,Nama Bazar,COD,41.0,False,92
2021,8,river,Turag,Nama Bazar,COD,66.0,False,92
2021,9,river,Turag,Nama Bazar,COD,32.0,False,92
2021,12,river,Turag,Nama Bazar,COD,28.0,False,92
2021,2,river,Turag,Nama Bazar,Chloride,83.0,False,92
2021,3,river,Turag,Nama Bazar,Chloride,112.0,False,92
2021,4,river,Turag,Nama Bazar,Chloride,71.0,False,92
2021,5,river,Turag,Nama Bazar,Chloride,25.0,False,92
2021,6,river,Turag,Nama Bazar,Chloride,6.0,False,92
2021,7,river,Turag,Nama Bazar,Chloride,7.0,False,92
2021,8,river,Turag,Nama Bazar,Chloride,14.0,False,92
2021,9,river,Turag,Nama Bazar,Chloride,12.0,False,92
2021,12,river,Turag,Nama Bazar,Chloride,31.0,False,92
2021,2,river,Turag,Nama Bazar,DO,0.0,False,92
2021,3,river,Turag,Nama Bazar,DO,0.0,False,92
2021,4,river,Turag,Nama Bazar,DO,1.0,False,92
2021,5,river,Turag,Nama Bazar,DO,2.9,False,92
2021,6,river,Turag,Nama Bazar,DO,4.5,False,92
2021,7,river,Turag,Nama Bazar,DO,6.96,False,92
2021,8,river,Turag,Nama Bazar,DO,6.8,False,92
2021,9,river,Turag,Nama Bazar,DO,6.21,False,92
2021,12,river,Turag,Nama Bazar,DO,1.2,False,92
2021,2,river,Turag,Nama Bazar,EC,726.0,False,93
2021,3,river,Turag,Nama Bazar,EC,1363.0,False,93
2021,4,river,Turag,Nama Bazar,EC,1165.0,False,93
2021,5,river,Turag,Nama Bazar,EC,322.0,False,93
2021,6,river,Turag,Nama Bazar,EC,131.2,False,93
2021,7,river,Turag,Nama Bazar,EC,115.2,False,93
2021,8,river,Turag,Nama Bazar,EC,164.0,False,93
2021,9,river,Turag,Nama Bazar,EC,154.0,False,93
2021,12,river,Turag,Nama Bazar,EC,560.0,False,93
2021,2,river,Turag,Nama Bazar,SS,65.0,False,93
2021,3,river,Turag,Nama Bazar,SS,59.0,False,93
2021,4,river,Turag,Nama Bazar,SS,37.0,False,93
2021,5,river,Turag,Nama Bazar,SS,1.0,False,93
2021,6,river,Turag,Nama Bazar,SS,235.0,False,93
2021,7,river,Turag,Nama Bazar,SS,266.0,False,93
2021,8,river,Turag,Nama Bazar,SS,156.0,False,93
2021,9,river,Turag,Nama Bazar,SS,123.0,False,93
2021,12,river,Turag,Nama Bazar,SS,22.0,False,93
2021,2,river,Turag,Nama Bazar,TDS,449.0,False,92
2021,3,river,Turag,Nama Bazar,TDS,721.0,False,92
2021,4,river,Turag,Nama Bazar,TDS,705.0,False,92
2021,5,river,Turag,Nama Bazar,TDS,170.0,False,92
2021,6,river,Turag,Nama Bazar,TDS,69.6,False,92
2021,7,river,Turag,Nama Bazar,TDS,64.6,False,92
2021,8,river,Turag,Nama Bazar,TDS,83.0,False,92
2021,9,river,Turag,Nama Bazar,TDS,76.0,False,92
2021,12,river,Turag,Nama Bazar,TDS,319.0,False,92
2021,2,river,Turag,Nama Bazar,TotalAlkalinity,156.0,False,93
2021,3,river,Turag,Nama Bazar,TotalAlkalinity,233.0,False,93
2021,4,river,Turag,Nama Bazar,TotalAlkalinity,220.0,False,93
2021,5,river,Turag,Nama Bazar,TotalAlkalinity,92.0,False,93
2021,6,river,Turag,Nama Bazar,TotalAlkalinity,54.0,False,93
2021,7,river,Turag,Nama Bazar,TotalAlkalinity,51.0,False,93
2021,8,river,Turag,Nama Bazar,TotalAlkalinity,61.0,False,93
2021,9,river,Turag,Nama Bazar,TotalAlkalinity,58.0,False,93
2021,12,river,Turag,Nama Bazar,TotalAlkalinity,109.0,False,93
2021,2,river,Turag,Nama Bazar,pH,7.19,False,91
2021,3,river,Turag,Nama Bazar,pH,7.36,False,91
2021,4,river,Turag,Nama Bazar,pH,7.58,False,91
2021,5,river,Turag,Nama Bazar,pH,7.27,False,91
2021,6,river,Turag,Nama Bazar,pH,6.9,False,91
2021,7,river,Turag,Nama Bazar,pH,6.88,False,91
2021,8,river,Turag,Nama Bazar,pH,6.43,False,91
2021,9,river,Turag,Nama Bazar,pH,7.12,False,91
2021,12,river,Turag,Nama Bazar,pH,7.53,False,91
2021,2,river,Turag,Turag Bridge,BOD,6.4,False,92
2021,3,river,Turag,Turag Bridge,BOD,30.0,False,92
2021,4,river,Turag,Turag Bridge,BOD,32.0,False,92
2021,5,river,Turag,Turag Bridge,BOD,12.0,False,92
2021,6,river,Turag,Turag Bridge,BOD,9.0,False,92
2021,7,river,Turag,Turag Bridge,BOD,16.8,False,92
2021,8,river,Turag,Turag Bridge,BOD,25.0,False,92
2021,9,river,Turag,Turag Bridge,BOD,12.0,False,92
2021,12,river,Turag,Turag Bridge,BOD,18.0,False,92
2021,2,river,Turag,Turag Bridge,COD,24.0,False,92
2021,3,river,Turag,Turag Bridge,COD,124.0,False,92
2021,4,river,Turag,Turag Bridge,COD,128.0,False,92
2021,5,river,Turag,Turag Bridge,COD,39.0,False,92
2021,6,river,Turag,Turag Bridge,COD,41.0,False,92
2021,7,river,Turag,Turag Bridge,COD,61.0,False,92
2021,8,river,Turag,Turag Bridge,COD,57.0,False,92
2021,9,river,Turag,Turag Bridge,COD,48.0,False,92
2021,12,river,Turag,Turag Bridge,COD,51.0,False,92
2021,2,river,Turag,Turag Bridge,Chloride,62.0,False,92
2021,3,river,Turag,Turag Bridge,Chloride,82.0,False,92
2021,4,river,Turag,Turag Bridge,Chloride,85.0,False,92
2021,5,river,Turag,Turag Bridge,Chloride,44.5,False,92
2021,6,river,Turag,Turag Bridge,Chloride,18.0,False,92
2021,7,river,Turag,Turag Bridge,Chloride,12.0,False,92
2021,8,river,Turag,Turag Bridge,Chloride,13.0,False,92
2021,9,river,Turag,Turag Bridge,Chloride,14.0,False,92
2021,12,river,Turag,Turag Bridge,Chloride,36.0,False,92
2021,2,river,Turag,Turag Bridge,DO,0.0,False,92
2021,3,river,Turag,Turag Bridge,DO,0.0,False,92
2021,4,river,Turag,Turag Bridge,DO,0.6,False,92
2021,5,river,Turag,Turag Bridge,DO,2.8,False,92
2021,6,river,Turag,Turag Bridge,DO,3.4,False,92
2021,7,river,Turag,Turag Bridge,DO,5.6,False,92
2021,8,river,Turag,Turag Bridge,DO,6.25,False,92
2021,9,river,Turag,Turag Bridge,DO,5.21,False,92
2021,12,river,Turag,Turag Bridge,DO,2.3,False,92
2021,2,river,Turag,Turag Bridge,EC,867.0,False,93
2021,3,river,Turag,Turag Bridge,EC,876.0,False,93
2021,4,river,Turag,Turag Bridge,EC,1106.0,False,93
2021,5,river,Turag,Turag Bridge,EC,868.0,False,93
2021,6,river,Turag,Turag Bridge,EC,195.9,False,93
2021,7,river,Turag,Turag Bridge,EC,120.9,False,93
2021,8,river,Turag,Turag Bridge,EC,155.0,False,93
2021,9,river,Turag,Turag Bridge,EC,165.0,False,93
2021,12,river,Turag,Turag Bridge,EC,422.0,False,93
2021,2,river,Turag,Turag Bridge,SS,57.0,False,93
2021,3,river,Turag,Turag Bridge,SS,86.0,False,93
2021,4,river,Turag,Turag Bridge,SS,128.0,False,93
2021,5,river,Turag,Turag Bridge,SS,4.0,False,93
2021,6,river,Turag,Turag Bridge,SS,23.0,False,93
2021,7,river,Turag,Turag Bridge,SS,96.0,False,93
2021,8,river,Turag,Turag Bridge,SS,67.0,False,93
2021,9,river,Turag,Turag Bridge,SS,60.0,False,93
2021,12,river,Turag,Turag Bridge,SS,20.0,False,93
2021,2,river,Turag,Turag Bridge,TDS,498.0,False,92
2021,3,river,Turag,Turag Bridge,TDS,498.0,False,92
2021,4,river,Turag,Turag Bridge,TDS,670.0,False,92
2021,5,river,Turag,Turag Bridge,TDS,472.0,False,92
2021,6,river,Turag,Turag Bridge,TDS,99.4,False,92
2021,7,river,Turag,Turag Bridge,TDS,68.0,False,92
2021,8,river,Turag,Turag Bridge,TDS,79.0,False,92
2021,9,river,Turag,Turag Bridge,TDS,84.0,False,92
2021,12,river,Turag,Turag Bridge,TDS,240.0,False,92
2021,2,river,Turag,Turag Bridge,TotalAlkalinity,226.0,False,93
2021,3,river,Turag,Turag Bridge,TotalAlkalinity,230.0,False,93
2021,4,river,Turag,Turag Bridge,TotalAlkalinity,272.0,False,93
2021,5,river,Turag,Turag Bridge,TotalAlkalinity,203.0,False,93
2021,6,river,Turag,Turag Bridge,TotalAlkalinity,102.0,False,93
2021,7,river,Turag,Turag Bridge,TotalAlkalinity,49.0,False,93
2021,8,river,Turag,Turag Bridge,TotalAlkalinity,58.0,False,93
2021,9,river,Turag,Turag Bridge,TotalAlkalinity,55.0,False,93
2021,12,river,Turag,Turag Bridge,TotalAlkalinity,104.0,False,93
2021,2,river,Turag,Turag Bridge,pH,7.41,False,91
2021,3,river,Turag,Turag Bridge,pH,7.41,False,91
2021,4,river,Turag,Turag Bridge,pH,7.98,False,91
2021,5,river,Turag,Turag Bridge,pH,7.27,False,91
2021,6,river,Turag,Turag Bridge,pH,7.8,False,91
2021,7,river,Turag,Turag Bridge,pH,6.86,False,91
2021,8,river,Turag,Turag Bridge,pH,6.5,False,91
2021,9,river,Turag,Turag Bridge,pH,7.08,False,91
2021,12,river,Turag,Turag Bridge,pH,7.14,False,91
2021,2,river,Turag,Vawal,BOD,36.0,False,92
2021,3,river,Turag,Vawal,BOD,18.0,False,92
2021,4,river,Turag,Vawal,BOD,32.0,False,92
2021,5,river,Turag,Vawal,BOD,6.2,False,92
2021,6,river,Turag,Vawal,BOD,13.0,False,92
2021,7,river,Turag,Vawal,BOD,18.0,False,92
2021,8,river,Turag,Vawal,BOD,16.0,False,92
2021,9,river,Turag,Vawal,BOD,12.0,False,92
2021,12,river,Turag,Vawal,BOD,8.0,False,92
2021,2,river,Turag,Vawal,COD,120.0,False,92
2021,3,river,Turag,Vawal,COD,88.0,False,92
2021,4,river,Turag,Vawal,COD,100.0,False,92
2021,5,river,Turag,Vawal,COD,51.0,False,92
2021,6,river,Turag,Vawal,COD,20.0,False,92
2021,7,river,Turag,Vawal,COD,49.0,False,92
2021,8,river,Turag,Vawal,COD,44.0,False,92
2021,9,river,Turag,Vawal,COD,56.0,False,92
2021,12,river,Turag,Vawal,COD,28.0,False,92
2021,2,river,Turag,Vawal,Chloride,110.0,False,92
2021,3,river,Turag,Vawal,Chloride,95.0,False,92
2021,4,river,Turag,Vawal,Chloride,76.0,False,92
2021,5,river,Turag,Vawal,Chloride,24.5,False,92
2021,6,river,Turag,Vawal,Chloride,14.5,False,92
2021,7,river,Turag,Vawal,Chloride,10.0,False,92
2021,8,river,Turag,Vawal,Chloride,14.0,False,92
2021,9,river,Turag,Vawal,Chloride,14.0,False,92
2021,12,river,Turag,Vawal,Chloride,14.0,False,92
2021,2,river,Turag,Vawal,DO,0.0,False,92
2021,3,river,Turag,Vawal,DO,0.0,False,92
2021,4,river,Turag,Vawal,DO,1.2,False,92
2021,5,river,Turag,Vawal,DO,4.9,False,92
2021,6,river,Turag,Vawal,DO,6.0,False,92
2021,7,river,Turag,Vawal,DO,6.86,False,92
2021,8,river,Turag,Vawal,DO,6.83,False,92
2021,9,river,Turag,Vawal,DO,5.44,False,92
2021,12,river,Turag,Vawal,DO,3.2,False,92
2021,2,river,Turag,Vawal,EC,124.1,False,93
2021,3,river,Turag,Vawal,EC,1372.0,False,93
2021,4,river,Turag,Vawal,EC,1338.0,False,93
2021,5,river,Turag,Vawal,EC,322.0,False,93
2021,6,river,Turag,Vawal,EC,147.8,False,93
2021,7,river,Turag,Vawal,EC,110.0,False,93
2021,8,river,Turag,Vawal,EC,165.0,False,93
2021,9,river,Turag,Vawal,EC,176.0,False,93
2021,12,river,Turag,Vawal,EC,300.0,False,93
2021,2,river,Turag,Vawal,SS,81.0,False,93
2021,3,river,Turag,Vawal,SS,64.0,False,93
2021,4,river,Turag,Vawal,SS,46.0,False,93
2021,5,river,Turag,Vawal,SS,4.0,False,93
2021,6,river,Turag,Vawal,SS,155.0,False,93
2021,7,river,Turag,Vawal,SS,205.0,False,93
2021,8,river,Turag,Vawal,SS,158.0,False,93
2021,9,river,Turag,Vawal,SS,146.0,False,93
2021,12,river,Turag,Vawal,SS,13.0,False,93
2021,2,river,Turag,Vawal,TDS,67.0,False,92
2021,3,river,Turag,Vawal,TDS,732.0,False,92
2021,4,river,Turag,Vawal,TDS,813.0,False,92
2021,5,river,Turag,Vawal,TDS,168.0,False,92
2021,6,river,Turag,Vawal,TDS,76.9,False,92
2021,7,river,Turag,Vawal,TDS,63.2,False,92
2021,8,river,Turag,Vawal,TDS,83.0,False,92
2021,9,river,Turag,Vawal,TDS,97.0,False,92
2021,12,river,Turag,Vawal,TDS,162.0,False,92
2021,2,river,Turag,Vawal,TotalAlkalinity,116.0,False,93
2021,3,river,Turag,Vawal,TotalAlkalinity,358.0,False,93
2021,4,river,Turag,Vawal,TotalAlkalinity,302.0,False,93
2021,5,river,Turag,Vawal,TotalAlkalinity,89.0,False,93
2021,6,river,Turag,Vawal,TotalAlkalinity,50.0,False,93
2021,7,river,Turag,Vawal,TotalAlkalinity,46.0,False,93
2021,8,river,Turag,Vawal,TotalAlkalinity,59.0,False,93
2021,9,river,Turag,Vawal,TotalAlkalinity,68.0,False,93
2021,12,river,Turag,Vawal,TotalAlkalinity,86.0,False,93
2021,2,river,Turag,Vawal,pH,7.0,False,91
2021,3,river,Turag,Vawal,pH,7.34,False,91
2021,4,river,Turag,Vawal,pH,7.55,False,91
2021,5,river,Turag,Vawal,pH,7.26,False,91
2021,6,river,Turag,Vawal,pH,7.25,False,91
2021,7,river,Turag,Vawal,pH,6.94,False,91
2021,8,river,Turag,Vawal,pH,6.66,False,91
2021,9,river,Turag,Vawal,pH,7.32,False,91
2021,12,river,Turag,Vawal,pH,7.12,False,91
2022,1,river,Balu,Jolshiri Abason,BOD,22.0,False,86
2022,2,river,Balu,Jolshiri Abason,BOD,14.4,False,86
2022,3,river,Balu,Jolshiri Abason,BOD,32.0,False,86
2022,4,river,Balu,Jolshiri Abason,BOD,22.0,False,86
2022,5,river,Balu,Jolshiri Abason,BOD,12.0,False,86
2022,6,river,Balu,Jolshiri Abason,BOD,18.0,False,86
2022,7,river,Balu,Jolshiri Abason,BOD,24.0,False,86
2022,8,river,Balu,Jolshiri Abason,BOD,8.2,False,86
2022,9,river,Balu,Jolshiri Abason,BOD,10.0,False,86
2022,10,river,Balu,Jolshiri Abason,BOD,6.0,False,86
2022,11,river,Balu,Jolshiri Abason,BOD,3.0,False,86
2022,12,river,Balu,Jolshiri Abason,BOD,5.4,False,86
2022,1,river,Balu,Jolshiri Abason,COD,80.0,False,86
2022,2,river,Balu,Jolshiri Abason,COD,44.0,False,86
2022,3,river,Balu,Jolshiri Abason,COD,137.0,False,86
2022,4,river,Balu,Jolshiri Abason,COD,80.0,False,86
2022,5,river,Balu,Jolshiri Abason,COD,73.0,False,86
2022,6,river,Balu,Jolshiri Abason,COD,90.0,False,86
2022,7,river,Balu,Jolshiri Abason,COD,127.0,False,86
2022,8,river,Balu,Jolshiri Abason,COD,18.0,False,86
2022,9,river,Balu,Jolshiri Abason,COD,51.0,False,86
2022,10,river,Balu,Jolshiri Abason,COD,10.0,False,86
2022,11,river,Balu,Jolshiri Abason,COD,12.0,False,86
2022,12,river,Balu,Jolshiri Abason,COD,39.0,False,86
2022,1,river,Balu,Jolshiri Abason,Chloride,8.0,False,86
2022,2,river,Balu,Jolshiri Abason,Chloride,57.0,False,86
2022,3,river,Balu,Jolshiri Abason,Chloride,58.5,False,86
2022,4,river,Balu,Jolshiri Abason,Chloride,8.0,False,86
2022,5,river,Balu,Jolshiri Abason,Chloride,20.0,False,86
2022,6,river,Balu,Jolshiri Abason,Chloride,20.0,False,86
2022,7,river,Balu,Jolshiri Abason,Chloride,10.0,False,86
2022,8,river,Balu,Jolshiri Abason,Chloride,14.0,False,86
2022,9,river,Balu,Jolshiri Abason,Chloride,14.5,False,86
2022,10,river,Balu,Jolshiri Abason,Chloride,13.0,False,86
2022,11,river,Balu,Jolshiri Abason,Chloride,12.0,False,86
2022,12,river,Balu,Jolshiri Abason,Chloride,13.0,False,86
2022,1,river,Balu,Jolshiri Abason,DO,0.43,False,86
2022,2,river,Balu,Jolshiri Abason,DO,1.87,False,86
2022,3,river,Balu,Jolshiri Abason,DO,3.35,False,86
2022,4,river,Balu,Jolshiri Abason,DO,0.83,False,86
2022,5,river,Balu,Jolshiri Abason,DO,2.0,False,86
2022,6,river,Balu,Jolshiri Abason,DO,2.2,False,86
2022,7,river,Balu,Jolshiri Abason,DO,2.4,False,86
2022,8,river,Balu,Jolshiri Abason,DO,2.24,False,86
2022,9,river,Balu,Jolshiri Abason,DO,4.9,False,86
2022,10,river,Balu,Jolshiri Abason,DO,2.0,False,86
2022,11,river,Balu,Jolshiri Abason,DO,8.0,False,86
2022,12,river,Balu,Jolshiri Abason,DO,2.1,False,86
2022,1,river,Balu,Jolshiri Abason,EC,248.0,False,86
2022,2,river,Balu,Jolshiri Abason,EC,674.0,False,86
2022,3,river,Balu,Jolshiri Abason,EC,792.0,False,86
2022,4,river,Balu,Jolshiri Abason,EC,248.0,False,86
2022,5,river,Balu,Jolshiri Abason,EC,260.0,False,86
2022,6,river,Balu,Jolshiri Abason,EC,154.0,False,86
2022,7,river,Balu,Jolshiri Abason,EC,306.0,False,86
2022,8,river,Balu,Jolshiri Abason,EC,223.0,False,86
2022,9,river,Balu,Jolshiri Abason,EC,243.0,False,86
2022,10,river,Balu,Jolshiri Abason,EC,183.3,False,86
2022,11,river,Balu,Jolshiri Abason,EC,169.4,False,86
2022,12,river,Balu,Jolshiri Abason,EC,242.0,False,86
2022,1,river,Balu,Jolshiri Abason,SS,8.0,False,86
2022,2,river,Balu,Jolshiri Abason,SS,34.0,False,86
2022,3,river,Balu,Jolshiri Abason,SS,220.0,False,86
2022,4,river,Balu,Jolshiri Abason,SS,8.0,False,86
2022,5,river,Balu,Jolshiri Abason,SS,8.0,False,86
2022,6,river,Balu,Jolshiri Abason,SS,24.0,False,86
2022,7,river,Balu,Jolshiri Abason,SS,24.0,False,86
2022,8,river,Balu,Jolshiri Abason,SS,10.1,False,86
2022,9,river,Balu,Jolshiri Abason,SS,8.0,False,86
2022,10,river,Balu,Jolshiri Abason,SS,14.0,False,86
2022,11,river,Balu,Jolshiri Abason,SS,7.0,False,86
2022,12,river,Balu,Jolshiri Abason,SS,33.0,False,86
2022,1,river,Balu,Jolshiri Abason,TDS,138.0,False,86
2022,2,river,Balu,Jolshiri Abason,TDS,385.0,False,86
2022,3,river,Balu,Jolshiri Abason,TDS,422.0,False,86
2022,4,river,Balu,Jolshiri Abason,TDS,138.0,False,86
2022,5,river,Balu,Jolshiri Abason,TDS,135.0,False,86
2022,6,river,Balu,Jolshiri Abason,TDS,95.0,False,86
2022,7,river,Balu,Jolshiri Abason,TDS,160.0,False,86
2022,8,river,Balu,Jolshiri Abason,TDS,108.0,False,86
2022,9,river,Balu,Jolshiri Abason,TDS,122.5,False,86
2022,10,river,Balu,Jolshiri Abason,TDS,96.5,False,86
2022,11,river,Balu,Jolshiri Abason,TDS,90.0,False,86
2022,12,river,Balu,Jolshiri Abason,TDS,142.3,False,86
2022,1,river,Balu,Jolshiri Abason,TotalAlkalinity,138.0,False,86
2022,2,river,Balu,Jolshiri Abason,TotalAlkalinity,141.0,False,86
2022,3,river,Balu,Jolshiri Abason,TotalAlkalinity,320.0,False,86
2022,4,river,Balu,Jolshiri Abason,TotalAlkalinity,138.0,False,86
2022,5,river,Balu,Jolshiri Abason,TotalAlkalinity,99.0,False,86
2022,6,river,Balu,Jolshiri Abason,TotalAlkalinity,32.0,False,86
2022,7,river,Balu,Jolshiri Abason,TotalAlkalinity,71.0,False,86
2022,8,river,Balu,Jolshiri Abason,TotalAlkalinity,40.0,False,86
2022,9,river,Balu,Jolshiri Abason,TotalAlkalinity,50.0,False,86
2022,10,river,Balu,Jolshiri Abason,TotalAlkalinity,42.0,False,86
2022,11,river,Balu,Jolshiri Abason,TotalAlkalinity,40.0,False,86
2022,12,river,Balu,Jolshiri Abason,TotalAlkalinity,104.0,False,86
2022,1,river,Balu,Jolshiri Abason,Turbidity,23.4,False,87
2022,2,river,Balu,Jolshiri Abason,Turbidity,21.0,False,87
2022,3,river,Balu,Jolshiri Abason,Turbidity,86.3,False,87
2022,4,river,Balu,Jolshiri Abason,Turbidity,18.0,False,87
2022,5,river,Balu,Jolshiri Abason,Turbidity,5.35,False,87
2022,6,river,Balu,Jolshiri Abason,Turbidity,20.2,False,87
2022,7,river,Balu,Jolshiri Abason,Turbidity,4.9,False,87
2022,8,river,Balu,Jolshiri Abason,Turbidity,10.4,False,87
2022,9,river,Balu,Jolshiri Abason,Turbidity,5.0,False,87
2022,10,river,Balu,Jolshiri Abason,Turbidity,12.0,False,87
2022,11,river,Balu,Jolshiri Abason,Turbidity,5.68,False,87
2022,12,river,Balu,Jolshiri Abason,Turbidity,44.0,False,87
2022,1,river,Balu,Jolshiri Abason,pH,7.13,False,85
2022,2,river,Balu,Jolshiri Abason,pH,7.34,False,85
2022,3,river,Balu,Jolshiri Abason,pH,7.1,False,85
2022,4,river,Balu,Jolshiri Abason,pH,7.13,False,85
2022,5,river,Balu,Jolshiri Abason,pH,7.21,False,85
2022,6,river,Balu,Jolshiri Abason,pH,7.34,False,85
2022,7,river,Balu,Jolshiri Abason,pH,7.62,False,85
2022,8,river,Balu,Jolshiri Abason,pH,6.86,False,85
2022,9,river,Balu,Jolshiri Abason,pH,6.5,False,85
2022,10,river,Balu,Jolshiri Abason,pH,7.16,False,85
2022,11,river,Balu,Jolshiri Abason,pH,7.52,False,85
2022,12,river,Balu,Jolshiri Abason,pH,7.26,False,85
2022,1,river,Balu,Trimohoni Bridge,BOD,28.0,False,86
2022,2,river,Balu,Trimohoni Bridge,BOD,74.4,False,86
2022,3,river,Balu,Trimohoni Bridge,BOD,44.0,False,86
2022,4,river,Balu,Trimohoni Bridge,BOD,30.0,False,86
2022,5,river,Balu,Trimohoni Bridge,BOD,14.0,False,86
2022,6,river,Balu,Trimohoni Bridge,BOD,10.0,False,86
2022,7,river,Balu,Trimohoni Bridge,BOD,22.0,False,86
2022,8,river,Balu,Trimohoni Bridge,BOD,8.4,False,86
2022,9,river,Balu,Trimohoni Bridge,BOD,30.0,False,86
2022,10,river,Balu,Trimohoni Bridge,BOD,22.0,False,86
2022,11,river,Balu,Trimohoni Bridge,BOD,6.0,False,86
2022,12,river,Balu,Trimohoni Bridge,BOD,88.5,False,86
2022,1,river,Balu,Trimohoni Bridge,COD,117.0,False,86
2022,2,river,Balu,Trimohoni Bridge,COD,120.0,False,86
2022,3,river,Balu,Trimohoni Bridge,COD,93.0,False,86
2022,4,river,Balu,Trimohoni Bridge,COD,117.0,False,86
2022,5,river,Balu,Trimohoni Bridge,COD,56.0,False,86
2022,6,river,Balu,Trimohoni Bridge,COD,28.0,False,86
2022,7,river,Balu,Trimohoni Bridge,COD,95.0,False,86
2022,8,river,Balu,Trimohoni Bridge,COD,22.0,False,86
2022,9,river,Balu,Trimohoni Bridge,COD,61.0,False,86
2022,10,river,Balu,Trimohoni Bridge,COD,53.0,False,86
2022,11,river,Balu,Trimohoni Bridge,COD,90.0,False,86
2022,12,river,Balu,Trimohoni Bridge,COD,222.0,False,86
2022,1,river,Balu,Trimohoni Bridge,Chloride,79.0,False,86
2022,2,river,Balu,Trimohoni Bridge,Chloride,92.5,False,86
2022,3,river,Balu,Trimohoni Bridge,Chloride,102.0,False,86
2022,4,river,Balu,Trimohoni Bridge,Chloride,79.0,False,86
2022,5,river,Balu,Trimohoni Bridge,Chloride,58.5,False,86
2022,6,river,Balu,Trimohoni Bridge,Chloride,22.0,False,86
2022,7,river,Balu,Trimohoni Bridge,Chloride,40.0,False,86
2022,8,river,Balu,Trimohoni Bridge,Chloride,48.0,False,86
2022,9,river,Balu,Trimohoni Bridge,Chloride,50.0,False,86
2022,10,river,Balu,Trimohoni Bridge,Chloride,43.5,False,86
2022,11,river,Balu,Trimohoni Bridge,Chloride,80.0,False,86
2022,12,river,Balu,Trimohoni Bridge,Chloride,93.0,False,86
2022,1,river,Balu,Trimohoni Bridge,DO,0.0,False,86
2022,2,river,Balu,Trimohoni Bridge,DO,1.26,False,86
2022,3,river,Balu,Trimohoni Bridge,DO,2.18,False,86
2022,4,river,Balu,Trimohoni Bridge,DO,0.0,False,86
2022,5,river,Balu,Trimohoni Bridge,DO,0.0,False,86
2022,6,river,Balu,Trimohoni Bridge,DO,2.7,False,86
2022,7,river,Balu,Trimohoni Bridge,DO,2.3,False,86
2022,8,river,Balu,Trimohoni Bridge,DO,1.2,False,86
2022,9,river,Balu,Trimohoni Bridge,DO,1.0,False,86
2022,10,river,Balu,Trimohoni Bridge,DO,0.4,False,86
2022,11,river,Balu,Trimohoni Bridge,DO,0.1,False,86
2022,12,river,Balu,Trimohoni Bridge,DO,0.1,False,86
2022,1,river,Balu,Trimohoni Bridge,EC,347.0,False,86
2022,2,river,Balu,Trimohoni Bridge,EC,818.0,False,86
2022,3,river,Balu,Trimohoni Bridge,EC,832.0,False,86
2022,4,river,Balu,Trimohoni Bridge,EC,347.0,False,86
2022,5,river,Balu,Trimohoni Bridge,EC,536.0,False,86
2022,6,river,Balu,Trimohoni Bridge,EC,201.0,False,86
2022,7,river,Balu,Trimohoni Bridge,EC,556.0,False,86
2022,8,river,Balu,Trimohoni Bridge,EC,469.0,False,86
2022,9,river,Balu,Trimohoni Bridge,EC,575.0,False,86
2022,10,river,Balu,Trimohoni Bridge,EC,506.0,False,86
2022,11,river,Balu,Trimohoni Bridge,EC,703.0,False,86
2022,12,river,Balu,Trimohoni Bridge,EC,842.0,False,86
2022,1,river,Balu,Trimohoni Bridge,SS,69.0,False,86
2022,2,river,Balu,Trimohoni Bridge,SS,121.0,False,86
2022,3,river,Balu,Trimohoni Bridge,SS,69.0,False,86
2022,4,river,Balu,Trimohoni Bridge,SS,69.0,False,86
2022,5,river,Balu,Trimohoni Bridge,SS,102.0,False,86
2022,6,river,Balu,Trimohoni Bridge,SS,43.0,False,86
2022,7,river,Balu,Trimohoni Bridge,SS,75.0,False,86
2022,8,river,Balu,Trimohoni Bridge,SS,22.2,False,86
2022,9,river,Balu,Trimohoni Bridge,SS,59.0,False,86
2022,10,river,Balu,Trimohoni Bridge,SS,81.0,False,86
2022,11,river,Balu,Trimohoni Bridge,SS,58.0,False,86
2022,12,river,Balu,Trimohoni Bridge,SS,48.0,False,86
2022,1,river,Balu,Trimohoni Bridge,TDS,180.0,False,86
2022,2,river,Balu,Trimohoni Bridge,TDS,470.0,False,86
2022,3,river,Balu,Trimohoni Bridge,TDS,443.0,False,86
2022,4,river,Balu,Trimohoni Bridge,TDS,180.0,False,86
2022,5,river,Balu,Trimohoni Bridge,TDS,282.0,False,86
2022,6,river,Balu,Trimohoni Bridge,TDS,107.0,False,86
2022,7,river,Balu,Trimohoni Bridge,TDS,294.0,False,86
2022,8,river,Balu,Trimohoni Bridge,TDS,264.0,False,86
2022,9,river,Balu,Trimohoni Bridge,TDS,288.0,False,86
2022,10,river,Balu,Trimohoni Bridge,TDS,271.0,False,86
2022,11,river,Balu,Trimohoni Bridge,TDS,407.0,False,86
2022,12,river,Balu,Trimohoni Bridge,TDS,446.0,False,86
2022,1,river,Balu,Trimohoni Bridge,TotalAlkalinity,336.0,False,86
2022,2,river,Balu,Trimohoni Bridge,TotalAlkalinity,370.0,False,86
2022,3,river,Balu,Trimohoni Bridge,TotalAlkalinity,300.0,False,86
2022,4,river,Balu,Trimohoni Bridge,TotalAlkalinity,336.0,False,86
2022,5,river,Balu,Trimohoni Bridge,TotalAlkalinity,102.0,False,86
2022,6,river,Balu,Trimohoni Bridge,TotalAlkalinity,42.0,False,86
2022,7,river,Balu,Trimohoni Bridge,TotalAlkalinity,82.0,False,86
2022,8,river,Balu,Trimohoni Bridge,TotalAlkalinity,72.0,False,86
2022,9,river,Balu,Trimohoni Bridge,TotalAlkalinity,78.0,False,86
2022,10,river,Balu,Trimohoni Bridge,TotalAlkalinity,89.0,False,86
2022,11,river,Balu,Trimohoni Bridge,TotalAlkalinity,124.0,False,86
2022,12,river,Balu,Trimohoni Bridge,TotalAlkalinity,296.0,False,86
2022,1,river,Balu,Trimohoni Bridge,Turbidity,51.0,False,87
2022,2,river,Balu,Trimohoni Bridge,Turbidity,71.0,False,87
2022,3,river,Balu,Trimohoni Bridge,Turbidity,34.4,False,87
2022,4,river,Balu,Trimohoni Bridge,Turbidity,51.0,False,87
2022,5,river,Balu,Trimohoni Bridge,Turbidity,78.0,False,87
2022,6,river,Balu,Trimohoni Bridge,Turbidity,22.9,False,87
2022,7,river,Balu,Trimohoni Bridge,Turbidity,68.4,False,87
2022,8,river,Balu,Trimohoni Bridge,Turbidity,28.3,False,87
2022,9,river,Balu,Trimohoni Bridge,Turbidity,29.0,False,87
2022,10,river,Balu,Trimohoni Bridge,Turbidity,34.7,False,87
2022,11,river,Balu,Trimohoni Bridge,Turbidity,65.0,False,87
2022,12,river,Balu,Trimohoni Bridge,Turbidity,49.0,False,87
2022,1,river,Balu,Trimohoni Bridge,pH,6.82,False,85
2022,2,river,Balu,Trimohoni Bridge,pH,7.14,False,85
2022,3,river,Balu,Trimohoni Bridge,pH,7.07,False,85
2022,4,river,Balu,Trimohoni Bridge,pH,6.82,False,85
2022,5,river,Balu,Trimohoni Bridge,pH,7.1,False,85
2022,6,river,Balu,Trimohoni Bridge,pH,6.99,False,85
2022,7,river,Balu,Trimohoni Bridge,pH,7.02,False,85
2022,8,river,Balu,Trimohoni Bridge,pH,7.14,False,85
2022,9,river,Balu,Trimohoni Bridge,pH,7.16,False,85
2022,10,river,Balu,Trimohoni Bridge,pH,7.46,False,85
2022,11,river,Balu,Trimohoni Bridge,pH,7.25,False,85
2022,12,river,Balu,Trimohoni Bridge,pH,7.22,False,85
2022,5,river,Bhairab,Basundia Bazar,BOD,3.5,False,100
2022,5,river,Bhairab,Basundia Bazar,Chloride,4212.0,False,101
2022,5,river,Bhairab,Basundia Bazar,DO,1.01,False,100
2022,5,river,Bhairab,Basundia Bazar,EC,510.0,False,101
2022,5,river,Bhairab,Basundia Bazar,Salinity,3.4,False,101
2022,5,river,Bhairab,Basundia Bazar,TDS,229.0,False,100
2022,5,river,Bhairab,Basundia Bazar,Turbidity,12.0,False,101
2022,5,river,Bhairab,Basundia Bazar,pH,8.26,False,100
2022,5,river,Bhairab,Fultala Ghat,BOD,1.7,False,100
2022,5,river,Bhairab,Fultala Ghat,Chloride,845.0,False,101
2022,5,river,Bhairab,Fultala Ghat,DO,4.7,False,100
2022,5,river,Bhairab,Fultala Ghat,EC,1219.0,False,101
2022,5,river,Bhairab,Fultala Ghat,Salinity,0.6,False,101
2022,5,river,Bhairab,Fultala Ghat,TDS,655.0,False,100
2022,5,river,Bhairab,Fultala Ghat,Turbidity,75.0,False,101
2022,5,river,Bhairab,Fultala Ghat,pH,7.55,False,100
2022,5,river,Bhairab,Noapara,BOD,1.6,False,100
2022,5,river,Bhairab,Noapara,Chloride,805.0,False,101
2022,5,river,Bhairab,Noapara,DO,3.6,False,100
2022,5,river,Bhairab,Noapara,EC,1048.0,False,101
2022,5,river,Bhairab,Noapara,Salinity,0.65,False,101
2022,5,river,Bhairab,Noapara,TDS,481.0,False,100
2022,5,river,Bhairab,Noapara,Turbidity,66.0,False,101
2022,5,river,Bhairab,Noapara,pH,8.09,False,100
2022,5,river,Bhairab,Noapara Ferry Ghat,BOD,1.8,False,100
2022,5,river,Bhairab,Noapara Ferry Ghat,Chloride,805.0,False,101
2022,5,river,Bhairab,Noapara Ferry Ghat,DO,4.3,False,100
2022,5,river,Bhairab,Noapara Ferry Ghat,EC,1035.0,False,101
2022,5,river,Bhairab,Noapara Ferry Ghat,Salinity,0.65,False,101
2022,5,river,Bhairab,Noapara Ferry Ghat,TDS,476.0,False,100
2022,5,river,Bhairab,Noapara Ferry Ghat,Turbidity,75.0,False,101
2022,5,river,Bhairab,Noapara Ferry Ghat,pH,8.19,False,100
2022,8,river,Brahmaputra,Jamalpur Bridge,BOD,5.0,False,88
2022,12,river,Brahmaputra,Jamalpur Bridge,BOD,3.0,False,88
2022,8,river,Brahmaputra,Jamalpur Bridge,Chloride,7.5,False,89
2022,12,river,Brahmaputra,Jamalpur Bridge,Chloride,2.0,False,89
2022,8,river,Brahmaputra,Jamalpur Bridge,DO,7.4,False,88
2022,12,river,Brahmaputra,Jamalpur Bridge,DO,7.7,False,88
2022,8,river,Brahmaputra,Jamalpur Bridge,SS,294.0,False,89
2022,12,river,Brahmaputra,Jamalpur Bridge,SS,8.0,False,89
2022,8,river,Brahmaputra,Jamalpur Bridge,TDS,57.2,False,89
2022,12,river,Brahmaputra,Jamalpur Bridge,TDS,156.7,False,89
2022,8,river,Brahmaputra,Jamalpur Bridge,pH,6.85,False,88
2022,12,river,Brahmaputra,Jamalpur Bridge,pH,7.83,False,88
2022,12,river,Brahmaputra,Jamalpur Rail Bridge,BOD,1.8,False,88
2022,12,river,Brahmaputra,Jamalpur Rail Bridge,Chloride,11.5,False,89
2022,12,river,Brahmaputra,Jamalpur Rail Bridge,DO,8.0,False,88
2022,12,river,Brahmaputra,Jamalpur Rail Bridge,SS,19.9,False,89
2022,12,river,Brahmaputra,Jamalpur Rail Bridge,TDS,169.5,False,89
2022,12,river,Brahmaputra,Jamalpur Rail Bridge,pH,7.93,False,88
2022,2,river,Brahmaputra,Mymensingh,BOD,7.2,False,88
2022,2,river,Brahmaputra,Mymensingh,Chloride,11.0,False,89
2022,2,river,Brahmaputra,Mymensingh,DO,11.4,False,88
2022,2,river,Brahmaputra,Mymensingh,SS,11.0,False,89
2022,2,river,Brahmaputra,Mymensingh,TDS,148.0,False,89
2022,2,river,Brahmaputra,Mymensingh,pH,7.97,False,88
2022,1,river,Buriganga,Bosila Bridge,BOD,16.0,False,80
2022,2,river,Buriganga,Bosila Bridge,BOD,22.0,False,80
2022,3,river,Buriganga,Bosila Bridge,BOD,24.0,False,80
2022,4,river,Buriganga,Bosila Bridge,BOD,34.0,False,80
2022,5,river,Buriganga,Bosila Bridge,BOD,6.0,False,80
2022,6,river,Buriganga,Bosila Bridge,BOD,6.2,False,80
2022,7,river,Buriganga,Bosila Bridge,BOD,6.2,False,80
2022,8,river,Buriganga,Bosila Bridge,BOD,6.4,False,80
2022,9,river,Buriganga,Bosila Bridge,BOD,8.2,False,80
2022,10,river,Buriganga,Bosila Bridge,BOD,6.4,False,80
2022,11,river,Buriganga,Bosila Bridge,BOD,8.2,False,80
2022,12,river,Buriganga,Bosila Bridge,BOD,10.4,False,80
2022,1,river,Buriganga,Bosila Bridge,COD,93.0,False,80
2022,2,river,Buriganga,Bosila Bridge,COD,52.0,False,80
2022,3,river,Buriganga,Bosila Bridge,COD,54.0,False,80
2022,4,river,Buriganga,Bosila Bridge,COD,64.0,False,80
2022,5,river,Buriganga,Bosila Bridge,COD,22.0,False,80
2022,6,river,Buriganga,Bosila Bridge,COD,32.0,False,80
2022,7,river,Buriganga,Bosila Bridge,COD,22.0,False,80
2022,8,river,Buriganga,Bosila Bridge,COD,12.0,False,80
2022,9,river,Buriganga,Bosila Bridge,COD,68.0,False,80
2022,10,river,Buriganga,Bosila Bridge,COD,22.0,False,80
2022,11,river,Buriganga,Bosila Bridge,COD,22.0,False,80
2022,12,river,Buriganga,Bosila Bridge,COD,44.0,False,80
2022,1,river,Buriganga,Bosila Bridge,Chloride,59.0,False,81
2022,2,river,Buriganga,Bosila Bridge,Chloride,64.0,False,81
2022,3,river,Buriganga,Bosila Bridge,Chloride,85.0,False,81
2022,4,river,Buriganga,Bosila Bridge,Chloride,80.0,False,81
2022,5,river,Buriganga,Bosila Bridge,Chloride,71.0,False,81
2022,6,river,Buriganga,Bosila Bridge,Chloride,8.5,False,81
2022,7,river,Buriganga,Bosila Bridge,Chloride,13.5,False,81
2022,8,river,Buriganga,Bosila Bridge,Chloride,6.8,False,81
2022,9,river,Buriganga,Bosila Bridge,Chloride,6.2,False,81
2022,10,river,Buriganga,Bosila Bridge,Chloride,5.0,False,81
2022,11,river,Buriganga,Bosila Bridge,Chloride,5.0,False,81
2022,12,river,Buriganga,Bosila Bridge,Chloride,30.0,False,81
2022,1,river,Buriganga,Bosila Bridge,DO,1.9,False,80
2022,2,river,Buriganga,Bosila Bridge,DO,0.6,False,80
2022,3,river,Buriganga,Bosila Bridge,DO,0.13,False,80
2022,4,river,Buriganga,Bosila Bridge,DO,0.1,False,80
2022,5,river,Buriganga,Bosila Bridge,DO,3.02,False,80
2022,6,river,Buriganga,Bosila Bridge,DO,2.9,False,80
2022,7,river,Buriganga,Bosila Bridge,DO,5.57,False,80
2022,8,river,Buriganga,Bosila Bridge,DO,5.16,False,80
2022,9,river,Buriganga,Bosila Bridge,DO,5.1,False,80
2022,10,river,Buriganga,Bosila Bridge,DO,5.2,False,80
2022,11,river,Buriganga,Bosila Bridge,DO,4.1,False,80
2022,12,river,Buriganga,Bosila Bridge,DO,1.2,False,80
2022,1,river,Buriganga,Bosila Bridge,EC,659.0,False,82
2022,2,river,Buriganga,Bosila Bridge,EC,806.0,False,82
2022,3,river,Buriganga,Bosila Bridge,EC,1231.0,False,82
2022,4,river,Buriganga,Bosila Bridge,EC,1256.0,False,82
2022,5,river,Buriganga,Bosila Bridge,EC,430.0,False,82
2022,6,river,Buriganga,Bosila Bridge,EC,170.0,False,82
2022,7,river,Buriganga,Bosila Bridge,EC,325.0,False,82
2022,8,river,Buriganga,Bosila Bridge,EC,157.0,False,82
2022,9,river,Buriganga,Bosila Bridge,EC,151.0,False,82
2022,10,river,Buriganga,Bosila Bridge,EC,168.4,False,82
2022,11,river,Buriganga,Bosila Bridge,EC,149.0,False,82
2022,12,river,Buriganga,Bosila Bridge,EC,396.0,False,82
2022,2,river,Buriganga,Bosila Bridge,SS,82.0,False,81
2022,3,river,Buriganga,Bosila Bridge,SS,61.0,False,81
2022,4,river,Buriganga,Bosila Bridge,SS,80.0,False,81
2022,5,river,Buriganga,Bosila Bridge,SS,49.0,False,81
2022,6,river,Buriganga,Bosila Bridge,SS,83.0,False,81
2022,8,river,Buriganga,Bosila Bridge,SS,38.0,False,81
2022,9,river,Buriganga,Bosila Bridge,SS,53.0,False,81
2022,10,river,Buriganga,Bosila Bridge,SS,39.0,False,81
2022,11,river,Buriganga,Bosila Bridge,SS,32.0,False,81
2022,12,river,Buriganga,Bosila Bridge,SS,49.0,False,81
2022,1,river,Buriganga,Bosila Bridge,TDS,378.0,False,81
2022,2,river,Buriganga,Bosila Bridge,TDS,471.0,False,81
2022,3,river,Buriganga,Bosila Bridge,TDS,543.0,False,81
2022,4,river,Buriganga,Bosila Bridge,TDS,634.0,False,81
2022,5,river,Buriganga,Bosila Bridge,TDS,171.0,False,81
2022,6,river,Buriganga,Bosila Bridge,TDS,88.4,False,81
2022,7,river,Buriganga,Bosila Bridge,TDS,136.0,False,81
2022,8,river,Buriganga,Bosila Bridge,TDS,77.0,False,81
2022,9,river,Buriganga,Bosila Bridge,TDS,78.0,False,81
2022,10,river,Buriganga,Bosila Bridge,TDS,83.8,False,81
2022,11,river,Buriganga,Bosila Bridge,TDS,84.0,False,81
2022,12,river,Buriganga,Bosila Bridge,TDS,230.0,False,81
2022,1,river,Buriganga,Bosila Bridge,TotalAlkalinity,186.0,False,82
2022,2,river,Buriganga,Bosila Bridge,TotalAlkalinity,204.0,False,82
2022,3,river,Buriganga,Bosila Bridge,TotalAlkalinity,368.0,False,82
2022,4,river,Buriganga,Bosila Bridge,TotalAlkalinity,350.0,False,82
2022,5,river,Buriganga,Bosila Bridge,TotalAlkalinity,102.0,False,82
2022,6,river,Buriganga,Bosila Bridge,TotalAlkalinity,62.0,False,82
2022,7,river,Buriganga,Bosila Bridge,TotalAlkalinity,32.0,False,82
2022,8,river,Buriganga,Bosila Bridge,TotalAlkalinity,32.0,False,82
2022,9,river,Buriganga,Bosila Bridge,TotalAlkalinity,31.0,False,82
2022,10,river,Buriganga,Bosila Bridge,TotalAlkalinity,28.0,False,82
2022,11,river,Buriganga,Bosila Bridge,TotalAlkalinity,32.0,False,82
2022,12,river,Buriganga,Bosila Bridge,TotalAlkalinity,110.0,False,82
2022,1,river,Buriganga,Bosila Bridge,Turbidity,51.3,False,81
2022,2,river,Buriganga,Bosila Bridge,Turbidity,24.0,False,81
2022,3,river,Buriganga,Bosila Bridge,Turbidity,18.9,False,81
2022,4,river,Buriganga,Bosila Bridge,Turbidity,20.0,False,81
2022,5,river,Buriganga,Bosila Bridge,Turbidity,16.0,False,81
2022,6,river,Buriganga,Bosila Bridge,Turbidity,50.5,False,81
2022,7,river,Buriganga,Bosila Bridge,Turbidity,39.7,False,81
2022,8,river,Buriganga,Bosila Bridge,Turbidity,32.2,False,81
2022,9,river,Buriganga,Bosila Bridge,Turbidity,42.7,False,81
2022,10,river,Buriganga,Bosila Bridge,Turbidity,34.2,False,81
2022,11,river,Buriganga,Bosila Bridge,Turbidity,30.1,False,81
2022,12,river,Buriganga,Bosila Bridge,Turbidity,57.0,False,81
2022,1,river,Buriganga,Bosila Bridge,pH,7.26,False,80
2022,2,river,Buriganga,Bosila Bridge,pH,7.61,False,80
2022,3,river,Buriganga,Bosila Bridge,pH,7.77,False,80
2022,4,river,Buriganga,Bosila Bridge,pH,7.56,False,80
2022,5,river,Buriganga,Bosila Bridge,pH,6.53,False,80
2022,6,river,Buriganga,Bosila Bridge,pH,6.89,False,80
2022,7,river,Buriganga,Bosila Bridge,pH,6.64,False,80
2022,8,river,Buriganga,Bosila Bridge,pH,7.26,False,80
2022,9,river,Buriganga,Bosila Bridge,pH,7.14,False,80
2022,10,river,Buriganga,Bosila Bridge,pH,7.48,False,80
2022,11,river,Buriganga,Bosila Bridge,pH,7.29,False,80
2022,12,river,Buriganga,Bosila Bridge,pH,7.52,False,80
2022,1,river,Buriganga,Chandni Ghat,EC,634.0,False,82
2022,2,river,Buriganga,Chandni Ghat,EC,778.0,False,82
2022,3,river,Buriganga,Chandni Ghat,EC,1385.0,False,82
2022,4,river,Buriganga,Chandni Ghat,EC,1397.0,False,82
2022,5,river,Buriganga,Chandni Ghat,EC,427.0,False,82
2022,6,river,Buriganga,Chandni Ghat,EC,165.0,False,82
2022,7,river,Buriganga,Chandni Ghat,EC,233.0,False,82
2022,8,river,Buriganga,Chandni Ghat,EC,183.0,False,82
2022,9,river,Buriganga,Chandni Ghat,EC,171.0,False,82
2022,10,river,Buriganga,Chandni Ghat,EC,202.5,False,82
2022,11,river,Buriganga,Chandni Ghat,EC,273.0,False,82
2022,12,river,Buriganga,Chandni Ghat,EC,409.0,False,82
2022,2,river,Buriganga,Chandni Ghat,SS,82.0,False,81
2022,3,river,Buriganga,Chandni Ghat,SS,154.0,False,81
2022,4,river,Buriganga,Chandni Ghat,SS,156.0,False,81
2022,5,river,Buriganga,Chandni Ghat,SS,49.0,False,81
2022,6,river,Buriganga,Chandni Ghat,SS,82.0,False,81
2022,8,river,Buriganga,Chandni Ghat,SS,31.0,False,81
2022,9,river,Buriganga,Chandni Ghat,SS,48.0,False,81
2022,10,river,Buriganga,Chandni Ghat,SS,32.0,False,81
2022,11,river,Buriganga,Chandni Ghat,SS,18.0,False,81
2022,12,river,Buriganga,Chandni Ghat,SS,53.0,False,81
2022,1,river,Buriganga,Chandni Ghat,pH,7.31,False,80
2022,2,river,Buriganga,Chandni Ghat,pH,7.56,False,80
2022,3,river,Buriganga,Chandni Ghat,pH,7.6,False,80
2022,4,river,Buriganga,Chandni Ghat,pH,7.6,False,80
2022,5,river,Buriganga,Chandni Ghat,pH,6.77,False,80
2022,6,river,Buriganga,Chandni Ghat,pH,6.79,False,80
2022,7,river,Buriganga,Chandni Ghat,pH,6.8,False,80
2022,8,river,Buriganga,Chandni Ghat,pH,7.08,False,80
2022,9,river,Buriganga,Chandni Ghat,pH,7.03,False,80
2022,10,river,Buriganga,Chandni Ghat,pH,7.06,False,80
2022,11,river,Buriganga,Chandni Ghat,pH,7.06,False,80
2022,12,river,Buriganga,Chandni Ghat,pH,7.38,False,80
2022,1,river,Buriganga,Chandni Ghat Bridge,BOD,18.0,False,80
2022,2,river,Buriganga,Chandni Ghat Bridge,BOD,22.0,False,80
2022,3,river,Buriganga,Chandni Ghat Bridge,BOD,28.0,False,80
2022,4,river,Buriganga,Chandni Ghat Bridge,BOD,38.0,False,80
2022,5,river,Buriganga,Chandni Ghat Bridge,BOD,6.0,False,80
2022,6,river,Buriganga,Chandni Ghat Bridge,BOD,6.4,False,80
2022,7,river,Buriganga,Chandni Ghat Bridge,BOD,6.4,False,80
2022,8,river,Buriganga,Chandni Ghat Bridge,BOD,6.2,False,80
2022,9,river,Buriganga,Chandni Ghat Bridge,BOD,12.0,False,80
2022,10,river,Buriganga,Chandni Ghat Bridge,BOD,6.2,False,80
2022,11,river,Buriganga,Chandni Ghat Bridge,BOD,8.4,False,80
2022,12,river,Buriganga,Chandni Ghat Bridge,BOD,10.2,False,80
2022,1,river,Buriganga,Chandni Ghat Bridge,COD,68.0,False,80
2022,2,river,Buriganga,Chandni Ghat Bridge,COD,68.0,False,80
2022,3,river,Buriganga,Chandni Ghat Bridge,COD,73.0,False,80
2022,4,river,Buriganga,Chandni Ghat Bridge,COD,84.0,False,80
2022,5,river,Buriganga,Chandni Ghat Bridge,COD,14.0,False,80
2022,6,river,Buriganga,Chandni Ghat Bridge,COD,29.0,False,80
2022,7,river,Buriganga,Chandni Ghat Bridge,COD,18.0,False,80
2022,8,river,Buriganga,Chandni Ghat Bridge,COD,12.0,False,80
2022,9,river,Buriganga,Chandni Ghat Bridge,COD,73.0,False,80
2022,10,river,Buriganga,Chandni Ghat Bridge,COD,20.0,False,80
2022,11,river,Buriganga,Chandni Ghat Bridge,COD,54.0,False,80
2022,12,river,Buriganga,Chandni Ghat Bridge,COD,42.0,False,80
2022,1,river,Buriganga,Chandni Ghat Bridge,Chloride,55.0,False,81
2022,2,river,Buriganga,Chandni Ghat Bridge,Chloride,59.0,False,81
2022,3,river,Buriganga,Chandni Ghat Bridge,Chloride,83.0,False,81
2022,4,river,Buriganga,Chandni Ghat Bridge,Chloride,82.0,False,81
2022,5,river,Buriganga,Chandni Ghat Bridge,Chloride,52.0,False,81
2022,6,river,Buriganga,Chandni Ghat Bridge,Chloride,10.0,False,81
2022,7,river,Buriganga,Chandni Ghat Bridge,Chloride,9.0,False,81
2022,8,river,Buriganga,Chandni Ghat Bridge,Chloride,8.4,False,81
2022,9,river,Buriganga,Chandni Ghat Bridge,Chloride,11.5,False,81
2022,10,river,Buriganga,Chandni Ghat Bridge,Chloride,9.5,False,81
2022,11,river,Buriganga,Chandni Ghat Bridge,Chloride,12.0,False,81
2022,12,river,Buriganga,Chandni Ghat Bridge,Chloride,30.0,False,81
2022,1,river,Buriganga,Chandni Ghat Bridge,DO,1.8,False,80
2022,2,river,Buriganga,Chandni Ghat Bridge,DO,0.4,False,80
2022,3,river,Buriganga,Chandni Ghat Bridge,DO,0.12,False,80
2022,4,river,Buriganga,Chandni Ghat Bridge,DO,0.2,False,80
2022,5,river,Buriganga,Chandni Ghat Bridge,DO,0.93,False,80
2022,6,river,Buriganga,Chandni Ghat Bridge,DO,3.46,False,80
2022,7,river,Buriganga,Chandni Ghat Bridge,DO,5.72,False,80
2022,8,river,Buriganga,Chandni Ghat Bridge,DO,3.46,False,80
2022,9,river,Buriganga,Chandni Ghat Bridge,DO,5.45,False,80
2022,10,river,Buriganga,Chandni Ghat Bridge,DO,2.5,False,80
2022,11,river,Buriganga,Chandni Ghat Bridge,DO,0.2,False,80
2022,12,river,Buriganga,Chandni Ghat Bridge,DO,1.8,False,80
2022,1,river,Buriganga,Chandni Ghat Bridge,TDS,365.0,False,81
2022,2,river,Buriganga,Chandni Ghat Bridge,TDS,454.0,False,81
2022,3,river,Buriganga,Chandni Ghat Bridge,TDS,559.0,False,81
2022,4,river,Buriganga,Chandni Ghat Bridge,TDS,700.0,False,81
2022,5,river,Buriganga,Chandni Ghat Bridge,TDS,178.0,False,81
2022,6,river,Buriganga,Chandni Ghat Bridge,TDS,86.0,False,81
2022,7,river,Buriganga,Chandni Ghat Bridge,TDS,91.0,False,81
2022,8,river,Buriganga,Chandni Ghat Bridge,TDS,90.0,False,81
2022,9,river,Buriganga,Chandni Ghat Bridge,TDS,89.0,False,81
2022,10,river,Buriganga,Chandni Ghat Bridge,TDS,99.6,False,81
2022,11,river,Buriganga,Chandni Ghat Bridge,TDS,134.7,False,81
2022,12,river,Buriganga,Chandni Ghat Bridge,TDS,236.0,False,81
2022,1,river,Buriganga,Chandni Ghat Bridge,TotalAlkalinity,199.0,False,82
2022,2,river,Buriganga,Chandni Ghat Bridge,TotalAlkalinity,186.0,False,82
2022,3,river,Buriganga,Chandni Ghat Bridge,TotalAlkalinity,360.0,False,82
2022,4,river,Buriganga,Chandni Ghat Bridge,TotalAlkalinity,344.0,False,82
2022,5,river,Buriganga,Chandni Ghat Bridge,TotalAlkalinity,92.0,False,82
2022,6,river,Buriganga,Chandni Ghat Bridge,TotalAlkalinity,60.0,False,82
2022,7,river,Buriganga,Chandni Ghat Bridge,TotalAlkalinity,35.0,False,82
2022,8,river,Buriganga,Chandni Ghat Bridge,TotalAlkalinity,36.0,False,82
2022,9,river,Buriganga,Chandni Ghat Bridge,TotalAlkalinity,36.0,False,82
2022,10,river,Buriganga,Chandni Ghat Bridge,TotalAlkalinity,33.0,False,82
2022,11,river,Buriganga,Chandni Ghat Bridge,TotalAlkalinity,49.0,False,82
2022,12,river,Buriganga,Chandni Ghat Bridge,TotalAlkalinity,118.0,False,82
2022,1,river,Buriganga,Chandni Ghat Bridge,Turbidity,44.3,False,81
2022,2,river,Buriganga,Chandni Ghat Bridge,Turbidity,29.0,False,81
2022,3,river,Buriganga,Chandni Ghat Bridge,Turbidity,66.9,False,81
2022,4,river,Buriganga,Chandni Ghat Bridge,Turbidity,68.0,False,81
2022,5,river,Buriganga,Chandni Ghat Bridge,Turbidity,12.0,False,81
2022,6,river,Buriganga,Chandni Ghat Bridge,Turbidity,45.6,False,81
2022,7,river,Buriganga,Chandni Ghat Bridge,Turbidity,22.4,False,81
2022,8,river,Buriganga,Chandni Ghat Bridge,Turbidity,22.4,False,81
2022,9,river,Buriganga,Chandni Ghat Bridge,Turbidity,36.1,False,81
2022,10,river,Buriganga,Chandni Ghat Bridge,Turbidity,25.4,False,81
2022,11,river,Buriganga,Chandni Ghat Bridge,Turbidity,28.9,False,81
2022,12,river,Buriganga,Chandni Ghat Bridge,Turbidity,52.0,False,81
2022,1,river,Buriganga,Fatullah,BOD,16.0,False,80
2022,2,river,Buriganga,Fatullah,BOD,22.0,False,80
2022,3,river,Buriganga,Fatullah,BOD,26.0,False,80
2022,4,river,Buriganga,Fatullah,BOD,38.0,False,80
2022,5,river,Buriganga,Fatullah,BOD,6.0,False,80
2022,6,river,Buriganga,Fatullah,BOD,6.2,False,80
2022,7,river,Buriganga,Fatullah,BOD,6.2,False,80
2022,8,river,Buriganga,Fatullah,BOD,6.4,False,80
2022,9,river,Buriganga,Fatullah,BOD,8.0,False,80
2022,10,river,Buriganga,Fatullah,BOD,6.4,False,80
2022,11,river,Buriganga,Fatullah,BOD,8.2,False,80
2022,12,river,Buriganga,Fatullah,BOD,12.6,False,80
2022,1,river,Buriganga,Fatullah,COD,72.0,False,80
2022,2,river,Buriganga,Fatullah,COD,70.0,False,80
2022,3,river,Buriganga,Fatullah,COD,100.0,False,80
2022,4,river,Buriganga,Fatullah,COD,110.0,False,80
2022,5,river,Buriganga,Fatullah,COD,27.0,False,80
2022,6,river,Buriganga,Fatullah,COD,24.0,False,80
2022,7,river,Buriganga,Fatullah,COD,22.0,False,80
2022,8,river,Buriganga,Fatullah,COD,10.0,False,80
2022,9,river,Buriganga,Fatullah,COD,15.0,False,80
2022,10,river,Buriganga,Fatullah,COD,20.0,False,80
2022,11,river,Buriganga,Fatullah,COD,28.0,False,80
2022,12,river,Buriganga,Fatullah,COD,28.0,False,80
2022,1,river,Buriganga,Fatullah,Chloride,53.0,False,81
2022,2,river,Buriganga,Fatullah,Chloride,56.0,False,81
2022,3,river,Buriganga,Fatullah,Chloride,90.0,False,81
2022,4,river,Buriganga,Fatullah,Chloride,86.0,False,81
2022,5,river,Buriganga,Fatullah,Chloride,55.0,False,81
2022,6,river,Buriganga,Fatullah,Chloride,13.5,False,81
2022,7,river,Buriganga,Fatullah,Chloride,16.0,False,81
2022,8,river,Buriganga,Fatullah,Chloride,8.0,False,81
2022,9,river,Buriganga,Fatullah,Chloride,10.5,False,81
2022,10,river,Buriganga,Fatullah,Chloride,7.0,False,81
2022,11,river,Buriganga,Fatullah,Chloride,10.0,False,81
2022,12,river,Buriganga,Fatullah,Chloride,32.0,False,81
2022,1,river,Buriganga,Fatullah,DO,1.9,False,80
2022,2,river,Buriganga,Fatullah,DO,1.8,False,80
2022,3,river,Buriganga,Fatullah,DO,0.16,False,80
2022,4,river,Buriganga,Fatullah,DO,0.2,False,80
2022,5,river,Buriganga,Fatullah,DO,1.79,False,80
2022,6,river,Buriganga,Fatullah,DO,3.36,False,80
2022,7,river,Buriganga,Fatullah,DO,5.05,False,80
2022,8,river,Buriganga,Fatullah,DO,4.3,False,80
2022,9,river,Buriganga,Fatullah,DO,5.0,False,80
2022,10,river,Buriganga,Fatullah,DO,3.0,False,80
2022,11,river,Buriganga,Fatullah,DO,3.0,False,80
2022,12,river,Buriganga,Fatullah,DO,1.8,False,80
2022,1,river,Buriganga,Fatullah,EC,620.0,False,82
2022,2,river,Buriganga,Fatullah,EC,738.0,False,82
2022,3,river,Buriganga,Fatullah,EC,1258.0,False,82
2022,4,river,Buriganga,Fatullah,EC,1308.0,False,82
2022,5,river,Buriganga,Fatullah,EC,443.0,False,82
2022,6,river,Buriganga,Fatullah,EC,211.0,False,82
2022,7,river,Buriganga,Fatullah,EC,395.0,False,82
2022,8,river,Buriganga,Fatullah,EC,172.0,False,82
2022,9,river,Buriganga,Fatullah,EC,171.0,False,82
2022,10,river,Buriganga,Fatullah,EC,177.0,False,82
2022,11,river,Buriganga,Fatullah,EC,169.0,False,82
2022,12,river,Buriganga,Fatullah,EC,418.0,False,82
2022,2,river,Buriganga,Fatullah,SS,82.0,False,81
2022,3,river,Buriganga,Fatullah,SS,97.0,False,81
2022,4,river,Buriganga,Fatullah,SS,88.0,False,81
2022,5,river,Buriganga,Fatullah,SS,53.0,False,81
2022,6,river,Buriganga,Fatullah,SS,6.0,False,81
2022,8,river,Buriganga,Fatullah,SS,31.0,False,81
2022,9,river,Buriganga,Fatullah,SS,38.0,False,81
2022,10,river,Buriganga,Fatullah,SS,35.0,False,81
2022,11,river,Buriganga,Fatullah,SS,27.0,False,81
2022,12,river,Buriganga,Fatullah,SS,56.0,False,81
2022,1,river,Buriganga,Fatullah,TDS,358.0,False,81
2022,2,river,Buriganga,Fatullah,TDS,425.0,False,81
2022,3,river,Buriganga,Fatullah,TDS,549.0,False,81
2022,4,river,Buriganga,Fatullah,TDS,656.0,False,81
2022,5,river,Buriganga,Fatullah,TDS,188.0,False,81
2022,6,river,Buriganga,Fatullah,TDS,109.0,False,81
2022,7,river,Buriganga,Fatullah,TDS,160.0,False,81
2022,8,river,Buriganga,Fatullah,TDS,84.0,False,81
2022,9,river,Buriganga,Fatullah,TDS,87.0,False,81
2022,10,river,Buriganga,Fatullah,TDS,86.8,False,81
2022,11,river,Buriganga,Fatullah,TDS,95.4,False,81
2022,12,river,Buriganga,Fatullah,TDS,241.0,False,81
2022,1,river,Buriganga,Fatullah,TotalAlkalinity,182.0,False,82
2022,2,river,Buriganga,Fatullah,TotalAlkalinity,182.0,False,82
2022,3,river,Buriganga,Fatullah,TotalAlkalinity,370.0,False,82
2022,4,river,Buriganga,Fatullah,TotalAlkalinity,354.0,False,82
2022,5,river,Buriganga,Fatullah,TotalAlkalinity,124.0,False,82
2022,6,river,Buriganga,Fatullah,TotalAlkalinity,84.0,False,82
2022,7,river,Buriganga,Fatullah,TotalAlkalinity,34.0,False,82
2022,8,river,Buriganga,Fatullah,TotalAlkalinity,34.0,False,82
2022,9,river,Buriganga,Fatullah,TotalAlkalinity,34.0,False,82
2022,10,river,Buriganga,Fatullah,TotalAlkalinity,28.0,False,82
2022,11,river,Buriganga,Fatullah,TotalAlkalinity,38.0,False,82
2022,12,river,Buriganga,Fatullah,TotalAlkalinity,138.0,False,82
2022,1,river,Buriganga,Fatullah,Turbidity,34.5,False,81
2022,2,river,Buriganga,Fatullah,Turbidity,46.0,False,81
2022,3,river,Buriganga,Fatullah,Turbidity,25.7,False,81
2022,4,river,Buriganga,Fatullah,Turbidity,26.1,False,81
2022,5,river,Buriganga,Fatullah,Turbidity,13.1,False,81
2022,6,river,Buriganga,Fatullah,Turbidity,34.6,False,81
2022,7,river,Buriganga,Fatullah,Turbidity,33.0,False,81
2022,8,river,Buriganga,Fatullah,Turbidity,28.6,False,81
2022,9,river,Buriganga,Fatullah,Turbidity,26.8,False,81
2022,10,river,Buriganga,Fatullah,Turbidity,34.2,False,81
2022,11,river,Buriganga,Fatullah,Turbidity,25.2,False,81
2022,12,river,Buriganga,Fatullah,Turbidity,65.0,False,81
2022,1,river,Buriganga,Fatullah,pH,7.32,False,80
2022,2,river,Buriganga,Fatullah,pH,7.64,False,80
2022,3,river,Buriganga,Fatullah,pH,7.69,False,80
2022,4,river,Buriganga,Fatullah,pH,7.69,False,80
2022,5,river,Buriganga,Fatullah,pH,6.76,False,80
2022,6,river,Buriganga,Fatullah,pH,7.02,False,80
2022,7,river,Buriganga,Fatullah,pH,6.71,False,80
2022,8,river,Buriganga,Fatullah,pH,7.16,False,80
2022,9,river,Buriganga,Fatullah,pH,7.04,False,80
2022,10,river,Buriganga,Fatullah,pH,7.01,False,80
2022,11,river,Buriganga,Fatullah,pH,7.31,False,80
2022,12,river,Buriganga,Fatullah,pH,7.39,False,80
2022,1,river,Buriganga,Friendship Bridge,EC,631.0,False,82
2022,2,river,Buriganga,Friendship Bridge,EC,759.0,False,82
2022,3,river,Buriganga,Friendship Bridge,EC,1369.0,False,82
2022,4,river,Buriganga,Friendship Bridge,EC,1388.0,False,82
2022,5,river,Buriganga,Friendship Bridge,EC,441.0,False,82
2022,6,river,Buriganga,Friendship Bridge,EC,181.0,False,82
2022,7,river,Buriganga,Friendship Bridge,EC,220.0,False,82
2022,8,river,Buriganga,Friendship Bridge,EC,160.0,False,82
2022,9,river,Buriganga,Friendship Bridge,EC,165.0,False,82
2022,10,river,Buriganga,Friendship Bridge,EC,224.0,False,82
2022,11,river,Buriganga,Friendship Bridge,EC,221.0,False,82
2022,12,river,Buriganga,Friendship Bridge,EC,399.0,False,82
2022,2,river,Buriganga,Friendship Bridge,SS,76.0,False,81
2022,3,river,Buriganga,Friendship Bridge,SS,86.0,False,81
2022,4,river,Buriganga,Friendship Bridge,SS,84.0,False,81
2022,5,river,Buriganga,Friendship Bridge,SS,48.0,False,81
2022,6,river,Buriganga,Friendship Bridge,SS,62.0,False,81
2022,8,river,Buriganga,Friendship Bridge,SS,33.0,False,81
2022,9,river,Buriganga,Friendship Bridge,SS,40.0,False,81
2022,10,river,Buriganga,Friendship Bridge,SS,39.0,False,81
2022,11,river,Buriganga,Friendship Bridge,SS,15.0,False,81
2022,12,river,Buriganga,Friendship Bridge,SS,44.0,False,81
2022,1,river,Buriganga,Friendship Bridge,pH,7.32,False,80
2022,2,river,Buriganga,Friendship Bridge,pH,7.52,False,80
2022,3,river,Buriganga,Friendship Bridge,pH,7.54,False,80
2022,4,river,Buriganga,Friendship Bridge,pH,7.54,False,80
2022,5,river,Buriganga,Friendship Bridge,pH,6.8,False,80
2022,6,river,Buriganga,Friendship Bridge,pH,6.89,False,80
2022,7,river,Buriganga,Friendship Bridge,pH,6.85,False,80
2022,8,river,Buriganga,Friendship Bridge,pH,7.12,False,80
2022,9,river,Buriganga,Friendship Bridge,pH,7.01,False,80
2022,10,river,Buriganga,Friendship Bridge,pH,6.91,False,80
2022,11,river,Buriganga,Friendship Bridge,pH,7.07,False,80
2022,12,river,Buriganga,Friendship Bridge,pH,7.39,False,80
2022,1,river,Buriganga,Hazaribagh,BOD,18.0,False,80
2022,2,river,Buriganga,Hazaribagh,BOD,28.0,False,80
2022,3,river,Buriganga,Hazaribagh,BOD,15.0,False,80
2022,4,river,Buriganga,Hazaribagh,BOD,26.0,False,80
2022,5,river,Buriganga,Hazaribagh,BOD,8.0,False,80
2022,6,river,Buriganga,Hazaribagh,BOD,6.8,False,80
2022,7,river,Buriganga,Hazaribagh,BOD,6.2,False,80
2022,8,river,Buriganga,Hazaribagh,BOD,10.0,False,80
2022,9,river,Buriganga,Hazaribagh,BOD,10.0,False,80
2022,10,river,Buriganga,Hazaribagh,BOD,6.8,False,80
2022,11,river,Buriganga,Hazaribagh,BOD,8.4,False,80
2022,12,river,Buriganga,Hazaribagh,BOD,10.4,False,80
2022,1,river,Buriganga,Hazaribagh,COD,66.0,False,80
2022,2,river,Buriganga,Hazaribagh,COD,90.0,False,80
2022,3,river,Buriganga,Hazaribagh,COD,110.0,False,80
2022,4,river,Buriganga,Hazaribagh,COD,120.0,False,80
2022,5,river,Buriganga,Hazaribagh,COD,27.0,False,80
2022,6,river,Buriganga,Hazaribagh,COD,39.0,False,80
2022,7,river,Buriganga,Hazaribagh,COD,18.0,False,80
2022,8,river,Buriganga,Hazaribagh,COD,51.0,False,80
2022,9,river,Buriganga,Hazaribagh,COD,93.0,False,80
2022,10,river,Buriganga,Hazaribagh,COD,48.0,False,80
2022,11,river,Buriganga,Hazaribagh,COD,24.0,False,80
2022,12,river,Buriganga,Hazaribagh,COD,68.0,False,80
2022,1,river,Buriganga,Hazaribagh,Chloride,52.0,False,81
2022,2,river,Buriganga,Hazaribagh,Chloride,71.0,False,81
2022,3,river,Buriganga,Hazaribagh,Chloride,79.0,False,81
2022,4,river,Buriganga,Hazaribagh,Chloride,78.0,False,81
2022,5,river,Buriganga,Hazaribagh,Chloride,62.0,False,81
2022,6,river,Buriganga,Hazaribagh,Chloride,9.0,False,81
2022,7,river,Buriganga,Hazaribagh,Chloride,17.5,False,81
2022,8,river,Buriganga,Hazaribagh,Chloride,6.0,False,81
2022,9,river,Buriganga,Hazaribagh,Chloride,8.0,False,81
2022,10,river,Buriganga,Hazaribagh,Chloride,4.5,False,81
2022,11,river,Buriganga,Hazaribagh,Chloride,7.0,False,81
2022,12,river,Buriganga,Hazaribagh,Chloride,55.0,False,81
2022,1,river,Buriganga,Hazaribagh,DO,2.4,False,80
2022,2,river,Buriganga,Hazaribagh,DO,0.8,False,80
2022,3,river,Buriganga,Hazaribagh,DO,0.24,False,80
2022,4,river,Buriganga,Hazaribagh,DO,0.3,False,80
2022,5,river,Buriganga,Hazaribagh,DO,1.17,False,80
2022,6,river,Buriganga,Hazaribagh,DO,5.71,False,80
2022,7,river,Buriganga,Hazaribagh,DO,5.65,False,80
2022,8,river,Buriganga,Hazaribagh,DO,5.35,False,80
2022,9,river,Buriganga,Hazaribagh,DO,5.16,False,80
2022,10,river,Buriganga,Hazaribagh,DO,5.6,False,80
2022,11,river,Buriganga,Hazaribagh,DO,3.9,False,80
2022,12,river,Buriganga,Hazaribagh,DO,1.2,False,80
2022,1,river,Buriganga,Hazaribagh,EC,630.0,False,82
2022,2,river,Buriganga,Hazaribagh,EC,907.0,False,82
2022,3,river,Buriganga,Hazaribagh,EC,1395.0,False,82
2022,4,river,Buriganga,Hazaribagh,EC,1401.0,False,82
2022,5,river,Buriganga,Hazaribagh,EC,419.0,False,82
2022,6,river,Buriganga,Hazaribagh,EC,212.0,False,82
2022,7,river,Buriganga,Hazaribagh,EC,272.0,False,82
2022,8,river,Buriganga,Hazaribagh,EC,155.0,False,82
2022,9,river,Buriganga,Hazaribagh,EC,156.0,False,82
2022,10,river,Buriganga,Hazaribagh,EC,159.3,False,82
2022,11,river,Buriganga,Hazaribagh,EC,154.0,False,82
2022,12,river,Buriganga,Hazaribagh,EC,657.0,False,82
2022,2,river,Buriganga,Hazaribagh,SS,89.0,False,81
2022,3,river,Buriganga,Hazaribagh,SS,168.0,False,81
2022,4,river,Buriganga,Hazaribagh,SS,164.0,False,81
2022,5,river,Buriganga,Hazaribagh,SS,54.0,False,81
2022,6,river,Buriganga,Hazaribagh,SS,60.0,False,81
2022,8,river,Buriganga,Hazaribagh,SS,141.0,False,81
2022,9,river,Buriganga,Hazaribagh,SS,67.0,False,81
2022,10,river,Buriganga,Hazaribagh,SS,42.0,False,81
2022,11,river,Buriganga,Hazaribagh,SS,24.0,False,81
2022,12,river,Buriganga,Hazaribagh,SS,136.0,False,81
2022,1,river,Buriganga,Hazaribagh,TDS,362.0,False,81
2022,2,river,Buriganga,Hazaribagh,TDS,534.0,False,81
2022,3,river,Buriganga,Hazaribagh,TDS,558.0,False,81
2022,4,river,Buriganga,Hazaribagh,TDS,704.0,False,81
2022,5,river,Buriganga,Hazaribagh,TDS,171.0,False,81
2022,6,river,Buriganga,Hazaribagh,TDS,110.0,False,81
2022,7,river,Buriganga,Hazaribagh,TDS,108.0,False,81
2022,8,river,Buriganga,Hazaribagh,TDS,76.0,False,81
2022,9,river,Buriganga,Hazaribagh,TDS,81.0,False,81
2022,10,river,Buriganga,Hazaribagh,TDS,78.8,False,81
2022,11,river,Buriganga,Hazaribagh,TDS,86.8,False,81
2022,12,river,Buriganga,Hazaribagh,TDS,384.0,False,81
2022,1,river,Buriganga,Hazaribagh,TotalAlkalinity,190.0,False,82
2022,2,river,Buriganga,Hazaribagh,TotalAlkalinity,216.0,False,82
2022,3,river,Buriganga,Hazaribagh,TotalAlkalinity,302.0,False,82
2022,4,river,Buriganga,Hazaribagh,TotalAlkalinity,310.0,False,82
2022,5,river,Buriganga,Hazaribagh,TotalAlkalinity,98.0,False,82
2022,6,river,Buriganga,Hazaribagh,TotalAlkalinity,68.0,False,82
2022,7,river,Buriganga,Hazaribagh,TotalAlkalinity,34.0,False,82
2022,8,river,Buriganga,Hazaribagh,TotalAlkalinity,31.0,False,82
2022,9,river,Buriganga,Hazaribagh,TotalAlkalinity,33.0,False,82
2022,10,river,Buriganga,Hazaribagh,TotalAlkalinity,29.0,False,82
2022,11,river,Buriganga,Hazaribagh,TotalAlkalinity,30.0,False,82
2022,12,river,Buriganga,Hazaribagh,TotalAlkalinity,221.0,False,82
2022,1,river,Buriganga,Hazaribagh,Turbidity,24.1,False,81
2022,2,river,Buriganga,Hazaribagh,Turbidity,54.0,False,81
2022,3,river,Buriganga,Hazaribagh,Turbidity,82.0,False,81
2022,4,river,Buriganga,Hazaribagh,Turbidity,124.0,False,81
2022,5,river,Buriganga,Hazaribagh,Turbidity,22.2,False,81
2022,6,river,Buriganga,Hazaribagh,Turbidity,41.2,False,81
2022,7,river,Buriganga,Hazaribagh,Turbidity,26.5,False,81
2022,8,river,Buriganga,Hazaribagh,Turbidity,100.2,False,81
2022,9,river,Buriganga,Hazaribagh,Turbidity,53.1,False,81
2022,10,river,Buriganga,Hazaribagh,Turbidity,35.0,False,81
2022,11,river,Buriganga,Hazaribagh,Turbidity,21.9,False,81
2022,12,river,Buriganga,Hazaribagh,Turbidity,145.0,False,81
2022,1,river,Buriganga,Hazaribagh,pH,7.46,False,80
2022,2,river,Buriganga,Hazaribagh,pH,7.47,False,80
2022,3,river,Buriganga,Hazaribagh,pH,7.74,False,80
2022,4,river,Buriganga,Hazaribagh,pH,7.74,False,80
2022,5,river,Buriganga,Hazaribagh,pH,6.83,False,80
2022,6,river,Buriganga,Hazaribagh,pH,6.9,False,80
2022,7,river,Buriganga,Hazaribagh,pH,6.64,False,80
2022,8,river,Buriganga,Hazaribagh,pH,7.26,False,80
2022,9,river,Buriganga,Hazaribagh,pH,7.14,False,80
2022,10,river,Buriganga,Hazaribagh,pH,7.74,False,80
2022,11,river,Buriganga,Hazaribagh,pH,7.28,False,80
2022,12,river,Buriganga,Hazaribagh,pH,7.32,False,80
2022,1,river,Buriganga,Mirpur Bridge,BOD,18.0,False,80
2022,2,river,Buriganga,Mirpur Bridge,BOD,26.0,False,80
2022,3,river,Buriganga,Mirpur Bridge,BOD,26.0,False,80
2022,4,river,Buriganga,Mirpur Bridge,BOD,36.0,False,80
2022,5,river,Buriganga,Mirpur Bridge,BOD,8.0,False,80
2022,6,river,Buriganga,Mirpur Bridge,BOD,6.2,False,80
2022,7,river,Buriganga,Mirpur Bridge,BOD,6.4,False,80
2022,8,river,Buriganga,Mirpur Bridge,BOD,10.0,False,80
2022,9,river,Buriganga,Mirpur Bridge,BOD,8.0,False,80
2022,10,river,Buriganga,Mirpur Bridge,BOD,6.2,False,80
2022,11,river,Buriganga,Mirpur Bridge,BOD,8.0,False,80
2022,12,river,Buriganga,Mirpur Bridge,BOD,10.8,False,80
2022,1,river,Buriganga,Mirpur Bridge,COD,56.0,False,80
2022,2,river,Buriganga,Mirpur Bridge,COD,68.0,False,80
2022,3,river,Buriganga,Mirpur Bridge,COD,73.0,False,80
2022,4,river,Buriganga,Mirpur Bridge,COD,83.0,False,80
2022,5,river,Buriganga,Mirpur Bridge,COD,27.0,False,80
2022,6,river,Buriganga,Mirpur Bridge,COD,27.0,False,80
2022,7,river,Buriganga,Mirpur Bridge,COD,20.0,False,80
2022,8,river,Buriganga,Mirpur Bridge,COD,46.0,False,80
2022,9,river,Buriganga,Mirpur Bridge,COD,54.0,False,80
2022,10,river,Buriganga,Mirpur Bridge,COD,36.0,False,80
2022,11,river,Buriganga,Mirpur Bridge,COD,90.0,False,80
2022,12,river,Buriganga,Mirpur Bridge,COD,92.0,False,80
2022,1,river,Buriganga,Mirpur Bridge,Chloride,60.0,False,81
2022,2,river,Buriganga,Mirpur Bridge,Chloride,68.0,False,81
2022,3,river,Buriganga,Mirpur Bridge,Chloride,80.0,False,81
2022,4,river,Buriganga,Mirpur Bridge,Chloride,80.0,False,81
2022,5,river,Buriganga,Mirpur Bridge,Chloride,75.0,False,81
2022,6,river,Buriganga,Mirpur Bridge,Chloride,7.5,False,81
2022,7,river,Buriganga,Mirpur Bridge,Chloride,6.5,False,81
2022,8,river,Buriganga,Mirpur Bridge,Chloride,5.6,False,81
2022,9,river,Buriganga,Mirpur Bridge,Chloride,7.6,False,81
2022,10,river,Buriganga,Mirpur Bridge,Chloride,5.5,False,81
2022,11,river,Buriganga,Mirpur Bridge,Chloride,6.0,False,81
2022,12,river,Buriganga,Mirpur Bridge,Chloride,28.0,False,81
2022,1,river,Buriganga,Mirpur Bridge,DO,1.4,False,80
2022,2,river,Buriganga,Mirpur Bridge,DO,1.1,False,80
2022,3,river,Buriganga,Mirpur Bridge,DO,0.2,False,80
2022,4,river,Buriganga,Mirpur Bridge,DO,0.2,False,80
2022,5,river,Buriganga,Mirpur Bridge,DO,0.89,False,80
2022,6,river,Buriganga,Mirpur Bridge,DO,5.24,False,80
2022,7,river,Buriganga,Mirpur Bridge,DO,5.3,False,80
2022,8,river,Buriganga,Mirpur Bridge,DO,5.52,False,80
2022,9,river,Buriganga,Mirpur Bridge,DO,5.3,False,80
2022,10,river,Buriganga,Mirpur Bridge,DO,5.4,False,80
2022,11,river,Buriganga,Mirpur Bridge,DO,4.2,False,80
2022,12,river,Buriganga,Mirpur Bridge,DO,2.4,False,80
2022,1,river,Buriganga,Mirpur Bridge,EC,664.0,False,82
2022,2,river,Buriganga,Mirpur Bridge,EC,801.0,False,82
2022,3,river,Buriganga,Mirpur Bridge,EC,1389.0,False,82
2022,4,river,Buriganga,Mirpur Bridge,EC,1392.0,False,82
2022,5,river,Buriganga,Mirpur Bridge,EC,482.0,False,82
2022,6,river,Buriganga,Mirpur Bridge,EC,149.0,False,82
2022,7,river,Buriganga,Mirpur Bridge,EC,194.0,False,82
2022,8,river,Buriganga,Mirpur Bridge,EC,154.0,False,82
2022,9,river,Buriganga,Mirpur Bridge,EC,154.0,False,82
2022,10,river,Buriganga,Mirpur Bridge,EC,163.8,False,82
2022,11,river,Buriganga,Mirpur Bridge,EC,148.0,False,82
2022,12,river,Buriganga,Mirpur Bridge,EC,377.0,False,82
2022,2,river,Buriganga,Mirpur Bridge,SS,80.0,False,81
2022,3,river,Buriganga,Mirpur Bridge,SS,80.0,False,81
2022,4,river,Buriganga,Mirpur Bridge,SS,12.0,False,81
2022,5,river,Buriganga,Mirpur Bridge,SS,59.0,False,81
2022,6,river,Buriganga,Mirpur Bridge,SS,106.0,False,81
2022,8,river,Buriganga,Mirpur Bridge,SS,78.0,False,81
2022,9,river,Buriganga,Mirpur Bridge,SS,60.0,False,81
2022,10,river,Buriganga,Mirpur Bridge,SS,44.0,False,81
2022,11,river,Buriganga,Mirpur Bridge,SS,27.0,False,81
2022,12,river,Buriganga,Mirpur Bridge,SS,39.0,False,81
2022,1,river,Buriganga,Mirpur Bridge,TDS,379.0,False,81
2022,2,river,Buriganga,Mirpur Bridge,TDS,471.0,False,81
2022,3,river,Buriganga,Mirpur Bridge,TDS,594.0,False,81
2022,4,river,Buriganga,Mirpur Bridge,TDS,697.0,False,81
2022,5,river,Buriganga,Mirpur Bridge,TDS,206.0,False,81
2022,6,river,Buriganga,Mirpur Bridge,TDS,78.0,False,81
2022,7,river,Buriganga,Mirpur Bridge,TDS,81.0,False,81
2022,8,river,Buriganga,Mirpur Bridge,TDS,75.0,False,81
2022,9,river,Buriganga,Mirpur Bridge,TDS,78.0,False,81
2022,10,river,Buriganga,Mirpur Bridge,TDS,80.8,False,81
2022,11,river,Buriganga,Mirpur Bridge,TDS,82.4,False,81
2022,12,river,Buriganga,Mirpur Bridge,TDS,214.0,False,81
2022,1,river,Buriganga,Mirpur Bridge,TotalAlkalinity,186.0,False,82
2022,2,river,Buriganga,Mirpur Bridge,TotalAlkalinity,204.0,False,82
2022,3,river,Buriganga,Mirpur Bridge,TotalAlkalinity,350.0,False,82
2022,4,river,Buriganga,Mirpur Bridge,TotalAlkalinity,348.0,False,82
2022,5,river,Buriganga,Mirpur Bridge,TotalAlkalinity,112.0,False,82
2022,6,river,Buriganga,Mirpur Bridge,TotalAlkalinity,54.0,False,82
2022,7,river,Buriganga,Mirpur Bridge,TotalAlkalinity,30.0,False,82
2022,8,river,Buriganga,Mirpur Bridge,TotalAlkalinity,30.0,False,82
2022,9,river,Buriganga,Mirpur Bridge,TotalAlkalinity,33.0,False,82
2022,10,river,Buriganga,Mirpur Bridge,TotalAlkalinity,30.0,False,82
2022,11,river,Buriganga,Mirpur Bridge,TotalAlkalinity,31.0,False,82
2022,12,river,Buriganga,Mirpur Bridge,TotalAlkalinity,99.0,False,82
2022,1,river,Buriganga,Mirpur Bridge,Turbidity,65.7,False,81
2022,2,river,Buriganga,Mirpur Bridge,Turbidity,56.0,False,81
2022,3,river,Buriganga,Mirpur Bridge,Turbidity,47.8,False,81
2022,4,river,Buriganga,Mirpur Bridge,Turbidity,48.0,False,81
2022,5,river,Buriganga,Mirpur Bridge,Turbidity,18.0,False,81
2022,6,river,Buriganga,Mirpur Bridge,Turbidity,72.5,False,81
2022,7,river,Buriganga,Mirpur Bridge,Turbidity,41.6,False,81
2022,8,river,Buriganga,Mirpur Bridge,Turbidity,38.3,False,81
2022,9,river,Buriganga,Mirpur Bridge,Turbidity,51.4,False,81
2022,10,river,Buriganga,Mirpur Bridge,Turbidity,34.2,False,81
2022,11,river,Buriganga,Mirpur Bridge,Turbidity,29.7,False,81
2022,12,river,Buriganga,Mirpur Bridge,Turbidity,48.0,False,81
2022,1,river,Buriganga,Mirpur Bridge,pH,7.26,False,80
2022,2,river,Buriganga,Mirpur Bridge,pH,7.52,False,80
2022,3,river,Buriganga,Mirpur Bridge,pH,7.56,False,80
2022,4,river,Buriganga,Mirpur Bridge,pH,7.48,False,80
2022,5,river,Buriganga,Mirpur Bridge,pH,6.59,False,80
2022,6,river,Buriganga,Mirpur Bridge,pH,7.05,False,80
2022,7,river,Buriganga,Mirpur Bridge,pH,6.41,False,80
2022,8,river,Buriganga,Mirpur Bridge,pH,7.3,False,80
2022,9,river,Buriganga,Mirpur Bridge,pH,7.13,False,80
2022,10,river,Buriganga,Mirpur Bridge,pH,7.97,False,80
2022,11,river,Buriganga,Mirpur Bridge,pH,7.5,False,80
2022,12,river,Buriganga,Mirpur Bridge,pH,7.34,False,80
2022,1,river,Buriganga,Satmosjid Road,BOD,16.0,False,80
2022,2,river,Buriganga,Satmosjid Road,BOD,20.0,False,80
2022,3,river,Buriganga,Satmosjid Road,BOD,28.0,False,80
2022,4,river,Buriganga,Satmosjid Road,BOD,38.0,False,80
2022,5,river,Buriganga,Satmosjid Road,BOD,10.0,False,80
2022,6,river,Buriganga,Satmosjid Road,BOD,6.2,False,80
2022,7,river,Buriganga,Satmosjid Road,BOD,6.4,False,80
2022,8,river,Buriganga,Satmosjid Road,BOD,10.0,False,80
2022,9,river,Buriganga,Satmosjid Road,BOD,10.0,False,80
2022,10,river,Buriganga,Satmosjid Road,BOD,6.2,False,80
2022,11,river,Buriganga,Satmosjid Road,BOD,8.6,False,80
2022,12,river,Buriganga,Satmosjid Road,BOD,10.2,False,80
2022,1,river,Buriganga,Satmosjid Road,COD,60.0,False,80
2022,2,river,Buriganga,Satmosjid Road,COD,95.0,False,80
2022,3,river,Buriganga,Satmosjid Road,COD,115.0,False,80
2022,4,river,Buriganga,Satmosjid Road,COD,126.0,False,80
2022,5,river,Buriganga,Satmosjid Road,COD,46.0,False,80
2022,6,river,Buriganga,Satmosjid Road,COD,27.0,False,80
2022,7,river,Buriganga,Satmosjid Road,COD,20.0,False,80
2022,8,river,Buriganga,Satmosjid Road,COD,27.0,False,80
2022,9,river,Buriganga,Satmosjid Road,COD,85.0,False,80
2022,10,river,Buriganga,Satmosjid Road,COD,27.0,False,80
2022,11,river,Buriganga,Satmosjid Road,COD,22.0,False,80
2022,12,river,Buriganga,Satmosjid Road,COD,60.0,False,80
2022,1,river,Buriganga,Satmosjid Road,Chloride,88.0,False,81
2022,2,river,Buriganga,Satmosjid Road,Chloride,70.0,False,81
2022,3,river,Buriganga,Satmosjid Road,Chloride,100.0,False,81
2022,4,river,Buriganga,Satmosjid Road,Chloride,84.0,False,81
2022,5,river,Buriganga,Satmosjid Road,Chloride,68.0,False,81
2022,6,river,Buriganga,Satmosjid Road,Chloride,12.0,False,81
2022,7,river,Buriganga,Satmosjid Road,Chloride,9.0,False,81
2022,8,river,Buriganga,Satmosjid Road,Chloride,8.0,False,81
2022,9,river,Buriganga,Satmosjid Road,Chloride,10.0,False,81
2022,10,river,Buriganga,Satmosjid Road,Chloride,7.5,False,81
2022,11,river,Buriganga,Satmosjid Road,Chloride,8.0,False,81
2022,12,river,Buriganga,Satmosjid Road,Chloride,46.0,False,81
2022,1,river,Buriganga,Satmosjid Road,DO,1.2,False,80
2022,2,river,Buriganga,Satmosjid Road,DO,1.3,False,80
2022,3,river,Buriganga,Satmosjid Road,DO,0.17,False,80
2022,4,river,Buriganga,Satmosjid Road,DO,0.1,False,80
2022,5,river,Buriganga,Satmosjid Road,DO,0.36,False,80
2022,6,river,Buriganga,Satmosjid Road,DO,2.18,False,80
2022,7,river,Buriganga,Satmosjid Road,DO,5.21,False,80
2022,8,river,Buriganga,Satmosjid Road,DO,5.27,False,80
2022,9,river,Buriganga,Satmosjid Road,DO,5.2,False,80
2022,10,river,Buriganga,Satmosjid Road,DO,3.7,False,80
2022,11,river,Buriganga,Satmosjid Road,DO,3.2,False,80
2022,12,river,Buriganga,Satmosjid Road,DO,1.2,False,80
2022,1,river,Buriganga,Satmosjid Road,EC,915.0,False,82
2022,2,river,Buriganga,Satmosjid Road,EC,829.0,False,82
2022,3,river,Buriganga,Satmosjid Road,EC,1334.0,False,82
2022,4,river,Buriganga,Satmosjid Road,EC,1375.0,False,82
2022,5,river,Buriganga,Satmosjid Road,EC,519.0,False,82
2022,6,river,Buriganga,Satmosjid Road,EC,168.0,False,82
2022,7,river,Buriganga,Satmosjid Road,EC,209.0,False,82
2022,8,river,Buriganga,Satmosjid Road,EC,176.0,False,82
2022,9,river,Buriganga,Satmosjid Road,EC,158.0,False,82
2022,10,river,Buriganga,Satmosjid Road,EC,170.9,False,82
2022,11,river,Buriganga,Satmosjid Road,EC,161.0,False,82
2022,12,river,Buriganga,Satmosjid Road,EC,627.0,False,82
2022,2,river,Buriganga,Satmosjid Road,SS,90.0,False,81
2022,3,river,Buriganga,Satmosjid Road,SS,204.0,False,81
2022,4,river,Buriganga,Satmosjid Road,SS,178.0,False,81
2022,5,river,Buriganga,Satmosjid Road,SS,68.0,False,81
2022,6,river,Buriganga,Satmosjid Road,SS,62.0,False,81
2022,8,river,Buriganga,Satmosjid Road,SS,33.0,False,81
2022,9,river,Buriganga,Satmosjid Road,SS,51.0,False,81
2022,10,river,Buriganga,Satmosjid Road,SS,27.0,False,81
2022,11,river,Buriganga,Satmosjid Road,SS,23.0,False,81
2022,12,river,Buriganga,Satmosjid Road,SS,149.0,False,81
2022,1,river,Buriganga,Satmosjid Road,TDS,531.0,False,81
2022,2,river,Buriganga,Satmosjid Road,TDS,488.0,False,81
2022,3,river,Buriganga,Satmosjid Road,TDS,555.0,False,81
2022,4,river,Buriganga,Satmosjid Road,TDS,690.0,False,81
2022,5,river,Buriganga,Satmosjid Road,TDS,214.0,False,81
2022,6,river,Buriganga,Satmosjid Road,TDS,88.0,False,81
2022,7,river,Buriganga,Satmosjid Road,TDS,84.0,False,81
2022,8,river,Buriganga,Satmosjid Road,TDS,87.0,False,81
2022,9,river,Buriganga,Satmosjid Road,TDS,81.0,False,81
2022,10,river,Buriganga,Satmosjid Road,TDS,85.6,False,81
2022,11,river,Buriganga,Satmosjid Road,TDS,90.7,False,81
2022,12,river,Buriganga,Satmosjid Road,TDS,368.0,False,81
2022,1,river,Buriganga,Satmosjid Road,TotalAlkalinity,354.0,False,82
2022,2,river,Buriganga,Satmosjid Road,TotalAlkalinity,291.0,False,82
2022,3,river,Buriganga,Satmosjid Road,TotalAlkalinity,300.0,False,82
2022,4,river,Buriganga,Satmosjid Road,TotalAlkalinity,302.0,False,82
2022,5,river,Buriganga,Satmosjid Road,TotalAlkalinity,94.0,False,82
2022,6,river,Buriganga,Satmosjid Road,TotalAlkalinity,52.0,False,82
2022,7,river,Buriganga,Satmosjid Road,TotalAlkalinity,36.0,False,82
2022,8,river,Buriganga,Satmosjid Road,TotalAlkalinity,36.0,False,82
2022,9,river,Buriganga,Satmosjid Road,TotalAlkalinity,34.0,False,82
2022,10,river,Buriganga,Satmosjid Road,TotalAlkalinity,30.0,False,82
2022,11,river,Buriganga,Satmosjid Road,TotalAlkalinity,36.0,False,82
2022,12,river,Buriganga,Satmosjid Road,TotalAlkalinity,186.0,False,82
2022,1,river,Buriganga,Satmosjid Road,Turbidity,86.9,False,81
2022,2,river,Buriganga,Satmosjid Road,Turbidity,67.0,False,81
2022,3,river,Buriganga,Satmosjid Road,Turbidity,78.0,False,81
2022,4,river,Buriganga,Satmosjid Road,Turbidity,112.0,False,81
2022,5,river,Buriganga,Satmosjid Road,Turbidity,21.4,False,81
2022,6,river,Buriganga,Satmosjid Road,Turbidity,27.6,False,81
2022,7,river,Buriganga,Satmosjid Road,Turbidity,31.2,False,81
2022,8,river,Buriganga,Satmosjid Road,Turbidity,36.3,False,81
2022,9,river,Buriganga,Satmosjid Road,Turbidity,43.0,False,81
2022,10,river,Buriganga,Satmosjid Road,Turbidity,32.6,False,81
2022,11,river,Buriganga,Satmosjid Road,Turbidity,26.2,False,81
2022,12,river,Buriganga,Satmosjid Road,Turbidity,158.0,False,81
2022,1,river,Buriganga,Satmosjid Road,pH,7.0,False,80
2022,2,river,Buriganga,Satmosjid Road,pH,7.51,False,80
2022,3,river,Buriganga,Satmosjid Road,pH,7.65,False,80
2022,4,river,Buriganga,Satmosjid Road,pH,7.65,False,80
2022,5,river,Buriganga,Satmosjid Road,pH,6.81,False,80
2022,6,river,Buriganga,Satmosjid Road,pH,6.77,False,80
2022,7,river,Buriganga,Satmosjid Road,pH,6.71,False,80
2022,8,river,Buriganga,Satmosjid Road,pH,7.13,False,80
2022,9,river,Buriganga,Satmosjid Road,pH,7.11,False,80
2022,10,river,Buriganga,Satmosjid Road,pH,6.96,False,80
2022,11,river,Buriganga,Satmosjid Road,pH,7.22,False,80
2022,12,river,Buriganga,Satmosjid Road,pH,7.28,False,80
2022,1,river,Dhaleshwari,Hazratpur,BOD,8.0,False,87
2022,2,river,Dhaleshwari,Hazratpur,BOD,8.0,False,87
2022,3,river,Dhaleshwari,Hazratpur,BOD,8.0,False,87
2022,4,river,Dhaleshwari,Hazratpur,BOD,22.0,False,87
2022,6,river,Dhaleshwari,Hazratpur,BOD,6.0,False,87
2022,8,river,Dhaleshwari,Hazratpur,BOD,6.0,False,87
2022,10,river,Dhaleshwari,Hazratpur,BOD,3.0,False,87
2022,11,river,Dhaleshwari,Hazratpur,BOD,2.0,False,87
2022,12,river,Dhaleshwari,Hazratpur,BOD,1.2,False,87
2022,1,river,Dhaleshwari,Hazratpur,COD,22.0,False,87
2022,2,river,Dhaleshwari,Hazratpur,COD,34.0,False,87
2022,3,river,Dhaleshwari,Hazratpur,COD,34.0,False,87
2022,4,river,Dhaleshwari,Hazratpur,COD,70.0,False,87
2022,6,river,Dhaleshwari,Hazratpur,COD,15.0,False,87
2022,8,river,Dhaleshwari,Hazratpur,COD,60.0,False,87
2022,10,river,Dhaleshwari,Hazratpur,COD,6.0,False,87
2022,11,river,Dhaleshwari,Hazratpur,COD,8.0,False,87
2022,1,river,Dhaleshwari,Hazratpur,DO,5.4,False,87
2022,2,river,Dhaleshwari,Hazratpur,DO,2.0,False,87
2022,3,river,Dhaleshwari,Hazratpur,DO,2.0,False,87
2022,4,river,Dhaleshwari,Hazratpur,DO,4.5,False,87
2022,6,river,Dhaleshwari,Hazratpur,DO,5.0,False,87
2022,8,river,Dhaleshwari,Hazratpur,DO,7.0,False,87
2022,10,river,Dhaleshwari,Hazratpur,DO,6.0,False,87
2022,11,river,Dhaleshwari,Hazratpur,DO,7.2,False,87
2022,12,river,Dhaleshwari,Hazratpur,DO,7.9,False,87
2022,1,river,Dhaleshwari,Hazratpur,EC,610.0,False,88
2022,2,river,Dhaleshwari,Hazratpur,EC,648.0,False,88
2022,3,river,Dhaleshwari,Hazratpur,EC,648.0,False,88
2022,4,river,Dhaleshwari,Hazratpur,EC,600.0,False,88
2022,6,river,Dhaleshwari,Hazratpur,EC,165.0,False,88
2022,8,river,Dhaleshwari,Hazratpur,EC,139.0,False,88
2022,10,river,Dhaleshwari,Hazratpur,EC,196.9,False,88
2022,11,river,Dhaleshwari,Hazratpur,EC,154.8,False,88
2022,12,river,Dhaleshwari,Hazratpur,EC,455.0,False,88
2022,1,river,Dhaleshwari,Hazratpur,TDS,290.0,False,88
2022,2,river,Dhaleshwari,Hazratpur,TDS,327.0,False,88
2022,3,river,Dhaleshwari,Hazratpur,TDS,327.0,False,88
2022,4,river,Dhaleshwari,Hazratpur,TDS,393.0,False,88
2022,6,river,Dhaleshwari,Hazratpur,TDS,86.0,False,88
2022,8,river,Dhaleshwari,Hazratpur,TDS,67.4,False,88
2022,10,river,Dhaleshwari,Hazratpur,TDS,100.6,False,88
2022,11,river,Dhaleshwari,Hazratpur,TDS,86.2,False,88
2022,12,river,Dhaleshwari,Hazratpur,TDS,255.0,False,88
2022,1,river,Dhaleshwari,Hazratpur,pH,7.22,False,87
2022,2,river,Dhaleshwari,Hazratpur,pH,7.8,False,87
2022,3,river,Dhaleshwari,Hazratpur,pH,7.8,False,87
2022,4,river,Dhaleshwari,Hazratpur,pH,8.09,False,87
2022,6,river,Dhaleshwari,Hazratpur,pH,7.29,False,87
2022,8,river,Dhaleshwari,Hazratpur,pH,7.58,False,87
2022,10,river,Dhaleshwari,Hazratpur,pH,7.36,False,87
2022,11,river,Dhaleshwari,Hazratpur,pH,7.24,False,87
2022,12,river,Dhaleshwari,Hazratpur,pH,7.97,False,87
2022,1,river,Dhaleshwari,Mukterpur,BOD,10.0,False,87
2022,2,river,Dhaleshwari,Mukterpur,BOD,18.0,False,87
2022,3,river,Dhaleshwari,Mukterpur,BOD,18.0,False,87
2022,4,river,Dhaleshwari,Mukterpur,BOD,8.0,False,87
2022,6,river,Dhaleshwari,Mukterpur,BOD,3.0,False,87
2022,8,river,Dhaleshwari,Mukterpur,BOD,8.0,False,87
2022,10,river,Dhaleshwari,Mukterpur,BOD,3.0,False,87
2022,11,river,Dhaleshwari,Mukterpur,BOD,3.0,False,87
2022,12,river,Dhaleshwari,Mukterpur,BOD,3.3,False,87
2022,1,river,Dhaleshwari,Mukterpur,COD,51.0,False,87
2022,2,river,Dhaleshwari,Mukterpur,COD,34.0,False,87
2022,3,river,Dhaleshwari,Mukterpur,COD,34.0,False,87
2022,4,river,Dhaleshwari,Mukterpur,COD,22.0,False,87
2022,6,river,Dhaleshwari,Mukterpur,COD,10.0,False,87
2022,8,river,Dhaleshwari,Mukterpur,COD,22.0,False,87
2022,10,river,Dhaleshwari,Mukterpur,COD,10.0,False,87
2022,11,river,Dhaleshwari,Mukterpur,COD,10.0,False,87
2022,12,river,Dhaleshwari,Mukterpur,COD,10.2,False,87
2022,1,river,Dhaleshwari,Mukterpur,DO,0.0,False,87
2022,2,river,Dhaleshwari,Mukterpur,DO,0.4,False,87
2022,3,river,Dhaleshwari,Mukterpur,DO,0.4,False,87
2022,4,river,Dhaleshwari,Mukterpur,DO,2.5,False,87
2022,6,river,Dhaleshwari,Mukterpur,DO,4.6,False,87
2022,8,river,Dhaleshwari,Mukterpur,DO,4.7,False,87
2022,10,river,Dhaleshwari,Mukterpur,DO,4.2,False,87
2022,11,river,Dhaleshwari,Mukterpur,DO,6.2,False,87
2022,12,river,Dhaleshwari,Mukterpur,DO,1.5,False,87
2022,1,river,Dhaleshwari,Mukterpur,EC,608.0,False,88
2022,2,river,Dhaleshwari,Mukterpur,EC,600.0,False,88
2022,3,river,Dhaleshwari,Mukterpur,EC,600.0,False,88
2022,4,river,Dhaleshwari,Mukterpur,EC,413.0,False,88
2022,6,river,Dhaleshwari,Mukterpur,EC,583.0,False,88
2022,8,river,Dhaleshwari,Mukterpur,EC,178.0,False,88
2022,10,river,Dhaleshwari,Mukterpur,EC,126.2,False,88
2022,11,river,Dhaleshwari,Mukterpur,EC,156.4,False,88
2022,12,river,Dhaleshwari,Mukterpur,EC,342.0,False,88
2022,1,river,Dhaleshwari,Mukterpur,TDS,331.0,False,88
2022,2,river,Dhaleshwari,Mukterpur,TDS,312.0,False,88
2022,3,river,Dhaleshwari,Mukterpur,TDS,312.0,False,88
2022,4,river,Dhaleshwari,Mukterpur,TDS,214.0,False,88
2022,6,river,Dhaleshwari,Mukterpur,TDS,308.0,False,88
2022,8,river,Dhaleshwari,Mukterpur,TDS,85.8,False,88
2022,10,river,Dhaleshwari,Mukterpur,TDS,72.3,False,88
2022,11,river,Dhaleshwari,Mukterpur,TDS,84.2,False,88
2022,12,river,Dhaleshwari,Mukterpur,TDS,174.3,False,88
2022,1,river,Dhaleshwari,Mukterpur,pH,7.48,False,87
2022,2,river,Dhaleshwari,Mukterpur,pH,7.16,False,87
2022,3,river,Dhaleshwari,Mukterpur,pH,7.16,False,87
2022,4,river,Dhaleshwari,Mukterpur,pH,7.05,False,87
2022,6,river,Dhaleshwari,Mukterpur,pH,7.26,False,87
2022,8,river,Dhaleshwari,Mukterpur,pH,7.28,False,87
2022,10,river,Dhaleshwari,Mukterpur,pH,7.09,False,87
2022,11,river,Dhaleshwari,Mukterpur,pH,7.25,False,87
2022,12,river,Dhaleshwari,Mukterpur,pH,7.17,False,87
2022,1,river,Dhaleshwari,Pathorghata,BOD,12.0,False,87
2022,2,river,Dhaleshwari,Pathorghata,BOD,8.0,False,87
2022,3,river,Dhaleshwari,Pathorghata,BOD,8.0,False,87
2022,4,river,Dhaleshwari,Pathorghata,BOD,12.0,False,87
2022,6,river,Dhaleshwari,Pathorghata,BOD,6.0,False,87
2022,8,river,Dhaleshwari,Pathorghata,BOD,28.0,False,87
2022,10,river,Dhaleshwari,Pathorghata,BOD,3.0,False,87
2022,11,river,Dhaleshwari,Pathorghata,BOD,2.0,False,87
2022,12,river,Dhaleshwari,Pathorghata,BOD,4.2,False,87
2022,1,river,Dhaleshwari,Pathorghata,COD,36.0,False,87
2022,2,river,Dhaleshwari,Pathorghata,COD,22.0,False,87
2022,3,river,Dhaleshwari,Pathorghata,COD,22.0,False,87
2022,4,river,Dhaleshwari,Pathorghata,COD,36.0,False,87
2022,6,river,Dhaleshwari,Pathorghata,COD,18.0,False,87
2022,8,river,Dhaleshwari,Pathorghata,COD,90.0,False,87
2022,10,river,Dhaleshwari,Pathorghata,COD,20.0,False,87
2022,11,river,Dhaleshwari,Pathorghata,COD,15.0,False,87
2022,12,river,Dhaleshwari,Pathorghata,COD,10.0,False,87
2022,1,river,Dhaleshwari,Pathorghata,DO,6.0,False,87
2022,2,river,Dhaleshwari,Pathorghata,DO,2.5,False,87
2022,3,river,Dhaleshwari,Pathorghata,DO,2.5,False,87
2022,4,river,Dhaleshwari,Pathorghata,DO,6.0,False,87
2022,6,river,Dhaleshwari,Pathorghata,DO,4.8,False,87
2022,8,river,Dhaleshwari,Pathorghata,DO,5.8,False,87
2022,10,river,Dhaleshwari,Pathorghata,DO,5.2,False,87
2022,11,river,Dhaleshwari,Pathorghata,DO,5.5,False,87
2022,12,river,Dhaleshwari,Pathorghata,DO,5.6,False,87
2022,1,river,Dhaleshwari,Pathorghata,EC,580.0,False,88
2022,2,river,Dhaleshwari,Pathorghata,EC,808.0,False,88
2022,3,river,Dhaleshwari,Pathorghata,EC,808.0,False,88
2022,4,river,Dhaleshwari,Pathorghata,EC,580.0,False,88
2022,6,river,Dhaleshwari,Pathorghata,EC,124.0,False,88
2022,8,river,Dhaleshwari,Pathorghata,EC,146.0,False,88
2022,10,river,Dhaleshwari,Pathorghata,EC,112.8,False,88
2022,11,river,Dhaleshwari,Pathorghata,EC,149.5,False,88
2022,12,river,Dhaleshwari,Pathorghata,EC,510.0,False,88
2022,1,river,Dhaleshwari,Pathorghata,TDS,280.0,False,88
2022,2,river,Dhaleshwari,Pathorghata,TDS,411.0,False,88
2022,3,river,Dhaleshwari,Pathorghata,TDS,411.0,False,88
2022,4,river,Dhaleshwari,Pathorghata,TDS,280.0,False,88
2022,6,river,Dhaleshwari,Pathorghata,TDS,65.0,False,88
2022,8,river,Dhaleshwari,Pathorghata,TDS,70.4,False,88
2022,10,river,Dhaleshwari,Pathorghata,TDS,62.8,False,88
2022,11,river,Dhaleshwari,Pathorghata,TDS,82.7,False,88
2022,12,river,Dhaleshwari,Pathorghata,TDS,250.0,False,88
2022,1,river,Dhaleshwari,Pathorghata,pH,7.26,False,87
2022,2,river,Dhaleshwari,Pathorghata,pH,7.77,False,87
2022,3,river,Dhaleshwari,Pathorghata,pH,7.77,False,87
2022,4,river,Dhaleshwari,Pathorghata,pH,7.28,False,87
2022,6,river,Dhaleshwari,Pathorghata,pH,7.6,False,87
2022,8,river,Dhaleshwari,Pathorghata,pH,7.53,False,87
2022,10,river,Dhaleshwari,Pathorghata,pH,6.92,False,87
2022,11,river,Dhaleshwari,Pathorghata,pH,7.23,False,87
2022,12,river,Dhaleshwari,Pathorghata,pH,7.42,False,87
2022,1,river,Dhaleshwari,Ruhitpur,BOD,10.0,False,87
2022,2,river,Dhaleshwari,Ruhitpur,BOD,10.0,False,87
2022,3,river,Dhaleshwari,Ruhitpur,BOD,10.0,False,87
2022,4,river,Dhaleshwari,Ruhitpur,BOD,13.0,False,87
2022,6,river,Dhaleshwari,Ruhitpur,BOD,10.0,False,87
2022,8,river,Dhaleshwari,Ruhitpur,BOD,3.0,False,87
2022,10,river,Dhaleshwari,Ruhitpur,BOD,3.0,False,87
2022,11,river,Dhaleshwari,Ruhitpur,BOD,2.0,False,87
2022,12,river,Dhaleshwari,Ruhitpur,BOD,1.2,False,87
2022,1,river,Dhaleshwari,Ruhitpur,COD,32.0,False,87
2022,2,river,Dhaleshwari,Ruhitpur,COD,28.0,False,87
2022,3,river,Dhaleshwari,Ruhitpur,COD,28.0,False,87
2022,4,river,Dhaleshwari,Ruhitpur,COD,46.0,False,87
2022,6,river,Dhaleshwari,Ruhitpur,COD,63.0,False,87
2022,8,river,Dhaleshwari,Ruhitpur,COD,10.0,False,87
2022,10,river,Dhaleshwari,Ruhitpur,COD,7.0,False,87
2022,11,river,Dhaleshwari,Ruhitpur,COD,10.0,False,87
2022,1,river,Dhaleshwari,Ruhitpur,DO,5.8,False,87
2022,2,river,Dhaleshwari,Ruhitpur,DO,2.1,False,87
2022,3,river,Dhaleshwari,Ruhitpur,DO,2.1,False,87
2022,4,river,Dhaleshwari,Ruhitpur,DO,15.0,False,87
2022,6,river,Dhaleshwari,Ruhitpur,DO,6.4,False,87
2022,8,river,Dhaleshwari,Ruhitpur,DO,4.8,False,87
2022,10,river,Dhaleshwari,Ruhitpur,DO,4.6,False,87
2022,11,river,Dhaleshwari,Ruhitpur,DO,7.4,False,87
2022,12,river,Dhaleshwari,Ruhitpur,DO,5.7,False,87
2022,1,river,Dhaleshwari,Ruhitpur,EC,304.0,False,88
2022,2,river,Dhaleshwari,Ruhitpur,EC,698.0,False,88
2022,3,river,Dhaleshwari,Ruhitpur,EC,698.0,False,88
2022,4,river,Dhaleshwari,Ruhitpur,EC,623.0,False,88
2022,6,river,Dhaleshwari,Ruhitpur,EC,103.0,False,88
2022,8,river,Dhaleshwari,Ruhitpur,EC,146.0,False,88
2022,10,river,Dhaleshwari,Ruhitpur,EC,126.1,False,88
2022,11,river,Dhaleshwari,Ruhitpur,EC,154.2,False,88
2022,12,river,Dhaleshwari,Ruhitpur,EC,437.0,False,88
2022,1,river,Dhaleshwari,Ruhitpur,TDS,290.0,False,88
2022,2,river,Dhaleshwari,Ruhitpur,TDS,348.0,False,88
2022,3,river,Dhaleshwari,Ruhitpur,TDS,348.0,False,88
2022,4,river,Dhaleshwari,Ruhitpur,TDS,356.0,False,88
2022,6,river,Dhaleshwari,Ruhitpur,TDS,70.0,False,88
2022,8,river,Dhaleshwari,Ruhitpur,TDS,71.4,False,88
2022,10,river,Dhaleshwari,Ruhitpur,TDS,64.7,False,88
2022,11,river,Dhaleshwari,Ruhitpur,TDS,85.9,False,88
2022,12,river,Dhaleshwari,Ruhitpur,TDS,246.0,False,88
2022,1,river,Dhaleshwari,Ruhitpur,pH,7.18,False,87
2022,2,river,Dhaleshwari,Ruhitpur,pH,7.48,False,87
2022,3,river,Dhaleshwari,Ruhitpur,pH,7.48,False,87
2022,4,river,Dhaleshwari,Ruhitpur,pH,8.73,False,87
2022,6,river,Dhaleshwari,Ruhitpur,pH,7.23,False,87
2022,8,river,Dhaleshwari,Ruhitpur,pH,7.43,False,87
2022,10,river,Dhaleshwari,Ruhitpur,pH,7.44,False,87
2022,11,river,Dhaleshwari,Ruhitpur,pH,7.23,False,87
2022,12,river,Dhaleshwari,Ruhitpur,pH,7.9,False,87
2022,1,river,Dhaleshwari,Utorro Mitra,BOD,8.0,False,87
2022,2,river,Dhaleshwari,Utorro Mitra,BOD,2.0,False,87
2022,3,river,Dhaleshwari,Utorro Mitra,BOD,2.0,False,87
2022,4,river,Dhaleshwari,Utorro Mitra,BOD,2.0,False,87
2022,6,river,Dhaleshwari,Utorro Mitra,BOD,8.0,False,87
2022,8,river,Dhaleshwari,Utorro Mitra,BOD,12.0,False,87
2022,10,river,Dhaleshwari,Utorro Mitra,BOD,6.0,False,87
2022,11,river,Dhaleshwari,Utorro Mitra,BOD,5.0,False,87
2022,12,river,Dhaleshwari,Utorro Mitra,BOD,2.0,False,87
2022,1,river,Dhaleshwari,Utorro Mitra,COD,20.0,False,87
2022,2,river,Dhaleshwari,Utorro Mitra,COD,20.0,False,87
2022,3,river,Dhaleshwari,Utorro Mitra,COD,10.0,False,87
2022,4,river,Dhaleshwari,Utorro Mitra,COD,6.0,False,87
2022,6,river,Dhaleshwari,Utorro Mitra,COD,46.0,False,87
2022,8,river,Dhaleshwari,Utorro Mitra,COD,49.0,False,87
2022,10,river,Dhaleshwari,Utorro Mitra,COD,10.0,False,87
2022,11,river,Dhaleshwari,Utorro Mitra,COD,15.0,False,87
2022,12,river,Dhaleshwari,Utorro Mitra,COD,6.0,False,87
2022,1,river,Dhaleshwari,Utorro Mitra,DO,4.8,False,87
2022,2,river,Dhaleshwari,Utorro Mitra,DO,10.0,False,87
2022,3,river,Dhaleshwari,Utorro Mitra,DO,10.0,False,87
2022,4,river,Dhaleshwari,Utorro Mitra,DO,7.8,False,87
2022,6,river,Dhaleshwari,Utorro Mitra,DO,4.8,False,87
2022,8,river,Dhaleshwari,Utorro Mitra,DO,6.0,False,87
2022,10,river,Dhaleshwari,Utorro Mitra,DO,5.0,False,87
2022,11,river,Dhaleshwari,Utorro Mitra,DO,6.8,False,87
2022,12,river,Dhaleshwari,Utorro Mitra,DO,5.2,False,87
2022,1,river,Dhaleshwari,Utorro Mitra,EC,540.0,False,88
2022,2,river,Dhaleshwari,Utorro Mitra,EC,503.0,False,88
2022,3,river,Dhaleshwari,Utorro Mitra,EC,503.0,False,88
2022,4,river,Dhaleshwari,Utorro Mitra,EC,550.0,False,88
2022,6,river,Dhaleshwari,Utorro Mitra,EC,126.0,False,88
2022,8,river,Dhaleshwari,Utorro Mitra,EC,139.0,False,88
2022,10,river,Dhaleshwari,Utorro Mitra,EC,144.4,False,88
2022,11,river,Dhaleshwari,Utorro Mitra,EC,168.1,False,88
2022,12,river,Dhaleshwari,Utorro Mitra,EC,441.0,False,88
2022,1,river,Dhaleshwari,Utorro Mitra,TDS,299.0,False,88
2022,2,river,Dhaleshwari,Utorro Mitra,TDS,280.0,False,88
2022,3,river,Dhaleshwari,Utorro Mitra,TDS,280.0,False,88
2022,4,river,Dhaleshwari,Utorro Mitra,TDS,293.0,False,88
2022,6,river,Dhaleshwari,Utorro Mitra,TDS,61.0,False,88
2022,8,river,Dhaleshwari,Utorro Mitra,TDS,64.4,False,88
2022,10,river,Dhaleshwari,Utorro Mitra,TDS,74.9,False,88
2022,11,river,Dhaleshwari,Utorro Mitra,TDS,95.2,False,88
2022,12,river,Dhaleshwari,Utorro Mitra,TDS,258.0,False,88
2022,1,river,Dhaleshwari,Utorro Mitra,pH,7.31,False,87
2022,2,river,Dhaleshwari,Utorro Mitra,pH,7.88,False,87
2022,3,river,Dhaleshwari,Utorro Mitra,pH,7.88,False,87
2022,4,river,Dhaleshwari,Utorro Mitra,pH,8.23,False,87
2022,6,river,Dhaleshwari,Utorro Mitra,pH,7.53,False,87
2022,8,river,Dhaleshwari,Utorro Mitra,pH,8.5,False,87
2022,10,river,Dhaleshwari,Utorro Mitra,pH,6.91,False,87
2022,11,river,Dhaleshwari,Utorro Mitra,pH,7.03,False,87
2022,12,river,Dhaleshwari,Utorro Mitra,pH,7.32,False,87
2022,2,urban_lake,Dhanmondi Lake,8 No. Road Bridge,BOD,6.0,False,117
2022,5,urban_lake,Dhanmondi Lake,8 No. Road Bridge,BOD,4.0,False,117
2022,8,urban_lake,Dhanmondi Lake,8 No. Road Bridge,BOD,8.0,False,117
2022,11,urban_lake,Dhanmondi Lake,8 No. Road Bridge,BOD,2.8,False,117
2022,2,urban_lake,Dhanmondi Lake,8 No. Road Bridge,COD,27.0,False,117
2022,5,urban_lake,Dhanmondi Lake,8 No. Road Bridge,COD,26.0,False,117
2022,8,urban_lake,Dhanmondi Lake,8 No. Road Bridge,COD,34.0,False,117
2022,11,urban_lake,Dhanmondi Lake,8 No. Road Bridge,COD,30.0,False,117
2022,2,urban_lake,Dhanmondi Lake,8 No. Road Bridge,DO,5.27,False,116
2022,5,urban_lake,Dhanmondi Lake,8 No. Road Bridge,DO,4.5,False,116
2022,8,urban_lake,Dhanmondi Lake,8 No. Road Bridge,DO,5.86,False,116
2022,11,urban_lake,Dhanmondi Lake,8 No. Road Bridge,DO,4.3,False,116
2022,2,urban_lake,Dhanmondi Lake,8 No. Road Bridge,EC,251.0,False,118
2022,5,urban_lake,Dhanmondi Lake,8 No. Road Bridge,EC,277.0,False,118
2022,8,urban_lake,Dhanmondi Lake,8 No. Road Bridge,EC,302.0,False,118
2022,11,urban_lake,Dhanmondi Lake,8 No. Road Bridge,EC,222.0,False,118
2022,2,urban_lake,Dhanmondi Lake,8 No. Road Bridge,SS,9.0,False,118
2022,5,urban_lake,Dhanmondi Lake,8 No. Road Bridge,SS,42.0,False,118
2022,8,urban_lake,Dhanmondi Lake,8 No. Road Bridge,SS,12.0,False,118
2022,11,urban_lake,Dhanmondi Lake,8 No. Road Bridge,SS,48.0,False,118
2022,2,urban_lake,Dhanmondi Lake,8 No. Road Bridge,TDS,138.0,False,117
2022,5,urban_lake,Dhanmondi Lake,8 No. Road Bridge,TDS,142.0,False,117
2022,8,urban_lake,Dhanmondi Lake,8 No. Road Bridge,TDS,132.0,False,117
2022,11,urban_lake,Dhanmondi Lake,8 No. Road Bridge,TDS,121.7,False,117
2022,2,urban_lake,Dhanmondi Lake,8 No. Road Bridge,TotalAlkalinity,86.0,False,118
2022,5,urban_lake,Dhanmondi Lake,8 No. Road Bridge,TotalAlkalinity,101.0,False,118
2022,8,urban_lake,Dhanmondi Lake,8 No. Road Bridge,TotalAlkalinity,89.0,False,118
2022,11,urban_lake,Dhanmondi Lake,8 No. Road Bridge,TotalAlkalinity,89.0,False,118
2022,2,urban_lake,Dhanmondi Lake,8 No. Road Bridge,Turbidity,5.6,False,117
2022,5,urban_lake,Dhanmondi Lake,8 No. Road Bridge,Turbidity,5.33,False,117
2022,8,urban_lake,Dhanmondi Lake,8 No. Road Bridge,Turbidity,1.6,False,117
2022,11,urban_lake,Dhanmondi Lake,8 No. Road Bridge,Turbidity,56.0,False,117
2022,2,urban_lake,Dhanmondi Lake,8 No. Road Bridge,pH,7.49,False,116
2022,5,urban_lake,Dhanmondi Lake,8 No. Road Bridge,pH,7.35,False,116
2022,8,urban_lake,Dhanmondi Lake,8 No. Road Bridge,pH,7.46,False,116
2022,11,urban_lake,Dhanmondi Lake,8 No. Road Bridge,pH,7.62,False,116
2022,2,urban_lake,Dhanmondi Lake,Road No 28 at the end,Chloride,24.0,False,118
2022,5,urban_lake,Dhanmondi Lake,Road No 28 at the end,Chloride,45.0,False,118
2022,8,urban_lake,Dhanmondi Lake,Road No 28 at the end,Chloride,40.0,False,118
2022,11,urban_lake,Dhanmondi Lake,Road No 28 at the end,Chloride,39.0,False,118
2022,2,urban_lake,Dhanmondi Lake,Road No 28 at the end,EC,331.0,False,118
2022,5,urban_lake,Dhanmondi Lake,Road No 28 at the end,EC,387.0,False,118
2022,8,urban_lake,Dhanmondi Lake,Road No 28 at the end,EC,345.0,False,118
2022,11,urban_lake,Dhanmondi Lake,Road No 28 at the end,EC,362.0,False,118
2022,2,urban_lake,Dhanmondi Lake,Road No 28 at the end,SS,8.0,False,118
2022,5,urban_lake,Dhanmondi Lake,Road No 28 at the end,SS,39.0,False,118
2022,8,urban_lake,Dhanmondi Lake,Road No 28 at the end,SS,17.0,False,118
2022,11,urban_lake,Dhanmondi Lake,Road No 28 at the end,SS,5.0,False,118
2022,2,urban_lake,Dhanmondi Lake,Road No 28 at the end,TDS,185.0,False,117
2022,5,urban_lake,Dhanmondi Lake,Road No 28 at the end,TDS,201.0,False,117
2022,8,urban_lake,Dhanmondi Lake,Road No 28 at the end,TDS,175.0,False,117
2022,11,urban_lake,Dhanmondi Lake,Road No 28 at the end,TDS,199.5,False,117
2022,2,urban_lake,Dhanmondi Lake,Road No 28 at the end,TotalAlkalinity,90.0,False,118
2022,5,urban_lake,Dhanmondi Lake,Road No 28 at the end,TotalAlkalinity,94.0,False,118
2022,8,urban_lake,Dhanmondi Lake,Road No 28 at the end,TotalAlkalinity,98.0,False,118
2022,11,urban_lake,Dhanmondi Lake,Road No 28 at the end,TotalAlkalinity,112.0,False,118
2022,2,urban_lake,Dhanmondi Lake,Road No 28 at the end,Turbidity,4.2,False,117
2022,5,urban_lake,Dhanmondi Lake,Road No 28 at the end,Turbidity,4.5,False,117
2022,8,urban_lake,Dhanmondi Lake,Road No 28 at the end,Turbidity,2.1,False,117
2022,11,urban_lake,Dhanmondi Lake,Road No 28 at the end,Turbidity,8.0,False,117
2022,2,urban_lake,Dhanmondi Lake,Road No 28 at the end of,BOD,6.0,False,117
2022,5,urban_lake,Dhanmondi Lake,Road No 28 at the end of,BOD,6.0,False,117
2022,8,urban_lake,Dhanmondi Lake,Road No 28 at the end of,BOD,6.0,False,117
2022,11,urban_lake,Dhanmondi Lake,Road No 28 at the end of,BOD,2.2,False,117
2022,2,urban_lake,Dhanmondi Lake,Road No 28 at the end of,COD,51.0,False,117
2022,5,urban_lake,Dhanmondi Lake,Road No 28 at the end of,COD,29.0,False,117
2022,8,urban_lake,Dhanmondi Lake,Road No 28 at the end of,COD,19.0,False,117
2022,11,urban_lake,Dhanmondi Lake,Road No 28 at the end of,COD,16.0,False,117
2022,2,urban_lake,Dhanmondi Lake,Road No 28 at the end of,DO,5.17,False,116
2022,5,urban_lake,Dhanmondi Lake,Road No 28 at the end of,DO,1.5,False,116
2022,8,urban_lake,Dhanmondi Lake,Road No 28 at the end of,DO,5.29,False,116
2022,11,urban_lake,Dhanmondi Lake,Road No 28 at the end of,DO,2.2,False,116
2022,2,urban_lake,Dhanmondi Lake,Road No 28 at the end of,pH,7.43,False,116
2022,5,urban_lake,Dhanmondi Lake,Road No 28 at the end of,pH,7.41,False,116
2022,8,urban_lake,Dhanmondi Lake,Road No 28 at the end of,pH,7.49,False,116
2022,11,urban_lake,Dhanmondi Lake,Road No 28 at the end of,pH,7.52,False,116
2022,5,river,Ganges,Gorai off Take,BOD,1.1,False,105
2022,6,river,Ganges,Gorai off Take,Chloride,1202.0,False,106
2022,5,river,Ganges,Gorai off Take,DO,5.3,False,105
2022,5,river,Ganges,Gorai off Take,EC,1647.0,False,106
2022,5,river,Ganges,Gorai off Take,SS,84.0,False,106
2022,5,river,Ganges,Gorai off Take,TDS,764.0,False,105
2022,2,river,Ganges,Gorai off Take,Turbidity,12.0,False,106
2022,3,river,Ganges,Gorai off Take,Turbidity,12.0,False,106
2022,4,river,Ganges,Gorai off Take,Turbidity,12.0,False,106
2022,5,river,Ganges,Gorai off Take,Turbidity,12.0,False,106
2022,7,river,Ganges,Gorai off Take,Turbidity,12.0,False,106
2022,8,river,Ganges,Gorai off Take,Turbidity,12.0,False,106
2022,9,river,Ganges,Gorai off Take,Turbidity,12.0,False,106
2022,10,river,Ganges,Gorai off Take,Turbidity,12.0,False,106
2022,12,river,Ganges,Gorai off Take,Turbidity,12.0,False,106
2022,5,river,Ganges,Gorai off Take,pH,7.19,False,105
2022,2,river,Ganges,Kanchan Park (Down Stream),EC,262.0,False,106
2022,3,river,Ganges,Kanchan Park (Down Stream),EC,262.0,False,106
2022,4,river,Ganges,Kanchan Park (Down Stream),EC,262.0,False,106
2022,7,river,Ganges,Kanchan Park (Down Stream),EC,262.0,False,106
2022,8,river,Ganges,Kanchan Park (Down Stream),EC,260.0,False,106
2022,9,river,Ganges,Kanchan Park (Down Stream),EC,260.0,False,106
2022,10,river,Ganges,Kanchan Park (Down Stream),EC,264.0,False,106
2022,12,river,Ganges,Kanchan Park (Down Stream),EC,264.0,False,106
2022,2,river,Ganges,Kanchan Park (Down Stream),SS,40.0,False,106
2022,3,river,Ganges,Kanchan Park (Down Stream),SS,40.0,False,106
2022,4,river,Ganges,Kanchan Park (Down Stream),SS,40.0,False,106
2022,7,river,Ganges,Kanchan Park (Down Stream),SS,40.0,False,106
2022,8,river,Ganges,Kanchan Park (Down Stream),SS,40.0,False,106
2022,9,river,Ganges,Kanchan Park (Down Stream),SS,40.0,False,106
2022,10,river,Ganges,Kanchan Park (Down Stream),SS,40.0,False,106
2022,12,river,Ganges,Kanchan Park (Down Stream),SS,40.0,False,106
2022,2,river,Ganges,Kanchan Park (Down Stream),Turbidity,12.0,False,106
2022,3,river,Ganges,Kanchan Park (Down Stream),Turbidity,12.0,False,106
2022,4,river,Ganges,Kanchan Park (Down Stream),Turbidity,12.0,False,106
2022,5,river,Ganges,Kanchan Park (Down Stream),Turbidity,12.0,False,106
2022,7,river,Ganges,Kanchan Park (Down Stream),Turbidity,12.0,False,106
2022,8,river,Ganges,Kanchan Park (Down Stream),Turbidity,12.0,False,106
2022,9,river,Ganges,Kanchan Park (Down Stream),Turbidity,12.0,False,106
2022,10,river,Ganges,Kanchan Park (Down Stream),Turbidity,12.0,False,106
2022,12,river,Ganges,Kanchan Park (Down Stream),Turbidity,12.0,False,106
2022,2,river,Ganges,Kanchan Park (Up Stream),BOD,2.4,False,105
2022,3,river,Ganges,Kanchan Park (Up Stream),BOD,2.2,False,105
2022,4,river,Ganges,Kanchan Park (Up Stream),BOD,2.2,False,105
2022,5,river,Ganges,Kanchan Park (Up Stream),BOD,2.3,False,105
2022,7,river,Ganges,Kanchan Park (Up Stream),BOD,2.2,False,105
2022,8,river,Ganges,Kanchan Park (Up Stream),BOD,2.3,False,105
2022,9,river,Ganges,Kanchan Park (Up Stream),BOD,2.3,False,105
2022,10,river,Ganges,Kanchan Park (Up Stream),BOD,2.3,False,105
2022,12,river,Ganges,Kanchan Park (Up Stream),BOD,2.3,False,105
2022,2,river,Ganges,Kanchan Park (Up Stream),Chloride,11.0,False,106
2022,3,river,Ganges,Kanchan Park (Up Stream),Chloride,11.0,False,106
2022,4,river,Ganges,Kanchan Park (Up Stream),Chloride,11.0,False,106
2022,6,river,Ganges,Kanchan Park (Up Stream),Chloride,10.0,False,106
2022,7,river,Ganges,Kanchan Park (Up Stream),Chloride,11.0,False,106
2022,8,river,Ganges,Kanchan Park (Up Stream),Chloride,11.0,False,106
2022,9,river,Ganges,Kanchan Park (Up Stream),Chloride,11.0,False,106
2022,10,river,Ganges,Kanchan Park (Up Stream),Chloride,11.0,False,106
2022,12,river,Ganges,Kanchan Park (Up Stream),Chloride,11.0,False,106
2022,2,river,Ganges,Kanchan Park (Up Stream),DO,7.56,False,105
2022,3,river,Ganges,Kanchan Park (Up Stream),DO,7.54,False,105
2022,4,river,Ganges,Kanchan Park (Up Stream),DO,7.54,False,105
2022,5,river,Ganges,Kanchan Park (Up Stream),DO,7.6,False,105
2022,7,river,Ganges,Kanchan Park (Up Stream),DO,7.6,False,105
2022,8,river,Ganges,Kanchan Park (Up Stream),DO,7.6,False,105
2022,9,river,Ganges,Kanchan Park (Up Stream),DO,7.61,False,105
2022,10,river,Ganges,Kanchan Park (Up Stream),DO,7.62,False,105
2022,12,river,Ganges,Kanchan Park (Up Stream),DO,7.62,False,105
2022,2,river,Ganges,Kanchan Park (Up Stream),EC,262.0,False,106
2022,3,river,Ganges,Kanchan Park (Up Stream),EC,262.0,False,106
2022,4,river,Ganges,Kanchan Park (Up Stream),EC,262.0,False,106
2022,7,river,Ganges,Kanchan Park (Up Stream),EC,262.0,False,106
2022,8,river,Ganges,Kanchan Park (Up Stream),EC,260.0,False,106
2022,9,river,Ganges,Kanchan Park (Up Stream),EC,260.0,False,106
2022,10,river,Ganges,Kanchan Park (Up Stream),EC,264.0,False,106
2022,12,river,Ganges,Kanchan Park (Up Stream),EC,264.0,False,106
2022,2,river,Ganges,Kanchan Park (Up Stream),SS,40.0,False,106
2022,3,river,Ganges,Kanchan Park (Up Stream),SS,40.0,False,106
2022,4,river,Ganges,Kanchan Park (Up Stream),SS,40.0,False,106
2022,7,river,Ganges,Kanchan Park (Up Stream),SS,40.0,False,106
2022,8,river,Ganges,Kanchan Park (Up Stream),SS,40.0,False,106
2022,9,river,Ganges,Kanchan Park (Up Stream),SS,40.0,False,106
2022,10,river,Ganges,Kanchan Park (Up Stream),SS,40.0,False,106
2022,12,river,Ganges,Kanchan Park (Up Stream),SS,40.0,False,106
2022,2,river,Ganges,Kanchan Park (Up Stream),TDS,131.0,False,105
2022,3,river,Ganges,Kanchan Park (Up Stream),TDS,131.0,False,105
2022,4,river,Ganges,Kanchan Park (Up Stream),TDS,131.0,False,105
2022,5,river,Ganges,Kanchan Park (Up Stream),TDS,133.0,False,105
2022,7,river,Ganges,Kanchan Park (Up Stream),TDS,131.0,False,105
2022,8,river,Ganges,Kanchan Park (Up Stream),TDS,130.0,False,105
2022,9,river,Ganges,Kanchan Park (Up Stream),TDS,130.0,False,105
2022,10,river,Ganges,Kanchan Park (Up Stream),TDS,132.0,False,105
2022,12,river,Ganges,Kanchan Park (Up Stream),TDS,132.0,False,105
2022,2,river,Ganges,Kanchan Park (Up Stream),Turbidity,12.0,False,106
2022,3,river,Ganges,Kanchan Park (Up Stream),Turbidity,12.0,False,106
2022,4,river,Ganges,Kanchan Park (Up Stream),Turbidity,12.0,False,106
2022,5,river,Ganges,Kanchan Park (Up Stream),Turbidity,12.0,False,106
2022,7,river,Ganges,Kanchan Park (Up Stream),Turbidity,12.0,False,106
2022,8,river,Ganges,Kanchan Park (Up Stream),Turbidity,12.0,False,106
2022,9,river,Ganges,Kanchan Park (Up Stream),Turbidity,12.0,False,106
2022,10,river,Ganges,Kanchan Park (Up Stream),Turbidity,12.0,False,106
2022,12,river,Ganges,Kanchan Park (Up Stream),Turbidity,12.0,False,106
2022,2,river,Ganges,Kanchan Park (Up Stream),pH,7.62,False,105
2022,3,river,Ganges,Kanchan Park (Up Stream),pH,7.64,False,105
2022,4,river,Ganges,Kanchan Park (Up Stream),pH,7.64,False,105
2022,5,river,Ganges,Kanchan Park (Up Stream),pH,7.62,False,105
2022,7,river,Ganges,Kanchan Park (Up Stream),pH,7.62,False,105
2022,8,river,Ganges,Kanchan Park (Up Stream),pH,7.6,False,105
2022,9,river,Ganges,Kanchan Park (Up Stream),pH,7.62,False,105
2022,10,river,Ganges,Kanchan Park (Up Stream),pH,7.62,False,105
2022,12,river,Ganges,Kanchan Park (Up Stream),pH,7.6,False,105
2022,2,river,Ganges,Nurullapur (Down Stream),BOD,2.4,False,105
2022,3,river,Ganges,Nurullapur (Down Stream),BOD,2.3,False,105
2022,4,river,Ganges,Nurullapur (Down Stream),BOD,2.3,False,105
2022,5,river,Ganges,Nurullapur (Down Stream),BOD,2.3,False,105
2022,7,river,Ganges,Nurullapur (Down Stream),BOD,2.3,False,105
2022,8,river,Ganges,Nurullapur (Down Stream),BOD,2.3,False,105
2022,9,river,Ganges,Nurullapur (Down Stream),BOD,2.3,False,105
2022,10,river,Ganges,Nurullapur (Down Stream),BOD,2.4,False,105
2022,12,river,Ganges,Nurullapur (Down Stream),BOD,2.4,False,105
2022,2,river,Ganges,Nurullapur (Down Stream),Chloride,10.0,False,106
2022,3,river,Ganges,Nurullapur (Down Stream),Chloride,10.0,False,106
2022,4,river,Ganges,Nurullapur (Down Stream),Chloride,10.0,False,106
2022,6,river,Ganges,Nurullapur (Down Stream),Chloride,10.0,False,106
2022,7,river,Ganges,Nurullapur (Down Stream),Chloride,10.0,False,106
2022,8,river,Ganges,Nurullapur (Down Stream),Chloride,10.0,False,106
2022,9,river,Ganges,Nurullapur (Down Stream),Chloride,10.0,False,106
2022,10,river,Ganges,Nurullapur (Down Stream),Chloride,10.0,False,106
2022,12,river,Ganges,Nurullapur (Down Stream),Chloride,10.0,False,106
2022,2,river,Ganges,Nurullapur (Down Stream),DO,7.66,False,105
2022,3,river,Ganges,Nurullapur (Down Stream),DO,7.6,False,105
2022,4,river,Ganges,Nurullapur (Down Stream),DO,7.6,False,105
2022,5,river,Ganges,Nurullapur (Down Stream),DO,7.6,False,105
2022,7,river,Ganges,Nurullapur (Down Stream),DO,7.61,False,105
2022,8,river,Ganges,Nurullapur (Down Stream),DO,7.61,False,105
2022,9,river,Ganges,Nurullapur (Down Stream),DO,7.6,False,105
2022,10,river,Ganges,Nurullapur (Down Stream),DO,7.62,False,105
2022,12,river,Ganges,Nurullapur (Down Stream),DO,7.6,False,105
2022,2,river,Ganges,Nurullapur (Down Stream),EC,266.0,False,106
2022,3,river,Ganges,Nurullapur (Down Stream),EC,266.0,False,106
2022,4,river,Ganges,Nurullapur (Down Stream),EC,266.0,False,106
2022,7,river,Ganges,Nurullapur (Down Stream),EC,270.0,False,106
2022,8,river,Ganges,Nurullapur (Down Stream),EC,270.0,False,106
2022,9,river,Ganges,Nurullapur (Down Stream),EC,270.0,False,106
2022,10,river,Ganges,Nurullapur (Down Stream),EC,270.0,False,106
2022,12,river,Ganges,Nurullapur (Down Stream),EC,280.0,False,106
2022,2,river,Ganges,Nurullapur (Down Stream),SS,42.0,False,106
2022,3,river,Ganges,Nurullapur (Down Stream),SS,42.0,False,106
2022,4,river,Ganges,Nurullapur (Down Stream),SS,42.0,False,106
2022,7,river,Ganges,Nurullapur (Down Stream),SS,42.0,False,106
2022,8,river,Ganges,Nurullapur (Down Stream),SS,42.0,False,106
2022,9,river,Ganges,Nurullapur (Down Stream),SS,42.0,False,106
2022,10,river,Ganges,Nurullapur (Down Stream),SS,42.0,False,106
2022,12,river,Ganges,Nurullapur (Down Stream),SS,42.0,False,106
2022,2,river,Ganges,Nurullapur (Down Stream),TDS,133.0,False,105
2022,3,river,Ganges,Nurullapur (Down Stream),TDS,133.0,False,105
2022,4,river,Ganges,Nurullapur (Down Stream),TDS,133.0,False,105
2022,5,river,Ganges,Nurullapur (Down Stream),TDS,133.0,False,105
2022,7,river,Ganges,Nurullapur (Down Stream),TDS,135.0,False,105
2022,8,river,Ganges,Nurullapur (Down Stream),TDS,135.0,False,105
2022,9,river,Ganges,Nurullapur (Down Stream),TDS,135.0,False,105
2022,10,river,Ganges,Nurullapur (Down Stream),TDS,135.0,False,105
2022,12,river,Ganges,Nurullapur (Down Stream),TDS,140.0,False,105
2022,2,river,Ganges,Nurullapur (Down Stream),Turbidity,12.0,False,106
2022,3,river,Ganges,Nurullapur (Down Stream),Turbidity,12.0,False,106
2022,4,river,Ganges,Nurullapur (Down Stream),Turbidity,12.0,False,106
2022,5,river,Ganges,Nurullapur (Down Stream),Turbidity,12.0,False,106
2022,7,river,Ganges,Nurullapur (Down Stream),Turbidity,12.0,False,106
2022,8,river,Ganges,Nurullapur (Down Stream),Turbidity,12.0,False,106
2022,9,river,Ganges,Nurullapur (Down Stream),Turbidity,12.0,False,106
2022,10,river,Ganges,Nurullapur (Down Stream),Turbidity,12.0,False,106
2022,12,river,Ganges,Nurullapur (Down Stream),Turbidity,12.0,False,106
2022,2,river,Ganges,Nurullapur (Down Stream),pH,7.65,False,105
2022,3,river,Ganges,Nurullapur (Down Stream),pH,7.62,False,105
2022,4,river,Ganges,Nurullapur (Down Stream),pH,7.62,False,105
2022,5,river,Ganges,Nurullapur (Down Stream),pH,7.62,False,105
2022,7,river,Ganges,Nurullapur (Down Stream),pH,7.6,False,105
2022,8,river,Ganges,Nurullapur (Down Stream),pH,7.62,False,105
2022,9,river,Ganges,Nurullapur (Down Stream),pH,7.6,False,105
2022,10,river,Ganges,Nurullapur (Down Stream),pH,7.6,False,105
2022,12,river,Ganges,Nurullapur (Down Stream),pH,7.5,False,105
2022,2,river,Ganges,Nurullapur (Up Stream),BOD,2.4,False,105
2022,3,river,Ganges,Nurullapur (Up Stream),BOD,2.3,False,105
2022,4,river,Ganges,Nurullapur (Up Stream),BOD,2.3,False,105
2022,5,river,Ganges,Nurullapur (Up Stream),BOD,2.3,False,105
2022,7,river,Ganges,Nurullapur (Up Stream),BOD,2.3,False,105
2022,8,river,Ganges,Nurullapur (Up Stream),BOD,2.3,False,105
2022,9,river,Ganges,Nurullapur (Up Stream),BOD,2.3,False,105
2022,10,river,Ganges,Nurullapur (Up Stream),BOD,2.4,False,105
2022,12,river,Ganges,Nurullapur (Up Stream),BOD,2.4,False,105
2022,2,river,Ganges,Nurullapur (Up Stream),Chloride,10.0,False,106
2022,3,river,Ganges,Nurullapur (Up Stream),Chloride,10.0,False,106
2022,4,river,Ganges,Nurullapur (Up Stream),Chloride,10.0,False,106
2022,6,river,Ganges,Nurullapur (Up Stream),Chloride,10.0,False,106
2022,7,river,Ganges,Nurullapur (Up Stream),Chloride,10.0,False,106
2022,8,river,Ganges,Nurullapur (Up Stream),Chloride,10.0,False,106
2022,9,river,Ganges,Nurullapur (Up Stream),Chloride,10.0,False,106
2022,10,river,Ganges,Nurullapur (Up Stream),Chloride,10.0,False,106
2022,12,river,Ganges,Nurullapur (Up Stream),Chloride,10.0,False,106
2022,2,river,Ganges,Nurullapur (Up Stream),DO,7.66,False,105
2022,3,river,Ganges,Nurullapur (Up Stream),DO,7.6,False,105
2022,4,river,Ganges,Nurullapur (Up Stream),DO,7.6,False,105
2022,5,river,Ganges,Nurullapur (Up Stream),DO,7.6,False,105
2022,7,river,Ganges,Nurullapur (Up Stream),DO,7.61,False,105
2022,8,river,Ganges,Nurullapur (Up Stream),DO,7.61,False,105
2022,9,river,Ganges,Nurullapur (Up Stream),DO,7.6,False,105
2022,10,river,Ganges,Nurullapur (Up Stream),DO,7.62,False,105
2022,12,river,Ganges,Nurullapur (Up Stream),DO,7.6,False,105
2022,2,river,Ganges,Nurullapur (Up Stream),EC,266.0,False,106
2022,3,river,Ganges,Nurullapur (Up Stream),EC,266.0,False,106
2022,4,river,Ganges,Nurullapur (Up Stream),EC,266.0,False,106
2022,7,river,Ganges,Nurullapur (Up Stream),EC,270.0,False,106
2022,8,river,Ganges,Nurullapur (Up Stream),EC,270.0,False,106
2022,9,river,Ganges,Nurullapur (Up Stream),EC,270.0,False,106
2022,10,river,Ganges,Nurullapur (Up Stream),EC,270.0,False,106
2022,12,river,Ganges,Nurullapur (Up Stream),EC,280.0,False,106
2022,2,river,Ganges,Nurullapur (Up Stream),SS,42.0,False,106
2022,3,river,Ganges,Nurullapur (Up Stream),SS,42.0,False,106
2022,4,river,Ganges,Nurullapur (Up Stream),SS,42.0,False,106
2022,7,river,Ganges,Nurullapur (Up Stream),SS,42.0,False,106
2022,8,river,Ganges,Nurullapur (Up Stream),SS,42.0,False,106
2022,9,river,Ganges,Nurullapur (Up Stream),SS,42.0,False,106
2022,10,river,Ganges,Nurullapur (Up Stream),SS,42.0,False,106
2022,12,river,Ganges,Nurullapur (Up Stream),SS,42.0,False,106
2022,2,river,Ganges,Nurullapur (Up Stream),TDS,133.0,False,105
2022,3,river,Ganges,Nurullapur (Up Stream),TDS,133.0,False,105
2022,4,river,Ganges,Nurullapur (Up Stream),TDS,133.0,False,105
2022,5,river,Ganges,Nurullapur (Up Stream),TDS,133.0,False,105
2022,7,river,Ganges,Nurullapur (Up Stream),TDS,135.0,False,105
2022,8,river,Ganges,Nurullapur (Up Stream),TDS,135.0,False,105
2022,9,river,Ganges,Nurullapur (Up Stream),TDS,135.0,False,105
2022,10,river,Ganges,Nurullapur (Up Stream),TDS,135.0,False,105
2022,12,river,Ganges,Nurullapur (Up Stream),TDS,140.0,False,105
2022,2,river,Ganges,Nurullapur (Up Stream),Turbidity,12.0,False,106
2022,3,river,Ganges,Nurullapur (Up Stream),Turbidity,12.0,False,106
2022,4,river,Ganges,Nurullapur (Up Stream),Turbidity,12.0,False,106
2022,5,river,Ganges,Nurullapur (Up Stream),Turbidity,12.0,False,106
2022,7,river,Ganges,Nurullapur (Up Stream),Turbidity,12.0,False,106
2022,8,river,Ganges,Nurullapur (Up Stream),Turbidity,12.0,False,106
2022,9,river,Ganges,Nurullapur (Up Stream),Turbidity,12.0,False,106
2022,10,river,Ganges,Nurullapur (Up Stream),Turbidity,12.0,False,106
2022,12,river,Ganges,Nurullapur (Up Stream),Turbidity,12.0,False,106
2022,2,river,Ganges,Nurullapur (Up Stream),pH,7.65,False,105
2022,3,river,Ganges,Nurullapur (Up Stream),pH,7.62,False,105
2022,4,river,Ganges,Nurullapur (Up Stream),pH,7.62,False,105
2022,5,river,Ganges,Nurullapur (Up Stream),pH,7.62,False,105
2022,7,river,Ganges,Nurullapur (Up Stream),pH,7.6,False,105
2022,8,river,Ganges,Nurullapur (Up Stream),pH,7.62,False,105
2022,9,river,Ganges,Nurullapur (Up Stream),pH,7.6,False,105
2022,10,river,Ganges,Nurullapur (Up Stream),pH,7.6,False,105
2022,12,river,Ganges,Nurullapur (Up Stream),pH,7.5,False,105
2022,2,river,Ganges,Sardah (Down Stream),BOD,2.3,False,105
2022,3,river,Ganges,Sardah (Down Stream),BOD,2.4,False,105
2022,4,river,Ganges,Sardah (Down Stream),BOD,2.4,False,105
2022,5,river,Ganges,Sardah (Down Stream),BOD,2.4,False,105
2022,7,river,Ganges,Sardah (Down Stream),BOD,2.4,False,105
2022,8,river,Ganges,Sardah (Down Stream),BOD,2.3,False,105
2022,9,river,Ganges,Sardah (Down Stream),BOD,2.4,False,105
2022,10,river,Ganges,Sardah (Down Stream),BOD,2.5,False,105
2022,12,river,Ganges,Sardah (Down Stream),BOD,2.4,False,105
2022,2,river,Ganges,Sardah (Down Stream),Chloride,10.0,False,106
2022,3,river,Ganges,Sardah (Down Stream),Chloride,10.0,False,106
2022,4,river,Ganges,Sardah (Down Stream),Chloride,10.0,False,106
2022,6,river,Ganges,Sardah (Down Stream),Chloride,10.0,False,106
2022,7,river,Ganges,Sardah (Down Stream),Chloride,10.0,False,106
2022,8,river,Ganges,Sardah (Down Stream),Chloride,10.0,False,106
2022,9,river,Ganges,Sardah (Down Stream),Chloride,10.0,False,106
2022,10,river,Ganges,Sardah (Down Stream),Chloride,10.0,False,106
2022,12,river,Ganges,Sardah (Down Stream),Chloride,10.0,False,106
2022,2,river,Ganges,Sardah (Down Stream),DO,7.6,False,105
2022,3,river,Ganges,Sardah (Down Stream),DO,7.5,False,105
2022,4,river,Ganges,Sardah (Down Stream),DO,7.5,False,105
2022,5,river,Ganges,Sardah (Down Stream),DO,7.5,False,105
2022,7,river,Ganges,Sardah (Down Stream),DO,7.6,False,105
2022,8,river,Ganges,Sardah (Down Stream),DO,7.6,False,105
2022,9,river,Ganges,Sardah (Down Stream),DO,7.62,False,105
2022,10,river,Ganges,Sardah (Down Stream),DO,7.64,False,105
2022,12,river,Ganges,Sardah (Down Stream),DO,7.64,False,105
2022,2,river,Ganges,Sardah (Down Stream),EC,272.0,False,106
2022,3,river,Ganges,Sardah (Down Stream),EC,272.0,False,106
2022,4,river,Ganges,Sardah (Down Stream),EC,272.0,False,106
2022,7,river,Ganges,Sardah (Down Stream),EC,274.0,False,106
2022,8,river,Ganges,Sardah (Down Stream),EC,270.0,False,106
2022,9,river,Ganges,Sardah (Down Stream),EC,280.0,False,106
2022,10,river,Ganges,Sardah (Down Stream),EC,286.0,False,106
2022,12,river,Ganges,Sardah (Down Stream),EC,286.0,False,106
2022,2,river,Ganges,Sardah (Down Stream),SS,44.0,False,106
2022,3,river,Ganges,Sardah (Down Stream),SS,44.0,False,106
2022,4,river,Ganges,Sardah (Down Stream),SS,44.0,False,106
2022,7,river,Ganges,Sardah (Down Stream),SS,44.0,False,106
2022,8,river,Ganges,Sardah (Down Stream),SS,44.0,False,106
2022,9,river,Ganges,Sardah (Down Stream),SS,44.0,False,106
2022,10,river,Ganges,Sardah (Down Stream),SS,44.0,False,106
2022,12,river,Ganges,Sardah (Down Stream),SS,44.0,False,106
2022,2,river,Ganges,Sardah (Down Stream),TDS,136.0,False,105
2022,3,river,Ganges,Sardah (Down Stream),TDS,136.0,False,105
2022,4,river,Ganges,Sardah (Down Stream),TDS,136.0,False,105
2022,5,river,Ganges,Sardah (Down Stream),TDS,136.0,False,105
2022,7,river,Ganges,Sardah (Down Stream),TDS,137.0,False,105
2022,8,river,Ganges,Sardah (Down Stream),TDS,135.0,False,105
2022,9,river,Ganges,Sardah (Down Stream),TDS,140.0,False,105
2022,10,river,Ganges,Sardah (Down Stream),TDS,143.0,False,105
2022,12,river,Ganges,Sardah (Down Stream),TDS,143.0,False,105
2022,2,river,Ganges,Sardah (Down Stream),Turbidity,12.0,False,106
2022,3,river,Ganges,Sardah (Down Stream),Turbidity,12.0,False,106
2022,4,river,Ganges,Sardah (Down Stream),Turbidity,12.0,False,106
2022,5,river,Ganges,Sardah (Down Stream),Turbidity,12.0,False,106
2022,7,river,Ganges,Sardah (Down Stream),Turbidity,12.0,False,106
2022,8,river,Ganges,Sardah (Down Stream),Turbidity,12.0,False,106
2022,9,river,Ganges,Sardah (Down Stream),Turbidity,12.0,False,106
2022,10,river,Ganges,Sardah (Down Stream),Turbidity,12.0,False,106
2022,12,river,Ganges,Sardah (Down Stream),Turbidity,12.0,False,106
2022,2,river,Ganges,Sardah (Down Stream),pH,7.8,False,105
2022,3,river,Ganges,Sardah (Down Stream),pH,7.7,False,105
2022,4,river,Ganges,Sardah (Down Stream),pH,7.7,False,105
2022,5,river,Ganges,Sardah (Down Stream),pH,7.6,False,105
2022,7,river,Ganges,Sardah (Down Stream),pH,7.52,False,105
2022,8,river,Ganges,Sardah (Down Stream),pH,7.5,False,105
2022,9,river,Ganges,Sardah (Down Stream),pH,7.42,False,105
2022,10,river,Ganges,Sardah (Down Stream),pH,7.4,False,105
2022,12,river,Ganges,Sardah (Down Stream),pH,7.4,False,105
2022,2,river,Ganges,Sardah (Up Stream),BOD,2.3,False,105
2022,3,river,Ganges,Sardah (Up Stream),BOD,2.4,False,105
2022,4,river,Ganges,Sardah (Up Stream),BOD,2.4,False,105
2022,5,river,Ganges,Sardah (Up Stream),BOD,2.4,False,105
2022,7,river,Ganges,Sardah (Up Stream),BOD,2.4,False,105
2022,8,river,Ganges,Sardah (Up Stream),BOD,2.3,False,105
2022,9,river,Ganges,Sardah (Up Stream),BOD,2.4,False,105
2022,10,river,Ganges,Sardah (Up Stream),BOD,2.5,False,105
2022,12,river,Ganges,Sardah (Up Stream),BOD,2.4,False,105
2022,2,river,Ganges,Sardah (Up Stream),Chloride,10.0,False,106
2022,3,river,Ganges,Sardah (Up Stream),Chloride,10.0,False,106
2022,4,river,Ganges,Sardah (Up Stream),Chloride,10.0,False,106
2022,6,river,Ganges,Sardah (Up Stream),Chloride,10.0,False,106
2022,7,river,Ganges,Sardah (Up Stream),Chloride,10.0,False,106
2022,8,river,Ganges,Sardah (Up Stream),Chloride,10.0,False,106
2022,9,river,Ganges,Sardah (Up Stream),Chloride,10.0,False,106
2022,10,river,Ganges,Sardah (Up Stream),Chloride,10.0,False,106
2022,12,river,Ganges,Sardah (Up Stream),Chloride,10.0,False,106
2022,2,river,Ganges,Sardah (Up Stream),DO,7.6,False,105
2022,3,river,Ganges,Sardah (Up Stream),DO,7.5,False,105
2022,4,river,Ganges,Sardah (Up Stream),DO,7.5,False,105
2022,5,river,Ganges,Sardah (Up Stream),DO,7.5,False,105
2022,7,river,Ganges,Sardah (Up Stream),DO,7.6,False,105
2022,8,river,Ganges,Sardah (Up Stream),DO,7.6,False,105
2022,9,river,Ganges,Sardah (Up Stream),DO,7.62,False,105
2022,10,river,Ganges,Sardah (Up Stream),DO,7.64,False,105
2022,12,river,Ganges,Sardah (Up Stream),DO,7.64,False,105
2022,2,river,Ganges,Sardah (Up Stream),EC,272.0,False,106
2022,3,river,Ganges,Sardah (Up Stream),EC,272.0,False,106
2022,4,river,Ganges,Sardah (Up Stream),EC,272.0,False,106
2022,7,river,Ganges,Sardah (Up Stream),EC,274.0,False,106
2022,8,river,Ganges,Sardah (Up Stream),EC,270.0,False,106
2022,9,river,Ganges,Sardah (Up Stream),EC,280.0,False,106
2022,10,river,Ganges,Sardah (Up Stream),EC,286.0,False,106
2022,12,river,Ganges,Sardah (Up Stream),EC,286.0,False,106
2022,2,river,Ganges,Sardah (Up Stream),SS,44.0,False,106
2022,3,river,Ganges,Sardah (Up Stream),SS,44.0,False,106
2022,4,river,Ganges,Sardah (Up Stream),SS,44.0,False,106
2022,7,river,Ganges,Sardah (Up Stream),SS,44.0,False,106
2022,8,river,Ganges,Sardah (Up Stream),SS,44.0,False,106
2022,9,river,Ganges,Sardah (Up Stream),SS,44.0,False,106
2022,10,river,Ganges,Sardah (Up Stream),SS,44.0,False,106
2022,12,river,Ganges,Sardah (Up Stream),SS,44.0,False,106
2022,2,river,Ganges,Sardah (Up Stream),TDS,136.0,False,105
2022,3,river,Ganges,Sardah (Up Stream),TDS,136.0,False,105
2022,4,river,Ganges,Sardah (Up Stream),TDS,136.0,False,105
2022,5,river,Ganges,Sardah (Up Stream),TDS,136.0,False,105
2022,7,river,Ganges,Sardah (Up Stream),TDS,137.0,False,105
2022,8,river,Ganges,Sardah (Up Stream),TDS,135.0,False,105
2022,9,river,Ganges,Sardah (Up Stream),TDS,140.0,False,105
2022,10,river,Ganges,Sardah (Up Stream),TDS,143.0,False,105
2022,12,river,Ganges,Sardah (Up Stream),TDS,143.0,False,105
2022,2,river,Ganges,Sardah (Up Stream),Turbidity,12.0,False,106
2022,3,river,Ganges,Sardah (Up Stream),Turbidity,12.0,False,106
2022,4,river,Ganges,Sardah (Up Stream),Turbidity,12.0,False,106
2022,5,river,Ganges,Sardah (Up Stream),Turbidity,12.0,False,106
2022,7,river,Ganges,Sardah (Up Stream),Turbidity,12.0,False,106
2022,8,river,Ganges,Sardah (Up Stream),Turbidity,12.0,False,106
2022,9,river,Ganges,Sardah (Up Stream),Turbidity,12.0,False,106
2022,10,river,Ganges,Sardah (Up Stream),Turbidity,12.0,False,106
2022,12,river,Ganges,Sardah (Up Stream),Turbidity,12.0,False,106
2022,2,river,Ganges,Sardah (Up Stream),pH,7.8,False,105
2022,3,river,Ganges,Sardah (Up Stream),pH,7.7,False,105
2022,4,river,Ganges,Sardah (Up Stream),pH,7.7,False,105
2022,5,river,Ganges,Sardah (Up Stream),pH,7.6,False,105
2022,7,river,Ganges,Sardah (Up Stream),pH,7.52,False,105
2022,8,river,Ganges,Sardah (Up Stream),pH,7.5,False,105
2022,9,river,Ganges,Sardah (Up Stream),pH,7.42,False,105
2022,10,river,Ganges,Sardah (Up Stream),pH,7.4,False,105
2022,12,river,Ganges,Sardah (Up Stream),pH,7.4,False,105
2022,1,urban_lake,Gulshan Lake,Baridhara Lake,EC,461.0,False,116
2022,2,urban_lake,Gulshan Lake,Baridhara Lake,EC,491.0,False,116
2022,3,urban_lake,Gulshan Lake,Baridhara Lake,EC,541.0,False,116
2022,4,urban_lake,Gulshan Lake,Baridhara Lake,EC,476.0,False,116
2022,5,urban_lake,Gulshan Lake,Baridhara Lake,EC,420.0,False,116
2022,7,urban_lake,Gulshan Lake,Baridhara Lake,EC,248.0,False,116
2022,8,urban_lake,Gulshan Lake,Baridhara Lake,EC,446.0,False,116
2022,9,urban_lake,Gulshan Lake,Baridhara Lake,EC,364.0,False,116
2022,10,urban_lake,Gulshan Lake,Baridhara Lake,EC,436.0,False,116
2022,11,urban_lake,Gulshan Lake,Baridhara Lake,EC,360.0,False,116
2022,12,urban_lake,Gulshan Lake,Baridhara Lake,EC,528.0,False,116
2022,1,urban_lake,Gulshan Lake,"Complex, South Side",EC,462.0,False,116
2022,2,urban_lake,Gulshan Lake,"Complex, South Side",EC,524.0,False,116
2022,3,urban_lake,Gulshan Lake,"Complex, South Side",EC,588.0,False,116
2022,4,urban_lake,Gulshan Lake,"Complex, South Side",EC,466.0,False,116
2022,5,urban_lake,Gulshan Lake,"Complex, South Side",EC,440.0,False,116
2022,7,urban_lake,Gulshan Lake,"Complex, South Side",EC,254.0,False,116
2022,8,urban_lake,Gulshan Lake,"Complex, South Side",EC,430.0,False,116
2022,9,urban_lake,Gulshan Lake,"Complex, South Side",EC,423.0,False,116
2022,10,urban_lake,Gulshan Lake,"Complex, South Side",EC,403.0,False,116
2022,11,urban_lake,Gulshan Lake,"Complex, South Side",EC,365.0,False,116
2022,12,urban_lake,Gulshan Lake,"Complex, South Side",EC,484.0,False,116
2022,1,urban_lake,Gulshan Lake,Kalachadpur Bridge,EC,418.0,False,116
2022,2,urban_lake,Gulshan Lake,Kalachadpur Bridge,EC,484.0,False,116
2022,3,urban_lake,Gulshan Lake,Kalachadpur Bridge,EC,488.0,False,116
2022,4,urban_lake,Gulshan Lake,Kalachadpur Bridge,EC,588.0,False,116
2022,5,urban_lake,Gulshan Lake,Kalachadpur Bridge,EC,388.0,False,116
2022,7,urban_lake,Gulshan Lake,Kalachadpur Bridge,EC,264.0,False,116
2022,8,urban_lake,Gulshan Lake,Kalachadpur Bridge,EC,415.0,False,116
2022,9,urban_lake,Gulshan Lake,Kalachadpur Bridge,EC,365.0,False,116
2022,10,urban_lake,Gulshan Lake,Kalachadpur Bridge,EC,449.0,False,116
2022,11,urban_lake,Gulshan Lake,Kalachadpur Bridge,EC,360.0,False,116
2022,12,urban_lake,Gulshan Lake,Kalachadpur Bridge,EC,449.0,False,116
2022,2,urban_lake,Gulshan Lake,Near Lake View Clinic,BOD,32.0,False,113
2022,5,urban_lake,Gulshan Lake,Near Lake View Clinic,BOD,35.0,False,113
2022,8,urban_lake,Gulshan Lake,Near Lake View Clinic,BOD,22.0,False,113
2022,11,urban_lake,Gulshan Lake,Near Lake View Clinic,BOD,38.0,False,113
2022,2,urban_lake,Gulshan Lake,Near Lake View Clinic,COD,122.0,False,114
2022,5,urban_lake,Gulshan Lake,Near Lake View Clinic,COD,129.0,False,114
2022,8,urban_lake,Gulshan Lake,Near Lake View Clinic,COD,75.0,False,114
2022,11,urban_lake,Gulshan Lake,Near Lake View Clinic,COD,78.0,False,114
2022,2,urban_lake,Gulshan Lake,Near Lake View Clinic,Chloride,42.0,False,115
2022,5,urban_lake,Gulshan Lake,Near Lake View Clinic,Chloride,33.0,False,115
2022,8,urban_lake,Gulshan Lake,Near Lake View Clinic,Chloride,41.0,False,115
2022,11,urban_lake,Gulshan Lake,Near Lake View Clinic,Chloride,44.0,False,115
2022,2,urban_lake,Gulshan Lake,Near Lake View Clinic,DO,5.47,False,113
2022,5,urban_lake,Gulshan Lake,Near Lake View Clinic,DO,9.4,False,113
2022,8,urban_lake,Gulshan Lake,Near Lake View Clinic,DO,2.1,False,113
2022,11,urban_lake,Gulshan Lake,Near Lake View Clinic,DO,5.0,False,113
2022,1,urban_lake,Gulshan Lake,Near Lake View Clinic,EC,462.0,False,116
2022,2,urban_lake,Gulshan Lake,Near Lake View Clinic,EC,486.0,False,116
2022,3,urban_lake,Gulshan Lake,Near Lake View Clinic,EC,491.0,False,116
2022,4,urban_lake,Gulshan Lake,Near Lake View Clinic,EC,526.0,False,116
2022,5,urban_lake,Gulshan Lake,Near Lake View Clinic,EC,394.0,False,116
2022,7,urban_lake,Gulshan Lake,Near Lake View Clinic,EC,256.0,False,116
2022,8,urban_lake,Gulshan Lake,Near Lake View Clinic,EC,443.0,False,116
2022,9,urban_lake,Gulshan Lake,Near Lake View Clinic,EC,362.0,False,116
2022,10,urban_lake,Gulshan Lake,Near Lake View Clinic,EC,376.0,False,116
2022,11,urban_lake,Gulshan Lake,Near Lake View Clinic,EC,356.0,False,116
2022,12,urban_lake,Gulshan Lake,Near Lake View Clinic,EC,446.0,False,116
2022,2,urban_lake,Gulshan Lake,Near Lake View Clinic,SS,159.0,False,115
2022,5,urban_lake,Gulshan Lake,Near Lake View Clinic,SS,199.0,False,115
2022,8,urban_lake,Gulshan Lake,Near Lake View Clinic,SS,77.0,False,115
2022,11,urban_lake,Gulshan Lake,Near Lake View Clinic,SS,159.0,False,115
2022,2,urban_lake,Gulshan Lake,Near Lake View Clinic,TDS,280.0,False,114
2022,5,urban_lake,Gulshan Lake,Near Lake View Clinic,TDS,201.0,False,114
2022,8,urban_lake,Gulshan Lake,Near Lake View Clinic,TDS,41.0,False,114
2022,11,urban_lake,Gulshan Lake,Near Lake View Clinic,TDS,269.0,False,114
2022,2,urban_lake,Gulshan Lake,Near Lake View Clinic,TotalAlkalinity,189.0,False,115
2022,5,urban_lake,Gulshan Lake,Near Lake View Clinic,TotalAlkalinity,198.0,False,115
2022,8,urban_lake,Gulshan Lake,Near Lake View Clinic,TotalAlkalinity,162.0,False,115
2022,11,urban_lake,Gulshan Lake,Near Lake View Clinic,TotalAlkalinity,158.0,False,115
2022,2,urban_lake,Gulshan Lake,Near Lake View Clinic,Turbidity,61.4,False,114
2022,5,urban_lake,Gulshan Lake,Near Lake View Clinic,Turbidity,54.5,False,114
2022,8,urban_lake,Gulshan Lake,Near Lake View Clinic,Turbidity,37.1,False,114
2022,11,urban_lake,Gulshan Lake,Near Lake View Clinic,Turbidity,61.4,False,114
2022,2,urban_lake,Gulshan Lake,Near Lake View Clinic,pH,7.32,False,113
2022,5,urban_lake,Gulshan Lake,Near Lake View Clinic,pH,7.41,False,113
2022,8,urban_lake,Gulshan Lake,Near Lake View Clinic,pH,7.12,False,113
2022,11,urban_lake,Gulshan Lake,Near Lake View Clinic,pH,7.32,False,113
2022,1,river,Halda,Garduara Sluice Gate,BOD,15.0,False,98
2022,2,river,Halda,Garduara Sluice Gate,BOD,14.0,False,98
2022,3,river,Halda,Garduara Sluice Gate,BOD,13.0,False,98
2022,4,river,Halda,Garduara Sluice Gate,BOD,13.0,False,98
2022,5,river,Halda,Garduara Sluice Gate,BOD,14.0,False,98
2022,6,river,Halda,Garduara Sluice Gate,BOD,12.0,False,98
2022,7,river,Halda,Garduara Sluice Gate,BOD,10.0,False,98
2022,8,river,Halda,Garduara Sluice Gate,BOD,11.0,False,98
2022,9,river,Halda,Garduara Sluice Gate,BOD,9.0,False,98
2022,10,river,Halda,Garduara Sluice Gate,BOD,10.0,False,98
2022,1,river,Halda,Garduara Sluice Gate,COD,15.0,False,98
2022,2,river,Halda,Garduara Sluice Gate,COD,14.0,False,98
2022,3,river,Halda,Garduara Sluice Gate,COD,13.0,False,98
2022,4,river,Halda,Garduara Sluice Gate,COD,13.0,False,98
2022,5,river,Halda,Garduara Sluice Gate,COD,14.0,False,98
2022,6,river,Halda,Garduara Sluice Gate,COD,12.0,False,98
2022,7,river,Halda,Garduara Sluice Gate,COD,10.0,False,98
2022,8,river,Halda,Garduara Sluice Gate,COD,11.0,False,98
2022,9,river,Halda,Garduara Sluice Gate,COD,9.0,False,98
2022,10,river,Halda,Garduara Sluice Gate,COD,10.0,False,98
2022,1,river,Halda,Garduara Sluice Gate,DO,7.32,False,98
2022,2,river,Halda,Garduara Sluice Gate,DO,6.24,False,98
2022,3,river,Halda,Garduara Sluice Gate,DO,6.24,False,98
2022,4,river,Halda,Garduara Sluice Gate,DO,6.11,False,98
2022,5,river,Halda,Garduara Sluice Gate,DO,5.69,False,98
2022,6,river,Halda,Garduara Sluice Gate,DO,5.67,False,98
2022,7,river,Halda,Garduara Sluice Gate,DO,5.2,False,98
2022,8,river,Halda,Garduara Sluice Gate,DO,5.39,False,98
2022,9,river,Halda,Garduara Sluice Gate,DO,6.55,False,98
2022,10,river,Halda,Garduara Sluice Gate,DO,8.22,False,98
2022,1,river,Halda,Garduara Sluice Gate,EC,131.5,False,99
2022,2,river,Halda,Garduara Sluice Gate,EC,141.5,False,99
2022,3,river,Halda,Garduara Sluice Gate,EC,219.0,False,99
2022,4,river,Halda,Garduara Sluice Gate,EC,218.5,False,99
2022,5,river,Halda,Garduara Sluice Gate,EC,238.5,False,99
2022,6,river,Halda,Garduara Sluice Gate,EC,112.4,False,99
2022,7,river,Halda,Garduara Sluice Gate,EC,137.5,False,99
2022,8,river,Halda,Garduara Sluice Gate,EC,145.5,False,99
2022,9,river,Halda,Garduara Sluice Gate,EC,115.0,False,99
2022,10,river,Halda,Garduara Sluice Gate,EC,124.0,False,99
2022,1,river,Halda,Garduara Sluice Gate,TDS,67.1,False,98
2022,2,river,Halda,Garduara Sluice Gate,TDS,97.1,False,98
2022,3,river,Halda,Garduara Sluice Gate,TDS,93.3,False,98
2022,4,river,Halda,Garduara Sluice Gate,TDS,113.3,False,98
2022,5,river,Halda,Garduara Sluice Gate,TDS,152.3,False,98
2022,6,river,Halda,Garduara Sluice Gate,TDS,58.1,False,98
2022,7,river,Halda,Garduara Sluice Gate,TDS,94.1,False,98
2022,8,river,Halda,Garduara Sluice Gate,TDS,98.5,False,98
2022,9,river,Halda,Garduara Sluice Gate,TDS,62.6,False,98
2022,10,river,Halda,Garduara Sluice Gate,TDS,108.7,False,98
2022,1,river,Halda,Garduara Sluice Gate,pH,7.34,False,98
2022,2,river,Halda,Garduara Sluice Gate,pH,7.46,False,98
2022,3,river,Halda,Garduara Sluice Gate,pH,7.72,False,98
2022,4,river,Halda,Garduara Sluice Gate,pH,7.79,False,98
2022,5,river,Halda,Garduara Sluice Gate,pH,7.59,False,98
2022,6,river,Halda,Garduara Sluice Gate,pH,6.89,False,98
2022,7,river,Halda,Garduara Sluice Gate,pH,6.94,False,98
2022,8,river,Halda,Garduara Sluice Gate,pH,7.2,False,98
2022,9,river,Halda,Garduara Sluice Gate,pH,7.61,False,98
2022,10,river,Halda,Garduara Sluice Gate,pH,8.58,False,98
2022,1,river,Halda,Halda Bridge,BOD,12.0,False,98
2022,2,river,Halda,Halda Bridge,BOD,15.0,False,98
2022,3,river,Halda,Halda Bridge,BOD,16.0,False,98
2022,4,river,Halda,Halda Bridge,BOD,12.0,False,98
2022,5,river,Halda,Halda Bridge,BOD,11.0,False,98
2022,6,river,Halda,Halda Bridge,BOD,10.0,False,98
2022,7,river,Halda,Halda Bridge,BOD,9.0,False,98
2022,8,river,Halda,Halda Bridge,BOD,10.0,False,98
2022,9,river,Halda,Halda Bridge,BOD,14.0,False,98
2022,10,river,Halda,Halda Bridge,BOD,12.5,False,98
2022,1,river,Halda,Halda Bridge,COD,12.0,False,98
2022,2,river,Halda,Halda Bridge,COD,15.0,False,98
2022,3,river,Halda,Halda Bridge,COD,16.0,False,98
2022,4,river,Halda,Halda Bridge,COD,12.0,False,98
2022,5,river,Halda,Halda Bridge,COD,11.0,False,98
2022,6,river,Halda,Halda Bridge,COD,10.0,False,98
2022,7,river,Halda,Halda Bridge,COD,9.0,False,98
2022,8,river,Halda,Halda Bridge,COD,10.0,False,98
2022,9,river,Halda,Halda Bridge,COD,14.0,False,98
2022,10,river,Halda,Halda Bridge,COD,12.5,False,98
2022,1,river,Halda,Halda Bridge,DO,7.11,False,98
2022,2,river,Halda,Halda Bridge,DO,6.12,False,98
2022,3,river,Halda,Halda Bridge,DO,6.12,False,98
2022,4,river,Halda,Halda Bridge,DO,5.89,False,98
2022,5,river,Halda,Halda Bridge,DO,5.63,False,98
2022,6,river,Halda,Halda Bridge,DO,6.19,False,98
2022,7,river,Halda,Halda Bridge,DO,6.2,False,98
2022,8,river,Halda,Halda Bridge,DO,6.43,False,98
2022,9,river,Halda,Halda Bridge,DO,7.74,False,98
2022,10,river,Halda,Halda Bridge,DO,8.21,False,98
2022,1,river,Halda,Halda Bridge,EC,124.7,False,99
2022,2,river,Halda,Halda Bridge,EC,134.5,False,99
2022,3,river,Halda,Halda Bridge,EC,236.0,False,99
2022,4,river,Halda,Halda Bridge,EC,245.0,False,99
2022,5,river,Halda,Halda Bridge,EC,179.5,False,99
2022,6,river,Halda,Halda Bridge,EC,74.8,False,99
2022,7,river,Halda,Halda Bridge,EC,123.5,False,99
2022,8,river,Halda,Halda Bridge,EC,134.5,False,99
2022,9,river,Halda,Halda Bridge,EC,110.5,False,99
2022,10,river,Halda,Halda Bridge,EC,207.1,False,99
2022,1,river,Halda,Halda Bridge,TDS,63.7,False,98
2022,2,river,Halda,Halda Bridge,TDS,55.7,False,98
2022,3,river,Halda,Halda Bridge,TDS,101.9,False,98
2022,4,river,Halda,Halda Bridge,TDS,124.5,False,98
2022,5,river,Halda,Halda Bridge,TDS,98.5,False,98
2022,6,river,Halda,Halda Bridge,TDS,39.5,False,98
2022,7,river,Halda,Halda Bridge,TDS,68.5,False,98
2022,8,river,Halda,Halda Bridge,TDS,87.5,False,98
2022,9,river,Halda,Halda Bridge,TDS,58.7,False,98
2022,10,river,Halda,Halda Bridge,TDS,168.2,False,98
2022,1,river,Halda,Halda Bridge,pH,7.45,False,98
2022,2,river,Halda,Halda Bridge,pH,7.55,False,98
2022,3,river,Halda,Halda Bridge,pH,7.64,False,98
2022,4,river,Halda,Halda Bridge,pH,7.72,False,98
2022,5,river,Halda,Halda Bridge,pH,7.85,False,98
2022,6,river,Halda,Halda Bridge,pH,6.62,False,98
2022,7,river,Halda,Halda Bridge,pH,6.72,False,98
2022,8,river,Halda,Halda Bridge,pH,6.84,False,98
2022,9,river,Halda,Halda Bridge,pH,7.77,False,98
2022,10,river,Halda,Halda Bridge,pH,8.63,False,98
2022,1,river,Halda,Maduna Ghat,BOD,14.0,False,98
2022,2,river,Halda,Maduna Ghat,BOD,16.0,False,98
2022,3,river,Halda,Maduna Ghat,BOD,14.0,False,98
2022,4,river,Halda,Maduna Ghat,BOD,11.0,False,98
2022,5,river,Halda,Maduna Ghat,BOD,12.0,False,98
2022,6,river,Halda,Maduna Ghat,BOD,13.0,False,98
2022,7,river,Halda,Maduna Ghat,BOD,12.0,False,98
2022,8,river,Halda,Maduna Ghat,BOD,9.0,False,98
2022,9,river,Halda,Maduna Ghat,BOD,15.5,False,98
2022,10,river,Halda,Maduna Ghat,BOD,13.4,False,98
2022,1,river,Halda,Maduna Ghat,COD,14.0,False,98
2022,2,river,Halda,Maduna Ghat,COD,16.0,False,98
2022,3,river,Halda,Maduna Ghat,COD,14.0,False,98
2022,4,river,Halda,Maduna Ghat,COD,11.0,False,98
2022,5,river,Halda,Maduna Ghat,COD,12.0,False,98
2022,6,river,Halda,Maduna Ghat,COD,13.0,False,98
2022,7,river,Halda,Maduna Ghat,COD,12.0,False,98
2022,8,river,Halda,Maduna Ghat,COD,9.0,False,98
2022,9,river,Halda,Maduna Ghat,COD,15.5,False,98
2022,10,river,Halda,Maduna Ghat,COD,13.4,False,98
2022,1,river,Halda,Maduna Ghat,DO,7.45,False,98
2022,2,river,Halda,Maduna Ghat,DO,6.12,False,98
2022,3,river,Halda,Maduna Ghat,DO,6.12,False,98
2022,4,river,Halda,Maduna Ghat,DO,5.96,False,98
2022,5,river,Halda,Maduna Ghat,DO,5.49,False,98
2022,6,river,Halda,Maduna Ghat,DO,5.69,False,98
2022,7,river,Halda,Maduna Ghat,DO,5.67,False,98
2022,8,river,Halda,Maduna Ghat,DO,5.74,False,98
2022,9,river,Halda,Maduna Ghat,DO,7.92,False,98
2022,10,river,Halda,Maduna Ghat,DO,8.28,False,98
2022,1,river,Halda,Maduna Ghat,EC,119.7,False,99
2022,2,river,Halda,Maduna Ghat,EC,129.7,False,99
2022,3,river,Halda,Maduna Ghat,EC,214.5,False,99
2022,4,river,Halda,Maduna Ghat,EC,189.5,False,99
2022,5,river,Halda,Maduna Ghat,EC,213.5,False,99
2022,6,river,Halda,Maduna Ghat,EC,106.5,False,99
2022,7,river,Halda,Maduna Ghat,EC,168.5,False,99
2022,8,river,Halda,Maduna Ghat,EC,121.5,False,99
2022,9,river,Halda,Maduna Ghat,EC,101.5,False,99
2022,10,river,Halda,Maduna Ghat,EC,136.9,False,99
2022,1,river,Halda,Maduna Ghat,TDS,63.1,False,98
2022,2,river,Halda,Maduna Ghat,TDS,73.6,False,98
2022,3,river,Halda,Maduna Ghat,TDS,92.8,False,98
2022,4,river,Halda,Maduna Ghat,TDS,98.5,False,98
2022,5,river,Halda,Maduna Ghat,TDS,113.5,False,98
2022,6,river,Halda,Maduna Ghat,TDS,56.7,False,98
2022,7,river,Halda,Maduna Ghat,TDS,69.7,False,98
2022,8,river,Halda,Maduna Ghat,TDS,58.7,False,98
2022,9,river,Halda,Maduna Ghat,TDS,56.7,False,98
2022,10,river,Halda,Maduna Ghat,TDS,144.0,False,98
2022,1,river,Halda,Maduna Ghat,pH,7.49,False,98
2022,2,river,Halda,Maduna Ghat,pH,7.57,False,98
2022,3,river,Halda,Maduna Ghat,pH,7.47,False,98
2022,4,river,Halda,Maduna Ghat,pH,7.53,False,98
2022,5,river,Halda,Maduna Ghat,pH,7.67,False,98
2022,6,river,Halda,Maduna Ghat,pH,6.57,False,98
2022,7,river,Halda,Maduna Ghat,pH,6.76,False,98
2022,8,river,Halda,Maduna Ghat,pH,6.87,False,98
2022,9,river,Halda,Maduna Ghat,pH,7.4,False,98
2022,10,river,Halda,Maduna Ghat,pH,8.45,False,98
2022,2,urban_lake,Hatir Jheel,FDC More Bridge,BOD,30.0,False,119
2022,5,urban_lake,Hatir Jheel,FDC More Bridge,BOD,32.0,False,119
2022,8,urban_lake,Hatir Jheel,FDC More Bridge,BOD,22.0,False,119
2022,11,urban_lake,Hatir Jheel,FDC More Bridge,BOD,26.0,False,119
2022,2,urban_lake,Hatir Jheel,FDC More Bridge,COD,80.0,False,119
2022,5,urban_lake,Hatir Jheel,FDC More Bridge,COD,80.0,False,119
2022,8,urban_lake,Hatir Jheel,FDC More Bridge,COD,58.0,False,119
2022,11,urban_lake,Hatir Jheel,FDC More Bridge,COD,115.0,False,119
2022,2,urban_lake,Hatir Jheel,FDC More Bridge,Chloride,44.0,False,120
2022,5,urban_lake,Hatir Jheel,FDC More Bridge,Chloride,61.0,False,120
2022,8,urban_lake,Hatir Jheel,FDC More Bridge,Chloride,48.0,False,120
2022,11,urban_lake,Hatir Jheel,FDC More Bridge,Chloride,66.0,False,120
2022,2,urban_lake,Hatir Jheel,FDC More Bridge,DO,2.75,False,119
2022,5,urban_lake,Hatir Jheel,FDC More Bridge,DO,3.9,False,119
2022,8,urban_lake,Hatir Jheel,FDC More Bridge,DO,8.0,False,119
2022,11,urban_lake,Hatir Jheel,FDC More Bridge,DO,2.1,False,119
2022,2,urban_lake,Hatir Jheel,FDC More Bridge,EC,514.0,False,120
2022,5,urban_lake,Hatir Jheel,FDC More Bridge,EC,496.0,False,120
2022,8,urban_lake,Hatir Jheel,FDC More Bridge,EC,474.0,False,120
2022,11,urban_lake,Hatir Jheel,FDC More Bridge,EC,555.0,False,120
2022,2,urban_lake,Hatir Jheel,FDC More Bridge,SS,11.0,False,120
2022,5,urban_lake,Hatir Jheel,FDC More Bridge,SS,87.0,False,120
2022,8,urban_lake,Hatir Jheel,FDC More Bridge,SS,116.0,False,120
2022,11,urban_lake,Hatir Jheel,FDC More Bridge,SS,116.0,False,120
2022,2,urban_lake,Hatir Jheel,FDC More Bridge,TDS,289.0,False,119
2022,5,urban_lake,Hatir Jheel,FDC More Bridge,TDS,261.0,False,119
2022,8,urban_lake,Hatir Jheel,FDC More Bridge,TDS,150.0,False,119
2022,11,urban_lake,Hatir Jheel,FDC More Bridge,TDS,284.0,False,119
2022,2,urban_lake,Hatir Jheel,FDC More Bridge,TotalAlkalinity,186.0,False,120
2022,5,urban_lake,Hatir Jheel,FDC More Bridge,TotalAlkalinity,151.0,False,120
2022,8,urban_lake,Hatir Jheel,FDC More Bridge,TotalAlkalinity,150.0,False,120
2022,11,urban_lake,Hatir Jheel,FDC More Bridge,TotalAlkalinity,218.0,False,120
2022,2,urban_lake,Hatir Jheel,FDC More Bridge,Turbidity,8.3,False,120
2022,5,urban_lake,Hatir Jheel,FDC More Bridge,Turbidity,58.5,False,120
2022,8,urban_lake,Hatir Jheel,FDC More Bridge,Turbidity,72.2,False,120
2022,11,urban_lake,Hatir Jheel,FDC More Bridge,Turbidity,123.0,False,120
2022,2,urban_lake,Hatir Jheel,FDC More Bridge,pH,7.65,False,119
2022,5,urban_lake,Hatir Jheel,FDC More Bridge,pH,7.34,False,119
2022,8,urban_lake,Hatir Jheel,FDC More Bridge,pH,7.4,False,119
2022,11,urban_lake,Hatir Jheel,FDC More Bridge,pH,7.72,False,119
2022,2,urban_lake,Hatir Jheel,Raampura Bridge,BOD,25.0,False,119
2022,5,urban_lake,Hatir Jheel,Raampura Bridge,BOD,23.0,False,119
2022,8,urban_lake,Hatir Jheel,Raampura Bridge,BOD,22.0,False,119
2022,11,urban_lake,Hatir Jheel,Raampura Bridge,BOD,21.0,False,119
2022,2,urban_lake,Hatir Jheel,Raampura Bridge,COD,117.0,False,119
2022,5,urban_lake,Hatir Jheel,Raampura Bridge,COD,95.0,False,119
2022,8,urban_lake,Hatir Jheel,Raampura Bridge,COD,63.0,False,119
2022,11,urban_lake,Hatir Jheel,Raampura Bridge,COD,39.0,False,119
2022,2,urban_lake,Hatir Jheel,Raampura Bridge,Chloride,47.0,False,120
2022,5,urban_lake,Hatir Jheel,Raampura Bridge,Chloride,46.0,False,120
2022,8,urban_lake,Hatir Jheel,Raampura Bridge,Chloride,44.0,False,120
2022,11,urban_lake,Hatir Jheel,Raampura Bridge,Chloride,45.0,False,120
2022,2,urban_lake,Hatir Jheel,Raampura Bridge,DO,4.0,False,119
2022,5,urban_lake,Hatir Jheel,Raampura Bridge,DO,1.5,False,119
2022,8,urban_lake,Hatir Jheel,Raampura Bridge,DO,3.65,False,119
2022,11,urban_lake,Hatir Jheel,Raampura Bridge,DO,5.5,False,119
2022,2,urban_lake,Hatir Jheel,Raampura Bridge,EC,559.0,False,120
2022,5,urban_lake,Hatir Jheel,Raampura Bridge,EC,517.0,False,120
2022,8,urban_lake,Hatir Jheel,Raampura Bridge,EC,497.0,False,120
2022,11,urban_lake,Hatir Jheel,Raampura Bridge,EC,426.0,False,120
2022,2,urban_lake,Hatir Jheel,Raampura Bridge,SS,58.0,False,120
2022,5,urban_lake,Hatir Jheel,Raampura Bridge,SS,121.0,False,120
2022,8,urban_lake,Hatir Jheel,Raampura Bridge,SS,110.0,False,120
2022,11,urban_lake,Hatir Jheel,Raampura Bridge,SS,29.0,False,120
2022,2,urban_lake,Hatir Jheel,Raampura Bridge,TDS,315.0,False,119
2022,5,urban_lake,Hatir Jheel,Raampura Bridge,TDS,273.0,False,119
2022,8,urban_lake,Hatir Jheel,Raampura Bridge,TDS,162.0,False,119
2022,11,urban_lake,Hatir Jheel,Raampura Bridge,TDS,235.0,False,119
2022,2,urban_lake,Hatir Jheel,Raampura Bridge,TotalAlkalinity,226.0,False,120
2022,5,urban_lake,Hatir Jheel,Raampura Bridge,TotalAlkalinity,175.0,False,120
2022,8,urban_lake,Hatir Jheel,Raampura Bridge,TotalAlkalinity,162.0,False,120
2022,11,urban_lake,Hatir Jheel,Raampura Bridge,TotalAlkalinity,189.0,False,120
2022,2,urban_lake,Hatir Jheel,Raampura Bridge,Turbidity,26.1,False,120
2022,5,urban_lake,Hatir Jheel,Raampura Bridge,Turbidity,67.8,False,120
2022,8,urban_lake,Hatir Jheel,Raampura Bridge,Turbidity,67.6,False,120
2022,11,urban_lake,Hatir Jheel,Raampura Bridge,Turbidity,35.0,False,120
2022,2,urban_lake,Hatir Jheel,Raampura Bridge,pH,7.92,False,119
2022,5,urban_lake,Hatir Jheel,Raampura Bridge,pH,7.34,False,119
2022,8,urban_lake,Hatir Jheel,Raampura Bridge,pH,7.3,False,119
2022,11,urban_lake,Hatir Jheel,Raampura Bridge,pH,7.92,False,119
2022,2,river,Jamuna,Horipur Kheya Ghat (D),BOD,2.3,False,90
2022,3,river,Jamuna,Horipur Kheya Ghat (D),BOD,2.4,False,90
2022,4,river,Jamuna,Horipur Kheya Ghat (D),BOD,2.4,False,90
2022,5,river,Jamuna,Horipur Kheya Ghat (D),BOD,2.4,False,90
2022,8,river,Jamuna,Horipur Kheya Ghat (D),BOD,2.3,False,90
2022,9,river,Jamuna,Horipur Kheya Ghat (D),BOD,2.4,False,90
2022,10,river,Jamuna,Horipur Kheya Ghat (D),BOD,2.4,False,90
2022,12,river,Jamuna,Horipur Kheya Ghat (D),BOD,2.4,False,90
2022,2,river,Jamuna,Horipur Kheya Ghat (D),Chloride,10.0,False,91
2022,3,river,Jamuna,Horipur Kheya Ghat (D),Chloride,10.0,False,91
2022,4,river,Jamuna,Horipur Kheya Ghat (D),Chloride,10.0,False,91
2022,5,river,Jamuna,Horipur Kheya Ghat (D),Chloride,10.0,False,91
2022,7,river,Jamuna,Horipur Kheya Ghat (D),Chloride,10.0,False,91
2022,8,river,Jamuna,Horipur Kheya Ghat (D),Chloride,10.0,False,91
2022,9,river,Jamuna,Horipur Kheya Ghat (D),Chloride,10.0,False,91
2022,10,river,Jamuna,Horipur Kheya Ghat (D),Chloride,10.0,False,91
2022,12,river,Jamuna,Horipur Kheya Ghat (D),Chloride,10.0,False,91
2022,2,river,Jamuna,Horipur Kheya Ghat (D),DO,7.64,False,90
2022,3,river,Jamuna,Horipur Kheya Ghat (D),DO,7.62,False,90
2022,4,river,Jamuna,Horipur Kheya Ghat (D),DO,7.62,False,90
2022,5,river,Jamuna,Horipur Kheya Ghat (D),DO,7.62,False,90
2022,8,river,Jamuna,Horipur Kheya Ghat (D),DO,7.62,False,90
2022,9,river,Jamuna,Horipur Kheya Ghat (D),DO,7.6,False,90
2022,10,river,Jamuna,Horipur Kheya Ghat (D),DO,7.62,False,90
2022,12,river,Jamuna,Horipur Kheya Ghat (D),DO,7.62,False,90
2022,2,river,Jamuna,Horipur Kheya Ghat (D),SS,36.0,False,91
2022,3,river,Jamuna,Horipur Kheya Ghat (D),SS,36.0,False,91
2022,4,river,Jamuna,Horipur Kheya Ghat (D),SS,36.0,False,91
2022,5,river,Jamuna,Horipur Kheya Ghat (D),SS,36.0,False,91
2022,7,river,Jamuna,Horipur Kheya Ghat (D),SS,36.0,False,91
2022,8,river,Jamuna,Horipur Kheya Ghat (D),SS,36.0,False,91
2022,9,river,Jamuna,Horipur Kheya Ghat (D),SS,36.0,False,91
2022,10,river,Jamuna,Horipur Kheya Ghat (D),SS,36.0,False,91
2022,12,river,Jamuna,Horipur Kheya Ghat (D),SS,36.0,False,91
2022,2,river,Jamuna,Horipur Kheya Ghat (D),TDS,120.0,False,91
2022,3,river,Jamuna,Horipur Kheya Ghat (D),TDS,120.0,False,91
2022,4,river,Jamuna,Horipur Kheya Ghat (D),TDS,120.0,False,91
2022,5,river,Jamuna,Horipur Kheya Ghat (D),TDS,120.0,False,91
2022,8,river,Jamuna,Horipur Kheya Ghat (D),TDS,133.0,False,91
2022,9,river,Jamuna,Horipur Kheya Ghat (D),TDS,135.0,False,91
2022,10,river,Jamuna,Horipur Kheya Ghat (D),TDS,135.0,False,91
2022,12,river,Jamuna,Horipur Kheya Ghat (D),TDS,130.0,False,91
2022,2,river,Jamuna,Horipur Kheya Ghat (D),pH,7.74,False,90
2022,3,river,Jamuna,Horipur Kheya Ghat (D),pH,7.72,False,90
2022,4,river,Jamuna,Horipur Kheya Ghat (D),pH,7.72,False,90
2022,5,river,Jamuna,Horipur Kheya Ghat (D),pH,7.72,False,90
2022,8,river,Jamuna,Horipur Kheya Ghat (D),pH,7.66,False,90
2022,9,river,Jamuna,Horipur Kheya Ghat (D),pH,7.6,False,90
2022,10,river,Jamuna,Horipur Kheya Ghat (D),pH,7.56,False,90
2022,12,river,Jamuna,Horipur Kheya Ghat (D),pH,7.62,False,90
2022,2,river,Jamuna,Horipur Kheya Ghat (U),BOD,2.3,False,90
2022,3,river,Jamuna,Horipur Kheya Ghat (U),BOD,2.4,False,90
2022,4,river,Jamuna,Horipur Kheya Ghat (U),BOD,2.4,False,90
2022,5,river,Jamuna,Horipur Kheya Ghat (U),BOD,2.4,False,90
2022,8,river,Jamuna,Horipur Kheya Ghat (U),BOD,2.3,False,90
2022,9,river,Jamuna,Horipur Kheya Ghat (U),BOD,2.4,False,90
2022,10,river,Jamuna,Horipur Kheya Ghat (U),BOD,2.4,False,90
2022,12,river,Jamuna,Horipur Kheya Ghat (U),BOD,2.4,False,90
2022,2,river,Jamuna,Horipur Kheya Ghat (U),Chloride,10.0,False,91
2022,3,river,Jamuna,Horipur Kheya Ghat (U),Chloride,10.0,False,91
2022,4,river,Jamuna,Horipur Kheya Ghat (U),Chloride,10.0,False,91
2022,5,river,Jamuna,Horipur Kheya Ghat (U),Chloride,10.0,False,91
2022,7,river,Jamuna,Horipur Kheya Ghat (U),Chloride,10.0,False,91
2022,8,river,Jamuna,Horipur Kheya Ghat (U),Chloride,10.0,False,91
2022,9,river,Jamuna,Horipur Kheya Ghat (U),Chloride,10.0,False,91
2022,10,river,Jamuna,Horipur Kheya Ghat (U),Chloride,10.0,False,91
2022,12,river,Jamuna,Horipur Kheya Ghat (U),Chloride,10.0,False,91
2022,2,river,Jamuna,Horipur Kheya Ghat (U),DO,7.64,False,90
2022,3,river,Jamuna,Horipur Kheya Ghat (U),DO,7.62,False,90
2022,4,river,Jamuna,Horipur Kheya Ghat (U),DO,7.62,False,90
2022,5,river,Jamuna,Horipur Kheya Ghat (U),DO,7.62,False,90
2022,8,river,Jamuna,Horipur Kheya Ghat (U),DO,7.62,False,90
2022,9,river,Jamuna,Horipur Kheya Ghat (U),DO,7.6,False,90
2022,10,river,Jamuna,Horipur Kheya Ghat (U),DO,7.62,False,90
2022,12,river,Jamuna,Horipur Kheya Ghat (U),DO,7.62,False,90
2022,2,river,Jamuna,Horipur Kheya Ghat (U),SS,36.0,False,91
2022,3,river,Jamuna,Horipur Kheya Ghat (U),SS,36.0,False,91
2022,4,river,Jamuna,Horipur Kheya Ghat (U),SS,36.0,False,91
2022,5,river,Jamuna,Horipur Kheya Ghat (U),SS,36.0,False,91
2022,7,river,Jamuna,Horipur Kheya Ghat (U),SS,36.0,False,91
2022,8,river,Jamuna,Horipur Kheya Ghat (U),SS,36.0,False,91
2022,9,river,Jamuna,Horipur Kheya Ghat (U),SS,36.0,False,91
2022,10,river,Jamuna,Horipur Kheya Ghat (U),SS,36.0,False,91
2022,12,river,Jamuna,Horipur Kheya Ghat (U),SS,36.0,False,91
2022,2,river,Jamuna,Horipur Kheya Ghat (U),TDS,120.0,False,91
2022,3,river,Jamuna,Horipur Kheya Ghat (U),TDS,120.0,False,91
2022,4,river,Jamuna,Horipur Kheya Ghat (U),TDS,120.0,False,91
2022,5,river,Jamuna,Horipur Kheya Ghat (U),TDS,120.0,False,91
2022,8,river,Jamuna,Horipur Kheya Ghat (U),TDS,133.0,False,91
2022,9,river,Jamuna,Horipur Kheya Ghat (U),TDS,135.0,False,91
2022,10,river,Jamuna,Horipur Kheya Ghat (U),TDS,135.0,False,91
2022,12,river,Jamuna,Horipur Kheya Ghat (U),TDS,130.0,False,91
2022,2,river,Jamuna,Horipur Kheya Ghat (U),pH,7.74,False,90
2022,3,river,Jamuna,Horipur Kheya Ghat (U),pH,7.72,False,90
2022,4,river,Jamuna,Horipur Kheya Ghat (U),pH,7.72,False,90
2022,5,river,Jamuna,Horipur Kheya Ghat (U),pH,7.72,False,90
2022,8,river,Jamuna,Horipur Kheya Ghat (U),pH,7.66,False,90
2022,9,river,Jamuna,Horipur Kheya Ghat (U),pH,7.6,False,90
2022,10,river,Jamuna,Horipur Kheya Ghat (U),pH,7.56,False,90
2022,12,river,Jamuna,Horipur Kheya Ghat (U),pH,7.62,False,90
2022,2,river,Jamuna,Jamuna Eco Park (D),BOD,2.2,False,90
2022,3,river,Jamuna,Jamuna Eco Park (D),BOD,2.3,False,90
2022,4,river,Jamuna,Jamuna Eco Park (D),BOD,2.3,False,90
2022,5,river,Jamuna,Jamuna Eco Park (D),BOD,2.3,False,90
2022,8,river,Jamuna,Jamuna Eco Park (D),BOD,2.3,False,90
2022,9,river,Jamuna,Jamuna Eco Park (D),BOD,2.4,False,90
2022,10,river,Jamuna,Jamuna Eco Park (D),BOD,2.4,False,90
2022,12,river,Jamuna,Jamuna Eco Park (D),BOD,2.4,False,90
2022,2,river,Jamuna,Jamuna Eco Park (D),Chloride,11.0,False,91
2022,3,river,Jamuna,Jamuna Eco Park (D),Chloride,11.0,False,91
2022,4,river,Jamuna,Jamuna Eco Park (D),Chloride,11.0,False,91
2022,5,river,Jamuna,Jamuna Eco Park (D),Chloride,11.0,False,91
2022,7,river,Jamuna,Jamuna Eco Park (D),Chloride,11.0,False,91
2022,8,river,Jamuna,Jamuna Eco Park (D),Chloride,11.0,False,91
2022,9,river,Jamuna,Jamuna Eco Park (D),Chloride,11.0,False,91
2022,10,river,Jamuna,Jamuna Eco Park (D),Chloride,11.0,False,91
2022,12,river,Jamuna,Jamuna Eco Park (D),Chloride,11.0,False,91
2022,2,river,Jamuna,Jamuna Eco Park (D),DO,7.62,False,90
2022,3,river,Jamuna,Jamuna Eco Park (D),DO,7.64,False,90
2022,4,river,Jamuna,Jamuna Eco Park (D),DO,7.64,False,90
2022,5,river,Jamuna,Jamuna Eco Park (D),DO,7.64,False,90
2022,8,river,Jamuna,Jamuna Eco Park (D),DO,7.62,False,90
2022,9,river,Jamuna,Jamuna Eco Park (D),DO,7.62,False,90
2022,10,river,Jamuna,Jamuna Eco Park (D),DO,7.64,False,90
2022,12,river,Jamuna,Jamuna Eco Park (D),DO,7.6,False,90
2022,2,river,Jamuna,Jamuna Eco Park (D),SS,40.0,False,91
2022,3,river,Jamuna,Jamuna Eco Park (D),SS,40.0,False,91
2022,4,river,Jamuna,Jamuna Eco Park (D),SS,40.0,False,91
2022,5,river,Jamuna,Jamuna Eco Park (D),SS,40.0,False,91
2022,7,river,Jamuna,Jamuna Eco Park (D),SS,40.0,False,91
2022,8,river,Jamuna,Jamuna Eco Park (D),SS,40.0,False,91
2022,9,river,Jamuna,Jamuna Eco Park (D),SS,40.0,False,91
2022,10,river,Jamuna,Jamuna Eco Park (D),SS,40.0,False,91
2022,12,river,Jamuna,Jamuna Eco Park (D),SS,40.0,False,91
2022,2,river,Jamuna,Jamuna Eco Park (D),TDS,128.0,False,91
2022,3,river,Jamuna,Jamuna Eco Park (D),TDS,128.0,False,91
2022,4,river,Jamuna,Jamuna Eco Park (D),TDS,128.0,False,91
2022,5,river,Jamuna,Jamuna Eco Park (D),TDS,128.0,False,91
2022,8,river,Jamuna,Jamuna Eco Park (D),TDS,128.0,False,91
2022,9,river,Jamuna,Jamuna Eco Park (D),TDS,130.0,False,91
2022,10,river,Jamuna,Jamuna Eco Park (D),TDS,130.0,False,91
2022,12,river,Jamuna,Jamuna Eco Park (D),TDS,132.0,False,91
2022,2,river,Jamuna,Jamuna Eco Park (D),pH,7.54,False,90
2022,3,river,Jamuna,Jamuna Eco Park (D),pH,7.52,False,90
2022,4,river,Jamuna,Jamuna Eco Park (D),pH,7.52,False,90
2022,5,river,Jamuna,Jamuna Eco Park (D),pH,7.52,False,90
2022,8,river,Jamuna,Jamuna Eco Park (D),pH,7.56,False,90
2022,9,river,Jamuna,Jamuna Eco Park (D),pH,7.55,False,90
2022,10,river,Jamuna,Jamuna Eco Park (D),pH,7.52,False,90
2022,12,river,Jamuna,Jamuna Eco Park (D),pH,7.54,False,90
2022,2,river,Jamuna,Jamuna Eco Park (U),BOD,2.2,False,90
2022,3,river,Jamuna,Jamuna Eco Park (U),BOD,2.3,False,90
2022,4,river,Jamuna,Jamuna Eco Park (U),BOD,2.3,False,90
2022,5,river,Jamuna,Jamuna Eco Park (U),BOD,2.3,False,90
2022,8,river,Jamuna,Jamuna Eco Park (U),BOD,2.3,False,90
2022,9,river,Jamuna,Jamuna Eco Park (U),BOD,2.4,False,90
2022,10,river,Jamuna,Jamuna Eco Park (U),BOD,2.4,False,90
2022,12,river,Jamuna,Jamuna Eco Park (U),BOD,2.4,False,90
2022,2,river,Jamuna,Jamuna Eco Park (U),Chloride,11.0,False,91
2022,3,river,Jamuna,Jamuna Eco Park (U),Chloride,11.0,False,91
2022,4,river,Jamuna,Jamuna Eco Park (U),Chloride,11.0,False,91
2022,5,river,Jamuna,Jamuna Eco Park (U),Chloride,11.0,False,91
2022,7,river,Jamuna,Jamuna Eco Park (U),Chloride,11.0,False,91
2022,8,river,Jamuna,Jamuna Eco Park (U),Chloride,11.0,False,91
2022,9,river,Jamuna,Jamuna Eco Park (U),Chloride,11.0,False,91
2022,10,river,Jamuna,Jamuna Eco Park (U),Chloride,11.0,False,91
2022,12,river,Jamuna,Jamuna Eco Park (U),Chloride,11.0,False,91
2022,2,river,Jamuna,Jamuna Eco Park (U),DO,7.62,False,90
2022,3,river,Jamuna,Jamuna Eco Park (U),DO,7.64,False,90
2022,4,river,Jamuna,Jamuna Eco Park (U),DO,7.64,False,90
2022,5,river,Jamuna,Jamuna Eco Park (U),DO,7.64,False,90
2022,8,river,Jamuna,Jamuna Eco Park (U),DO,7.62,False,90
2022,9,river,Jamuna,Jamuna Eco Park (U),DO,7.62,False,90
2022,10,river,Jamuna,Jamuna Eco Park (U),DO,7.64,False,90
2022,12,river,Jamuna,Jamuna Eco Park (U),DO,7.6,False,90
2022,2,river,Jamuna,Jamuna Eco Park (U),SS,40.0,False,91
2022,3,river,Jamuna,Jamuna Eco Park (U),SS,40.0,False,91
2022,4,river,Jamuna,Jamuna Eco Park (U),SS,40.0,False,91
2022,5,river,Jamuna,Jamuna Eco Park (U),SS,40.0,False,91
2022,7,river,Jamuna,Jamuna Eco Park (U),SS,40.0,False,91
2022,8,river,Jamuna,Jamuna Eco Park (U),SS,40.0,False,91
2022,9,river,Jamuna,Jamuna Eco Park (U),SS,40.0,False,91
2022,10,river,Jamuna,Jamuna Eco Park (U),SS,40.0,False,91
2022,12,river,Jamuna,Jamuna Eco Park (U),SS,40.0,False,91
2022,2,river,Jamuna,Jamuna Eco Park (U),TDS,128.0,False,91
2022,3,river,Jamuna,Jamuna Eco Park (U),TDS,128.0,False,91
2022,4,river,Jamuna,Jamuna Eco Park (U),TDS,128.0,False,91
2022,5,river,Jamuna,Jamuna Eco Park (U),TDS,128.0,False,91
2022,8,river,Jamuna,Jamuna Eco Park (U),TDS,128.0,False,91
2022,9,river,Jamuna,Jamuna Eco Park (U),TDS,130.0,False,91
2022,10,river,Jamuna,Jamuna Eco Park (U),TDS,130.0,False,91
2022,12,river,Jamuna,Jamuna Eco Park (U),TDS,132.0,False,91
2022,2,river,Jamuna,Jamuna Eco Park (U),pH,7.54,False,90
2022,3,river,Jamuna,Jamuna Eco Park (U),pH,7.52,False,90
2022,4,river,Jamuna,Jamuna Eco Park (U),pH,7.52,False,90
2022,5,river,Jamuna,Jamuna Eco Park (U),pH,7.52,False,90
2022,8,river,Jamuna,Jamuna Eco Park (U),pH,7.56,False,90
2022,9,river,Jamuna,Jamuna Eco Park (U),pH,7.55,False,90
2022,10,river,Jamuna,Jamuna Eco Park (U),pH,7.52,False,90
2022,12,river,Jamuna,Jamuna Eco Park (U),pH,7.54,False,90
2022,3,river,Jamuna,Kakua,BOD,2.1,False,90
2022,6,river,Jamuna,Kakua,BOD,6.2,False,90
2022,9,river,Jamuna,Kakua,BOD,2.0,False,90
2022,12,river,Jamuna,Kakua,BOD,2.3,False,90
2022,3,river,Jamuna,Kakua,Chloride,5.5,False,91
2022,6,river,Jamuna,Kakua,Chloride,5.0,False,91
2022,9,river,Jamuna,Kakua,Chloride,3.0,False,91
2022,12,river,Jamuna,Kakua,Chloride,40.0,False,91
2022,3,river,Jamuna,Kakua,DO,6.0,False,90
2022,6,river,Jamuna,Kakua,DO,5.8,False,90
2022,9,river,Jamuna,Kakua,DO,6.2,False,90
2022,12,river,Jamuna,Kakua,DO,11.5,False,90
2022,3,river,Jamuna,Kakua,SS,16.0,False,91
2022,6,river,Jamuna,Kakua,SS,403.0,False,91
2022,9,river,Jamuna,Kakua,SS,305.0,False,91
2022,12,river,Jamuna,Kakua,SS,15.0,False,91
2022,12,river,Jamuna,Kakua,TDS,4.0,False,91
2022,3,river,Jamuna,Kakua,pH,8.13,False,90
2022,6,river,Jamuna,Kakua,pH,7.66,False,90
2022,9,river,Jamuna,Kakua,pH,7.47,False,90
2022,12,river,Jamuna,Kakua,pH,8.57,False,90
2022,2,river,Jamuna,Mohonganj (D),BOD,2.1,False,90
2022,3,river,Jamuna,Mohonganj (D),BOD,2.2,False,90
2022,4,river,Jamuna,Mohonganj (D),BOD,2.2,False,90
2022,5,river,Jamuna,Mohonganj (D),BOD,2.2,False,90
2022,8,river,Jamuna,Mohonganj (D),BOD,2.2,False,90
2022,9,river,Jamuna,Mohonganj (D),BOD,2.3,False,90
2022,10,river,Jamuna,Mohonganj (D),BOD,2.3,False,90
2022,12,river,Jamuna,Mohonganj (D),BOD,2.3,False,90
2022,2,river,Jamuna,Mohonganj (D),Chloride,11.0,False,91
2022,3,river,Jamuna,Mohonganj (D),Chloride,11.0,False,91
2022,4,river,Jamuna,Mohonganj (D),Chloride,11.0,False,91
2022,5,river,Jamuna,Mohonganj (D),Chloride,11.0,False,91
2022,7,river,Jamuna,Mohonganj (D),Chloride,11.0,False,91
2022,8,river,Jamuna,Mohonganj (D),Chloride,11.0,False,91
2022,9,river,Jamuna,Mohonganj (D),Chloride,11.0,False,91
2022,10,river,Jamuna,Mohonganj (D),Chloride,11.0,False,91
2022,12,river,Jamuna,Mohonganj (D),Chloride,11.0,False,91
2022,2,river,Jamuna,Mohonganj (D),DO,7.64,False,90
2022,3,river,Jamuna,Mohonganj (D),DO,7.62,False,90
2022,4,river,Jamuna,Mohonganj (D),DO,7.62,False,90
2022,5,river,Jamuna,Mohonganj (D),DO,7.62,False,90
2022,8,river,Jamuna,Mohonganj (D),DO,7.64,False,90
2022,9,river,Jamuna,Mohonganj (D),DO,7.62,False,90
2022,10,river,Jamuna,Mohonganj (D),DO,7.64,False,90
2022,12,river,Jamuna,Mohonganj (D),DO,7.6,False,90
2022,2,river,Jamuna,Mohonganj (D),SS,38.0,False,91
2022,3,river,Jamuna,Mohonganj (D),SS,38.0,False,91
2022,4,river,Jamuna,Mohonganj (D),SS,38.0,False,91
2022,5,river,Jamuna,Mohonganj (D),SS,38.0,False,91
2022,7,river,Jamuna,Mohonganj (D),SS,38.0,False,91
2022,8,river,Jamuna,Mohonganj (D),SS,38.0,False,91
2022,9,river,Jamuna,Mohonganj (D),SS,38.0,False,91
2022,10,river,Jamuna,Mohonganj (D),SS,38.0,False,91
2022,12,river,Jamuna,Mohonganj (D),SS,38.0,False,91
2022,2,river,Jamuna,Mohonganj (D),TDS,129.0,False,91
2022,3,river,Jamuna,Mohonganj (D),TDS,129.0,False,91
2022,4,river,Jamuna,Mohonganj (D),TDS,129.0,False,91
2022,5,river,Jamuna,Mohonganj (D),TDS,129.0,False,91
2022,8,river,Jamuna,Mohonganj (D),TDS,130.0,False,91
2022,9,river,Jamuna,Mohonganj (D),TDS,130.0,False,91
2022,10,river,Jamuna,Mohonganj (D),TDS,131.0,False,91
2022,12,river,Jamuna,Mohonganj (D),TDS,131.0,False,91
2022,2,river,Jamuna,Mohonganj (D),pH,7.64,False,90
2022,3,river,Jamuna,Mohonganj (D),pH,7.54,False,90
2022,4,river,Jamuna,Mohonganj (D),pH,7.54,False,90
2022,5,river,Jamuna,Mohonganj (D),pH,7.54,False,90
2022,8,river,Jamuna,Mohonganj (D),pH,7.52,False,90
2022,9,river,Jamuna,Mohonganj (D),pH,7.5,False,90
2022,10,river,Jamuna,Mohonganj (D),pH,7.5,False,90
2022,12,river,Jamuna,Mohonganj (D),pH,7.6,False,90
2022,2,river,Jamuna,Mohonganj (U),BOD,2.1,False,90
2022,3,river,Jamuna,Mohonganj (U),BOD,2.2,False,90
2022,4,river,Jamuna,Mohonganj (U),BOD,2.2,False,90
2022,5,river,Jamuna,Mohonganj (U),BOD,2.2,False,90
2022,8,river,Jamuna,Mohonganj (U),BOD,2.2,False,90
2022,9,river,Jamuna,Mohonganj (U),BOD,2.3,False,90
2022,10,river,Jamuna,Mohonganj (U),BOD,2.3,False,90
2022,12,river,Jamuna,Mohonganj (U),BOD,2.3,False,90
2022,2,river,Jamuna,Mohonganj (U),Chloride,11.0,False,91
2022,3,river,Jamuna,Mohonganj (U),Chloride,11.0,False,91
2022,4,river,Jamuna,Mohonganj (U),Chloride,11.0,False,91
2022,5,river,Jamuna,Mohonganj (U),Chloride,11.0,False,91
2022,7,river,Jamuna,Mohonganj (U),Chloride,11.0,False,91
2022,8,river,Jamuna,Mohonganj (U),Chloride,11.0,False,91
2022,9,river,Jamuna,Mohonganj (U),Chloride,11.0,False,91
2022,10,river,Jamuna,Mohonganj (U),Chloride,11.0,False,91
2022,12,river,Jamuna,Mohonganj (U),Chloride,11.0,False,91
2022,2,river,Jamuna,Mohonganj (U),DO,7.64,False,90
2022,3,river,Jamuna,Mohonganj (U),DO,7.62,False,90
2022,4,river,Jamuna,Mohonganj (U),DO,7.62,False,90
2022,5,river,Jamuna,Mohonganj (U),DO,7.62,False,90
2022,8,river,Jamuna,Mohonganj (U),DO,7.64,False,90
2022,9,river,Jamuna,Mohonganj (U),DO,7.62,False,90
2022,10,river,Jamuna,Mohonganj (U),DO,7.64,False,90
2022,12,river,Jamuna,Mohonganj (U),DO,7.6,False,90
2022,2,river,Jamuna,Mohonganj (U),SS,38.0,False,91
2022,3,river,Jamuna,Mohonganj (U),SS,38.0,False,91
2022,4,river,Jamuna,Mohonganj (U),SS,38.0,False,91
2022,5,river,Jamuna,Mohonganj (U),SS,38.0,False,91
2022,7,river,Jamuna,Mohonganj (U),SS,38.0,False,91
2022,8,river,Jamuna,Mohonganj (U),SS,38.0,False,91
2022,9,river,Jamuna,Mohonganj (U),SS,38.0,False,91
2022,10,river,Jamuna,Mohonganj (U),SS,38.0,False,91
2022,12,river,Jamuna,Mohonganj (U),SS,38.0,False,91
2022,2,river,Jamuna,Mohonganj (U),TDS,129.0,False,91
2022,3,river,Jamuna,Mohonganj (U),TDS,129.0,False,91
2022,4,river,Jamuna,Mohonganj (U),TDS,129.0,False,91
2022,5,river,Jamuna,Mohonganj (U),TDS,129.0,False,91
2022,8,river,Jamuna,Mohonganj (U),TDS,130.0,False,91
2022,9,river,Jamuna,Mohonganj (U),TDS,130.0,False,91
2022,10,river,Jamuna,Mohonganj (U),TDS,131.0,False,91
2022,12,river,Jamuna,Mohonganj (U),TDS,131.0,False,91
2022,2,river,Jamuna,Mohonganj (U),pH,7.64,False,90
2022,3,river,Jamuna,Mohonganj (U),pH,7.54,False,90
2022,4,river,Jamuna,Mohonganj (U),pH,7.54,False,90
2022,5,river,Jamuna,Mohonganj (U),pH,7.54,False,90
2022,8,river,Jamuna,Mohonganj (U),pH,7.52,False,90
2022,9,river,Jamuna,Mohonganj (U),pH,7.5,False,90
2022,10,river,Jamuna,Mohonganj (U),pH,7.5,False,90
2022,12,river,Jamuna,Mohonganj (U),pH,7.6,False,90
2022,2,river,Jamuna,Shariakandi Groin badth (D),BOD,2.3,False,90
2022,3,river,Jamuna,Shariakandi Groin badth (D),BOD,2.4,False,90
2022,4,river,Jamuna,Shariakandi Groin badth (D),BOD,2.4,False,90
2022,5,river,Jamuna,Shariakandi Groin badth (D),BOD,2.4,False,90
2022,8,river,Jamuna,Shariakandi Groin badth (D),BOD,2.5,False,90
2022,9,river,Jamuna,Shariakandi Groin badth (D),BOD,2.4,False,90
2022,10,river,Jamuna,Shariakandi Groin badth (D),BOD,2.4,False,90
2022,12,river,Jamuna,Shariakandi Groin badth (D),BOD,2.4,False,90
2022,2,river,Jamuna,Shariakandi Groin badth (D),Chloride,11.0,False,91
2022,3,river,Jamuna,Shariakandi Groin badth (D),Chloride,11.0,False,91
2022,4,river,Jamuna,Shariakandi Groin badth (D),Chloride,11.0,False,91
2022,5,river,Jamuna,Shariakandi Groin badth (D),Chloride,11.0,False,91
2022,7,river,Jamuna,Shariakandi Groin badth (D),Chloride,11.0,False,91
2022,8,river,Jamuna,Shariakandi Groin badth (D),Chloride,11.0,False,91
2022,9,river,Jamuna,Shariakandi Groin badth (D),Chloride,11.0,False,91
2022,10,river,Jamuna,Shariakandi Groin badth (D),Chloride,11.0,False,91
2022,12,river,Jamuna,Shariakandi Groin badth (D),Chloride,11.0,False,91
2022,2,river,Jamuna,Shariakandi Groin badth (D),DO,7.58,False,90
2022,3,river,Jamuna,Shariakandi Groin badth (D),DO,7.56,False,90
2022,4,river,Jamuna,Shariakandi Groin badth (D),DO,7.56,False,90
2022,5,river,Jamuna,Shariakandi Groin badth (D),DO,7.56,False,90
2022,8,river,Jamuna,Shariakandi Groin badth (D),DO,7.6,False,90
2022,9,river,Jamuna,Shariakandi Groin badth (D),DO,7.61,False,90
2022,10,river,Jamuna,Shariakandi Groin badth (D),DO,7.6,False,90
2022,12,river,Jamuna,Shariakandi Groin badth (D),DO,7.5,False,90
2022,2,river,Jamuna,Shariakandi Groin badth (D),SS,42.0,False,91
2022,3,river,Jamuna,Shariakandi Groin badth (D),SS,42.0,False,91
2022,4,river,Jamuna,Shariakandi Groin badth (D),SS,42.0,False,91
2022,5,river,Jamuna,Shariakandi Groin badth (D),SS,42.0,False,91
2022,7,river,Jamuna,Shariakandi Groin badth (D),SS,42.0,False,91
2022,8,river,Jamuna,Shariakandi Groin badth (D),SS,42.0,False,91
2022,9,river,Jamuna,Shariakandi Groin badth (D),SS,42.0,False,91
2022,10,river,Jamuna,Shariakandi Groin badth (D),SS,42.0,False,91
2022,12,river,Jamuna,Shariakandi Groin badth (D),SS,42.0,False,91
2022,2,river,Jamuna,Shariakandi Groin badth (D),TDS,133.0,False,91
2022,3,river,Jamuna,Shariakandi Groin badth (D),TDS,133.0,False,91
2022,4,river,Jamuna,Shariakandi Groin badth (D),TDS,133.0,False,91
2022,5,river,Jamuna,Shariakandi Groin badth (D),TDS,133.0,False,91
2022,8,river,Jamuna,Shariakandi Groin badth (D),TDS,133.0,False,91
2022,9,river,Jamuna,Shariakandi Groin badth (D),TDS,133.0,False,91
2022,10,river,Jamuna,Shariakandi Groin badth (D),TDS,133.0,False,91
2022,12,river,Jamuna,Shariakandi Groin badth (D),TDS,135.0,False,91
2022,2,river,Jamuna,Shariakandi Groin badth (D),pH,7.5,False,90
2022,3,river,Jamuna,Shariakandi Groin badth (D),pH,7.52,False,90
2022,4,river,Jamuna,Shariakandi Groin badth (D),pH,7.52,False,90
2022,5,river,Jamuna,Shariakandi Groin badth (D),pH,7.52,False,90
2022,8,river,Jamuna,Shariakandi Groin badth (D),pH,7.5,False,90
2022,9,river,Jamuna,Shariakandi Groin badth (D),pH,7.52,False,90
2022,10,river,Jamuna,Shariakandi Groin badth (D),pH,7.54,False,90
2022,12,river,Jamuna,Shariakandi Groin badth (D),pH,7.5,False,90
2022,2,river,Jamuna,Shariakandi Groin badth (U),BOD,2.3,False,90
2022,3,river,Jamuna,Shariakandi Groin badth (U),BOD,2.4,False,90
2022,4,river,Jamuna,Shariakandi Groin badth (U),BOD,2.4,False,90
2022,5,river,Jamuna,Shariakandi Groin badth (U),BOD,2.4,False,90
2022,8,river,Jamuna,Shariakandi Groin badth (U),BOD,2.5,False,90
2022,9,river,Jamuna,Shariakandi Groin badth (U),BOD,2.4,False,90
2022,10,river,Jamuna,Shariakandi Groin badth (U),BOD,2.4,False,90
2022,12,river,Jamuna,Shariakandi Groin badth (U),BOD,2.4,False,90
2022,2,river,Jamuna,Shariakandi Groin badth (U),Chloride,11.0,False,91
2022,3,river,Jamuna,Shariakandi Groin badth (U),Chloride,11.0,False,91
2022,4,river,Jamuna,Shariakandi Groin badth (U),Chloride,11.0,False,91
2022,5,river,Jamuna,Shariakandi Groin badth (U),Chloride,11.0,False,91
2022,7,river,Jamuna,Shariakandi Groin badth (U),Chloride,11.0,False,91
2022,8,river,Jamuna,Shariakandi Groin badth (U),Chloride,11.0,False,91
2022,9,river,Jamuna,Shariakandi Groin badth (U),Chloride,11.0,False,91
2022,10,river,Jamuna,Shariakandi Groin badth (U),Chloride,11.0,False,91
2022,12,river,Jamuna,Shariakandi Groin badth (U),Chloride,11.0,False,91
2022,2,river,Jamuna,Shariakandi Groin badth (U),DO,7.58,False,90
2022,3,river,Jamuna,Shariakandi Groin badth (U),DO,7.56,False,90
2022,4,river,Jamuna,Shariakandi Groin badth (U),DO,7.56,False,90
2022,5,river,Jamuna,Shariakandi Groin badth (U),DO,7.56,False,90
2022,8,river,Jamuna,Shariakandi Groin badth (U),DO,7.6,False,90
2022,9,river,Jamuna,Shariakandi Groin badth (U),DO,7.61,False,90
2022,10,river,Jamuna,Shariakandi Groin badth (U),DO,7.6,False,90
2022,12,river,Jamuna,Shariakandi Groin badth (U),DO,7.5,False,90
2022,2,river,Jamuna,Shariakandi Groin badth (U),SS,42.0,False,91
2022,3,river,Jamuna,Shariakandi Groin badth (U),SS,42.0,False,91
2022,4,river,Jamuna,Shariakandi Groin badth (U),SS,42.0,False,91
2022,5,river,Jamuna,Shariakandi Groin badth (U),SS,42.0,False,91
2022,7,river,Jamuna,Shariakandi Groin badth (U),SS,42.0,False,91
2022,8,river,Jamuna,Shariakandi Groin badth (U),SS,42.0,False,91
2022,9,river,Jamuna,Shariakandi Groin badth (U),SS,42.0,False,91
2022,10,river,Jamuna,Shariakandi Groin badth (U),SS,42.0,False,91
2022,12,river,Jamuna,Shariakandi Groin badth (U),SS,42.0,False,91
2022,2,river,Jamuna,Shariakandi Groin badth (U),TDS,133.0,False,91
2022,3,river,Jamuna,Shariakandi Groin badth (U),TDS,133.0,False,91
2022,4,river,Jamuna,Shariakandi Groin badth (U),TDS,133.0,False,91
2022,5,river,Jamuna,Shariakandi Groin badth (U),TDS,133.0,False,91
2022,8,river,Jamuna,Shariakandi Groin badth (U),TDS,133.0,False,91
2022,9,river,Jamuna,Shariakandi Groin badth (U),TDS,133.0,False,91
2022,10,river,Jamuna,Shariakandi Groin badth (U),TDS,133.0,False,91
2022,12,river,Jamuna,Shariakandi Groin badth (U),TDS,135.0,False,91
2022,2,river,Jamuna,Shariakandi Groin badth (U),pH,7.5,False,90
2022,3,river,Jamuna,Shariakandi Groin badth (U),pH,7.52,False,90
2022,4,river,Jamuna,Shariakandi Groin badth (U),pH,7.52,False,90
2022,5,river,Jamuna,Shariakandi Groin badth (U),pH,7.52,False,90
2022,8,river,Jamuna,Shariakandi Groin badth (U),pH,7.5,False,90
2022,9,river,Jamuna,Shariakandi Groin badth (U),pH,7.52,False,90
2022,10,river,Jamuna,Shariakandi Groin badth (U),pH,7.54,False,90
2022,12,river,Jamuna,Shariakandi Groin badth (U),pH,7.5,False,90
2022,3,river,Jamuna,Tarakandi (D),BOD,3.0,False,90
2022,6,river,Jamuna,Tarakandi (D),BOD,12.0,False,90
2022,9,river,Jamuna,Tarakandi (D),BOD,4.0,False,90
2022,12,river,Jamuna,Tarakandi (D),BOD,2.6,False,90
2022,3,river,Jamuna,Tarakandi (D),Chloride,12.5,False,91
2022,6,river,Jamuna,Tarakandi (D),Chloride,6.0,False,91
2022,9,river,Jamuna,Tarakandi (D),Chloride,5.0,False,91
2022,12,river,Jamuna,Tarakandi (D),Chloride,6.0,False,91
2022,3,river,Jamuna,Tarakandi (D),DO,5.8,False,90
2022,6,river,Jamuna,Tarakandi (D),DO,6.1,False,90
2022,9,river,Jamuna,Tarakandi (D),DO,6.1,False,90
2022,12,river,Jamuna,Tarakandi (D),DO,7.9,False,90
2022,3,river,Jamuna,Tarakandi (D),SS,7.0,False,91
2022,6,river,Jamuna,Tarakandi (D),SS,76.0,False,91
2022,9,river,Jamuna,Tarakandi (D),SS,127.0,False,91
2022,12,river,Jamuna,Tarakandi (D),SS,42.0,False,91
2022,3,river,Jamuna,Tarakandi (D),TDS,231.0,False,91
2022,6,river,Jamuna,Tarakandi (D),TDS,67.7,False,91
2022,9,river,Jamuna,Tarakandi (D),TDS,83.0,False,91
2022,12,river,Jamuna,Tarakandi (D),TDS,225.0,False,91
2022,3,river,Jamuna,Tarakandi (D),pH,8.02,False,90
2022,6,river,Jamuna,Tarakandi (D),pH,7.86,False,90
2022,9,river,Jamuna,Tarakandi (D),pH,7.14,False,90
2022,12,river,Jamuna,Tarakandi (D),pH,7.87,False,90
2022,3,river,Jamuna,Tarakandi (U),BOD,4.0,False,90
2022,3,river,Jamuna,Tarakandi (U),Chloride,12.5,False,91
2022,3,river,Jamuna,Tarakandi (U),DO,4.6,False,90
2022,3,river,Jamuna,Tarakandi (U),SS,48.0,False,91
2022,3,river,Jamuna,Tarakandi (U),TDS,222.0,False,91
2022,3,river,Jamuna,Tarakandi (U),pH,7.8,False,90
2022,2,river,Kaligonga,Bheutha Ghat,BOD,12.0,False,89
2022,5,river,Kaligonga,Bheutha Ghat,BOD,6.0,False,89
2022,8,river,Kaligonga,Bheutha Ghat,BOD,4.0,False,89
2022,11,river,Kaligonga,Bheutha Ghat,BOD,2.0,False,89
2022,2,river,Kaligonga,Bheutha Ghat,Chloride,21.0,False,90
2022,5,river,Kaligonga,Bheutha Ghat,Chloride,66.0,False,90
2022,8,river,Kaligonga,Bheutha Ghat,Chloride,5.5,False,90
2022,11,river,Kaligonga,Bheutha Ghat,Chloride,8.0,False,90
2022,12,river,Kaligonga,Bheutha Ghat,Chloride,15.5,False,90
2022,2,river,Kaligonga,Bheutha Ghat,DO,8.0,False,89
2022,5,river,Kaligonga,Bheutha Ghat,DO,7.0,False,89
2022,8,river,Kaligonga,Bheutha Ghat,DO,6.1,False,89
2022,11,river,Kaligonga,Bheutha Ghat,DO,6.1,False,89
2022,12,river,Kaligonga,Bheutha Ghat,DO,8.8,False,89
2022,2,river,Kaligonga,Bheutha Ghat,SS,12.0,False,89
2022,5,river,Kaligonga,Bheutha Ghat,SS,63.0,False,89
2022,8,river,Kaligonga,Bheutha Ghat,SS,198.0,False,89
2022,11,river,Kaligonga,Bheutha Ghat,SS,46.0,False,89
2022,12,river,Kaligonga,Bheutha Ghat,SS,14.0,False,89
2022,2,river,Kaligonga,Bheutha Ghat,TDS,44.0,False,89
2022,5,river,Kaligonga,Bheutha Ghat,TDS,22.0,False,89
2022,8,river,Kaligonga,Bheutha Ghat,TDS,20.0,False,89
2022,11,river,Kaligonga,Bheutha Ghat,TDS,8.0,False,89
2022,2,river,Kaligonga,Bheutha Ghat,pH,7.72,False,89
2022,5,river,Kaligonga,Bheutha Ghat,pH,7.63,False,89
2022,8,river,Kaligonga,Bheutha Ghat,pH,6.95,False,89
2022,11,river,Kaligonga,Bheutha Ghat,pH,7.65,False,89
2022,12,river,Kaligonga,Bheutha Ghat,pH,7.7,False,89
2022,1,river,Karnaphuli,CUFL,BOD,16.0,False,97
2022,2,river,Karnaphuli,CUFL,BOD,12.0,False,97
2022,3,river,Karnaphuli,CUFL,BOD,21.0,False,97
2022,4,river,Karnaphuli,CUFL,BOD,12.0,False,97
2022,5,river,Karnaphuli,CUFL,BOD,9.0,False,97
2022,6,river,Karnaphuli,CUFL,BOD,16.0,False,97
2022,7,river,Karnaphuli,CUFL,BOD,8.2,False,97
2022,8,river,Karnaphuli,CUFL,BOD,11.0,False,97
2022,9,river,Karnaphuli,CUFL,BOD,10.0,False,97
2022,10,river,Karnaphuli,CUFL,BOD,8.0,False,97
2022,11,river,Karnaphuli,CUFL,BOD,7.0,False,97
2022,12,river,Karnaphuli,CUFL,BOD,6.0,False,97
2022,1,river,Karnaphuli,CUFL,COD,49.0,False,97
2022,2,river,Karnaphuli,CUFL,COD,28.0,False,97
2022,3,river,Karnaphuli,CUFL,COD,68.0,False,97
2022,4,river,Karnaphuli,CUFL,COD,42.0,False,97
2022,5,river,Karnaphuli,CUFL,COD,36.0,False,97
2022,6,river,Karnaphuli,CUFL,COD,68.0,False,97
2022,7,river,Karnaphuli,CUFL,COD,62.0,False,97
2022,8,river,Karnaphuli,CUFL,COD,88.0,False,97
2022,9,river,Karnaphuli,CUFL,COD,49.0,False,97
2022,10,river,Karnaphuli,CUFL,COD,45.0,False,97
2022,11,river,Karnaphuli,CUFL,COD,56.0,False,97
2022,12,river,Karnaphuli,CUFL,COD,48.0,False,97
2022,1,river,Karnaphuli,CUFL,DO,7.57,False,97
2022,2,river,Karnaphuli,CUFL,DO,7.65,False,97
2022,3,river,Karnaphuli,CUFL,DO,7.64,False,97
2022,4,river,Karnaphuli,CUFL,DO,7.85,False,97
2022,5,river,Karnaphuli,CUFL,DO,7.63,False,97
2022,6,river,Karnaphuli,CUFL,DO,7.66,False,97
2022,7,river,Karnaphuli,CUFL,DO,7.51,False,97
2022,8,river,Karnaphuli,CUFL,DO,7.59,False,97
2022,9,river,Karnaphuli,CUFL,DO,7.47,False,97
2022,10,river,Karnaphuli,CUFL,DO,7.47,False,97
2022,11,river,Karnaphuli,CUFL,DO,6.47,False,97
2022,12,river,Karnaphuli,CUFL,DO,8.42,False,97
2022,1,river,Karnaphuli,CUFL,EC,2800.0,False,98
2022,2,river,Karnaphuli,CUFL,EC,2976.0,False,98
2022,3,river,Karnaphuli,CUFL,EC,28789.0,False,98
2022,4,river,Karnaphuli,CUFL,EC,18160.0,False,98
2022,5,river,Karnaphuli,CUFL,EC,18160.0,False,98
2022,6,river,Karnaphuli,CUFL,EC,18476.0,False,98
2022,7,river,Karnaphuli,CUFL,EC,10134.0,False,98
2022,8,river,Karnaphuli,CUFL,EC,23380.0,False,98
2022,9,river,Karnaphuli,CUFL,EC,3830.0,False,98
2022,10,river,Karnaphuli,CUFL,EC,4216.0,False,98
2022,11,river,Karnaphuli,CUFL,EC,14200.0,False,98
2022,12,river,Karnaphuli,CUFL,EC,36500.0,False,98
2022,1,river,Karnaphuli,CUFL,TDS,1462.0,False,97
2022,2,river,Karnaphuli,CUFL,TDS,1679.0,False,97
2022,3,river,Karnaphuli,CUFL,TDS,17230.0,False,97
2022,4,river,Karnaphuli,CUFL,TDS,10250.0,False,97
2022,5,river,Karnaphuli,CUFL,TDS,6567.0,False,97
2022,6,river,Karnaphuli,CUFL,TDS,9872.0,False,97
2022,7,river,Karnaphuli,CUFL,TDS,5320.0,False,97
2022,8,river,Karnaphuli,CUFL,TDS,12420.0,False,97
2022,9,river,Karnaphuli,CUFL,TDS,2060.0,False,97
2022,10,river,Karnaphuli,CUFL,TDS,2060.0,False,97
2022,11,river,Karnaphuli,CUFL,TDS,7960.0,False,97
2022,12,river,Karnaphuli,CUFL,TDS,18550.0,False,97
2022,1,river,Karnaphuli,CUFL,pH,7.21,False,97
2022,2,river,Karnaphuli,CUFL,pH,7.4,False,97
2022,3,river,Karnaphuli,CUFL,pH,6.55,False,97
2022,4,river,Karnaphuli,CUFL,pH,7.47,False,97
2022,5,river,Karnaphuli,CUFL,pH,7.56,False,97
2022,6,river,Karnaphuli,CUFL,pH,7.48,False,97
2022,7,river,Karnaphuli,CUFL,pH,7.04,False,97
2022,8,river,Karnaphuli,CUFL,pH,7.18,False,97
2022,9,river,Karnaphuli,CUFL,pH,7.71,False,97
2022,10,river,Karnaphuli,CUFL,pH,7.79,False,97
2022,11,river,Karnaphuli,CUFL,pH,6.11,False,97
2022,12,river,Karnaphuli,CUFL,pH,7.44,False,97
2022,1,river,Karnaphuli,Kalurghat Bridge,BOD,5.0,False,97
2022,2,river,Karnaphuli,Kalurghat Bridge,BOD,4.0,False,97
2022,3,river,Karnaphuli,Kalurghat Bridge,BOD,3.0,False,97
2022,4,river,Karnaphuli,Kalurghat Bridge,BOD,3.0,False,97
2022,5,river,Karnaphuli,Kalurghat Bridge,BOD,4.0,False,97
2022,6,river,Karnaphuli,Kalurghat Bridge,BOD,5.0,False,97
2022,7,river,Karnaphuli,Kalurghat Bridge,BOD,3.0,False,97
2022,8,river,Karnaphuli,Kalurghat Bridge,BOD,3.0,False,97
2022,9,river,Karnaphuli,Kalurghat Bridge,BOD,4.0,False,97
2022,10,river,Karnaphuli,Kalurghat Bridge,BOD,5.0,False,97
2022,11,river,Karnaphuli,Kalurghat Bridge,BOD,3.0,False,97
2022,12,river,Karnaphuli,Kalurghat Bridge,BOD,4.0,False,97
2022,1,river,Karnaphuli,Kalurghat Bridge,COD,13.0,False,97
2022,2,river,Karnaphuli,Kalurghat Bridge,COD,13.0,False,97
2022,3,river,Karnaphuli,Kalurghat Bridge,COD,11.0,False,97
2022,4,river,Karnaphuli,Kalurghat Bridge,COD,11.0,False,97
2022,5,river,Karnaphuli,Kalurghat Bridge,COD,12.0,False,97
2022,6,river,Karnaphuli,Kalurghat Bridge,COD,14.0,False,97
2022,7,river,Karnaphuli,Kalurghat Bridge,COD,12.0,False,97
2022,8,river,Karnaphuli,Kalurghat Bridge,COD,11.0,False,97
2022,9,river,Karnaphuli,Kalurghat Bridge,COD,12.0,False,97
2022,10,river,Karnaphuli,Kalurghat Bridge,COD,10.0,False,97
2022,11,river,Karnaphuli,Kalurghat Bridge,COD,9.0,False,97
2022,12,river,Karnaphuli,Kalurghat Bridge,COD,9.0,False,97
2022,1,river,Karnaphuli,Kalurghat Bridge,DO,7.34,False,97
2022,2,river,Karnaphuli,Kalurghat Bridge,DO,7.38,False,97
2022,3,river,Karnaphuli,Kalurghat Bridge,DO,7.56,False,97
2022,4,river,Karnaphuli,Kalurghat Bridge,DO,7.63,False,97
2022,5,river,Karnaphuli,Kalurghat Bridge,DO,7.71,False,97
2022,6,river,Karnaphuli,Kalurghat Bridge,DO,8.17,False,97
2022,7,river,Karnaphuli,Kalurghat Bridge,DO,7.53,False,97
2022,8,river,Karnaphuli,Kalurghat Bridge,DO,7.28,False,97
2022,9,river,Karnaphuli,Kalurghat Bridge,DO,7.39,False,97
2022,10,river,Karnaphuli,Kalurghat Bridge,DO,7.39,False,97
2022,11,river,Karnaphuli,Kalurghat Bridge,DO,7.19,False,97
2022,12,river,Karnaphuli,Kalurghat Bridge,DO,7.77,False,97
2022,1,river,Karnaphuli,Kalurghat Bridge,EC,286.0,False,98
2022,2,river,Karnaphuli,Kalurghat Bridge,EC,249.0,False,98
2022,3,river,Karnaphuli,Kalurghat Bridge,EC,289.0,False,98
2022,4,river,Karnaphuli,Kalurghat Bridge,EC,289.0,False,98
2022,5,river,Karnaphuli,Kalurghat Bridge,EC,289.0,False,98
2022,6,river,Karnaphuli,Kalurghat Bridge,EC,414.0,False,98
2022,7,river,Karnaphuli,Kalurghat Bridge,EC,239.0,False,98
2022,8,river,Karnaphuli,Kalurghat Bridge,EC,546.0,False,98
2022,9,river,Karnaphuli,Kalurghat Bridge,EC,498.0,False,98
2022,10,river,Karnaphuli,Kalurghat Bridge,EC,512.0,False,98
2022,11,river,Karnaphuli,Kalurghat Bridge,EC,569.0,False,98
2022,12,river,Karnaphuli,Kalurghat Bridge,EC,459.0,False,98
2022,1,river,Karnaphuli,Kalurghat Bridge,TDS,149.0,False,97
2022,2,river,Karnaphuli,Kalurghat Bridge,TDS,129.0,False,97
2022,3,river,Karnaphuli,Kalurghat Bridge,TDS,159.0,False,97
2022,4,river,Karnaphuli,Kalurghat Bridge,TDS,163.0,False,97
2022,5,river,Karnaphuli,Kalurghat Bridge,TDS,179.0,False,97
2022,6,river,Karnaphuli,Kalurghat Bridge,TDS,218.0,False,97
2022,7,river,Karnaphuli,Kalurghat Bridge,TDS,119.0,False,97
2022,8,river,Karnaphuli,Kalurghat Bridge,TDS,248.0,False,97
2022,9,river,Karnaphuli,Kalurghat Bridge,TDS,248.0,False,97
2022,10,river,Karnaphuli,Kalurghat Bridge,TDS,248.0,False,97
2022,11,river,Karnaphuli,Kalurghat Bridge,TDS,312.0,False,97
2022,12,river,Karnaphuli,Kalurghat Bridge,TDS,286.0,False,97
2022,1,river,Karnaphuli,Kalurghat Bridge,pH,7.35,False,97
2022,2,river,Karnaphuli,Kalurghat Bridge,pH,7.29,False,97
2022,3,river,Karnaphuli,Kalurghat Bridge,pH,7.43,False,97
2022,4,river,Karnaphuli,Kalurghat Bridge,pH,7.51,False,97
2022,5,river,Karnaphuli,Kalurghat Bridge,pH,7.63,False,97
2022,6,river,Karnaphuli,Kalurghat Bridge,pH,7.52,False,97
2022,7,river,Karnaphuli,Kalurghat Bridge,pH,7.73,False,97
2022,8,river,Karnaphuli,Kalurghat Bridge,pH,7.69,False,97
2022,9,river,Karnaphuli,Kalurghat Bridge,pH,7.46,False,97
2022,10,river,Karnaphuli,Kalurghat Bridge,pH,7.57,False,97
2022,11,river,Karnaphuli,Kalurghat Bridge,pH,7.42,False,97
2022,12,river,Karnaphuli,Kalurghat Bridge,pH,7.21,False,97
2022,1,river,Karnaphuli,Karnaphuli Paper,BOD,5.0,False,97
2022,2,river,Karnaphuli,Karnaphuli Paper,BOD,5.0,False,97
2022,3,river,Karnaphuli,Karnaphuli Paper,BOD,4.0,False,97
2022,4,river,Karnaphuli,Karnaphuli Paper,BOD,4.0,False,97
2022,5,river,Karnaphuli,Karnaphuli Paper,BOD,3.0,False,97
2022,7,river,Karnaphuli,Karnaphuli Paper,BOD,5.0,False,97
2022,8,river,Karnaphuli,Karnaphuli Paper,BOD,3.0,False,97
2022,9,river,Karnaphuli,Karnaphuli Paper,BOD,4.0,False,97
2022,10,river,Karnaphuli,Karnaphuli Paper,BOD,5.0,False,97
2022,11,river,Karnaphuli,Karnaphuli Paper,BOD,4.0,False,97
2022,12,river,Karnaphuli,Karnaphuli Paper,BOD,3.0,False,97
2022,1,river,Karnaphuli,Karnaphuli Paper,COD,15.0,False,97
2022,2,river,Karnaphuli,Karnaphuli Paper,COD,14.0,False,97
2022,3,river,Karnaphuli,Karnaphuli Paper,COD,14.0,False,97
2022,4,river,Karnaphuli,Karnaphuli Paper,COD,13.0,False,97
2022,5,river,Karnaphuli,Karnaphuli Paper,COD,12.0,False,97
2022,7,river,Karnaphuli,Karnaphuli Paper,COD,14.0,False,97
2022,8,river,Karnaphuli,Karnaphuli Paper,COD,9.0,False,97
2022,9,river,Karnaphuli,Karnaphuli Paper,COD,10.0,False,97
2022,10,river,Karnaphuli,Karnaphuli Paper,COD,12.0,False,97
2022,11,river,Karnaphuli,Karnaphuli Paper,COD,11.0,False,97
2022,12,river,Karnaphuli,Karnaphuli Paper,COD,10.0,False,97
2022,1,river,Karnaphuli,Karnaphuli Paper,DO,7.43,False,97
2022,2,river,Karnaphuli,Karnaphuli Paper,DO,7.39,False,97
2022,3,river,Karnaphuli,Karnaphuli Paper,DO,7.59,False,97
2022,4,river,Karnaphuli,Karnaphuli Paper,DO,7.62,False,97
2022,5,river,Karnaphuli,Karnaphuli Paper,DO,7.72,False,97
2022,7,river,Karnaphuli,Karnaphuli Paper,DO,7.82,False,97
2022,8,river,Karnaphuli,Karnaphuli Paper,DO,7.72,False,97
2022,9,river,Karnaphuli,Karnaphuli Paper,DO,7.68,False,97
2022,10,river,Karnaphuli,Karnaphuli Paper,DO,7.68,False,97
2022,11,river,Karnaphuli,Karnaphuli Paper,DO,7.49,False,97
2022,12,river,Karnaphuli,Karnaphuli Paper,DO,7.39,False,97
2022,1,river,Karnaphuli,Karnaphuli Paper,EC,512.0,False,98
2022,2,river,Karnaphuli,Karnaphuli Paper,EC,489.0,False,98
2022,3,river,Karnaphuli,Karnaphuli Paper,EC,439.0,False,98
2022,4,river,Karnaphuli,Karnaphuli Paper,EC,439.0,False,98
2022,5,river,Karnaphuli,Karnaphuli Paper,EC,439.0,False,98
2022,7,river,Karnaphuli,Karnaphuli Paper,EC,524.0,False,98
2022,8,river,Karnaphuli,Karnaphuli Paper,EC,679.0,False,98
2022,9,river,Karnaphuli,Karnaphuli Paper,EC,699.0,False,98
2022,10,river,Karnaphuli,Karnaphuli Paper,EC,748.0,False,98
2022,11,river,Karnaphuli,Karnaphuli Paper,EC,694.0,False,98
2022,12,river,Karnaphuli,Karnaphuli Paper,EC,523.0,False,98
2022,1,river,Karnaphuli,Karnaphuli Paper,TDS,208.0,False,97
2022,2,river,Karnaphuli,Karnaphuli Paper,TDS,223.0,False,97
2022,3,river,Karnaphuli,Karnaphuli Paper,TDS,269.0,False,97
2022,4,river,Karnaphuli,Karnaphuli Paper,TDS,287.0,False,97
2022,5,river,Karnaphuli,Karnaphuli Paper,TDS,269.0,False,97
2022,7,river,Karnaphuli,Karnaphuli Paper,TDS,242.0,False,97
2022,8,river,Karnaphuli,Karnaphuli Paper,TDS,359.0,False,97
2022,9,river,Karnaphuli,Karnaphuli Paper,TDS,359.0,False,97
2022,10,river,Karnaphuli,Karnaphuli Paper,TDS,359.0,False,97
2022,11,river,Karnaphuli,Karnaphuli Paper,TDS,345.0,False,97
2022,12,river,Karnaphuli,Karnaphuli Paper,TDS,269.0,False,97
2022,1,river,Karnaphuli,Karnaphuli Paper,pH,7.46,False,97
2022,2,river,Karnaphuli,Karnaphuli Paper,pH,7.4,False,97
2022,3,river,Karnaphuli,Karnaphuli Paper,pH,7.58,False,97
2022,4,river,Karnaphuli,Karnaphuli Paper,pH,7.68,False,97
2022,5,river,Karnaphuli,Karnaphuli Paper,pH,7.73,False,97
2022,7,river,Karnaphuli,Karnaphuli Paper,pH,7.62,False,97
2022,8,river,Karnaphuli,Karnaphuli Paper,pH,7.73,False,97
2022,9,river,Karnaphuli,Karnaphuli Paper,pH,7.68,False,97
2022,10,river,Karnaphuli,Karnaphuli Paper,pH,7.79,False,97
2022,11,river,Karnaphuli,Karnaphuli Paper,pH,7.11,False,97
2022,12,river,Karnaphuli,Karnaphuli Paper,pH,7.28,False,97
2022,1,river,Karnaphuli,Mariam Nagar,BOD,4.0,False,97
2022,2,river,Karnaphuli,Mariam Nagar,BOD,4.0,False,97
2022,3,river,Karnaphuli,Mariam Nagar,BOD,3.0,False,97
2022,4,river,Karnaphuli,Mariam Nagar,BOD,4.0,False,97
2022,5,river,Karnaphuli,Mariam Nagar,BOD,3.0,False,97
2022,7,river,Karnaphuli,Mariam Nagar,BOD,4.0,False,97
2022,8,river,Karnaphuli,Mariam Nagar,BOD,4.0,False,97
2022,9,river,Karnaphuli,Mariam Nagar,BOD,3.0,False,97
2022,10,river,Karnaphuli,Mariam Nagar,BOD,4.0,False,97
2022,11,river,Karnaphuli,Mariam Nagar,BOD,3.0,False,97
2022,12,river,Karnaphuli,Mariam Nagar,BOD,4.0,False,97
2022,1,river,Karnaphuli,Mariam Nagar,COD,14.0,False,97
2022,2,river,Karnaphuli,Mariam Nagar,COD,12.0,False,97
2022,3,river,Karnaphuli,Mariam Nagar,COD,12.0,False,97
2022,4,river,Karnaphuli,Mariam Nagar,COD,12.0,False,97
2022,5,river,Karnaphuli,Mariam Nagar,COD,11.0,False,97
2022,7,river,Karnaphuli,Mariam Nagar,COD,13.0,False,97
2022,8,river,Karnaphuli,Mariam Nagar,COD,10.0,False,97
2022,9,river,Karnaphuli,Mariam Nagar,COD,9.0,False,97
2022,10,river,Karnaphuli,Mariam Nagar,COD,11.0,False,97
2022,11,river,Karnaphuli,Mariam Nagar,COD,10.0,False,97
2022,12,river,Karnaphuli,Mariam Nagar,COD,8.0,False,97
2022,1,river,Karnaphuli,Mariam Nagar,DO,7.18,False,97
2022,2,river,Karnaphuli,Mariam Nagar,DO,7.27,False,97
2022,3,river,Karnaphuli,Mariam Nagar,DO,7.28,False,97
2022,4,river,Karnaphuli,Mariam Nagar,DO,7.39,False,97
2022,5,river,Karnaphuli,Mariam Nagar,DO,7.46,False,97
2022,7,river,Karnaphuli,Mariam Nagar,DO,7.52,False,97
2022,8,river,Karnaphuli,Mariam Nagar,DO,7.39,False,97
2022,9,river,Karnaphuli,Mariam Nagar,DO,7.46,False,97
2022,10,river,Karnaphuli,Mariam Nagar,DO,7.46,False,97
2022,11,river,Karnaphuli,Mariam Nagar,DO,7.33,False,97
2022,12,river,Karnaphuli,Mariam Nagar,DO,7.28,False,97
2022,1,river,Karnaphuli,Mariam Nagar,EC,328.0,False,98
2022,2,river,Karnaphuli,Mariam Nagar,EC,298.0,False,98
2022,3,river,Karnaphuli,Mariam Nagar,EC,412.0,False,98
2022,4,river,Karnaphuli,Mariam Nagar,EC,412.0,False,98
2022,5,river,Karnaphuli,Mariam Nagar,EC,412.0,False,98
2022,7,river,Karnaphuli,Mariam Nagar,EC,469.0,False,98
2022,8,river,Karnaphuli,Mariam Nagar,EC,678.0,False,98
2022,9,river,Karnaphuli,Mariam Nagar,EC,635.0,False,98
2022,10,river,Karnaphuli,Mariam Nagar,EC,689.0,False,98
2022,11,river,Karnaphuli,Mariam Nagar,EC,489.0,False,98
2022,12,river,Karnaphuli,Mariam Nagar,EC,358.0,False,98
2022,1,river,Karnaphuli,Mariam Nagar,TDS,169.0,False,97
2022,2,river,Karnaphuli,Mariam Nagar,TDS,159.0,False,97
2022,3,river,Karnaphuli,Mariam Nagar,TDS,189.0,False,97
2022,4,river,Karnaphuli,Mariam Nagar,TDS,214.0,False,97
2022,5,river,Karnaphuli,Mariam Nagar,TDS,247.0,False,97
2022,7,river,Karnaphuli,Mariam Nagar,TDS,247.0,False,97
2022,8,river,Karnaphuli,Mariam Nagar,TDS,328.0,False,97
2022,9,river,Karnaphuli,Mariam Nagar,TDS,328.0,False,97
2022,10,river,Karnaphuli,Mariam Nagar,TDS,328.0,False,97
2022,11,river,Karnaphuli,Mariam Nagar,TDS,280.0,False,97
2022,12,river,Karnaphuli,Mariam Nagar,TDS,318.0,False,97
2022,1,river,Karnaphuli,Mariam Nagar,pH,7.32,False,97
2022,2,river,Karnaphuli,Mariam Nagar,pH,7.19,False,97
2022,3,river,Karnaphuli,Mariam Nagar,pH,7.39,False,97
2022,4,river,Karnaphuli,Mariam Nagar,pH,7.52,False,97
2022,5,river,Karnaphuli,Mariam Nagar,pH,7.49,False,97
2022,7,river,Karnaphuli,Mariam Nagar,pH,7.52,False,97
2022,8,river,Karnaphuli,Mariam Nagar,pH,7.67,False,97
2022,9,river,Karnaphuli,Mariam Nagar,pH,7.72,False,97
2022,10,river,Karnaphuli,Mariam Nagar,pH,7.72,False,97
2022,11,river,Karnaphuli,Mariam Nagar,pH,7.24,False,97
2022,12,river,Karnaphuli,Mariam Nagar,pH,7.41,False,97
2022,1,river,Karnaphuli,Shikalbaha,BOD,4.0,False,97
2022,2,river,Karnaphuli,Shikalbaha,BOD,5.0,False,97
2022,3,river,Karnaphuli,Shikalbaha,BOD,4.0,False,97
2022,4,river,Karnaphuli,Shikalbaha,BOD,5.0,False,97
2022,5,river,Karnaphuli,Shikalbaha,BOD,5.0,False,97
2022,7,river,Karnaphuli,Shikalbaha,BOD,5.0,False,97
2022,8,river,Karnaphuli,Shikalbaha,BOD,4.0,False,97
2022,9,river,Karnaphuli,Shikalbaha,BOD,5.0,False,97
2022,10,river,Karnaphuli,Shikalbaha,BOD,5.6,False,97
2022,11,river,Karnaphuli,Shikalbaha,BOD,4.0,False,97
2022,12,river,Karnaphuli,Shikalbaha,BOD,5.0,False,97
2022,1,river,Karnaphuli,Shikalbaha,COD,14.0,False,97
2022,2,river,Karnaphuli,Shikalbaha,COD,16.0,False,97
2022,3,river,Karnaphuli,Shikalbaha,COD,15.0,False,97
2022,4,river,Karnaphuli,Shikalbaha,COD,15.0,False,97
2022,5,river,Karnaphuli,Shikalbaha,COD,14.0,False,97
2022,7,river,Karnaphuli,Shikalbaha,COD,14.0,False,97
2022,8,river,Karnaphuli,Shikalbaha,COD,10.0,False,97
2022,9,river,Karnaphuli,Shikalbaha,COD,15.0,False,97
2022,10,river,Karnaphuli,Shikalbaha,COD,13.0,False,97
2022,11,river,Karnaphuli,Shikalbaha,COD,10.0,False,97
2022,12,river,Karnaphuli,Shikalbaha,COD,9.0,False,97
2022,1,river,Karnaphuli,Shikalbaha,DO,7.39,False,97
2022,2,river,Karnaphuli,Shikalbaha,DO,7.47,False,97
2022,3,river,Karnaphuli,Shikalbaha,DO,7.43,False,97
2022,4,river,Karnaphuli,Shikalbaha,DO,7.52,False,97
2022,5,river,Karnaphuli,Shikalbaha,DO,7.46,False,97
2022,7,river,Karnaphuli,Shikalbaha,DO,7.57,False,97
2022,8,river,Karnaphuli,Shikalbaha,DO,7.68,False,97
2022,9,river,Karnaphuli,Shikalbaha,DO,7.49,False,97
2022,10,river,Karnaphuli,Shikalbaha,DO,7.49,False,97
2022,11,river,Karnaphuli,Shikalbaha,DO,7.1,False,97
2022,12,river,Karnaphuli,Shikalbaha,DO,7.38,False,97
2022,1,river,Karnaphuli,Shikalbaha,EC,689.0,False,98
2022,2,river,Karnaphuli,Shikalbaha,EC,769.0,False,98
2022,3,river,Karnaphuli,Shikalbaha,EC,765.0,False,98
2022,4,river,Karnaphuli,Shikalbaha,EC,765.0,False,98
2022,5,river,Karnaphuli,Shikalbaha,EC,765.0,False,98
2022,7,river,Karnaphuli,Shikalbaha,EC,459.0,False,98
2022,8,river,Karnaphuli,Shikalbaha,EC,745.0,False,98
2022,9,river,Karnaphuli,Shikalbaha,EC,632.0,False,98
2022,10,river,Karnaphuli,Shikalbaha,EC,678.0,False,98
2022,11,river,Karnaphuli,Shikalbaha,EC,489.0,False,98
2022,12,river,Karnaphuli,Shikalbaha,EC,538.0,False,98
2022,1,river,Karnaphuli,Shikalbaha,TDS,329.0,False,97
2022,2,river,Karnaphuli,Shikalbaha,TDS,435.0,False,97
2022,3,river,Karnaphuli,Shikalbaha,TDS,380.0,False,97
2022,4,river,Karnaphuli,Shikalbaha,TDS,348.0,False,97
2022,5,river,Karnaphuli,Shikalbaha,TDS,289.0,False,97
2022,7,river,Karnaphuli,Shikalbaha,TDS,219.0,False,97
2022,8,river,Karnaphuli,Shikalbaha,TDS,328.0,False,97
2022,9,river,Karnaphuli,Shikalbaha,TDS,328.0,False,97
2022,10,river,Karnaphuli,Shikalbaha,TDS,328.0,False,97
2022,11,river,Karnaphuli,Shikalbaha,TDS,289.0,False,97
2022,12,river,Karnaphuli,Shikalbaha,TDS,189.0,False,97
2022,1,river,Karnaphuli,Shikalbaha,pH,7.58,False,97
2022,2,river,Karnaphuli,Shikalbaha,pH,7.65,False,97
2022,3,river,Karnaphuli,Shikalbaha,pH,7.69,False,97
2022,4,river,Karnaphuli,Shikalbaha,pH,7.58,False,97
2022,5,river,Karnaphuli,Shikalbaha,pH,7.63,False,97
2022,7,river,Karnaphuli,Shikalbaha,pH,7.48,False,97
2022,8,river,Karnaphuli,Shikalbaha,pH,7.28,False,97
2022,9,river,Karnaphuli,Shikalbaha,pH,7.62,False,97
2022,10,river,Karnaphuli,Shikalbaha,pH,7.78,False,97
2022,11,river,Karnaphuli,Shikalbaha,pH,7.57,False,97
2022,12,river,Karnaphuli,Shikalbaha,pH,7.18,False,97
2022,1,river,Karnaphuli,TSP,BOD,13.0,False,97
2022,2,river,Karnaphuli,TSP,BOD,6.0,False,97
2022,3,river,Karnaphuli,TSP,BOD,13.0,False,97
2022,4,river,Karnaphuli,TSP,BOD,10.0,False,97
2022,5,river,Karnaphuli,TSP,BOD,8.0,False,97
2022,6,river,Karnaphuli,TSP,BOD,14.0,False,97
2022,7,river,Karnaphuli,TSP,BOD,7.5,False,97
2022,8,river,Karnaphuli,TSP,BOD,9.0,False,97
2022,9,river,Karnaphuli,TSP,BOD,7.0,False,97
2022,10,river,Karnaphuli,TSP,BOD,7.0,False,97
2022,11,river,Karnaphuli,TSP,BOD,6.0,False,97
2022,12,river,Karnaphuli,TSP,BOD,7.0,False,97
2022,1,river,Karnaphuli,TSP,COD,32.0,False,97
2022,2,river,Karnaphuli,TSP,COD,26.0,False,97
2022,3,river,Karnaphuli,TSP,COD,58.0,False,97
2022,4,river,Karnaphuli,TSP,COD,37.0,False,97
2022,5,river,Karnaphuli,TSP,COD,40.0,False,97
2022,6,river,Karnaphuli,TSP,COD,64.0,False,97
2022,7,river,Karnaphuli,TSP,COD,58.0,False,97
2022,8,river,Karnaphuli,TSP,COD,67.0,False,97
2022,9,river,Karnaphuli,TSP,COD,42.0,False,97
2022,10,river,Karnaphuli,TSP,COD,38.0,False,97
2022,11,river,Karnaphuli,TSP,COD,37.0,False,97
2022,12,river,Karnaphuli,TSP,COD,32.0,False,97
2022,1,river,Karnaphuli,TSP,DO,7.55,False,97
2022,2,river,Karnaphuli,TSP,DO,7.49,False,97
2022,3,river,Karnaphuli,TSP,DO,7.09,False,97
2022,4,river,Karnaphuli,TSP,DO,8.05,False,97
2022,5,river,Karnaphuli,TSP,DO,7.85,False,97
2022,6,river,Karnaphuli,TSP,DO,7.99,False,97
2022,7,river,Karnaphuli,TSP,DO,7.1,False,97
2022,8,river,Karnaphuli,TSP,DO,7.28,False,97
2022,9,river,Karnaphuli,TSP,DO,7.0,False,97
2022,10,river,Karnaphuli,TSP,DO,7.0,False,97
2022,11,river,Karnaphuli,TSP,DO,5.7,False,97
2022,12,river,Karnaphuli,TSP,DO,7.4,False,97
2022,1,river,Karnaphuli,TSP,EC,2300.0,False,98
2022,2,river,Karnaphuli,TSP,EC,2467.0,False,98
2022,3,river,Karnaphuli,TSP,EC,26570.0,False,98
2022,4,river,Karnaphuli,TSP,EC,16000.0,False,98
2022,5,river,Karnaphuli,TSP,EC,16000.0,False,98
2022,6,river,Karnaphuli,TSP,EC,17014.0,False,98
2022,7,river,Karnaphuli,TSP,EC,8234.0,False,98
2022,8,river,Karnaphuli,TSP,EC,20390.0,False,98
2022,9,river,Karnaphuli,TSP,EC,348.0,False,98
2022,10,river,Karnaphuli,TSP,EC,359.0,False,98
2022,11,river,Karnaphuli,TSP,EC,9570.0,False,98
2022,12,river,Karnaphuli,TSP,EC,19110.0,False,98
2022,1,river,Karnaphuli,TSP,TDS,1189.0,False,97
2022,2,river,Karnaphuli,TSP,TDS,1235.0,False,97
2022,3,river,Karnaphuli,TSP,TDS,12980.0,False,97
2022,4,river,Karnaphuli,TSP,TDS,8960.0,False,97
2022,5,river,Karnaphuli,TSP,TDS,8768.0,False,97
2022,6,river,Karnaphuli,TSP,TDS,8472.0,False,97
2022,7,river,Karnaphuli,TSP,TDS,4940.0,False,97
2022,8,river,Karnaphuli,TSP,TDS,10250.0,False,97
2022,9,river,Karnaphuli,TSP,TDS,174.0,False,97
2022,10,river,Karnaphuli,TSP,TDS,174.0,False,97
2022,11,river,Karnaphuli,TSP,TDS,5320.0,False,97
2022,12,river,Karnaphuli,TSP,TDS,11480.0,False,97
2022,1,river,Karnaphuli,TSP,pH,7.33,False,97
2022,2,river,Karnaphuli,TSP,pH,7.62,False,97
2022,3,river,Karnaphuli,TSP,pH,7.07,False,97
2022,4,river,Karnaphuli,TSP,pH,7.38,False,97
2022,5,river,Karnaphuli,TSP,pH,7.46,False,97
2022,6,river,Karnaphuli,TSP,pH,7.32,False,97
2022,7,river,Karnaphuli,TSP,pH,6.97,False,97
2022,8,river,Karnaphuli,TSP,pH,6.76,False,97
2022,9,river,Karnaphuli,TSP,pH,8.18,False,97
2022,10,river,Karnaphuli,TSP,pH,7.89,False,97
2022,11,river,Karnaphuli,TSP,pH,6.45,False,97
2022,12,river,Karnaphuli,TSP,pH,7.53,False,97
2022,5,river,Khakshiali,Boshontopur,BOD,1.3,False,104
2022,5,river,Khakshiali,Boshontopur,Chloride,4024.0,False,104
2022,5,river,Khakshiali,Boshontopur,DO,5.4,False,104
2022,5,river,Khakshiali,Boshontopur,EC,6507.0,False,104
2022,5,river,Khakshiali,Boshontopur,Salinity,3.3,False,104
2022,5,river,Khakshiali,Boshontopur,TDS,3201.0,False,104
2022,5,river,Khakshiali,Boshontopur,Turbidity,118.0,False,104
2022,5,river,Khakshiali,Boshontopur,pH,7.75,False,103
2022,5,river,Khakshiali,Gobindakathi,BOD,1.3,False,104
2022,5,river,Khakshiali,Gobindakathi,Chloride,4068.0,False,104
2022,5,river,Khakshiali,Gobindakathi,DO,5.1,False,104
2022,5,river,Khakshiali,Gobindakathi,EC,6580.0,False,104
2022,5,river,Khakshiali,Gobindakathi,Salinity,3.46,False,104
2022,5,river,Khakshiali,Gobindakathi,TDS,3245.0,False,104
2022,5,river,Khakshiali,Gobindakathi,Turbidity,117.0,False,104
2022,5,river,Khakshiali,Gobindakathi,pH,7.75,False,103
2022,5,river,Khakshiali,Kaliganj Bazar,BOD,1.3,False,104
2022,5,river,Khakshiali,Kaliganj Bazar,Chloride,4040.0,False,104
2022,5,river,Khakshiali,Kaliganj Bazar,DO,5.4,False,104
2022,5,river,Khakshiali,Kaliganj Bazar,EC,6485.0,False,104
2022,5,river,Khakshiali,Kaliganj Bazar,Salinity,3.31,False,104
2022,5,river,Khakshiali,Kaliganj Bazar,TDS,3265.0,False,104
2022,5,river,Khakshiali,Kaliganj Bazar,Turbidity,120.0,False,104
2022,5,river,Khakshiali,Kaliganj Bazar,pH,7.73,False,103
2022,5,river,Kirtankhola,Dopdopia Kheyaghat (M),COD,408.0,False,107
2022,8,river,Kirtankhola,Dopdopia Kheyaghat (M),COD,53.0,False,107
2022,5,river,Kirtankhola,Dopdopia Kheyaghat (M),DO,7.6,False,107
2022,8,river,Kirtankhola,Dopdopia Kheyaghat (M),DO,6.19,False,107
2022,9,river,Kirtankhola,Dopdopia Kheyaghat (M),DO,6.68,False,107
2022,10,river,Kirtankhola,Dopdopia Kheyaghat (M),DO,6.91,False,107
2022,11,river,Kirtankhola,Dopdopia Kheyaghat (M),DO,6.89,False,107
2022,5,river,Kirtankhola,Dopdopia Kheyaghat (M),EC,1577.0,False,107
2022,8,river,Kirtankhola,Dopdopia Kheyaghat (M),EC,169.9,False,107
2022,9,river,Kirtankhola,Dopdopia Kheyaghat (M),EC,1833.0,False,107
2022,10,river,Kirtankhola,Dopdopia Kheyaghat (M),EC,190.2,False,107
2022,11,river,Kirtankhola,Dopdopia Kheyaghat (M),EC,1921.0,False,107
2022,6,river,Kirtankhola,Dopdopia Kheyaghat (M),TDS,789.0,False,107
2022,8,river,Kirtankhola,Dopdopia Kheyaghat (M),TDS,71.9,False,107
2022,9,river,Kirtankhola,Dopdopia Kheyaghat (M),TDS,826.0,False,107
2022,10,river,Kirtankhola,Dopdopia Kheyaghat (M),TDS,89.2,False,107
2022,11,river,Kirtankhola,Dopdopia Kheyaghat (M),TDS,884.0,False,107
2022,5,river,Kirtankhola,Dopdopia Kheyaghat (M),pH,6.23,False,107
2022,8,river,Kirtankhola,Dopdopia Kheyaghat (M),pH,8.1,False,107
2022,9,river,Kirtankhola,Dopdopia Kheyaghat (M),pH,7.0,False,107
2022,10,river,Kirtankhola,Dopdopia Kheyaghat (M),pH,8.52,False,107
2022,11,river,Kirtankhola,Dopdopia Kheyaghat (M),pH,8.88,False,107
2022,5,river,Kirtankhola,Dopdopia Kheyaghat (S),COD,523.0,False,107
2022,8,river,Kirtankhola,Dopdopia Kheyaghat (S),COD,29.0,False,107
2022,5,river,Kirtankhola,Dopdopia Kheyaghat (S),DO,6.21,False,107
2022,8,river,Kirtankhola,Dopdopia Kheyaghat (S),DO,5.78,False,107
2022,9,river,Kirtankhola,Dopdopia Kheyaghat (S),DO,6.64,False,107
2022,10,river,Kirtankhola,Dopdopia Kheyaghat (S),DO,7.11,False,107
2022,11,river,Kirtankhola,Dopdopia Kheyaghat (S),DO,7.01,False,107
2022,5,river,Kirtankhola,Dopdopia Kheyaghat (S),EC,1689.0,False,107
2022,8,river,Kirtankhola,Dopdopia Kheyaghat (S),EC,167.3,False,107
2022,9,river,Kirtankhola,Dopdopia Kheyaghat (S),EC,1858.0,False,107
2022,10,river,Kirtankhola,Dopdopia Kheyaghat (S),EC,183.4,False,107
2022,11,river,Kirtankhola,Dopdopia Kheyaghat (S),EC,1875.0,False,107
2022,6,river,Kirtankhola,Dopdopia Kheyaghat (S),TDS,840.0,False,107
2022,8,river,Kirtankhola,Dopdopia Kheyaghat (S),TDS,72.3,False,107
2022,9,river,Kirtankhola,Dopdopia Kheyaghat (S),TDS,832.0,False,107
2022,10,river,Kirtankhola,Dopdopia Kheyaghat (S),TDS,87.1,False,107
2022,11,river,Kirtankhola,Dopdopia Kheyaghat (S),TDS,891.0,False,107
2022,5,river,Kirtankhola,Dopdopia Kheyaghat (S),pH,5.85,False,107
2022,8,river,Kirtankhola,Dopdopia Kheyaghat (S),pH,8.98,False,107
2022,9,river,Kirtankhola,Dopdopia Kheyaghat (S),pH,7.37,False,107
2022,10,river,Kirtankhola,Dopdopia Kheyaghat (S),pH,8.99,False,107
2022,11,river,Kirtankhola,Dopdopia Kheyaghat (S),pH,8.56,False,107
2022,5,river,Kirtankhola,Kaower Char (M),COD,696.0,False,107
2022,8,river,Kirtankhola,Kaower Char (M),COD,122.0,False,107
2022,5,river,Kirtankhola,Kaower Char (M),DO,7.46,False,107
2022,8,river,Kirtankhola,Kaower Char (M),DO,6.55,False,107
2022,9,river,Kirtankhola,Kaower Char (M),DO,5.79,False,107
2022,10,river,Kirtankhola,Kaower Char (M),DO,6.59,False,107
2022,11,river,Kirtankhola,Kaower Char (M),DO,6.53,False,107
2022,5,river,Kirtankhola,Kaower Char (M),EC,1576.0,False,107
2022,8,river,Kirtankhola,Kaower Char (M),EC,171.9,False,107
2022,9,river,Kirtankhola,Kaower Char (M),EC,1762.0,False,107
2022,10,river,Kirtankhola,Kaower Char (M),EC,199.3,False,107
2022,11,river,Kirtankhola,Kaower Char (M),EC,1729.0,False,107
2022,6,river,Kirtankhola,Kaower Char (M),TDS,788.0,False,107
2022,8,river,Kirtankhola,Kaower Char (M),TDS,77.6,False,107
2022,9,river,Kirtankhola,Kaower Char (M),TDS,692.0,False,107
2022,10,river,Kirtankhola,Kaower Char (M),TDS,92.4,False,107
2022,11,river,Kirtankhola,Kaower Char (M),TDS,957.0,False,107
2022,5,river,Kirtankhola,Kaower Char (M),pH,6.4,False,107
2022,8,river,Kirtankhola,Kaower Char (M),pH,7.58,False,107
2022,9,river,Kirtankhola,Kaower Char (M),pH,7.86,False,107
2022,10,river,Kirtankhola,Kaower Char (M),pH,8.24,False,107
2022,11,river,Kirtankhola,Kaower Char (M),pH,8.18,False,107
2022,5,river,Kirtankhola,Kaower Char (S),DO,6.39,False,107
2022,8,river,Kirtankhola,Kaower Char (S),DO,7.74,False,107
2022,9,river,Kirtankhola,Kaower Char (S),DO,6.21,False,107
2022,10,river,Kirtankhola,Kaower Char (S),DO,6.83,False,107
2022,11,river,Kirtankhola,Kaower Char (S),DO,6.32,False,107
2022,5,river,Kirtankhola,Kaower Char (S),EC,1582.0,False,107
2022,8,river,Kirtankhola,Kaower Char (S),EC,178.0,False,107
2022,9,river,Kirtankhola,Kaower Char (S),EC,1961.0,False,107
2022,10,river,Kirtankhola,Kaower Char (S),EC,180.0,False,107
2022,11,river,Kirtankhola,Kaower Char (S),EC,1663.0,False,107
2022,6,river,Kirtankhola,Kaower Char (S),TDS,791.0,False,107
2022,8,river,Kirtankhola,Kaower Char (S),TDS,78.4,False,107
2022,9,river,Kirtankhola,Kaower Char (S),TDS,703.0,False,107
2022,10,river,Kirtankhola,Kaower Char (S),TDS,83.6,False,107
2022,11,river,Kirtankhola,Kaower Char (S),TDS,899.0,False,107
2022,5,river,Kirtankhola,Kaower Char (S),pH,6.27,False,107
2022,8,river,Kirtankhola,Kaower Char (S),pH,8.11,False,107
2022,9,river,Kirtankhola,Kaower Char (S),pH,8.16,False,107
2022,10,river,Kirtankhola,Kaower Char (S),pH,8.28,False,107
2022,11,river,Kirtankhola,Kaower Char (S),pH,8.2,False,107
2022,5,river,Kirtankhola,Launch Ghat (M),DO,7.6,False,107
2022,8,river,Kirtankhola,Launch Ghat (M),DO,6.62,False,107
2022,9,river,Kirtankhola,Launch Ghat (M),DO,5.36,False,107
2022,10,river,Kirtankhola,Launch Ghat (M),DO,6.77,False,107
2022,11,river,Kirtankhola,Launch Ghat (M),DO,7.14,False,107
2022,5,river,Kirtankhola,Launch Ghat (M),EC,1604.0,False,107
2022,8,river,Kirtankhola,Launch Ghat (M),EC,171.3,False,107
2022,9,river,Kirtankhola,Launch Ghat (M),EC,1860.0,False,107
2022,10,river,Kirtankhola,Launch Ghat (M),EC,181.1,False,107
2022,11,river,Kirtankhola,Launch Ghat (M),EC,1482.0,False,107
2022,6,river,Kirtankhola,Launch Ghat (M),TDS,802.0,False,107
2022,8,river,Kirtankhola,Launch Ghat (M),TDS,76.7,False,107
2022,9,river,Kirtankhola,Launch Ghat (M),TDS,739.0,False,107
2022,10,river,Kirtankhola,Launch Ghat (M),TDS,84.5,False,107
2022,11,river,Kirtankhola,Launch Ghat (M),TDS,852.0,False,107
2022,5,river,Kirtankhola,Launch Ghat (M),pH,6.92,False,107
2022,8,river,Kirtankhola,Launch Ghat (M),pH,6.92,False,107
2022,9,river,Kirtankhola,Launch Ghat (M),pH,7.92,False,107
2022,10,river,Kirtankhola,Launch Ghat (M),pH,8.43,False,107
2022,11,river,Kirtankhola,Launch Ghat (M),pH,8.47,False,107
2022,5,river,Kirtankhola,Launch Ghat (S),DO,6.21,False,107
2022,8,river,Kirtankhola,Launch Ghat (S),DO,6.39,False,107
2022,9,river,Kirtankhola,Launch Ghat (S),DO,6.16,False,107
2022,10,river,Kirtankhola,Launch Ghat (S),DO,6.86,False,107
2022,11,river,Kirtankhola,Launch Ghat (S),DO,7.0,False,107
2022,5,river,Kirtankhola,Launch Ghat (S),EC,1604.0,False,107
2022,8,river,Kirtankhola,Launch Ghat (S),EC,186.4,False,107
2022,9,river,Kirtankhola,Launch Ghat (S),EC,1901.0,False,107
2022,10,river,Kirtankhola,Launch Ghat (S),EC,130.3,False,107
2022,11,river,Kirtankhola,Launch Ghat (S),EC,1527.0,False,107
2022,6,river,Kirtankhola,Launch Ghat (S),TDS,802.0,False,107
2022,8,river,Kirtankhola,Launch Ghat (S),TDS,84.2,False,107
2022,9,river,Kirtankhola,Launch Ghat (S),TDS,807.0,False,107
2022,10,river,Kirtankhola,Launch Ghat (S),TDS,84.3,False,107
2022,11,river,Kirtankhola,Launch Ghat (S),TDS,827.0,False,107
2022,5,river,Kirtankhola,Launch Ghat (S),pH,8.34,False,107
2022,8,river,Kirtankhola,Launch Ghat (S),pH,8.34,False,107
2022,9,river,Kirtankhola,Launch Ghat (S),pH,8.24,False,107
2022,10,river,Kirtankhola,Launch Ghat (S),pH,8.42,False,107
2022,11,river,Kirtankhola,Launch Ghat (S),pH,8.92,False,107
2022,5,river,Kushiara,Fenchuganj Bridge Point,BOD,2.3,False,111
2022,5,river,Kushiara,Fenchuganj Bridge Point,COD,15.0,False,111
2022,5,river,Kushiara,Fenchuganj Bridge Point,DO,7.24,False,110
2022,5,river,Kushiara,Fenchuganj Bridge Point,EC,124.0,False,111
2022,5,river,Kushiara,Fenchuganj Bridge Point,TDS,63.0,False,111
2022,5,river,Kushiara,Fenchuganj Bridge Point,pH,6.89,False,110
2022,9,river,Lohalia,Patuakhali Launch Ghat (M),DO,6.61,False,109
2022,10,river,Lohalia,Patuakhali Launch Ghat (M),EC,206.0,False,109
2022,10,river,Lohalia,Patuakhali Launch Ghat (M),TDS,94.3,False,109
2022,10,river,Lohalia,Patuakhali Launch Ghat (M),pH,8.62,False,109
2022,9,river,Lohalia,Patuakhali Launch Ghat (S),DO,7.15,False,109
2022,10,river,Lohalia,Patuakhali Launch Ghat (S),EC,210.0,False,109
2022,10,river,Lohalia,Patuakhali Launch Ghat (S),TDS,94.4,False,109
2022,10,river,Lohalia,Patuakhali Launch Ghat (S),pH,9.01,False,109
2022,1,river,Meghna,Anondo Bazar,BOD,6.0,False,92
2022,3,river,Meghna,Anondo Bazar,BOD,8.0,False,92
2022,5,river,Meghna,Anondo Bazar,BOD,2.0,False,92
2022,7,river,Meghna,Anondo Bazar,BOD,4.8,False,92
2022,9,river,Meghna,Anondo Bazar,BOD,4.0,False,92
2022,11,river,Meghna,Anondo Bazar,BOD,6.2,False,92
2022,12,river,Meghna,Anondo Bazar,BOD,2.2,False,92
2022,1,river,Meghna,Anondo Bazar,COD,22.0,False,92
2022,3,river,Meghna,Anondo Bazar,COD,26.0,False,92
2022,5,river,Meghna,Anondo Bazar,COD,22.0,False,92
2022,7,river,Meghna,Anondo Bazar,COD,16.0,False,92
2022,9,river,Meghna,Anondo Bazar,COD,22.0,False,92
2022,11,river,Meghna,Anondo Bazar,COD,58.0,False,92
2022,12,river,Meghna,Anondo Bazar,COD,5.0,False,92
2022,1,river,Meghna,Anondo Bazar,DO,6.2,False,92
2022,3,river,Meghna,Anondo Bazar,DO,3.8,False,92
2022,5,river,Meghna,Anondo Bazar,DO,1.8,False,92
2022,7,river,Meghna,Anondo Bazar,DO,6.2,False,92
2022,9,river,Meghna,Anondo Bazar,DO,4.2,False,92
2022,11,river,Meghna,Anondo Bazar,DO,5.8,False,92
2022,12,river,Meghna,Anondo Bazar,DO,5.8,False,92
2022,1,river,Meghna,Anondo Bazar,SS,29.0,False,92
2022,3,river,Meghna,Anondo Bazar,SS,12.0,False,92
2022,5,river,Meghna,Anondo Bazar,SS,19.0,False,92
2022,7,river,Meghna,Anondo Bazar,SS,19.0,False,92
2022,9,river,Meghna,Anondo Bazar,SS,20.0,False,92
2022,11,river,Meghna,Anondo Bazar,SS,53.0,False,92
2022,12,river,Meghna,Anondo Bazar,SS,11.0,False,92
2022,1,river,Meghna,Anondo Bazar,TDS,77.0,False,92
2022,3,river,Meghna,Anondo Bazar,TDS,196.0,False,92
2022,5,river,Meghna,Anondo Bazar,TDS,28.0,False,92
2022,7,river,Meghna,Anondo Bazar,TDS,168.0,False,92
2022,9,river,Meghna,Anondo Bazar,TDS,158.0,False,92
2022,11,river,Meghna,Anondo Bazar,TDS,44.7,False,92
2022,12,river,Meghna,Anondo Bazar,TDS,98.5,False,92
2022,1,river,Meghna,Anondo Bazar,pH,7.75,False,91
2022,3,river,Meghna,Anondo Bazar,pH,7.24,False,91
2022,5,river,Meghna,Anondo Bazar,pH,6.46,False,91
2022,7,river,Meghna,Anondo Bazar,pH,7.27,False,91
2022,11,river,Meghna,Anondo Bazar,pH,7.54,False,91
2022,12,river,Meghna,Anondo Bazar,pH,6.49,False,91
2022,1,river,Meghna,Bhairob Bazar,BOD,4.0,False,92
2022,3,river,Meghna,Bhairob Bazar,BOD,3.2,False,92
2022,5,river,Meghna,Bhairob Bazar,BOD,1.2,False,92
2022,7,river,Meghna,Bhairob Bazar,BOD,4.0,False,92
2022,9,river,Meghna,Bhairob Bazar,BOD,2.0,False,92
2022,11,river,Meghna,Bhairob Bazar,BOD,6.7,False,92
2022,12,river,Meghna,Bhairob Bazar,BOD,3.0,False,92
2022,1,river,Meghna,Bhairob Bazar,COD,36.0,False,92
2022,3,river,Meghna,Bhairob Bazar,COD,20.0,False,92
2022,5,river,Meghna,Bhairob Bazar,COD,22.0,False,92
2022,7,river,Meghna,Bhairob Bazar,COD,26.0,False,92
2022,9,river,Meghna,Bhairob Bazar,COD,10.0,False,92
2022,11,river,Meghna,Bhairob Bazar,COD,25.0,False,92
2022,12,river,Meghna,Bhairob Bazar,COD,10.0,False,92
2022,1,river,Meghna,Bhairob Bazar,DO,7.0,False,92
2022,3,river,Meghna,Bhairob Bazar,DO,8.0,False,92
2022,5,river,Meghna,Bhairob Bazar,DO,4.0,False,92
2022,7,river,Meghna,Bhairob Bazar,DO,5.0,False,92
2022,9,river,Meghna,Bhairob Bazar,DO,5.8,False,92
2022,11,river,Meghna,Bhairob Bazar,DO,6.3,False,92
2022,12,river,Meghna,Bhairob Bazar,DO,6.2,False,92
2022,1,river,Meghna,Bhairob Bazar,SS,23.0,False,92
2022,3,river,Meghna,Bhairob Bazar,SS,6.0,False,92
2022,5,river,Meghna,Bhairob Bazar,SS,30.0,False,92
2022,7,river,Meghna,Bhairob Bazar,SS,30.0,False,92
2022,9,river,Meghna,Bhairob Bazar,SS,28.0,False,92
2022,11,river,Meghna,Bhairob Bazar,SS,32.0,False,92
2022,12,river,Meghna,Bhairob Bazar,SS,10.0,False,92
2022,1,river,Meghna,Bhairob Bazar,TDS,60.0,False,92
2022,3,river,Meghna,Bhairob Bazar,TDS,186.0,False,92
2022,5,river,Meghna,Bhairob Bazar,TDS,110.0,False,92
2022,7,river,Meghna,Bhairob Bazar,TDS,102.0,False,92
2022,9,river,Meghna,Bhairob Bazar,TDS,26.9,False,92
2022,11,river,Meghna,Bhairob Bazar,TDS,39.7,False,92
2022,12,river,Meghna,Bhairob Bazar,TDS,54.0,False,92
2022,1,river,Meghna,Bhairob Bazar,pH,7.27,False,91
2022,3,river,Meghna,Bhairob Bazar,pH,7.63,False,91
2022,5,river,Meghna,Bhairob Bazar,pH,6.62,False,91
2022,7,river,Meghna,Bhairob Bazar,pH,6.5,False,91
2022,9,river,Meghna,Bhairob Bazar,pH,6.92,False,91
2022,11,river,Meghna,Bhairob Bazar,pH,7.56,False,91
2022,12,river,Meghna,Bhairob Bazar,pH,7.52,False,91
2022,1,river,Meghna,Bisnondi,BOD,6.0,False,92
2022,3,river,Meghna,Bisnondi,BOD,9.0,False,92
2022,5,river,Meghna,Bisnondi,BOD,3.0,False,92
2022,7,river,Meghna,Bisnondi,BOD,3.0,False,92
2022,9,river,Meghna,Bisnondi,BOD,5.0,False,92
2022,11,river,Meghna,Bisnondi,BOD,6.2,False,92
2022,12,river,Meghna,Bisnondi,BOD,3.5,False,92
2022,1,river,Meghna,Bisnondi,COD,20.0,False,92
2022,3,river,Meghna,Bisnondi,COD,28.0,False,92
2022,5,river,Meghna,Bisnondi,COD,10.0,False,92
2022,7,river,Meghna,Bisnondi,COD,8.0,False,92
2022,9,river,Meghna,Bisnondi,COD,34.0,False,92
2022,11,river,Meghna,Bisnondi,COD,51.0,False,92
2022,12,river,Meghna,Bisnondi,COD,5.0,False,92
2022,1,river,Meghna,Bisnondi,DO,5.0,False,92
2022,3,river,Meghna,Bisnondi,DO,5.56,False,92
2022,5,river,Meghna,Bisnondi,DO,5.0,False,92
2022,7,river,Meghna,Bisnondi,DO,5.0,False,92
2022,9,river,Meghna,Bisnondi,DO,5.0,False,92
2022,11,river,Meghna,Bisnondi,DO,5.4,False,92
2022,12,river,Meghna,Bisnondi,DO,6.4,False,92
2022,1,river,Meghna,Bisnondi,SS,14.0,False,92
2022,3,river,Meghna,Bisnondi,SS,10.0,False,92
2022,5,river,Meghna,Bisnondi,SS,10.0,False,92
2022,7,river,Meghna,Bisnondi,SS,18.0,False,92
2022,9,river,Meghna,Bisnondi,SS,18.0,False,92
2022,11,river,Meghna,Bisnondi,SS,22.0,False,92
2022,12,river,Meghna,Bisnondi,SS,34.0,False,92
2022,1,river,Meghna,Bisnondi,TDS,64.0,False,92
2022,3,river,Meghna,Bisnondi,TDS,122.0,False,92
2022,5,river,Meghna,Bisnondi,TDS,26.0,False,92
2022,7,river,Meghna,Bisnondi,TDS,64.0,False,92
2022,9,river,Meghna,Bisnondi,TDS,29.0,False,92
2022,11,river,Meghna,Bisnondi,TDS,49.3,False,92
2022,12,river,Meghna,Bisnondi,TDS,59.2,False,92
2022,1,river,Meghna,Bisnondi,pH,7.71,False,91
2022,3,river,Meghna,Bisnondi,pH,7.42,False,91
2022,5,river,Meghna,Bisnondi,pH,6.55,False,91
2022,7,river,Meghna,Bisnondi,pH,6.55,False,91
2022,9,river,Meghna,Bisnondi,pH,7.28,False,91
2022,11,river,Meghna,Bisnondi,pH,7.57,False,91
2022,12,river,Meghna,Bisnondi,pH,7.6,False,91
2022,1,river,Meghna,Meghna Ghat,BOD,4.0,False,92
2022,3,river,Meghna,Meghna Ghat,BOD,5.4,False,92
2022,4,river,Meghna,Meghna Ghat,BOD,5.4,False,92
2022,5,river,Meghna,Meghna Ghat,BOD,6.0,False,92
2022,7,river,Meghna,Meghna Ghat,BOD,6.0,False,92
2022,9,river,Meghna,Meghna Ghat,BOD,2.0,False,92
2022,11,river,Meghna,Meghna Ghat,BOD,2.0,False,92
2022,12,river,Meghna,Meghna Ghat,BOD,2.4,False,92
2022,1,river,Meghna,Meghna Ghat,COD,12.0,False,92
2022,3,river,Meghna,Meghna Ghat,COD,24.0,False,92
2022,5,river,Meghna,Meghna Ghat,COD,20.0,False,92
2022,7,river,Meghna,Meghna Ghat,COD,19.0,False,92
2022,9,river,Meghna,Meghna Ghat,COD,24.0,False,92
2022,11,river,Meghna,Meghna Ghat,COD,8.0,False,92
2022,12,river,Meghna,Meghna Ghat,COD,17.0,False,92
2022,1,river,Meghna,Meghna Ghat,DO,5.2,False,92
2022,3,river,Meghna,Meghna Ghat,DO,4.7,False,92
2022,5,river,Meghna,Meghna Ghat,DO,6.0,False,92
2022,7,river,Meghna,Meghna Ghat,DO,5.8,False,92
2022,9,river,Meghna,Meghna Ghat,DO,7.0,False,92
2022,11,river,Meghna,Meghna Ghat,DO,5.1,False,92
2022,12,river,Meghna,Meghna Ghat,DO,4.9,False,92
2022,1,river,Meghna,Meghna Ghat,SS,11.0,False,92
2022,3,river,Meghna,Meghna Ghat,SS,8.0,False,92
2022,5,river,Meghna,Meghna Ghat,SS,50.0,False,92
2022,7,river,Meghna,Meghna Ghat,SS,24.0,False,92
2022,9,river,Meghna,Meghna Ghat,SS,22.0,False,92
2022,11,river,Meghna,Meghna Ghat,SS,25.0,False,92
2022,12,river,Meghna,Meghna Ghat,SS,17.0,False,92
2022,1,river,Meghna,Meghna Ghat,TDS,68.0,False,92
2022,3,river,Meghna,Meghna Ghat,TDS,130.0,False,92
2022,5,river,Meghna,Meghna Ghat,TDS,40.0,False,92
2022,7,river,Meghna,Meghna Ghat,TDS,27.0,False,92
2022,9,river,Meghna,Meghna Ghat,TDS,30.0,False,92
2022,11,river,Meghna,Meghna Ghat,TDS,41.7,False,92
2022,12,river,Meghna,Meghna Ghat,TDS,77.5,False,92
2022,1,river,Meghna,Meghna Ghat,pH,7.28,False,91
2022,3,river,Meghna,Meghna Ghat,pH,7.18,False,91
2022,5,river,Meghna,Meghna Ghat,pH,6.8,False,91
2022,7,river,Meghna,Meghna Ghat,pH,6.62,False,91
2022,9,river,Meghna,Meghna Ghat,pH,6.69,False,91
2022,11,river,Meghna,Meghna Ghat,pH,7.7,False,91
2022,12,river,Meghna,Meghna Ghat,pH,6.99,False,91
2022,1,river,Meghna,Norsingdi Launch Terminal,BOD,4.0,False,92
2022,3,river,Meghna,Norsingdi Launch Terminal,BOD,22.0,False,92
2022,5,river,Meghna,Norsingdi Launch Terminal,BOD,8.0,False,92
2022,7,river,Meghna,Norsingdi Launch Terminal,BOD,4.0,False,92
2022,9,river,Meghna,Norsingdi Launch Terminal,BOD,2.0,False,92
2022,11,river,Meghna,Norsingdi Launch Terminal,BOD,6.2,False,92
2022,12,river,Meghna,Norsingdi Launch Terminal,BOD,2.3,False,92
2022,1,river,Meghna,Norsingdi Launch Terminal,COD,14.0,False,92
2022,3,river,Meghna,Norsingdi Launch Terminal,COD,64.0,False,92
2022,5,river,Meghna,Norsingdi Launch Terminal,COD,22.0,False,92
2022,7,river,Meghna,Norsingdi Launch Terminal,COD,12.0,False,92
2022,9,river,Meghna,Norsingdi Launch Terminal,COD,10.0,False,92
2022,11,river,Meghna,Norsingdi Launch Terminal,COD,14.0,False,92
2022,12,river,Meghna,Norsingdi Launch Terminal,COD,12.0,False,92
2022,1,river,Meghna,Norsingdi Launch Terminal,DO,5.0,False,92
2022,3,river,Meghna,Norsingdi Launch Terminal,DO,0.5,False,92
2022,5,river,Meghna,Norsingdi Launch Terminal,DO,4.5,False,92
2022,7,river,Meghna,Norsingdi Launch Terminal,DO,5.0,False,92
2022,9,river,Meghna,Norsingdi Launch Terminal,DO,4.1,False,92
2022,11,river,Meghna,Norsingdi Launch Terminal,DO,5.8,False,92
2022,12,river,Meghna,Norsingdi Launch Terminal,DO,6.0,False,92
2022,1,river,Meghna,Norsingdi Launch Terminal,SS,32.0,False,92
2022,3,river,Meghna,Norsingdi Launch Terminal,SS,29.0,False,92
2022,5,river,Meghna,Norsingdi Launch Terminal,SS,84.0,False,92
2022,7,river,Meghna,Norsingdi Launch Terminal,SS,13.0,False,92
2022,9,river,Meghna,Norsingdi Launch Terminal,SS,11.0,False,92
2022,11,river,Meghna,Norsingdi Launch Terminal,SS,10.0,False,92
2022,12,river,Meghna,Norsingdi Launch Terminal,SS,12.0,False,92
2022,1,river,Meghna,Norsingdi Launch Terminal,TDS,193.0,False,92
2022,3,river,Meghna,Norsingdi Launch Terminal,TDS,246.0,False,92
2022,5,river,Meghna,Norsingdi Launch Terminal,TDS,51.0,False,92
2022,7,river,Meghna,Norsingdi Launch Terminal,TDS,33.0,False,92
2022,9,river,Meghna,Norsingdi Launch Terminal,TDS,42.6,False,92
2022,11,river,Meghna,Norsingdi Launch Terminal,TDS,75.7,False,92
2022,12,river,Meghna,Norsingdi Launch Terminal,TDS,52.0,False,92
2022,1,river,Meghna,Norsingdi Launch Terminal,pH,7.56,False,91
2022,3,river,Meghna,Norsingdi Launch Terminal,pH,8.01,False,91
2022,5,river,Meghna,Norsingdi Launch Terminal,pH,7.26,False,91
2022,7,river,Meghna,Norsingdi Launch Terminal,pH,7.39,False,91
2022,9,river,Meghna,Norsingdi Launch Terminal,pH,6.65,False,91
2022,11,river,Meghna,Norsingdi Launch Terminal,pH,7.58,False,91
2022,12,river,Meghna,Norsingdi Launch Terminal,pH,7.41,False,91
2022,5,river,Moyuri,Buro Moulavir Darga (M),Chloride,2164.0,False,99
2022,5,river,Moyuri,Buro Moulavir Darga (M),DO,0.7,False,99
2022,5,river,Moyuri,Buro Moulavir Darga (M),EC,2474.0,False,100
2022,5,river,Moyuri,Buro Moulavir Darga (M),SS,112.0,False,99
2022,5,river,Moyuri,Buro Moulavir Darga (M),Salinity,1.95,False,100
2022,5,river,Moyuri,Buro Moulavir Darga (M),TDS,1234.0,False,99
2022,5,river,Moyuri,Buro Moulavir Darga (M),Turbidity,20.0,False,99
2022,5,river,Moyuri,Buro Moulavir Darga (M),pH,7.52,False,99
2022,5,river,Moyuri,Dosh Gate Jalma (M),Chloride,7830.0,False,99
2022,5,river,Moyuri,Dosh Gate Jalma (M),DO,5.4,False,99
2022,5,river,Moyuri,Dosh Gate Jalma (M),EC,11010.0,False,100
2022,5,river,Moyuri,Dosh Gate Jalma (M),SS,98.0,False,99
2022,5,river,Moyuri,Dosh Gate Jalma (M),Salinity,6.21,False,100
2022,5,river,Moyuri,Dosh Gate Jalma (M),TDS,5842.0,False,99
2022,5,river,Moyuri,Dosh Gate Jalma (M),Turbidity,68.0,False,99
2022,5,river,Moyuri,Dosh Gate Jalma (M),pH,7.46,False,99
2022,5,river,Moyuri,Shoshan Ghat (M),Chloride,408.0,False,99
2022,5,river,Moyuri,Shoshan Ghat (M),DO,0.4,False,99
2022,5,river,Moyuri,Shoshan Ghat (M),EC,712.0,False,100
2022,5,river,Moyuri,Shoshan Ghat (M),SS,92.0,False,99
2022,5,river,Moyuri,Shoshan Ghat (M),Salinity,3.1,False,100
2022,5,river,Moyuri,Shoshan Ghat (M),TDS,348.0,False,99
2022,5,river,Moyuri,Shoshan Ghat (M),Turbidity,24.0,False,99
2022,5,river,Moyuri,Shoshan Ghat (M),pH,7.6,False,99
2022,2,river,Padma,Barha Ghat,BOD,10.0,False,93
2022,3,river,Padma,Barha Ghat,BOD,12.0,False,93
2022,6,river,Padma,Barha Ghat,BOD,8.4,False,93
2022,9,river,Padma,Barha Ghat,BOD,4.0,False,93
2022,11,river,Padma,Barha Ghat,BOD,2.0,False,93
2022,12,river,Padma,Barha Ghat,BOD,0.7,False,93
2022,2,river,Padma,Barha Ghat,DO,7.8,False,93
2022,3,river,Padma,Barha Ghat,DO,6.9,False,93
2022,6,river,Padma,Barha Ghat,DO,7.3,False,93
2022,9,river,Padma,Barha Ghat,DO,7.53,False,93
2022,11,river,Padma,Barha Ghat,DO,8.0,False,93
2022,12,river,Padma,Barha Ghat,DO,8.07,False,93
2022,2,river,Padma,Barha Ghat,EC,236.0,False,93
2022,3,river,Padma,Barha Ghat,EC,244.0,False,93
2022,6,river,Padma,Barha Ghat,EC,98.0,False,93
2022,11,river,Padma,Barha Ghat,EC,134.0,False,93
2022,12,river,Padma,Barha Ghat,EC,196.9,False,93
2022,2,river,Padma,Barha Ghat,SS,37.0,False,93
2022,3,river,Padma,Barha Ghat,SS,34.0,False,93
2022,6,river,Padma,Barha Ghat,SS,620.0,False,93
2022,11,river,Padma,Barha Ghat,SS,148.0,False,93
2022,12,river,Padma,Barha Ghat,SS,66.0,False,93
2022,2,river,Padma,Barha Ghat,TDS,128.0,False,93
2022,3,river,Padma,Barha Ghat,TDS,132.0,False,93
2022,6,river,Padma,Barha Ghat,TDS,51.0,False,93
2022,9,river,Padma,Barha Ghat,TDS,88.0,False,93
2022,11,river,Padma,Barha Ghat,TDS,74.0,False,93
2022,12,river,Padma,Barha Ghat,TDS,109.4,False,93
2022,2,river,Padma,Barha Ghat,pH,8.5,False,93
2022,3,river,Padma,Barha Ghat,pH,7.38,False,93
2022,6,river,Padma,Barha Ghat,pH,7.9,False,93
2022,9,river,Padma,Barha Ghat,pH,7.88,False,93
2022,11,river,Padma,Barha Ghat,pH,7.58,False,93
2022,2,river,Padma,Mawa Ghat,BOD,8.0,False,93
2022,3,river,Padma,Mawa Ghat,BOD,10.0,False,93
2022,6,river,Padma,Mawa Ghat,BOD,6.4,False,93
2022,9,river,Padma,Mawa Ghat,BOD,3.0,False,93
2022,11,river,Padma,Mawa Ghat,BOD,2.0,False,93
2022,12,river,Padma,Mawa Ghat,BOD,3.0,False,93
2022,2,river,Padma,Mawa Ghat,DO,10.0,False,93
2022,3,river,Padma,Mawa Ghat,DO,7.2,False,93
2022,6,river,Padma,Mawa Ghat,DO,7.0,False,93
2022,9,river,Padma,Mawa Ghat,DO,7.45,False,93
2022,11,river,Padma,Mawa Ghat,DO,8.0,False,93
2022,12,river,Padma,Mawa Ghat,DO,7.56,False,93
2022,2,river,Padma,Mawa Ghat,EC,245.0,False,93
2022,3,river,Padma,Mawa Ghat,EC,179.0,False,93
2022,6,river,Padma,Mawa Ghat,EC,143.0,False,93
2022,11,river,Padma,Mawa Ghat,EC,138.0,False,93
2022,12,river,Padma,Mawa Ghat,EC,202.0,False,93
2022,2,river,Padma,Mawa Ghat,SS,55.0,False,93
2022,3,river,Padma,Mawa Ghat,SS,173.0,False,93
2022,6,river,Padma,Mawa Ghat,SS,331.0,False,93
2022,11,river,Padma,Mawa Ghat,SS,89.0,False,93
2022,12,river,Padma,Mawa Ghat,SS,68.0,False,93
2022,2,river,Padma,Mawa Ghat,TDS,133.0,False,93
2022,3,river,Padma,Mawa Ghat,TDS,88.0,False,93
2022,6,river,Padma,Mawa Ghat,TDS,76.0,False,93
2022,9,river,Padma,Mawa Ghat,TDS,93.0,False,93
2022,11,river,Padma,Mawa Ghat,TDS,75.0,False,93
2022,12,river,Padma,Mawa Ghat,TDS,110.0,False,93
2022,2,river,Padma,Mawa Ghat,pH,8.25,False,93
2022,3,river,Padma,Mawa Ghat,pH,8.08,False,93
2022,6,river,Padma,Mawa Ghat,pH,7.79,False,93
2022,9,river,Padma,Mawa Ghat,pH,7.7,False,93
2022,11,river,Padma,Mawa Ghat,pH,7.42,False,93
2022,5,river,Pashur,"Batia Ghat, By Pass (M)",BOD,1.2,False,103
2022,5,river,Pashur,"Batia Ghat, By Pass (M)",Chloride,13705.0,False,103
2022,5,river,Pashur,"Batia Ghat, By Pass (M)",DO,5.9,False,103
2022,5,river,Pashur,"Batia Ghat, By Pass (M)",EC,18120.0,False,103
2022,5,river,Pashur,"Batia Ghat, By Pass (M)",Salinity,12.02,False,103
2022,5,river,Pashur,"Batia Ghat, By Pass (M)",TDS,9060.0,False,103
2022,5,river,Pashur,"Batia Ghat, By Pass (M)",Turbidity,130.0,False,103
2022,5,river,Pashur,"Batia Ghat, By Pass (M)",pH,7.65,False,103
2022,5,river,Rupsa,Charer Hat (M),BOD,1.3,False,102
2022,5,river,Rupsa,Charer Hat (M),Chloride,4142.0,False,102
2022,5,river,Rupsa,Charer Hat (M),DO,5.1,False,101
2022,5,river,Rupsa,Charer Hat (M),EC,1945.0,False,102
2022,5,river,Rupsa,Charer Hat (M),SS,136.0,False,102
2022,5,river,Rupsa,Charer Hat (M),Salinity,3.3,False,102
2022,5,river,Rupsa,Charer Hat (M),Turbidity,98.0,False,102
2022,5,river,Rupsa,Charer Hat (M),pH,8.06,False,101
2022,5,river,Rupsa,Gilatala,BOD,1.4,False,102
2022,5,river,Rupsa,Gilatala,Chloride,3640.0,False,102
2022,5,river,Rupsa,Gilatala,DO,5.9,False,101
2022,5,river,Rupsa,Gilatala,EC,1221.0,False,102
2022,5,river,Rupsa,Gilatala,SS,86.0,False,102
2022,5,river,Rupsa,Gilatala,Salinity,3.1,False,102
2022,5,river,Rupsa,Gilatala,Turbidity,82.0,False,102
2022,5,river,Rupsa,Gilatala,pH,8.01,False,101
2022,5,river,Rupsa,Kalibari Ghat (M),BOD,2.1,False,102
2022,5,river,Rupsa,Kalibari Ghat (M),Chloride,655.0,False,102
2022,5,river,Rupsa,Kalibari Ghat (M),DO,3.9,False,101
2022,5,river,Rupsa,Kalibari Ghat (M),EC,768.0,False,102
2022,5,river,Rupsa,Kalibari Ghat (M),SS,135.0,False,102
2022,5,river,Rupsa,Kalibari Ghat (M),Salinity,4.55,False,102
2022,5,river,Rupsa,Kalibari Ghat (M),Turbidity,80.0,False,102
2022,5,river,Rupsa,Kalibari Ghat (M),pH,8.09,False,101
2022,5,river,Rupsa,Rupsa Ghat (M),BOD,7.5,False,102
2022,5,river,Rupsa,Rupsa Ghat (M),Chloride,570.0,False,102
2022,5,river,Rupsa,Rupsa Ghat (M),DO,3.8,False,101
2022,5,river,Rupsa,Rupsa Ghat (M),EC,678.0,False,102
2022,5,river,Rupsa,Rupsa Ghat (M),SS,145.0,False,102
2022,5,river,Rupsa,Rupsa Ghat (M),Salinity,0.75,False,102
2022,5,river,Rupsa,Rupsa Ghat (M),Turbidity,69.0,False,102
2022,5,river,Rupsa,Rupsa Ghat (M),pH,8.11,False,101
2022,1,river,Shitalakhya,Gorashal Fertilizer,BOD,8.0,False,82
2022,2,river,Shitalakhya,Gorashal Fertilizer,BOD,8.6,False,82
2022,3,river,Shitalakhya,Gorashal Fertilizer,BOD,14.0,False,82
2022,4,river,Shitalakhya,Gorashal Fertilizer,BOD,5.0,False,82
2022,5,river,Shitalakhya,Gorashal Fertilizer,BOD,3.0,False,82
2022,6,river,Shitalakhya,Gorashal Fertilizer,BOD,4.0,False,82
2022,7,river,Shitalakhya,Gorashal Fertilizer,BOD,3.0,False,82
2022,8,river,Shitalakhya,Gorashal Fertilizer,BOD,8.0,False,82
2022,9,river,Shitalakhya,Gorashal Fertilizer,BOD,4.0,False,82
2022,10,river,Shitalakhya,Gorashal Fertilizer,BOD,4.0,False,82
2022,11,river,Shitalakhya,Gorashal Fertilizer,BOD,3.0,False,82
2022,12,river,Shitalakhya,Gorashal Fertilizer,BOD,4.0,False,82
2022,1,river,Shitalakhya,Gorashal Fertilizer,COD,18.0,False,83
2022,2,river,Shitalakhya,Gorashal Fertilizer,COD,20.0,False,83
2022,3,river,Shitalakhya,Gorashal Fertilizer,COD,44.0,False,83
2022,4,river,Shitalakhya,Gorashal Fertilizer,COD,20.0,False,83
2022,5,river,Shitalakhya,Gorashal Fertilizer,COD,10.0,False,83
2022,6,river,Shitalakhya,Gorashal Fertilizer,COD,10.0,False,83
2022,7,river,Shitalakhya,Gorashal Fertilizer,COD,8.0,False,83
2022,8,river,Shitalakhya,Gorashal Fertilizer,COD,22.0,False,83
2022,9,river,Shitalakhya,Gorashal Fertilizer,COD,24.0,False,83
2022,10,river,Shitalakhya,Gorashal Fertilizer,COD,10.0,False,83
2022,11,river,Shitalakhya,Gorashal Fertilizer,COD,10.0,False,83
2022,12,river,Shitalakhya,Gorashal Fertilizer,COD,12.0,False,83
2022,1,river,Shitalakhya,Gorashal Fertilizer,Chloride,16.0,False,83
2022,2,river,Shitalakhya,Gorashal Fertilizer,Chloride,22.0,False,83
2022,3,river,Shitalakhya,Gorashal Fertilizer,Chloride,58.0,False,83
2022,4,river,Shitalakhya,Gorashal Fertilizer,Chloride,23.0,False,83
2022,5,river,Shitalakhya,Gorashal Fertilizer,Chloride,72.5,False,83
2022,6,river,Shitalakhya,Gorashal Fertilizer,Chloride,10.0,False,83
2022,7,river,Shitalakhya,Gorashal Fertilizer,Chloride,43.0,False,83
2022,8,river,Shitalakhya,Gorashal Fertilizer,Chloride,12.4,False,83
2022,9,river,Shitalakhya,Gorashal Fertilizer,Chloride,10.0,False,83
2022,10,river,Shitalakhya,Gorashal Fertilizer,Chloride,8.0,False,83
2022,11,river,Shitalakhya,Gorashal Fertilizer,Chloride,44.0,False,83
2022,12,river,Shitalakhya,Gorashal Fertilizer,Chloride,16.0,False,83
2022,1,river,Shitalakhya,Gorashal Fertilizer,DO,3.4,False,82
2022,2,river,Shitalakhya,Gorashal Fertilizer,DO,5.0,False,82
2022,3,river,Shitalakhya,Gorashal Fertilizer,DO,3.23,False,82
2022,4,river,Shitalakhya,Gorashal Fertilizer,DO,5.0,False,82
2022,5,river,Shitalakhya,Gorashal Fertilizer,DO,4.0,False,82
2022,6,river,Shitalakhya,Gorashal Fertilizer,DO,5.4,False,82
2022,7,river,Shitalakhya,Gorashal Fertilizer,DO,5.2,False,82
2022,8,river,Shitalakhya,Gorashal Fertilizer,DO,4.21,False,82
2022,9,river,Shitalakhya,Gorashal Fertilizer,DO,6.2,False,82
2022,10,river,Shitalakhya,Gorashal Fertilizer,DO,4.9,False,82
2022,11,river,Shitalakhya,Gorashal Fertilizer,DO,7.9,False,82
2022,12,river,Shitalakhya,Gorashal Fertilizer,DO,4.2,False,82
2022,1,river,Shitalakhya,Gorashal Fertilizer,EC,367.0,False,83
2022,2,river,Shitalakhya,Gorashal Fertilizer,EC,230.0,False,83
2022,3,river,Shitalakhya,Gorashal Fertilizer,EC,457.0,False,83
2022,4,river,Shitalakhya,Gorashal Fertilizer,EC,395.0,False,83
2022,5,river,Shitalakhya,Gorashal Fertilizer,EC,298.0,False,83
2022,6,river,Shitalakhya,Gorashal Fertilizer,EC,130.0,False,83
2022,7,river,Shitalakhya,Gorashal Fertilizer,EC,123.0,False,83
2022,8,river,Shitalakhya,Gorashal Fertilizer,EC,65.2,False,83
2022,9,river,Shitalakhya,Gorashal Fertilizer,EC,184.0,False,83
2022,10,river,Shitalakhya,Gorashal Fertilizer,EC,182.5,False,83
2022,11,river,Shitalakhya,Gorashal Fertilizer,EC,227.0,False,83
2022,12,river,Shitalakhya,Gorashal Fertilizer,EC,224.2,False,83
2022,1,river,Shitalakhya,Gorashal Fertilizer,SS,18.0,False,83
2022,2,river,Shitalakhya,Gorashal Fertilizer,SS,20.0,False,83
2022,3,river,Shitalakhya,Gorashal Fertilizer,SS,17.0,False,83
2022,4,river,Shitalakhya,Gorashal Fertilizer,SS,12.0,False,83
2022,5,river,Shitalakhya,Gorashal Fertilizer,SS,33.0,False,83
2022,6,river,Shitalakhya,Gorashal Fertilizer,SS,20.0,False,83
2022,7,river,Shitalakhya,Gorashal Fertilizer,SS,19.0,False,83
2022,8,river,Shitalakhya,Gorashal Fertilizer,SS,8.0,False,83
2022,9,river,Shitalakhya,Gorashal Fertilizer,SS,36.0,False,83
2022,10,river,Shitalakhya,Gorashal Fertilizer,SS,35.0,False,83
2022,11,river,Shitalakhya,Gorashal Fertilizer,SS,14.0,False,83
2022,12,river,Shitalakhya,Gorashal Fertilizer,SS,36.0,False,83
2022,1,river,Shitalakhya,Gorashal Fertilizer,TDS,197.0,False,83
2022,2,river,Shitalakhya,Gorashal Fertilizer,TDS,135.0,False,83
2022,3,river,Shitalakhya,Gorashal Fertilizer,TDS,232.0,False,83
2022,4,river,Shitalakhya,Gorashal Fertilizer,TDS,219.0,False,83
2022,5,river,Shitalakhya,Gorashal Fertilizer,TDS,179.0,False,83
2022,6,river,Shitalakhya,Gorashal Fertilizer,TDS,66.0,False,83
2022,7,river,Shitalakhya,Gorashal Fertilizer,TDS,64.0,False,83
2022,8,river,Shitalakhya,Gorashal Fertilizer,TDS,65.2,False,83
2022,9,river,Shitalakhya,Gorashal Fertilizer,TDS,88.0,False,83
2022,10,river,Shitalakhya,Gorashal Fertilizer,TDS,96.0,False,83
2022,11,river,Shitalakhya,Gorashal Fertilizer,TDS,123.6,False,83
2022,12,river,Shitalakhya,Gorashal Fertilizer,TDS,114.5,False,83
2022,1,river,Shitalakhya,Gorashal Fertilizer,TotalAlkalinity,81.0,False,83
2022,2,river,Shitalakhya,Gorashal Fertilizer,TotalAlkalinity,102.0,False,83
2022,3,river,Shitalakhya,Gorashal Fertilizer,TotalAlkalinity,204.0,False,83
2022,4,river,Shitalakhya,Gorashal Fertilizer,TotalAlkalinity,178.0,False,83
2022,5,river,Shitalakhya,Gorashal Fertilizer,TotalAlkalinity,126.0,False,83
2022,6,river,Shitalakhya,Gorashal Fertilizer,TotalAlkalinity,29.0,False,83
2022,7,river,Shitalakhya,Gorashal Fertilizer,TotalAlkalinity,43.0,False,83
2022,8,river,Shitalakhya,Gorashal Fertilizer,TotalAlkalinity,22.0,False,83
2022,9,river,Shitalakhya,Gorashal Fertilizer,TotalAlkalinity,45.0,False,83
2022,10,river,Shitalakhya,Gorashal Fertilizer,TotalAlkalinity,40.0,False,83
2022,11,river,Shitalakhya,Gorashal Fertilizer,TotalAlkalinity,44.0,False,83
2022,12,river,Shitalakhya,Gorashal Fertilizer,TotalAlkalinity,28.0,False,83
2022,1,river,Shitalakhya,Gorashal Fertilizer,pH,7.16,False,82
2022,2,river,Shitalakhya,Gorashal Fertilizer,pH,6.76,False,82
2022,3,river,Shitalakhya,Gorashal Fertilizer,pH,7.95,False,82
2022,4,river,Shitalakhya,Gorashal Fertilizer,pH,7.25,False,82
2022,5,river,Shitalakhya,Gorashal Fertilizer,pH,7.61,False,82
2022,6,river,Shitalakhya,Gorashal Fertilizer,pH,7.65,False,82
2022,7,river,Shitalakhya,Gorashal Fertilizer,pH,7.47,False,82
2022,8,river,Shitalakhya,Gorashal Fertilizer,pH,6.76,False,82
2022,9,river,Shitalakhya,Gorashal Fertilizer,pH,7.57,False,82
2022,10,river,Shitalakhya,Gorashal Fertilizer,pH,7.47,False,82
2022,11,river,Shitalakhya,Gorashal Fertilizer,pH,7.78,False,82
2022,12,river,Shitalakhya,Gorashal Fertilizer,pH,7.68,False,82
2022,1,river,Shitalakhya,Majhira Demra Ghat,BOD,12.0,False,82
2022,2,river,Shitalakhya,Majhira Demra Ghat,BOD,14.4,False,82
2022,3,river,Shitalakhya,Majhira Demra Ghat,BOD,16.0,False,82
2022,4,river,Shitalakhya,Majhira Demra Ghat,BOD,20.0,False,82
2022,5,river,Shitalakhya,Majhira Demra Ghat,BOD,6.0,False,82
2022,6,river,Shitalakhya,Majhira Demra Ghat,BOD,8.0,False,82
2022,7,river,Shitalakhya,Majhira Demra Ghat,BOD,8.0,False,82
2022,8,river,Shitalakhya,Majhira Demra Ghat,BOD,10.0,False,82
2022,9,river,Shitalakhya,Majhira Demra Ghat,BOD,6.0,False,82
2022,10,river,Shitalakhya,Majhira Demra Ghat,BOD,8.4,False,82
2022,11,river,Shitalakhya,Majhira Demra Ghat,BOD,6.1,False,82
2022,12,river,Shitalakhya,Majhira Demra Ghat,BOD,8.0,False,82
2022,1,river,Shitalakhya,Majhira Demra Ghat,COD,42.0,False,83
2022,2,river,Shitalakhya,Majhira Demra Ghat,COD,78.0,False,83
2022,3,river,Shitalakhya,Majhira Demra Ghat,COD,82.0,False,83
2022,4,river,Shitalakhya,Majhira Demra Ghat,COD,71.0,False,83
2022,5,river,Shitalakhya,Majhira Demra Ghat,COD,24.0,False,83
2022,6,river,Shitalakhya,Majhira Demra Ghat,COD,24.0,False,83
2022,7,river,Shitalakhya,Majhira Demra Ghat,COD,29.0,False,83
2022,8,river,Shitalakhya,Majhira Demra Ghat,COD,58.0,False,83
2022,9,river,Shitalakhya,Majhira Demra Ghat,COD,39.0,False,83
2022,10,river,Shitalakhya,Majhira Demra Ghat,COD,34.0,False,83
2022,11,river,Shitalakhya,Majhira Demra Ghat,COD,17.0,False,83
2022,12,river,Shitalakhya,Majhira Demra Ghat,COD,35.0,False,83
2022,1,river,Shitalakhya,Majhira Demra Ghat,Chloride,48.0,False,83
2022,2,river,Shitalakhya,Majhira Demra Ghat,Chloride,109.0,False,83
2022,3,river,Shitalakhya,Majhira Demra Ghat,Chloride,110.0,False,83
2022,4,river,Shitalakhya,Majhira Demra Ghat,Chloride,140.0,False,83
2022,5,river,Shitalakhya,Majhira Demra Ghat,Chloride,74.0,False,83
2022,6,river,Shitalakhya,Majhira Demra Ghat,Chloride,10.0,False,83
2022,7,river,Shitalakhya,Majhira Demra Ghat,Chloride,11.0,False,83
2022,8,river,Shitalakhya,Majhira Demra Ghat,Chloride,12.5,False,83
2022,9,river,Shitalakhya,Majhira Demra Ghat,Chloride,9.0,False,83
2022,10,river,Shitalakhya,Majhira Demra Ghat,Chloride,9.0,False,83
2022,11,river,Shitalakhya,Majhira Demra Ghat,Chloride,24.0,False,83
2022,12,river,Shitalakhya,Majhira Demra Ghat,Chloride,14.0,False,83
2022,1,river,Shitalakhya,Majhira Demra Ghat,DO,1.2,False,82
2022,2,river,Shitalakhya,Majhira Demra Ghat,DO,1.39,False,82
2022,3,river,Shitalakhya,Majhira Demra Ghat,DO,0.43,False,82
2022,4,river,Shitalakhya,Majhira Demra Ghat,DO,0.0,False,82
2022,5,river,Shitalakhya,Majhira Demra Ghat,DO,1.6,False,82
2022,6,river,Shitalakhya,Majhira Demra Ghat,DO,1.39,False,82
2022,7,river,Shitalakhya,Majhira Demra Ghat,DO,4.6,False,82
2022,8,river,Shitalakhya,Majhira Demra Ghat,DO,3.25,False,82
2022,9,river,Shitalakhya,Majhira Demra Ghat,DO,5.3,False,82
2022,10,river,Shitalakhya,Majhira Demra Ghat,DO,4.2,False,82
2022,11,river,Shitalakhya,Majhira Demra Ghat,DO,5.4,False,82
2022,12,river,Shitalakhya,Majhira Demra Ghat,DO,2.0,False,82
2022,1,river,Shitalakhya,Majhira Demra Ghat,EC,643.0,False,83
2022,2,river,Shitalakhya,Majhira Demra Ghat,EC,677.0,False,83
2022,3,river,Shitalakhya,Majhira Demra Ghat,EC,680.0,False,83
2022,5,river,Shitalakhya,Majhira Demra Ghat,EC,167.0,False,83
2022,6,river,Shitalakhya,Majhira Demra Ghat,EC,99.0,False,83
2022,7,river,Shitalakhya,Majhira Demra Ghat,EC,147.0,False,83
2022,8,river,Shitalakhya,Majhira Demra Ghat,EC,106.0,False,83
2022,9,river,Shitalakhya,Majhira Demra Ghat,EC,166.0,False,83
2022,10,river,Shitalakhya,Majhira Demra Ghat,EC,157.5,False,83
2022,11,river,Shitalakhya,Majhira Demra Ghat,EC,289.0,False,83
2022,12,river,Shitalakhya,Majhira Demra Ghat,EC,216.0,False,83
2022,1,river,Shitalakhya,Majhira Demra Ghat,SS,54.0,False,83
2022,2,river,Shitalakhya,Majhira Demra Ghat,SS,121.0,False,83
2022,3,river,Shitalakhya,Majhira Demra Ghat,SS,122.0,False,83
2022,4,river,Shitalakhya,Majhira Demra Ghat,SS,109.0,False,83
2022,5,river,Shitalakhya,Majhira Demra Ghat,SS,46.0,False,83
2022,6,river,Shitalakhya,Majhira Demra Ghat,SS,144.0,False,83
2022,7,river,Shitalakhya,Majhira Demra Ghat,SS,30.0,False,83
2022,8,river,Shitalakhya,Majhira Demra Ghat,SS,68.0,False,83
2022,9,river,Shitalakhya,Majhira Demra Ghat,SS,34.0,False,83
2022,10,river,Shitalakhya,Majhira Demra Ghat,SS,43.0,False,83
2022,11,river,Shitalakhya,Majhira Demra Ghat,SS,23.0,False,83
2022,12,river,Shitalakhya,Majhira Demra Ghat,SS,42.0,False,83
2022,1,river,Shitalakhya,Majhira Demra Ghat,TDS,345.0,False,83
2022,2,river,Shitalakhya,Majhira Demra Ghat,TDS,383.0,False,83
2022,3,river,Shitalakhya,Majhira Demra Ghat,TDS,389.0,False,83
2022,4,river,Shitalakhya,Majhira Demra Ghat,TDS,528.0,False,83
2022,5,river,Shitalakhya,Majhira Demra Ghat,TDS,63.0,False,83
2022,6,river,Shitalakhya,Majhira Demra Ghat,TDS,52.0,False,83
2022,7,river,Shitalakhya,Majhira Demra Ghat,TDS,73.0,False,83
2022,8,river,Shitalakhya,Majhira Demra Ghat,TDS,106.0,False,83
2022,9,river,Shitalakhya,Majhira Demra Ghat,TDS,81.0,False,83
2022,10,river,Shitalakhya,Majhira Demra Ghat,TDS,82.0,False,83
2022,11,river,Shitalakhya,Majhira Demra Ghat,TDS,162.9,False,83
2022,12,river,Shitalakhya,Majhira Demra Ghat,TDS,110.3,False,83
2022,1,river,Shitalakhya,Majhira Demra Ghat,TotalAlkalinity,32.0,False,83
2022,2,river,Shitalakhya,Majhira Demra Ghat,TotalAlkalinity,211.0,False,83
2022,3,river,Shitalakhya,Majhira Demra Ghat,TotalAlkalinity,213.0,False,83
2022,4,river,Shitalakhya,Majhira Demra Ghat,TotalAlkalinity,320.0,False,83
2022,5,river,Shitalakhya,Majhira Demra Ghat,TotalAlkalinity,118.0,False,83
2022,6,river,Shitalakhya,Majhira Demra Ghat,TotalAlkalinity,22.0,False,83
2022,7,river,Shitalakhya,Majhira Demra Ghat,TotalAlkalinity,11.0,False,83
2022,8,river,Shitalakhya,Majhira Demra Ghat,TotalAlkalinity,22.0,False,83
2022,9,river,Shitalakhya,Majhira Demra Ghat,TotalAlkalinity,32.0,False,83
2022,10,river,Shitalakhya,Majhira Demra Ghat,TotalAlkalinity,31.0,False,83
2022,11,river,Shitalakhya,Majhira Demra Ghat,TotalAlkalinity,24.0,False,83
2022,12,river,Shitalakhya,Majhira Demra Ghat,TotalAlkalinity,42.0,False,83
2022,1,river,Shitalakhya,Majhira Demra Ghat,pH,7.34,False,82
2022,2,river,Shitalakhya,Majhira Demra Ghat,pH,7.47,False,82
2022,3,river,Shitalakhya,Majhira Demra Ghat,pH,7.77,False,82
2022,4,river,Shitalakhya,Majhira Demra Ghat,pH,7.72,False,82
2022,5,river,Shitalakhya,Majhira Demra Ghat,pH,7.24,False,82
2022,6,river,Shitalakhya,Majhira Demra Ghat,pH,7.37,False,82
2022,7,river,Shitalakhya,Majhira Demra Ghat,pH,6.34,False,82
2022,8,river,Shitalakhya,Majhira Demra Ghat,pH,7.2,False,82
2022,9,river,Shitalakhya,Majhira Demra Ghat,pH,7.4,False,82
2022,10,river,Shitalakhya,Majhira Demra Ghat,pH,7.23,False,82
2022,11,river,Shitalakhya,Majhira Demra Ghat,pH,7.37,False,82
2022,12,river,Shitalakhya,Majhira Demra Ghat,pH,7.35,False,82
2022,1,river,Shitalakhya,Murapara (Rupganj),BOD,10.0,False,82
2022,2,river,Shitalakhya,Murapara (Rupganj),BOD,13.2,False,82
2022,3,river,Shitalakhya,Murapara (Rupganj),BOD,14.0,False,82
2022,4,river,Shitalakhya,Murapara (Rupganj),BOD,17.0,False,82
2022,5,river,Shitalakhya,Murapara (Rupganj),BOD,4.0,False,82
2022,6,river,Shitalakhya,Murapara (Rupganj),BOD,10.0,False,82
2022,7,river,Shitalakhya,Murapara (Rupganj),BOD,8.0,False,82
2022,8,river,Shitalakhya,Murapara (Rupganj),BOD,8.0,False,82
2022,9,river,Shitalakhya,Murapara (Rupganj),BOD,4.0,False,82
2022,10,river,Shitalakhya,Murapara (Rupganj),BOD,6.0,False,82
2022,11,river,Shitalakhya,Murapara (Rupganj),BOD,3.6,False,82
2022,12,river,Shitalakhya,Murapara (Rupganj),BOD,10.0,False,82
2022,1,river,Shitalakhya,Murapara (Rupganj),COD,40.0,False,83
2022,2,river,Shitalakhya,Murapara (Rupganj),COD,37.0,False,83
2022,3,river,Shitalakhya,Murapara (Rupganj),COD,40.0,False,83
2022,4,river,Shitalakhya,Murapara (Rupganj),COD,34.0,False,83
2022,5,river,Shitalakhya,Murapara (Rupganj),COD,15.0,False,83
2022,6,river,Shitalakhya,Murapara (Rupganj),COD,36.0,False,83
2022,7,river,Shitalakhya,Murapara (Rupganj),COD,34.0,False,83
2022,8,river,Shitalakhya,Murapara (Rupganj),COD,37.0,False,83
2022,9,river,Shitalakhya,Murapara (Rupganj),COD,36.0,False,83
2022,10,river,Shitalakhya,Murapara (Rupganj),COD,41.0,False,83
2022,11,river,Shitalakhya,Murapara (Rupganj),COD,27.0,False,83
2022,12,river,Shitalakhya,Murapara (Rupganj),COD,41.0,False,83
2022,1,river,Shitalakhya,Murapara (Rupganj),Chloride,42.0,False,83
2022,2,river,Shitalakhya,Murapara (Rupganj),Chloride,26.0,False,83
2022,3,river,Shitalakhya,Murapara (Rupganj),Chloride,29.0,False,83
2022,4,river,Shitalakhya,Murapara (Rupganj),Chloride,95.0,False,83
2022,5,river,Shitalakhya,Murapara (Rupganj),Chloride,76.0,False,83
2022,6,river,Shitalakhya,Murapara (Rupganj),Chloride,11.0,False,83
2022,7,river,Shitalakhya,Murapara (Rupganj),Chloride,12.0,False,83
2022,8,river,Shitalakhya,Murapara (Rupganj),Chloride,10.5,False,83
2022,9,river,Shitalakhya,Murapara (Rupganj),Chloride,14.0,False,83
2022,10,river,Shitalakhya,Murapara (Rupganj),Chloride,18.0,False,83
2022,11,river,Shitalakhya,Murapara (Rupganj),Chloride,35.0,False,83
2022,12,river,Shitalakhya,Murapara (Rupganj),Chloride,10.0,False,83
2022,1,river,Shitalakhya,Murapara (Rupganj),DO,1.8,False,82
2022,2,river,Shitalakhya,Murapara (Rupganj),DO,4.88,False,82
2022,3,river,Shitalakhya,Murapara (Rupganj),DO,3.21,False,82
2022,4,river,Shitalakhya,Murapara (Rupganj),DO,3.0,False,82
2022,5,river,Shitalakhya,Murapara (Rupganj),DO,3.4,False,82
2022,6,river,Shitalakhya,Murapara (Rupganj),DO,4.88,False,82
2022,7,river,Shitalakhya,Murapara (Rupganj),DO,5.0,False,82
2022,8,river,Shitalakhya,Murapara (Rupganj),DO,3.65,False,82
2022,9,river,Shitalakhya,Murapara (Rupganj),DO,4.3,False,82
2022,10,river,Shitalakhya,Murapara (Rupganj),DO,3.8,False,82
2022,11,river,Shitalakhya,Murapara (Rupganj),DO,5.8,False,82
2022,12,river,Shitalakhya,Murapara (Rupganj),DO,4.7,False,82
2022,1,river,Shitalakhya,Murapara (Rupganj),EC,626.0,False,83
2022,2,river,Shitalakhya,Murapara (Rupganj),EC,393.0,False,83
2022,3,river,Shitalakhya,Murapara (Rupganj),EC,397.0,False,83
2022,4,river,Shitalakhya,Murapara (Rupganj),EC,647.0,False,83
2022,5,river,Shitalakhya,Murapara (Rupganj),EC,184.0,False,83
2022,6,river,Shitalakhya,Murapara (Rupganj),EC,160.0,False,83
2022,7,river,Shitalakhya,Murapara (Rupganj),EC,1138.0,False,83
2022,8,river,Shitalakhya,Murapara (Rupganj),EC,83.4,False,83
2022,9,river,Shitalakhya,Murapara (Rupganj),EC,176.0,False,83
2022,10,river,Shitalakhya,Murapara (Rupganj),EC,450.0,False,83
2022,11,river,Shitalakhya,Murapara (Rupganj),EC,215.0,False,83
2022,12,river,Shitalakhya,Murapara (Rupganj),EC,214.0,False,83
2022,1,river,Shitalakhya,Murapara (Rupganj),SS,50.0,False,83
2022,2,river,Shitalakhya,Murapara (Rupganj),SS,14.0,False,83
2022,3,river,Shitalakhya,Murapara (Rupganj),SS,16.0,False,83
2022,4,river,Shitalakhya,Murapara (Rupganj),SS,22.0,False,83
2022,5,river,Shitalakhya,Murapara (Rupganj),SS,45.0,False,83
2022,6,river,Shitalakhya,Murapara (Rupganj),SS,181.0,False,83
2022,7,river,Shitalakhya,Murapara (Rupganj),SS,35.0,False,83
2022,8,river,Shitalakhya,Murapara (Rupganj),SS,7.0,False,83
2022,9,river,Shitalakhya,Murapara (Rupganj),SS,39.0,False,83
2022,10,river,Shitalakhya,Murapara (Rupganj),SS,97.0,False,83
2022,11,river,Shitalakhya,Murapara (Rupganj),SS,30.0,False,83
2022,12,river,Shitalakhya,Murapara (Rupganj),SS,86.0,False,83
2022,1,river,Shitalakhya,Murapara (Rupganj),TDS,320.0,False,83
2022,2,river,Shitalakhya,Murapara (Rupganj),TDS,216.0,False,83
2022,3,river,Shitalakhya,Murapara (Rupganj),TDS,220.0,False,83
2022,4,river,Shitalakhya,Murapara (Rupganj),TDS,349.0,False,83
2022,5,river,Shitalakhya,Murapara (Rupganj),TDS,92.0,False,83
2022,6,river,Shitalakhya,Murapara (Rupganj),TDS,57.0,False,83
2022,7,river,Shitalakhya,Murapara (Rupganj),TDS,72.0,False,83
2022,8,river,Shitalakhya,Murapara (Rupganj),TDS,83.4,False,83
2022,9,river,Shitalakhya,Murapara (Rupganj),TDS,90.0,False,83
2022,10,river,Shitalakhya,Murapara (Rupganj),TDS,246.0,False,83
2022,11,river,Shitalakhya,Murapara (Rupganj),TDS,113.2,False,83
2022,12,river,Shitalakhya,Murapara (Rupganj),TDS,112.0,False,83
2022,1,river,Shitalakhya,Murapara (Rupganj),TotalAlkalinity,54.0,False,83
2022,2,river,Shitalakhya,Murapara (Rupganj),TotalAlkalinity,190.0,False,83
2022,3,river,Shitalakhya,Murapara (Rupganj),TotalAlkalinity,192.0,False,83
2022,4,river,Shitalakhya,Murapara (Rupganj),TotalAlkalinity,229.0,False,83
2022,5,river,Shitalakhya,Murapara (Rupganj),TotalAlkalinity,102.0,False,83
2022,6,river,Shitalakhya,Murapara (Rupganj),TotalAlkalinity,15.0,False,83
2022,7,river,Shitalakhya,Murapara (Rupganj),TotalAlkalinity,12.0,False,83
2022,8,river,Shitalakhya,Murapara (Rupganj),TotalAlkalinity,18.0,False,83
2022,9,river,Shitalakhya,Murapara (Rupganj),TotalAlkalinity,32.0,False,83
2022,10,river,Shitalakhya,Murapara (Rupganj),TotalAlkalinity,37.0,False,83
2022,11,river,Shitalakhya,Murapara (Rupganj),TotalAlkalinity,35.0,False,83
2022,12,river,Shitalakhya,Murapara (Rupganj),TotalAlkalinity,36.0,False,83
2022,1,river,Shitalakhya,Murapara (Rupganj),pH,7.4,False,82
2022,2,river,Shitalakhya,Murapara (Rupganj),pH,7.75,False,82
2022,3,river,Shitalakhya,Murapara (Rupganj),pH,7.79,False,82
2022,4,river,Shitalakhya,Murapara (Rupganj),pH,7.8,False,82
2022,5,river,Shitalakhya,Murapara (Rupganj),pH,7.38,False,82
2022,6,river,Shitalakhya,Murapara (Rupganj),pH,7.1,False,82
2022,7,river,Shitalakhya,Murapara (Rupganj),pH,7.34,False,82
2022,8,river,Shitalakhya,Murapara (Rupganj),pH,7.31,False,82
2022,9,river,Shitalakhya,Murapara (Rupganj),pH,7.29,False,82
2022,10,river,Shitalakhya,Murapara (Rupganj),pH,7.04,False,82
2022,11,river,Shitalakhya,Murapara (Rupganj),pH,7.31,False,82
2022,12,river,Shitalakhya,Murapara (Rupganj),pH,7.32,False,82
2022,1,river,Shitalakhya,Port Road,BOD,12.0,False,82
2022,2,river,Shitalakhya,Port Road,BOD,24.0,False,82
2022,3,river,Shitalakhya,Port Road,BOD,24.0,False,82
2022,4,river,Shitalakhya,Port Road,BOD,10.0,False,82
2022,5,river,Shitalakhya,Port Road,BOD,4.0,False,82
2022,6,river,Shitalakhya,Port Road,BOD,8.0,False,82
2022,7,river,Shitalakhya,Port Road,BOD,8.0,False,82
2022,8,river,Shitalakhya,Port Road,BOD,8.0,False,82
2022,9,river,Shitalakhya,Port Road,BOD,6.0,False,82
2022,10,river,Shitalakhya,Port Road,BOD,8.6,False,82
2022,11,river,Shitalakhya,Port Road,BOD,5.6,False,82
2022,12,river,Shitalakhya,Port Road,BOD,6.0,False,82
2022,1,river,Shitalakhya,Port Road,COD,48.0,False,83
2022,2,river,Shitalakhya,Port Road,COD,32.0,False,83
2022,3,river,Shitalakhya,Port Road,COD,34.0,False,83
2022,4,river,Shitalakhya,Port Road,COD,34.0,False,83
2022,5,river,Shitalakhya,Port Road,COD,27.0,False,83
2022,6,river,Shitalakhya,Port Road,COD,27.0,False,83
2022,7,river,Shitalakhya,Port Road,COD,35.0,False,83
2022,8,river,Shitalakhya,Port Road,COD,42.0,False,83
2022,9,river,Shitalakhya,Port Road,COD,40.0,False,83
2022,10,river,Shitalakhya,Port Road,COD,42.0,False,83
2022,11,river,Shitalakhya,Port Road,COD,14.0,False,83
2022,12,river,Shitalakhya,Port Road,COD,40.0,False,83
2022,1,river,Shitalakhya,Port Road,Chloride,41.0,False,83
2022,2,river,Shitalakhya,Port Road,Chloride,72.5,False,83
2022,3,river,Shitalakhya,Port Road,Chloride,73.0,False,83
2022,4,river,Shitalakhya,Port Road,Chloride,28.0,False,83
2022,5,river,Shitalakhya,Port Road,Chloride,76.0,False,83
2022,6,river,Shitalakhya,Port Road,Chloride,16.0,False,83
2022,7,river,Shitalakhya,Port Road,Chloride,14.0,False,83
2022,8,river,Shitalakhya,Port Road,Chloride,18.9,False,83
2022,9,river,Shitalakhya,Port Road,Chloride,19.0,False,83
2022,10,river,Shitalakhya,Port Road,Chloride,20.0,False,83
2022,11,river,Shitalakhya,Port Road,Chloride,12.0,False,83
2022,12,river,Shitalakhya,Port Road,Chloride,12.0,False,83
2022,1,river,Shitalakhya,Port Road,DO,1.8,False,82
2022,2,river,Shitalakhya,Port Road,DO,1.0,False,82
2022,3,river,Shitalakhya,Port Road,DO,0.54,False,82
2022,4,river,Shitalakhya,Port Road,DO,3.0,False,82
2022,5,river,Shitalakhya,Port Road,DO,2.2,False,82
2022,6,river,Shitalakhya,Port Road,DO,1.0,False,82
2022,7,river,Shitalakhya,Port Road,DO,3.9,False,82
2022,8,river,Shitalakhya,Port Road,DO,2.85,False,82
2022,9,river,Shitalakhya,Port Road,DO,1.8,False,82
2022,10,river,Shitalakhya,Port Road,DO,3.2,False,82
2022,11,river,Shitalakhya,Port Road,DO,6.5,False,82
2022,12,river,Shitalakhya,Port Road,DO,4.0,False,82
2022,1,river,Shitalakhya,Port Road,EC,607.0,False,83
2022,2,river,Shitalakhya,Port Road,EC,585.0,False,83
2022,3,river,Shitalakhya,Port Road,EC,590.0,False,83
2022,4,river,Shitalakhya,Port Road,EC,580.0,False,83
2022,5,river,Shitalakhya,Port Road,EC,271.0,False,83
2022,6,river,Shitalakhya,Port Road,EC,149.0,False,83
2022,7,river,Shitalakhya,Port Road,EC,150.0,False,83
2022,8,river,Shitalakhya,Port Road,EC,229.0,False,83
2022,9,river,Shitalakhya,Port Road,EC,235.0,False,83
2022,10,river,Shitalakhya,Port Road,EC,265.0,False,83
2022,11,river,Shitalakhya,Port Road,EC,225.0,False,83
2022,12,river,Shitalakhya,Port Road,EC,228.0,False,83
2022,1,river,Shitalakhya,Port Road,SS,42.0,False,83
2022,2,river,Shitalakhya,Port Road,SS,33.0,False,83
2022,3,river,Shitalakhya,Port Road,SS,34.0,False,83
2022,4,river,Shitalakhya,Port Road,SS,40.0,False,83
2022,5,river,Shitalakhya,Port Road,SS,83.0,False,83
2022,6,river,Shitalakhya,Port Road,SS,156.0,False,83
2022,7,river,Shitalakhya,Port Road,SS,42.0,False,83
2022,8,river,Shitalakhya,Port Road,SS,22.0,False,83
2022,9,river,Shitalakhya,Port Road,SS,28.0,False,83
2022,10,river,Shitalakhya,Port Road,SS,25.0,False,83
2022,11,river,Shitalakhya,Port Road,SS,28.0,False,83
2022,12,river,Shitalakhya,Port Road,SS,24.0,False,83
2022,1,river,Shitalakhya,Port Road,TDS,349.0,False,83
2022,2,river,Shitalakhya,Port Road,TDS,329.0,False,83
2022,3,river,Shitalakhya,Port Road,TDS,333.0,False,83
2022,4,river,Shitalakhya,Port Road,TDS,310.0,False,83
2022,5,river,Shitalakhya,Port Road,TDS,134.0,False,83
2022,6,river,Shitalakhya,Port Road,TDS,74.0,False,83
2022,7,river,Shitalakhya,Port Road,TDS,87.0,False,83
2022,8,river,Shitalakhya,Port Road,TDS,112.0,False,83
2022,9,river,Shitalakhya,Port Road,TDS,122.0,False,83
2022,10,river,Shitalakhya,Port Road,TDS,138.0,False,83
2022,11,river,Shitalakhya,Port Road,TDS,122.5,False,83
2022,12,river,Shitalakhya,Port Road,TDS,116.2,False,83
2022,1,river,Shitalakhya,Port Road,TotalAlkalinity,94.0,False,83
2022,2,river,Shitalakhya,Port Road,TotalAlkalinity,126.0,False,83
2022,3,river,Shitalakhya,Port Road,TotalAlkalinity,127.0,False,83
2022,4,river,Shitalakhya,Port Road,TotalAlkalinity,104.0,False,83
2022,5,river,Shitalakhya,Port Road,TotalAlkalinity,152.0,False,83
2022,6,river,Shitalakhya,Port Road,TotalAlkalinity,23.0,False,83
2022,7,river,Shitalakhya,Port Road,TotalAlkalinity,14.0,False,83
2022,8,river,Shitalakhya,Port Road,TotalAlkalinity,32.0,False,83
2022,9,river,Shitalakhya,Port Road,TotalAlkalinity,34.0,False,83
2022,10,river,Shitalakhya,Port Road,TotalAlkalinity,37.0,False,83
2022,11,river,Shitalakhya,Port Road,TotalAlkalinity,34.0,False,83
2022,12,river,Shitalakhya,Port Road,TotalAlkalinity,40.0,False,83
2022,1,river,Shitalakhya,Port Road,pH,7.72,False,82
2022,2,river,Shitalakhya,Port Road,pH,7.61,False,82
2022,3,river,Shitalakhya,Port Road,pH,7.67,False,82
2022,4,river,Shitalakhya,Port Road,pH,7.11,False,82
2022,5,river,Shitalakhya,Port Road,pH,7.21,False,82
2022,6,river,Shitalakhya,Port Road,pH,7.03,False,82
2022,7,river,Shitalakhya,Port Road,pH,6.64,False,82
2022,8,river,Shitalakhya,Port Road,pH,7.61,False,82
2022,9,river,Shitalakhya,Port Road,pH,7.69,False,82
2022,10,river,Shitalakhya,Port Road,pH,7.18,False,82
2022,11,river,Shitalakhya,Port Road,pH,7.49,False,82
2022,12,river,Shitalakhya,Port Road,pH,7.4,False,82
2022,6,river,Sughanda,Gabkhan Lounch Terminal (M),COD,109.0,False,108
2022,8,river,Sughanda,Gabkhan Lounch Terminal (M),COD,6.46,False,108
2022,6,river,Sughanda,Gabkhan Lounch Terminal (M),DO,7.5,False,108
2022,8,river,Sughanda,Gabkhan Lounch Terminal (M),DO,6.46,False,108
2022,6,river,Sughanda,Gabkhan Lounch Terminal (M),EC,151.3,False,109
2022,8,river,Sughanda,Gabkhan Lounch Terminal (M),EC,184.5,False,109
2022,6,river,Sughanda,Gabkhan Lounch Terminal (M),TDS,69.6,False,108
2022,8,river,Sughanda,Gabkhan Lounch Terminal (M),TDS,79.7,False,108
2022,6,river,Sughanda,Gabkhan Lounch Terminal (M),pH,9.1,False,108
2022,8,river,Sughanda,Gabkhan Lounch Terminal (M),pH,9.39,False,108
2022,6,river,Sughanda,Gabkhan Lounch Terminal (S),COD,105.0,False,108
2022,8,river,Sughanda,Gabkhan Lounch Terminal (S),COD,6.14,False,108
2022,6,river,Sughanda,Gabkhan Lounch Terminal (S),DO,7.35,False,108
2022,8,river,Sughanda,Gabkhan Lounch Terminal (S),DO,6.14,False,108
2022,6,river,Sughanda,Gabkhan Lounch Terminal (S),EC,192.1,False,109
2022,8,river,Sughanda,Gabkhan Lounch Terminal (S),EC,182.4,False,109
2022,6,river,Sughanda,Gabkhan Lounch Terminal (S),TDS,86.3,False,108
2022,8,river,Sughanda,Gabkhan Lounch Terminal (S),TDS,79.4,False,108
2022,6,river,Sughanda,Gabkhan Lounch Terminal (S),pH,9.38,False,108
2022,8,river,Sughanda,Gabkhan Lounch Terminal (S),pH,8.36,False,108
2022,5,river,Surma,Chhatak,BOD,2.5,False,110
2022,5,river,Surma,Chhatak,COD,10.0,False,110
2022,5,river,Surma,Chhatak,DO,6.98,False,109
2022,5,river,Surma,Chhatak,EC,86.0,False,110
2022,5,river,Surma,Chhatak,TDS,49.0,False,110
2022,5,river,Surma,Chhatak,pH,6.84,False,109
2022,5,river,Surma,Kin Bridge Point,BOD,2.3,False,110
2022,5,river,Surma,Kin Bridge Point,COD,13.0,False,110
2022,5,river,Surma,Kin Bridge Point,DO,6.92,False,109
2022,5,river,Surma,Kin Bridge Point,EC,118.0,False,110
2022,5,river,Surma,Kin Bridge Point,TDS,66.0,False,110
2022,5,river,Surma,Kin Bridge Point,pH,6.68,False,109
2022,5,river,Surma,Mendibag Point,BOD,2.1,False,110
2022,5,river,Surma,Mendibag Point,COD,11.0,False,110
2022,5,river,Surma,Mendibag Point,DO,7.02,False,109
2022,5,river,Surma,Mendibag Point,EC,122.0,False,110
2022,5,river,Surma,Mendibag Point,TDS,64.0,False,110
2022,5,river,Surma,Mendibag Point,pH,6.61,False,109
2022,5,river,Surma,Sheaik Ghat,BOD,2.8,False,110
2022,5,river,Surma,Sheaik Ghat,COD,15.0,False,110
2022,5,river,Surma,Sheaik Ghat,DO,7.06,False,109
2022,5,river,Surma,Sheaik Ghat,EC,120.0,False,110
2022,5,river,Surma,Sheaik Ghat,TDS,68.0,False,110
2022,5,river,Surma,Sheaik Ghat,pH,6.67,False,109
2022,7,river,Tetulia,Vadura Launch Ghat (M),COD,112.0,False,108
2022,7,river,Tetulia,Vadura Launch Ghat (M),DO,5.06,False,108
2022,7,river,Tetulia,Vadura Launch Ghat (M),TDS,73.5,False,108
2022,7,river,Tetulia,Vadura Launch Ghat (M),pH,8.43,False,108
2022,7,river,Tetulia,Vadura Launch Ghat (S),COD,128.0,False,108
2022,7,river,Tetulia,Vadura Launch Ghat (S),DO,6.3,False,108
2022,7,river,Tetulia,Vadura Launch Ghat (S),TDS,75.6,False,108
2022,7,river,Tetulia,Vadura Launch Ghat (S),pH,8.77,False,108
2022,1,river,Turag,Ashulia,BOD,14.0,False,84
2022,2,river,Turag,Ashulia,BOD,32.0,False,84
2022,3,river,Turag,Ashulia,BOD,12.0,False,84
2022,4,river,Turag,Ashulia,BOD,26.0,False,84
2022,5,river,Turag,Ashulia,BOD,32.0,False,84
2022,6,river,Turag,Ashulia,BOD,6.0,False,84
2022,7,river,Turag,Ashulia,BOD,8.2,False,84
2022,8,river,Turag,Ashulia,BOD,8.0,False,84
2022,9,river,Turag,Ashulia,BOD,4.0,False,84
2022,10,river,Turag,Ashulia,BOD,10.0,False,84
2022,11,river,Turag,Ashulia,BOD,3.0,False,84
2022,12,river,Turag,Ashulia,BOD,3.4,False,84
2022,1,river,Turag,Ashulia,COD,48.0,False,84
2022,2,river,Turag,Ashulia,COD,72.0,False,84
2022,3,river,Turag,Ashulia,COD,68.0,False,84
2022,4,river,Turag,Ashulia,COD,72.0,False,84
2022,5,river,Turag,Ashulia,COD,92.0,False,84
2022,6,river,Turag,Ashulia,COD,18.0,False,84
2022,7,river,Turag,Ashulia,COD,32.0,False,84
2022,8,river,Turag,Ashulia,COD,17.0,False,84
2022,9,river,Turag,Ashulia,COD,40.0,False,84
2022,10,river,Turag,Ashulia,COD,63.0,False,84
2022,11,river,Turag,Ashulia,COD,10.0,False,84
2022,12,river,Turag,Ashulia,COD,12.0,False,84
2022,1,river,Turag,Ashulia,Chloride,24.0,False,85
2022,2,river,Turag,Ashulia,Chloride,90.0,False,85
2022,3,river,Turag,Ashulia,Chloride,6.0,False,85
2022,4,river,Turag,Ashulia,Chloride,21.0,False,85
2022,5,river,Turag,Ashulia,Chloride,50.0,False,85
2022,6,river,Turag,Ashulia,Chloride,90.0,False,85
2022,7,river,Turag,Ashulia,Chloride,12.0,False,85
2022,8,river,Turag,Ashulia,Chloride,9.0,False,85
2022,9,river,Turag,Ashulia,Chloride,5.2,False,85
2022,10,river,Turag,Ashulia,Chloride,4.0,False,85
2022,11,river,Turag,Ashulia,Chloride,4.0,False,85
2022,12,river,Turag,Ashulia,Chloride,10.0,False,85
2022,1,river,Turag,Ashulia,DO,1.6,False,84
2022,2,river,Turag,Ashulia,DO,0.23,False,84
2022,3,river,Turag,Ashulia,DO,0.21,False,84
2022,4,river,Turag,Ashulia,DO,1.4,False,84
2022,5,river,Turag,Ashulia,DO,5.0,False,84
2022,6,river,Turag,Ashulia,DO,5.5,False,84
2022,7,river,Turag,Ashulia,DO,3.6,False,84
2022,8,river,Turag,Ashulia,DO,5.4,False,84
2022,9,river,Turag,Ashulia,DO,4.7,False,84
2022,10,river,Turag,Ashulia,DO,5.0,False,84
2022,11,river,Turag,Ashulia,DO,6.2,False,84
2022,12,river,Turag,Ashulia,DO,5.1,False,84
2022,1,river,Turag,Ashulia,EC,699.0,False,85
2022,2,river,Turag,Ashulia,EC,1134.0,False,85
2022,3,river,Turag,Ashulia,EC,1847.0,False,85
2022,4,river,Turag,Ashulia,EC,706.0,False,85
2022,5,river,Turag,Ashulia,EC,172.0,False,85
2022,6,river,Turag,Ashulia,EC,1134.0,False,85
2022,7,river,Turag,Ashulia,EC,149.0,False,85
2022,8,river,Turag,Ashulia,EC,170.2,False,85
2022,9,river,Turag,Ashulia,EC,121.0,False,85
2022,10,river,Turag,Ashulia,EC,136.4,False,85
2022,11,river,Turag,Ashulia,EC,141.3,False,85
2022,12,river,Turag,Ashulia,EC,280.0,False,85
2022,1,river,Turag,Ashulia,SS,32.0,False,85
2022,2,river,Turag,Ashulia,SS,98.0,False,85
2022,3,river,Turag,Ashulia,SS,140.0,False,85
2022,4,river,Turag,Ashulia,SS,30.0,False,85
2022,5,river,Turag,Ashulia,SS,234.0,False,85
2022,6,river,Turag,Ashulia,SS,137.0,False,85
2022,7,river,Turag,Ashulia,SS,62.0,False,85
2022,8,river,Turag,Ashulia,SS,54.0,False,85
2022,9,river,Turag,Ashulia,SS,58.0,False,85
2022,10,river,Turag,Ashulia,SS,52.0,False,85
2022,11,river,Turag,Ashulia,SS,12.0,False,85
2022,12,river,Turag,Ashulia,SS,16.0,False,85
2022,1,river,Turag,Ashulia,TDS,394.0,False,84
2022,2,river,Turag,Ashulia,TDS,641.0,False,84
2022,3,river,Turag,Ashulia,TDS,837.0,False,84
2022,4,river,Turag,Ashulia,TDS,367.0,False,84
2022,5,river,Turag,Ashulia,TDS,88.0,False,84
2022,6,river,Turag,Ashulia,TDS,641.0,False,84
2022,7,river,Turag,Ashulia,TDS,80.0,False,84
2022,8,river,Turag,Ashulia,TDS,86.0,False,84
2022,9,river,Turag,Ashulia,TDS,80.0,False,84
2022,10,river,Turag,Ashulia,TDS,74.7,False,84
2022,11,river,Turag,Ashulia,TDS,77.5,False,84
2022,12,river,Turag,Ashulia,TDS,148.4,False,84
2022,1,river,Turag,Ashulia,TotalAlkalinity,164.0,False,85
2022,2,river,Turag,Ashulia,TotalAlkalinity,253.0,False,85
2022,3,river,Turag,Ashulia,TotalAlkalinity,340.0,False,85
2022,4,river,Turag,Ashulia,TotalAlkalinity,162.0,False,85
2022,5,river,Turag,Ashulia,TotalAlkalinity,114.0,False,85
2022,6,river,Turag,Ashulia,TotalAlkalinity,253.0,False,85
2022,7,river,Turag,Ashulia,TotalAlkalinity,24.0,False,85
2022,8,river,Turag,Ashulia,TotalAlkalinity,30.0,False,85
2022,9,river,Turag,Ashulia,TotalAlkalinity,23.0,False,85
2022,10,river,Turag,Ashulia,TotalAlkalinity,28.0,False,85
2022,11,river,Turag,Ashulia,TotalAlkalinity,29.0,False,85
2022,12,river,Turag,Ashulia,TotalAlkalinity,90.0,False,85
2022,1,river,Turag,Ashulia,pH,7.34,False,84
2022,2,river,Turag,Ashulia,pH,7.63,False,84
2022,3,river,Turag,Ashulia,pH,7.82,False,84
2022,4,river,Turag,Ashulia,pH,7.83,False,84
2022,5,river,Turag,Ashulia,pH,7.29,False,84
2022,6,river,Turag,Ashulia,pH,7.63,False,84
2022,7,river,Turag,Ashulia,pH,7.12,False,84
2022,8,river,Turag,Ashulia,pH,8.09,False,84
2022,9,river,Turag,Ashulia,pH,7.08,False,84
2022,10,river,Turag,Ashulia,pH,6.88,False,84
2022,11,river,Turag,Ashulia,pH,7.41,False,84
2022,12,river,Turag,Ashulia,pH,7.59,False,84
2022,1,river,Turag,Kaliakoir,BOD,8.0,False,84
2022,2,river,Turag,Kaliakoir,BOD,12.0,False,84
2022,3,river,Turag,Kaliakoir,BOD,6.0,False,84
2022,4,river,Turag,Kaliakoir,BOD,6.0,False,84
2022,5,river,Turag,Kaliakoir,BOD,5.0,False,84
2022,6,river,Turag,Kaliakoir,BOD,6.0,False,84
2022,7,river,Turag,Kaliakoir,BOD,8.2,False,84
2022,8,river,Turag,Kaliakoir,BOD,8.0,False,84
2022,9,river,Turag,Kaliakoir,BOD,8.0,False,84
2022,10,river,Turag,Kaliakoir,BOD,4.0,False,84
2022,11,river,Turag,Kaliakoir,BOD,6.0,False,84
2022,12,river,Turag,Kaliakoir,BOD,3.2,False,84
2022,1,river,Turag,Kaliakoir,COD,18.0,False,84
2022,2,river,Turag,Kaliakoir,COD,36.0,False,84
2022,3,river,Turag,Kaliakoir,COD,40.0,False,84
2022,4,river,Turag,Kaliakoir,COD,46.0,False,84
2022,5,river,Turag,Kaliakoir,COD,56.0,False,84
2022,6,river,Turag,Kaliakoir,COD,26.0,False,84
2022,7,river,Turag,Kaliakoir,COD,48.0,False,84
2022,8,river,Turag,Kaliakoir,COD,15.0,False,84
2022,9,river,Turag,Kaliakoir,COD,97.0,False,84
2022,10,river,Turag,Kaliakoir,COD,10.0,False,84
2022,11,river,Turag,Kaliakoir,COD,22.0,False,84
2022,12,river,Turag,Kaliakoir,COD,24.0,False,84
2022,1,river,Turag,Kaliakoir,Chloride,12.0,False,85
2022,2,river,Turag,Kaliakoir,Chloride,31.0,False,85
2022,3,river,Turag,Kaliakoir,Chloride,36.0,False,85
2022,4,river,Turag,Kaliakoir,Chloride,78.0,False,85
2022,5,river,Turag,Kaliakoir,Chloride,11.0,False,85
2022,6,river,Turag,Kaliakoir,Chloride,31.0,False,85
2022,7,river,Turag,Kaliakoir,Chloride,28.0,False,85
2022,8,river,Turag,Kaliakoir,Chloride,3.0,False,85
2022,9,river,Turag,Kaliakoir,Chloride,4.0,False,85
2022,10,river,Turag,Kaliakoir,Chloride,17.0,False,85
2022,11,river,Turag,Kaliakoir,Chloride,17.0,False,85
2022,12,river,Turag,Kaliakoir,Chloride,8.0,False,85
2022,1,river,Turag,Kaliakoir,DO,4.9,False,84
2022,2,river,Turag,Kaliakoir,DO,3.68,False,84
2022,3,river,Turag,Kaliakoir,DO,4.3,False,84
2022,4,river,Turag,Kaliakoir,DO,1.4,False,84
2022,5,river,Turag,Kaliakoir,DO,6.8,False,84
2022,6,river,Turag,Kaliakoir,DO,6.0,False,84
2022,7,river,Turag,Kaliakoir,DO,6.4,False,84
2022,8,river,Turag,Kaliakoir,DO,6.6,False,84
2022,9,river,Turag,Kaliakoir,DO,6.3,False,84
2022,10,river,Turag,Kaliakoir,DO,5.8,False,84
2022,11,river,Turag,Kaliakoir,DO,3.8,False,84
2022,12,river,Turag,Kaliakoir,DO,8.7,False,84
2022,1,river,Turag,Kaliakoir,EC,320.0,False,85
2022,2,river,Turag,Kaliakoir,EC,464.0,False,85
2022,3,river,Turag,Kaliakoir,EC,664.0,False,85
2022,4,river,Turag,Kaliakoir,EC,996.0,False,85
2022,5,river,Turag,Kaliakoir,EC,100.0,False,85
2022,6,river,Turag,Kaliakoir,EC,464.0,False,85
2022,7,river,Turag,Kaliakoir,EC,287.0,False,85
2022,8,river,Turag,Kaliakoir,EC,130.2,False,85
2022,9,river,Turag,Kaliakoir,EC,134.0,False,85
2022,10,river,Turag,Kaliakoir,EC,124.9,False,85
2022,11,river,Turag,Kaliakoir,EC,116.4,False,85
2022,12,river,Turag,Kaliakoir,EC,214.7,False,85
2022,1,river,Turag,Kaliakoir,SS,15.0,False,85
2022,2,river,Turag,Kaliakoir,SS,9.0,False,85
2022,3,river,Turag,Kaliakoir,SS,16.0,False,85
2022,4,river,Turag,Kaliakoir,SS,18.0,False,85
2022,5,river,Turag,Kaliakoir,SS,288.0,False,85
2022,6,river,Turag,Kaliakoir,SS,318.0,False,85
2022,7,river,Turag,Kaliakoir,SS,163.0,False,85
2022,8,river,Turag,Kaliakoir,SS,168.0,False,85
2022,9,river,Turag,Kaliakoir,SS,325.0,False,85
2022,10,river,Turag,Kaliakoir,SS,229.0,False,85
2022,11,river,Turag,Kaliakoir,SS,113.0,False,85
2022,12,river,Turag,Kaliakoir,SS,28.0,False,85
2022,1,river,Turag,Kaliakoir,TDS,177.0,False,84
2022,2,river,Turag,Kaliakoir,TDS,257.0,False,84
2022,3,river,Turag,Kaliakoir,TDS,375.0,False,84
2022,4,river,Turag,Kaliakoir,TDS,517.0,False,84
2022,5,river,Turag,Kaliakoir,TDS,51.0,False,84
2022,6,river,Turag,Kaliakoir,TDS,257.0,False,84
2022,7,river,Turag,Kaliakoir,TDS,144.0,False,84
2022,8,river,Turag,Kaliakoir,TDS,65.9,False,84
2022,9,river,Turag,Kaliakoir,TDS,64.0,False,84
2022,10,river,Turag,Kaliakoir,TDS,67.6,False,84
2022,11,river,Turag,Kaliakoir,TDS,64.2,False,84
2022,12,river,Turag,Kaliakoir,TDS,124.6,False,84
2022,1,river,Turag,Kaliakoir,TotalAlkalinity,102.0,False,85
2022,2,river,Turag,Kaliakoir,TotalAlkalinity,169.0,False,85
2022,3,river,Turag,Kaliakoir,TotalAlkalinity,356.0,False,85
2022,4,river,Turag,Kaliakoir,TotalAlkalinity,262.0,False,85
2022,5,river,Turag,Kaliakoir,TotalAlkalinity,49.0,False,85
2022,6,river,Turag,Kaliakoir,TotalAlkalinity,169.0,False,85
2022,7,river,Turag,Kaliakoir,TotalAlkalinity,28.0,False,85
2022,8,river,Turag,Kaliakoir,TotalAlkalinity,20.0,False,85
2022,9,river,Turag,Kaliakoir,TotalAlkalinity,31.0,False,85
2022,10,river,Turag,Kaliakoir,TotalAlkalinity,32.0,False,85
2022,11,river,Turag,Kaliakoir,TotalAlkalinity,22.0,False,85
2022,12,river,Turag,Kaliakoir,TotalAlkalinity,90.0,False,85
2022,1,river,Turag,Kaliakoir,pH,7.55,False,84
2022,2,river,Turag,Kaliakoir,pH,7.62,False,84
2022,3,river,Turag,Kaliakoir,pH,7.29,False,84
2022,4,river,Turag,Kaliakoir,pH,7.77,False,84
2022,5,river,Turag,Kaliakoir,pH,7.41,False,84
2022,6,river,Turag,Kaliakoir,pH,7.62,False,84
2022,7,river,Turag,Kaliakoir,pH,7.21,False,84
2022,8,river,Turag,Kaliakoir,pH,8.47,False,84
2022,9,river,Turag,Kaliakoir,pH,7.52,False,84
2022,10,river,Turag,Kaliakoir,pH,7.84,False,84
2022,11,river,Turag,Kaliakoir,pH,7.02,False,84
2022,12,river,Turag,Kaliakoir,pH,7.68,False,84
2022,1,river,Turag,Nama Bazar,BOD,16.0,False,84
2022,2,river,Turag,Nama Bazar,BOD,34.0,False,84
2022,3,river,Turag,Nama Bazar,BOD,12.0,False,84
2022,4,river,Turag,Nama Bazar,BOD,12.0,False,84
2022,5,river,Turag,Nama Bazar,BOD,9.0,False,84
2022,6,river,Turag,Nama Bazar,BOD,6.0,False,84
2022,7,river,Turag,Nama Bazar,BOD,8.2,False,84
2022,8,river,Turag,Nama Bazar,BOD,8.0,False,84
2022,9,river,Turag,Nama Bazar,BOD,8.0,False,84
2022,10,river,Turag,Nama Bazar,BOD,7.0,False,84
2022,11,river,Turag,Nama Bazar,BOD,3.0,False,84
2022,12,river,Turag,Nama Bazar,BOD,3.2,False,84
2022,1,river,Turag,Nama Bazar,COD,61.0,False,84
2022,2,river,Turag,Nama Bazar,COD,44.0,False,84
2022,3,river,Turag,Nama Bazar,COD,38.0,False,84
2022,4,river,Turag,Nama Bazar,COD,44.0,False,84
2022,5,river,Turag,Nama Bazar,COD,34.0,False,84
2022,6,river,Turag,Nama Bazar,COD,22.0,False,84
2022,7,river,Turag,Nama Bazar,COD,12.0,False,84
2022,8,river,Turag,Nama Bazar,COD,58.0,False,84
2022,9,river,Turag,Nama Bazar,COD,73.0,False,84
2022,10,river,Turag,Nama Bazar,COD,15.0,False,84
2022,11,river,Turag,Nama Bazar,COD,10.0,False,84
2022,12,river,Turag,Nama Bazar,COD,10.0,False,84
2022,1,river,Turag,Nama Bazar,Chloride,21.0,False,85
2022,2,river,Turag,Nama Bazar,Chloride,104.5,False,85
2022,3,river,Turag,Nama Bazar,Chloride,16.0,False,85
2022,4,river,Turag,Nama Bazar,Chloride,13.0,False,85
2022,5,river,Turag,Nama Bazar,Chloride,45.0,False,85
2022,6,river,Turag,Nama Bazar,Chloride,18.0,False,85
2022,7,river,Turag,Nama Bazar,Chloride,30.0,False,85
2022,8,river,Turag,Nama Bazar,Chloride,7.5,False,85
2022,9,river,Turag,Nama Bazar,Chloride,4.0,False,85
2022,10,river,Turag,Nama Bazar,Chloride,6.0,False,85
2022,11,river,Turag,Nama Bazar,Chloride,6.0,False,85
2022,12,river,Turag,Nama Bazar,Chloride,11.0,False,85
2022,1,river,Turag,Nama Bazar,DO,2.4,False,84
2022,2,river,Turag,Nama Bazar,DO,0.28,False,84
2022,3,river,Turag,Nama Bazar,DO,0.3,False,84
2022,4,river,Turag,Nama Bazar,DO,5.2,False,84
2022,5,river,Turag,Nama Bazar,DO,7.2,False,84
2022,6,river,Turag,Nama Bazar,DO,5.2,False,84
2022,7,river,Turag,Nama Bazar,DO,5.4,False,84
2022,8,river,Turag,Nama Bazar,DO,5.0,False,84
2022,9,river,Turag,Nama Bazar,DO,7.8,False,84
2022,10,river,Turag,Nama Bazar,DO,4.9,False,84
2022,11,river,Turag,Nama Bazar,DO,5.2,False,84
2022,12,river,Turag,Nama Bazar,DO,5.2,False,84
2022,1,river,Turag,Nama Bazar,EC,653.0,False,85
2022,2,river,Turag,Nama Bazar,EC,1197.0,False,85
2022,3,river,Turag,Nama Bazar,EC,1199.0,False,85
2022,4,river,Turag,Nama Bazar,EC,192.0,False,85
2022,5,river,Turag,Nama Bazar,EC,125.0,False,85
2022,6,river,Turag,Nama Bazar,EC,116.0,False,85
2022,7,river,Turag,Nama Bazar,EC,224.0,False,85
2022,8,river,Turag,Nama Bazar,EC,124.4,False,85
2022,9,river,Turag,Nama Bazar,EC,133.0,False,85
2022,10,river,Turag,Nama Bazar,EC,195.6,False,85
2022,11,river,Turag,Nama Bazar,EC,150.5,False,85
2022,12,river,Turag,Nama Bazar,EC,296.0,False,85
2022,1,river,Turag,Nama Bazar,SS,34.0,False,85
2022,2,river,Turag,Nama Bazar,SS,69.0,False,85
2022,3,river,Turag,Nama Bazar,SS,70.0,False,85
2022,4,river,Turag,Nama Bazar,SS,87.0,False,85
2022,5,river,Turag,Nama Bazar,SS,372.0,False,85
2022,6,river,Turag,Nama Bazar,SS,148.0,False,85
2022,7,river,Turag,Nama Bazar,SS,140.0,False,85
2022,8,river,Turag,Nama Bazar,SS,126.0,False,85
2022,9,river,Turag,Nama Bazar,SS,192.0,False,85
2022,10,river,Turag,Nama Bazar,SS,235.0,False,85
2022,11,river,Turag,Nama Bazar,SS,82.0,False,85
2022,12,river,Turag,Nama Bazar,SS,19.0,False,85
2022,1,river,Turag,Nama Bazar,TDS,373.0,False,84
2022,2,river,Turag,Nama Bazar,TDS,683.0,False,84
2022,3,river,Turag,Nama Bazar,TDS,688.0,False,84
2022,4,river,Turag,Nama Bazar,TDS,105.2,False,84
2022,5,river,Turag,Nama Bazar,TDS,61.0,False,84
2022,6,river,Turag,Nama Bazar,TDS,65.0,False,84
2022,7,river,Turag,Nama Bazar,TDS,114.0,False,84
2022,8,river,Turag,Nama Bazar,TDS,63.4,False,84
2022,9,river,Turag,Nama Bazar,TDS,68.0,False,84
2022,10,river,Turag,Nama Bazar,TDS,90.6,False,84
2022,11,river,Turag,Nama Bazar,TDS,79.9,False,84
2022,12,river,Turag,Nama Bazar,TDS,156.4,False,84
2022,1,river,Turag,Nama Bazar,TotalAlkalinity,184.0,False,85
2022,2,river,Turag,Nama Bazar,TotalAlkalinity,267.0,False,85
2022,3,river,Turag,Nama Bazar,TotalAlkalinity,296.0,False,85
2022,4,river,Turag,Nama Bazar,TotalAlkalinity,64.0,False,85
2022,5,river,Turag,Nama Bazar,TotalAlkalinity,70.0,False,85
2022,6,river,Turag,Nama Bazar,TotalAlkalinity,72.0,False,85
2022,7,river,Turag,Nama Bazar,TotalAlkalinity,30.0,False,85
2022,8,river,Turag,Nama Bazar,TotalAlkalinity,25.0,False,85
2022,9,river,Turag,Nama Bazar,TotalAlkalinity,26.0,False,85
2022,10,river,Turag,Nama Bazar,TotalAlkalinity,29.0,False,85
2022,11,river,Turag,Nama Bazar,TotalAlkalinity,28.0,False,85
2022,12,river,Turag,Nama Bazar,TotalAlkalinity,95.0,False,85
2022,1,river,Turag,Nama Bazar,pH,7.49,False,84
2022,2,river,Turag,Nama Bazar,pH,7.47,False,84
2022,3,river,Turag,Nama Bazar,pH,7.57,False,84
2022,4,river,Turag,Nama Bazar,pH,7.52,False,84
2022,5,river,Turag,Nama Bazar,pH,7.38,False,84
2022,6,river,Turag,Nama Bazar,pH,7.26,False,84
2022,7,river,Turag,Nama Bazar,pH,7.22,False,84
2022,8,river,Turag,Nama Bazar,pH,7.16,False,84
2022,9,river,Turag,Nama Bazar,pH,7.36,False,84
2022,10,river,Turag,Nama Bazar,pH,7.54,False,84
2022,11,river,Turag,Nama Bazar,pH,7.64,False,84
2022,12,river,Turag,Nama Bazar,pH,7.64,False,84
2022,1,river,Turag,Turag Bridge,BOD,12.0,False,84
2022,2,river,Turag,Turag Bridge,BOD,28.0,False,84
2022,3,river,Turag,Turag Bridge,BOD,12.0,False,84
2022,4,river,Turag,Turag Bridge,BOD,24.0,False,84
2022,5,river,Turag,Turag Bridge,BOD,8.0,False,84
2022,6,river,Turag,Turag Bridge,BOD,6.0,False,84
2022,7,river,Turag,Turag Bridge,BOD,8.0,False,84
2022,8,river,Turag,Turag Bridge,BOD,10.0,False,84
2022,9,river,Turag,Turag Bridge,BOD,8.0,False,84
2022,10,river,Turag,Turag Bridge,BOD,12.0,False,84
2022,11,river,Turag,Turag Bridge,BOD,3.0,False,84
2022,12,river,Turag,Turag Bridge,BOD,5.4,False,84
2022,1,river,Turag,Turag Bridge,COD,46.0,False,84
2022,2,river,Turag,Turag Bridge,COD,58.0,False,84
2022,3,river,Turag,Turag Bridge,COD,64.0,False,84
2022,4,river,Turag,Turag Bridge,COD,68.0,False,84
2022,5,river,Turag,Turag Bridge,COD,31.0,False,84
2022,6,river,Turag,Turag Bridge,COD,27.0,False,84
2022,7,river,Turag,Turag Bridge,COD,34.0,False,84
2022,8,river,Turag,Turag Bridge,COD,76.0,False,84
2022,9,river,Turag,Turag Bridge,COD,44.0,False,84
2022,10,river,Turag,Turag Bridge,COD,60.0,False,84
2022,11,river,Turag,Turag Bridge,COD,14.0,False,84
2022,12,river,Turag,Turag Bridge,COD,22.0,False,84
2022,1,river,Turag,Turag Bridge,Chloride,23.0,False,85
2022,2,river,Turag,Turag Bridge,Chloride,91.5,False,85
2022,3,river,Turag,Turag Bridge,Chloride,106.0,False,85
2022,4,river,Turag,Turag Bridge,Chloride,22.0,False,85
2022,5,river,Turag,Turag Bridge,Chloride,53.0,False,85
2022,6,river,Turag,Turag Bridge,Chloride,91.5,False,85
2022,7,river,Turag,Turag Bridge,Chloride,10.0,False,85
2022,8,river,Turag,Turag Bridge,Chloride,8.0,False,85
2022,9,river,Turag,Turag Bridge,Chloride,5.5,False,85
2022,10,river,Turag,Turag Bridge,Chloride,10.0,False,85
2022,11,river,Turag,Turag Bridge,Chloride,9.0,False,85
2022,12,river,Turag,Turag Bridge,Chloride,9.0,False,85
2022,1,river,Turag,Turag Bridge,DO,1.9,False,84
2022,2,river,Turag,Turag Bridge,DO,2.12,False,84
2022,3,river,Turag,Turag Bridge,DO,0.59,False,84
2022,4,river,Turag,Turag Bridge,DO,1.8,False,84
2022,5,river,Turag,Turag Bridge,DO,3.2,False,84
2022,6,river,Turag,Turag Bridge,DO,4.7,False,84
2022,7,river,Turag,Turag Bridge,DO,3.9,False,84
2022,8,river,Turag,Turag Bridge,DO,5.0,False,84
2022,9,river,Turag,Turag Bridge,DO,4.8,False,84
2022,10,river,Turag,Turag Bridge,DO,5.2,False,84
2022,11,river,Turag,Turag Bridge,DO,5.8,False,84
2022,12,river,Turag,Turag Bridge,DO,6.0,False,84
2022,1,river,Turag,Turag Bridge,EC,649.0,False,85
2022,2,river,Turag,Turag Bridge,EC,1161.0,False,85
2022,3,river,Turag,Turag Bridge,EC,1839.0,False,85
2022,4,river,Turag,Turag Bridge,EC,749.0,False,85
2022,5,river,Turag,Turag Bridge,EC,139.0,False,85
2022,6,river,Turag,Turag Bridge,EC,1161.0,False,85
2022,7,river,Turag,Turag Bridge,EC,159.0,False,85
2022,8,river,Turag,Turag Bridge,EC,148.9,False,85
2022,9,river,Turag,Turag Bridge,EC,171.0,False,85
2022,10,river,Turag,Turag Bridge,EC,185.0,False,85
2022,11,river,Turag,Turag Bridge,EC,159.8,False,85
2022,12,river,Turag,Turag Bridge,EC,274.0,False,85
2022,1,river,Turag,Turag Bridge,SS,56.0,False,85
2022,2,river,Turag,Turag Bridge,SS,74.0,False,85
2022,3,river,Turag,Turag Bridge,SS,56.0,False,85
2022,4,river,Turag,Turag Bridge,SS,52.0,False,85
2022,5,river,Turag,Turag Bridge,SS,78.0,False,85
2022,6,river,Turag,Turag Bridge,SS,83.0,False,85
2022,7,river,Turag,Turag Bridge,SS,72.0,False,85
2022,8,river,Turag,Turag Bridge,SS,56.0,False,85
2022,9,river,Turag,Turag Bridge,SS,62.0,False,85
2022,10,river,Turag,Turag Bridge,SS,50.8,False,85
2022,11,river,Turag,Turag Bridge,SS,22.0,False,85
2022,12,river,Turag,Turag Bridge,SS,5.0,False,85
2022,1,river,Turag,Turag Bridge,TDS,369.0,False,84
2022,2,river,Turag,Turag Bridge,TDS,652.0,False,84
2022,3,river,Turag,Turag Bridge,TDS,815.0,False,84
2022,4,river,Turag,Turag Bridge,TDS,356.0,False,84
2022,5,river,Turag,Turag Bridge,TDS,72.0,False,84
2022,6,river,Turag,Turag Bridge,TDS,652.0,False,84
2022,7,river,Turag,Turag Bridge,TDS,78.0,False,84
2022,8,river,Turag,Turag Bridge,TDS,75.1,False,84
2022,9,river,Turag,Turag Bridge,TDS,84.0,False,84
2022,10,river,Turag,Turag Bridge,TDS,74.7,False,84
2022,11,river,Turag,Turag Bridge,TDS,82.0,False,84
2022,12,river,Turag,Turag Bridge,TDS,145.9,False,84
2022,1,river,Turag,Turag Bridge,TotalAlkalinity,180.0,False,85
2022,2,river,Turag,Turag Bridge,TotalAlkalinity,264.0,False,85
2022,3,river,Turag,Turag Bridge,TotalAlkalinity,400.0,False,85
2022,4,river,Turag,Turag Bridge,TotalAlkalinity,180.0,False,85
2022,5,river,Turag,Turag Bridge,TotalAlkalinity,125.0,False,85
2022,6,river,Turag,Turag Bridge,TotalAlkalinity,264.0,False,85
2022,7,river,Turag,Turag Bridge,TotalAlkalinity,28.0,False,85
2022,8,river,Turag,Turag Bridge,TotalAlkalinity,27.0,False,85
2022,9,river,Turag,Turag Bridge,TotalAlkalinity,24.0,False,85
2022,10,river,Turag,Turag Bridge,TotalAlkalinity,67.6,False,85
2022,11,river,Turag,Turag Bridge,TotalAlkalinity,27.0,False,85
2022,12,river,Turag,Turag Bridge,TotalAlkalinity,93.0,False,85
2022,1,river,Turag,Turag Bridge,pH,7.52,False,84
2022,2,river,Turag,Turag Bridge,pH,8.03,False,84
2022,3,river,Turag,Turag Bridge,pH,7.87,False,84
2022,4,river,Turag,Turag Bridge,pH,7.86,False,84
2022,5,river,Turag,Turag Bridge,pH,7.34,False,84
2022,6,river,Turag,Turag Bridge,pH,8.03,False,84
2022,7,river,Turag,Turag Bridge,pH,7.06,False,84
2022,8,river,Turag,Turag Bridge,pH,7.81,False,84
2022,9,river,Turag,Turag Bridge,pH,7.2,False,84
2022,10,river,Turag,Turag Bridge,pH,7.54,False,84
2022,11,river,Turag,Turag Bridge,pH,7.42,False,84
2022,12,river,Turag,Turag Bridge,pH,7.69,False,84
2022,1,river,Turag,Vawal,BOD,8.0,False,84
2022,2,river,Turag,Vawal,BOD,14.0,False,84
2022,3,river,Turag,Vawal,BOD,4.0,False,84
2022,4,river,Turag,Vawal,BOD,4.0,False,84
2022,5,river,Turag,Vawal,BOD,3.0,False,84
2022,6,river,Turag,Vawal,BOD,4.0,False,84
2022,7,river,Turag,Vawal,BOD,8.2,False,84
2022,8,river,Turag,Vawal,BOD,8.0,False,84
2022,9,river,Turag,Vawal,BOD,4.0,False,84
2022,10,river,Turag,Vawal,BOD,2.0,False,84
2022,11,river,Turag,Vawal,BOD,4.0,False,84
2022,12,river,Turag,Vawal,BOD,2.2,False,84
2022,1,river,Turag,Vawal,COD,39.0,False,84
2022,2,river,Turag,Vawal,COD,32.0,False,84
2022,3,river,Turag,Vawal,COD,38.0,False,84
2022,4,river,Turag,Vawal,COD,42.0,False,84
2022,5,river,Turag,Vawal,COD,10.0,False,84
2022,6,river,Turag,Vawal,COD,12.0,False,84
2022,7,river,Turag,Vawal,COD,32.0,False,84
2022,8,river,Turag,Vawal,COD,71.0,False,84
2022,9,river,Turag,Vawal,COD,39.0,False,84
2022,10,river,Turag,Vawal,COD,17.0,False,84
2022,11,river,Turag,Vawal,COD,10.0,False,84
2022,12,river,Turag,Vawal,COD,30.0,False,84
2022,1,river,Turag,Vawal,Chloride,20.0,False,85
2022,2,river,Turag,Vawal,Chloride,82.5,False,85
2022,3,river,Turag,Vawal,Chloride,83.0,False,85
2022,4,river,Turag,Vawal,Chloride,20.0,False,85
2022,5,river,Turag,Vawal,Chloride,36.0,False,85
2022,6,river,Turag,Vawal,Chloride,20.0,False,85
2022,7,river,Turag,Vawal,Chloride,28.0,False,85
2022,8,river,Turag,Vawal,Chloride,7.5,False,85
2022,9,river,Turag,Vawal,Chloride,3.0,False,85
2022,10,river,Turag,Vawal,Chloride,9.0,False,85
2022,11,river,Turag,Vawal,Chloride,11.0,False,85
2022,12,river,Turag,Vawal,Chloride,10.0,False,85
2022,1,river,Turag,Vawal,DO,3.2,False,84
2022,2,river,Turag,Vawal,DO,3.9,False,84
2022,3,river,Turag,Vawal,DO,0.4,False,84
2022,4,river,Turag,Vawal,DO,3.2,False,84
2022,5,river,Turag,Vawal,DO,6.1,False,84
2022,6,river,Turag,Vawal,DO,5.4,False,84
2022,7,river,Turag,Vawal,DO,5.2,False,84
2022,8,river,Turag,Vawal,DO,5.2,False,84
2022,9,river,Turag,Vawal,DO,7.1,False,84
2022,10,river,Turag,Vawal,DO,6.0,False,84
2022,11,river,Turag,Vawal,DO,4.9,False,84
2022,12,river,Turag,Vawal,DO,6.1,False,84
2022,1,river,Turag,Vawal,EC,532.0,False,85
2022,2,river,Turag,Vawal,EC,1110.0,False,85
2022,3,river,Turag,Vawal,EC,1554.0,False,85
2022,4,river,Turag,Vawal,EC,532.0,False,85
2022,5,river,Turag,Vawal,EC,172.0,False,85
2022,6,river,Turag,Vawal,EC,119.0,False,85
2022,7,river,Turag,Vawal,EC,126.0,False,85
2022,8,river,Turag,Vawal,EC,128.2,False,85
2022,9,river,Turag,Vawal,EC,134.0,False,85
2022,10,river,Turag,Vawal,EC,141.4,False,85
2022,11,river,Turag,Vawal,EC,669.0,False,85
2022,12,river,Turag,Vawal,EC,544.0,False,85
2022,1,river,Turag,Vawal,SS,38.0,False,85
2022,2,river,Turag,Vawal,SS,22.0,False,85
2022,3,river,Turag,Vawal,SS,76.0,False,85
2022,4,river,Turag,Vawal,SS,38.0,False,85
2022,5,river,Turag,Vawal,SS,144.0,False,85
2022,6,river,Turag,Vawal,SS,139.0,False,85
2022,7,river,Turag,Vawal,SS,138.0,False,85
2022,8,river,Turag,Vawal,SS,81.0,False,85
2022,9,river,Turag,Vawal,SS,229.0,False,85
2022,10,river,Turag,Vawal,SS,63.0,False,85
2022,11,river,Turag,Vawal,SS,49.0,False,85
2022,12,river,Turag,Vawal,SS,13.0,False,85
2022,1,river,Turag,Vawal,TDS,299.0,False,84
2022,2,river,Turag,Vawal,TDS,623.0,False,84
2022,3,river,Turag,Vawal,TDS,819.0,False,84
2022,4,river,Turag,Vawal,TDS,299.0,False,84
2022,5,river,Turag,Vawal,TDS,92.0,False,84
2022,6,river,Turag,Vawal,TDS,67.0,False,84
2022,7,river,Turag,Vawal,TDS,64.0,False,84
2022,8,river,Turag,Vawal,TDS,64.9,False,84
2022,9,river,Turag,Vawal,TDS,67.0,False,84
2022,10,river,Turag,Vawal,TDS,76.2,False,84
2022,11,river,Turag,Vawal,TDS,334.0,False,84
2022,12,river,Turag,Vawal,TDS,313.0,False,84
2022,1,river,Turag,Vawal,TotalAlkalinity,106.0,False,85
2022,2,river,Turag,Vawal,TotalAlkalinity,186.0,False,85
2022,3,river,Turag,Vawal,TotalAlkalinity,321.0,False,85
2022,4,river,Turag,Vawal,TotalAlkalinity,106.0,False,85
2022,5,river,Turag,Vawal,TotalAlkalinity,81.0,False,85
2022,6,river,Turag,Vawal,TotalAlkalinity,82.0,False,85
2022,7,river,Turag,Vawal,TotalAlkalinity,26.0,False,85
2022,8,river,Turag,Vawal,TotalAlkalinity,25.0,False,85
2022,9,river,Turag,Vawal,TotalAlkalinity,32.0,False,85
2022,10,river,Turag,Vawal,TotalAlkalinity,30.0,False,85
2022,11,river,Turag,Vawal,TotalAlkalinity,39.0,False,85
2022,12,river,Turag,Vawal,TotalAlkalinity,36.0,False,85
2022,1,river,Turag,Vawal,pH,7.49,False,84
2022,2,river,Turag,Vawal,pH,7.74,False,84
2022,3,river,Turag,Vawal,pH,7.79,False,84
2022,4,river,Turag,Vawal,pH,7.49,False,84
2022,5,river,Turag,Vawal,pH,7.75,False,84
2022,6,river,Turag,Vawal,pH,7.04,False,84
2022,7,river,Turag,Vawal,pH,7.23,False,84
2022,8,river,Turag,Vawal,pH,7.04,False,84
2022,9,river,Turag,Vawal,pH,7.32,False,84
2022,10,river,Turag,Vawal,pH,7.46,False,84
2022,11,river,Turag,Vawal,pH,6.69,False,84
2022,12,river,Turag,Vawal,pH,7.02,False,84
2023,1,river,Balu,Jolshiri Abason,BOD,18.0,False,119
2023,2,river,Balu,Jolshiri Abason,BOD,20.0,False,119
2023,3,river,Balu,Jolshiri Abason,BOD,22.0,False,119
2023,7,river,Balu,Jolshiri Abason,BOD,3.0,False,119
2023,8,river,Balu,Jolshiri Abason,BOD,2.1,False,119
2023,10,river,Balu,Jolshiri Abason,BOD,4.0,False,119
2023,11,river,Balu,Jolshiri Abason,BOD,5.0,False,119
2023,12,river,Balu,Jolshiri Abason,BOD,5.0,False,119
2023,1,river,Balu,Jolshiri Abason,COD,60.0,False,120
2023,2,river,Balu,Jolshiri Abason,COD,56.0,False,120
2023,3,river,Balu,Jolshiri Abason,COD,54.0,False,120
2023,7,river,Balu,Jolshiri Abason,COD,36.0,False,120
2023,8,river,Balu,Jolshiri Abason,COD,5.0,False,120
2023,10,river,Balu,Jolshiri Abason,COD,14.0,False,120
2023,11,river,Balu,Jolshiri Abason,COD,27.0,False,120
2023,12,river,Balu,Jolshiri Abason,COD,15.0,False,120
2023,1,river,Balu,Jolshiri Abason,Chloride,18.0,False,120
2023,2,river,Balu,Jolshiri Abason,Chloride,23.0,False,120
2023,3,river,Balu,Jolshiri Abason,Chloride,43.0,False,120
2023,7,river,Balu,Jolshiri Abason,Chloride,26.0,False,120
2023,8,river,Balu,Jolshiri Abason,Chloride,15.0,False,120
2023,10,river,Balu,Jolshiri Abason,Chloride,13.0,False,120
2023,11,river,Balu,Jolshiri Abason,Chloride,32.0,False,120
2023,12,river,Balu,Jolshiri Abason,Chloride,28.0,False,120
2023,1,river,Balu,Jolshiri Abason,DO,1.41,False,119
2023,2,river,Balu,Jolshiri Abason,DO,0.1,False,119
2023,3,river,Balu,Jolshiri Abason,DO,2.1,False,119
2023,7,river,Balu,Jolshiri Abason,DO,8.3,False,119
2023,8,river,Balu,Jolshiri Abason,DO,3.2,False,119
2023,10,river,Balu,Jolshiri Abason,DO,2.1,False,119
2023,11,river,Balu,Jolshiri Abason,DO,6.01,False,119
2023,12,river,Balu,Jolshiri Abason,DO,2.0,False,119
2023,1,river,Balu,Jolshiri Abason,EC,248.0,False,120
2023,2,river,Balu,Jolshiri Abason,EC,334.0,False,120
2023,3,river,Balu,Jolshiri Abason,EC,418.0,False,120
2023,7,river,Balu,Jolshiri Abason,EC,510.0,False,120
2023,8,river,Balu,Jolshiri Abason,EC,405.0,False,120
2023,10,river,Balu,Jolshiri Abason,EC,219.2,False,120
2023,11,river,Balu,Jolshiri Abason,EC,538.0,False,120
2023,12,river,Balu,Jolshiri Abason,EC,411.0,False,120
2023,1,river,Balu,Jolshiri Abason,SS,28.0,False,120
2023,2,river,Balu,Jolshiri Abason,SS,40.0,False,120
2023,3,river,Balu,Jolshiri Abason,SS,40.0,False,120
2023,7,river,Balu,Jolshiri Abason,SS,16.9,False,120
2023,8,river,Balu,Jolshiri Abason,SS,7.0,False,120
2023,10,river,Balu,Jolshiri Abason,SS,7.0,False,120
2023,11,river,Balu,Jolshiri Abason,SS,19.0,False,120
2023,12,river,Balu,Jolshiri Abason,SS,21.0,False,120
2023,1,river,Balu,Jolshiri Abason,TDS,132.0,False,120
2023,2,river,Balu,Jolshiri Abason,TDS,235.0,False,120
2023,3,river,Balu,Jolshiri Abason,TDS,224.0,False,120
2023,7,river,Balu,Jolshiri Abason,TDS,268.0,False,120
2023,8,river,Balu,Jolshiri Abason,TDS,176.0,False,120
2023,10,river,Balu,Jolshiri Abason,TDS,112.0,False,120
2023,11,river,Balu,Jolshiri Abason,TDS,253.0,False,120
2023,12,river,Balu,Jolshiri Abason,TDS,224.0,False,120
2023,1,river,Balu,Jolshiri Abason,TotalAlkalinity,108.0,False,120
2023,2,river,Balu,Jolshiri Abason,TotalAlkalinity,124.0,False,120
2023,3,river,Balu,Jolshiri Abason,TotalAlkalinity,186.0,False,120
2023,7,river,Balu,Jolshiri Abason,TotalAlkalinity,97.0,False,120
2023,8,river,Balu,Jolshiri Abason,TotalAlkalinity,61.0,False,120
2023,10,river,Balu,Jolshiri Abason,TotalAlkalinity,14.0,False,120
2023,11,river,Balu,Jolshiri Abason,TotalAlkalinity,28.0,False,120
2023,12,river,Balu,Jolshiri Abason,TotalAlkalinity,56.0,False,120
2023,1,river,Balu,Jolshiri Abason,pH,7.13,False,119
2023,2,river,Balu,Jolshiri Abason,pH,7.41,False,119
2023,3,river,Balu,Jolshiri Abason,pH,7.1,False,119
2023,7,river,Balu,Jolshiri Abason,pH,7.38,False,119
2023,8,river,Balu,Jolshiri Abason,pH,6.49,False,119
2023,10,river,Balu,Jolshiri Abason,pH,6.73,False,119
2023,11,river,Balu,Jolshiri Abason,pH,7.27,False,119
2023,12,river,Balu,Jolshiri Abason,pH,7.35,False,119
2023,1,river,Balu,Trimohoni Bridge,BOD,68.0,False,119
2023,2,river,Balu,Trimohoni Bridge,BOD,38.0,False,119
2023,3,river,Balu,Trimohoni Bridge,BOD,40.0,False,119
2023,7,river,Balu,Trimohoni Bridge,BOD,34.0,False,119
2023,8,river,Balu,Trimohoni Bridge,BOD,22.8,False,119
2023,10,river,Balu,Trimohoni Bridge,BOD,6.0,False,119
2023,11,river,Balu,Trimohoni Bridge,BOD,7.0,False,119
2023,12,river,Balu,Trimohoni Bridge,BOD,22.0,False,119
2023,1,river,Balu,Trimohoni Bridge,COD,217.0,False,120
2023,2,river,Balu,Trimohoni Bridge,COD,63.0,False,120
2023,3,river,Balu,Trimohoni Bridge,COD,76.0,False,120
2023,7,river,Balu,Trimohoni Bridge,COD,119.0,False,120
2023,8,river,Balu,Trimohoni Bridge,COD,48.0,False,120
2023,10,river,Balu,Trimohoni Bridge,COD,19.0,False,120
2023,11,river,Balu,Trimohoni Bridge,COD,27.0,False,120
2023,12,river,Balu,Trimohoni Bridge,COD,41.0,False,120
2023,1,river,Balu,Trimohoni Bridge,Chloride,99.0,False,120
2023,2,river,Balu,Trimohoni Bridge,Chloride,81.0,False,120
2023,3,river,Balu,Trimohoni Bridge,Chloride,73.0,False,120
2023,7,river,Balu,Trimohoni Bridge,Chloride,49.0,False,120
2023,8,river,Balu,Trimohoni Bridge,Chloride,25.5,False,120
2023,10,river,Balu,Trimohoni Bridge,Chloride,19.0,False,120
2023,11,river,Balu,Trimohoni Bridge,Chloride,52.0,False,120
2023,12,river,Balu,Trimohoni Bridge,Chloride,50.0,False,120
2023,1,river,Balu,Trimohoni Bridge,DO,0.0,False,119
2023,2,river,Balu,Trimohoni Bridge,DO,0.0,False,119
2023,3,river,Balu,Trimohoni Bridge,DO,0.1,False,119
2023,7,river,Balu,Trimohoni Bridge,DO,0.3,False,119
2023,8,river,Balu,Trimohoni Bridge,DO,0.0,False,119
2023,10,river,Balu,Trimohoni Bridge,DO,1.8,False,119
2023,11,river,Balu,Trimohoni Bridge,DO,1.04,False,119
2023,12,river,Balu,Trimohoni Bridge,DO,0.5,False,119
2023,1,river,Balu,Trimohoni Bridge,EC,847.0,False,120
2023,2,river,Balu,Trimohoni Bridge,EC,858.0,False,120
2023,3,river,Balu,Trimohoni Bridge,EC,826.0,False,120
2023,7,river,Balu,Trimohoni Bridge,EC,664.0,False,120
2023,8,river,Balu,Trimohoni Bridge,EC,553.0,False,120
2023,10,river,Balu,Trimohoni Bridge,EC,263.0,False,120
2023,11,river,Balu,Trimohoni Bridge,EC,815.0,False,120
2023,12,river,Balu,Trimohoni Bridge,EC,637.0,False,120
2023,1,river,Balu,Trimohoni Bridge,SS,59.0,False,120
2023,2,river,Balu,Trimohoni Bridge,SS,122.0,False,120
2023,3,river,Balu,Trimohoni Bridge,SS,110.0,False,120
2023,7,river,Balu,Trimohoni Bridge,SS,8.45,False,120
2023,8,river,Balu,Trimohoni Bridge,SS,36.0,False,120
2023,10,river,Balu,Trimohoni Bridge,SS,13.0,False,120
2023,11,river,Balu,Trimohoni Bridge,SS,83.0,False,120
2023,12,river,Balu,Trimohoni Bridge,SS,64.0,False,120
2023,1,river,Balu,Trimohoni Bridge,TDS,480.0,False,120
2023,2,river,Balu,Trimohoni Bridge,TDS,487.0,False,120
2023,3,river,Balu,Trimohoni Bridge,TDS,455.0,False,120
2023,7,river,Balu,Trimohoni Bridge,TDS,349.0,False,120
2023,8,river,Balu,Trimohoni Bridge,TDS,249.0,False,120
2023,10,river,Balu,Trimohoni Bridge,TDS,136.0,False,120
2023,11,river,Balu,Trimohoni Bridge,TDS,388.0,False,120
2023,12,river,Balu,Trimohoni Bridge,TDS,353.0,False,120
2023,1,river,Balu,Trimohoni Bridge,TotalAlkalinity,330.0,False,120
2023,2,river,Balu,Trimohoni Bridge,TotalAlkalinity,382.0,False,120
2023,3,river,Balu,Trimohoni Bridge,TotalAlkalinity,262.0,False,120
2023,7,river,Balu,Trimohoni Bridge,TotalAlkalinity,164.0,False,120
2023,8,river,Balu,Trimohoni Bridge,TotalAlkalinity,70.0,False,120
2023,10,river,Balu,Trimohoni Bridge,TotalAlkalinity,16.0,False,120
2023,11,river,Balu,Trimohoni Bridge,TotalAlkalinity,22.0,False,120
2023,12,river,Balu,Trimohoni Bridge,TotalAlkalinity,58.0,False,120
2023,1,river,Balu,Trimohoni Bridge,Turbidity,50.0,False,120
2023,2,river,Balu,Trimohoni Bridge,Turbidity,83.9,False,120
2023,3,river,Balu,Trimohoni Bridge,Turbidity,32.8,False,120
2023,7,river,Balu,Trimohoni Bridge,Turbidity,7.52,False,120
2023,8,river,Balu,Trimohoni Bridge,Turbidity,30.8,False,120
2023,10,river,Balu,Trimohoni Bridge,Turbidity,8.0,False,120
2023,11,river,Balu,Trimohoni Bridge,Turbidity,22.5,False,120
2023,12,river,Balu,Trimohoni Bridge,Turbidity,47.0,False,120
2023,1,river,Balu,Trimohoni Bridge,pH,6.82,False,119
2023,2,river,Balu,Trimohoni Bridge,pH,7.02,False,119
2023,3,river,Balu,Trimohoni Bridge,pH,7.09,False,119
2023,7,river,Balu,Trimohoni Bridge,pH,7.33,False,119
2023,8,river,Balu,Trimohoni Bridge,pH,6.71,False,119
2023,10,river,Balu,Trimohoni Bridge,pH,6.98,False,119
2023,11,river,Balu,Trimohoni Bridge,pH,6.39,False,119
2023,12,river,Balu,Trimohoni Bridge,pH,6.89,False,119
2023,7,river,Bhairab,Abhaynagar,BOD,12.4,False,106
2023,1,river,Bhairab,"Basundia Bazar,",Chloride,79.0,False,107
2023,2,river,Bhairab,"Basundia Bazar,",Chloride,87.0,False,107
2023,3,river,Bhairab,"Basundia Bazar,",Chloride,126.0,False,107
2023,5,river,Bhairab,"Basundia Bazar,",Chloride,216.0,False,107
2023,6,river,Bhairab,"Basundia Bazar,",Chloride,220.0,False,107
2023,7,river,Bhairab,"Basundia Bazar,",Chloride,588.0,False,107
2023,8,river,Bhairab,"Basundia Bazar,",Chloride,357.0,False,107
2023,9,river,Bhairab,"Basundia Bazar,",Chloride,225.0,False,107
2023,10,river,Bhairab,"Basundia Bazar,",Chloride,224.0,False,107
2023,11,river,Bhairab,"Basundia Bazar,",Chloride,144.0,False,107
2023,12,river,Bhairab,"Basundia Bazar,",Chloride,142.0,False,107
2023,1,river,Bhairab,"Basundia Bazar,",EC,318.0,False,107
2023,2,river,Bhairab,"Basundia Bazar,",EC,346.0,False,107
2023,3,river,Bhairab,"Basundia Bazar,",EC,501.0,False,107
2023,5,river,Bhairab,"Basundia Bazar,",EC,864.0,False,107
2023,6,river,Bhairab,"Basundia Bazar,",EC,878.0,False,107
2023,7,river,Bhairab,"Basundia Bazar,",EC,2350.0,False,107
2023,8,river,Bhairab,"Basundia Bazar,",EC,1426.0,False,107
2023,9,river,Bhairab,"Basundia Bazar,",EC,878.0,False,107
2023,10,river,Bhairab,"Basundia Bazar,",EC,879.0,False,107
2023,11,river,Bhairab,"Basundia Bazar,",EC,578.0,False,107
2023,12,river,Bhairab,"Basundia Bazar,",EC,566.0,False,107
2023,1,river,Bhairab,"Basundia Bazar,",Salinity,0.04,False,107
2023,2,river,Bhairab,"Basundia Bazar,",Salinity,0.09,False,107
2023,3,river,Bhairab,"Basundia Bazar,",Salinity,2.05,False,107
2023,5,river,Bhairab,"Basundia Bazar,",Salinity,7.8,False,107
2023,6,river,Bhairab,"Basundia Bazar,",Salinity,43.2,False,107
2023,7,river,Bhairab,"Basundia Bazar,",Salinity,1.09,False,107
2023,8,river,Bhairab,"Basundia Bazar,",Salinity,2.7,False,107
2023,9,river,Bhairab,"Basundia Bazar,",Salinity,4.2,False,107
2023,10,river,Bhairab,"Basundia Bazar,",Salinity,0.2,False,107
2023,11,river,Bhairab,"Basundia Bazar,",Salinity,0.18,False,107
2023,12,river,Bhairab,"Basundia Bazar,",Salinity,0.22,False,107
2023,1,river,Bhairab,"Basundia Bazar,",TDS,360.0,False,106
2023,2,river,Bhairab,"Basundia Bazar,",TDS,173.0,False,106
2023,3,river,Bhairab,"Basundia Bazar,",TDS,251.0,False,106
2023,5,river,Bhairab,"Basundia Bazar,",TDS,432.0,False,106
2023,6,river,Bhairab,"Basundia Bazar,",TDS,439.0,False,106
2023,7,river,Bhairab,"Basundia Bazar,",TDS,1175.0,False,106
2023,8,river,Bhairab,"Basundia Bazar,",TDS,713.0,False,106
2023,9,river,Bhairab,"Basundia Bazar,",TDS,439.0,False,106
2023,10,river,Bhairab,"Basundia Bazar,",TDS,438.0,False,106
2023,11,river,Bhairab,"Basundia Bazar,",TDS,289.0,False,106
2023,12,river,Bhairab,"Basundia Bazar,",TDS,281.0,False,106
2023,1,river,Bhairab,"Basundia Bazar,",Turbidity,0.14,False,107
2023,2,river,Bhairab,"Basundia Bazar,",Turbidity,0.19,False,107
2023,3,river,Bhairab,"Basundia Bazar,",Turbidity,0.23,False,107
2023,5,river,Bhairab,"Basundia Bazar,",Turbidity,0.35,False,107
2023,6,river,Bhairab,"Basundia Bazar,",Turbidity,0.32,False,107
2023,7,river,Bhairab,"Basundia Bazar,",Turbidity,74.0,False,107
2023,8,river,Bhairab,"Basundia Bazar,",Turbidity,45.0,False,107
2023,9,river,Bhairab,"Basundia Bazar,",Turbidity,0.32,False,107
2023,10,river,Bhairab,"Basundia Bazar,",Turbidity,0.32,False,107
2023,11,river,Bhairab,"Basundia Bazar,",Turbidity,0.08,False,107
2023,12,river,Bhairab,"Basundia Bazar,",Turbidity,0.13,False,107
2023,1,river,Bhairab,"Basundia Bazar, Aladipur",BOD,2.7,False,106
2023,2,river,Bhairab,"Basundia Bazar, Aladipur",BOD,2.9,False,106
2023,3,river,Bhairab,"Basundia Bazar, Aladipur",BOD,3.07,False,106
2023,5,river,Bhairab,"Basundia Bazar, Aladipur",BOD,8.8,False,106
2023,6,river,Bhairab,"Basundia Bazar, Aladipur",BOD,9.14,False,106
2023,7,river,Bhairab,"Basundia Bazar, Aladipur",BOD,9.45,False,106
2023,8,river,Bhairab,"Basundia Bazar, Aladipur",BOD,18.4,False,106
2023,9,river,Bhairab,"Basundia Bazar, Aladipur",BOD,9.14,False,106
2023,10,river,Bhairab,"Basundia Bazar, Aladipur",BOD,9.12,False,106
2023,11,river,Bhairab,"Basundia Bazar, Aladipur",BOD,7.07,False,106
2023,12,river,Bhairab,"Basundia Bazar, Aladipur",BOD,8.12,False,106
2023,1,river,Bhairab,"Basundia Bazar, Aladipur",DO,4.21,False,106
2023,2,river,Bhairab,"Basundia Bazar, Aladipur",DO,5.34,False,106
2023,3,river,Bhairab,"Basundia Bazar, Aladipur",DO,6.86,False,106
2023,5,river,Bhairab,"Basundia Bazar, Aladipur",DO,5.67,False,106
2023,6,river,Bhairab,"Basundia Bazar, Aladipur",DO,7.52,False,106
2023,7,river,Bhairab,"Basundia Bazar, Aladipur",DO,6.15,False,106
2023,8,river,Bhairab,"Basundia Bazar, Aladipur",DO,2.08,False,106
2023,9,river,Bhairab,"Basundia Bazar, Aladipur",DO,7.52,False,106
2023,10,river,Bhairab,"Basundia Bazar, Aladipur",DO,7.5,False,106
2023,11,river,Bhairab,"Basundia Bazar, Aladipur",DO,2.37,False,106
2023,12,river,Bhairab,"Basundia Bazar, Aladipur",DO,3.46,False,106
2023,1,river,Bhairab,"Basundia Bazar, Aladipur",pH,6.22,False,106
2023,2,river,Bhairab,"Basundia Bazar, Aladipur",pH,7.46,False,106
2023,3,river,Bhairab,"Basundia Bazar, Aladipur",pH,6.39,False,106
2023,5,river,Bhairab,"Basundia Bazar, Aladipur",pH,7.57,False,106
2023,6,river,Bhairab,"Basundia Bazar, Aladipur",pH,7.14,False,106
2023,7,river,Bhairab,"Basundia Bazar, Aladipur",pH,7.42,False,106
2023,8,river,Bhairab,"Basundia Bazar, Aladipur",pH,6.08,False,106
2023,9,river,Bhairab,"Basundia Bazar, Aladipur",pH,7.14,False,106
2023,10,river,Bhairab,"Basundia Bazar, Aladipur",pH,7.12,False,106
2023,11,river,Bhairab,"Basundia Bazar, Aladipur",pH,7.45,False,106
2023,12,river,Bhairab,"Basundia Bazar, Aladipur",pH,7.88,False,106
2023,1,river,Bhairab,"Fultala Ghat, Dhulgram",BOD,2.9,False,106
2023,2,river,Bhairab,"Fultala Ghat, Dhulgram",BOD,2.9,False,106
2023,3,river,Bhairab,"Fultala Ghat, Dhulgram",BOD,3.08,False,106
2023,5,river,Bhairab,"Fultala Ghat, Dhulgram",BOD,11.7,False,106
2023,6,river,Bhairab,"Fultala Ghat, Dhulgram",BOD,18.9,False,106
2023,7,river,Bhairab,"Fultala Ghat, Dhulgram",BOD,14.3,False,106
2023,8,river,Bhairab,"Fultala Ghat, Dhulgram",BOD,9.14,False,106
2023,9,river,Bhairab,"Fultala Ghat, Dhulgram",BOD,18.9,False,106
2023,10,river,Bhairab,"Fultala Ghat, Dhulgram",BOD,18.8,False,106
2023,11,river,Bhairab,"Fultala Ghat, Dhulgram",BOD,14.3,False,106
2023,12,river,Bhairab,"Fultala Ghat, Dhulgram",BOD,17.8,False,106
2023,1,river,Bhairab,"Fultala Ghat, Dhulgram",Chloride,161.0,False,107
2023,2,river,Bhairab,"Fultala Ghat, Dhulgram",Chloride,162.0,False,107
2023,3,river,Bhairab,"Fultala Ghat, Dhulgram",Chloride,307.0,False,107
2023,5,river,Bhairab,"Fultala Ghat, Dhulgram",Chloride,312.0,False,107
2023,6,river,Bhairab,"Fultala Ghat, Dhulgram",Chloride,288.0,False,107
2023,7,river,Bhairab,"Fultala Ghat, Dhulgram",Chloride,80.0,False,107
2023,8,river,Bhairab,"Fultala Ghat, Dhulgram",Chloride,380.0,False,107
2023,9,river,Bhairab,"Fultala Ghat, Dhulgram",Chloride,285.0,False,107
2023,10,river,Bhairab,"Fultala Ghat, Dhulgram",Chloride,65.0,False,107
2023,11,river,Bhairab,"Fultala Ghat, Dhulgram",Chloride,137.0,False,107
2023,12,river,Bhairab,"Fultala Ghat, Dhulgram",Chloride,146.0,False,107
2023,1,river,Bhairab,"Fultala Ghat, Dhulgram",DO,4.7,False,106
2023,2,river,Bhairab,"Fultala Ghat, Dhulgram",DO,6.23,False,106
2023,3,river,Bhairab,"Fultala Ghat, Dhulgram",DO,6.27,False,106
2023,5,river,Bhairab,"Fultala Ghat, Dhulgram",DO,7.15,False,106
2023,6,river,Bhairab,"Fultala Ghat, Dhulgram",DO,6.3,False,106
2023,7,river,Bhairab,"Fultala Ghat, Dhulgram",DO,6.36,False,106
2023,8,river,Bhairab,"Fultala Ghat, Dhulgram",DO,5.14,False,106
2023,9,river,Bhairab,"Fultala Ghat, Dhulgram",DO,6.3,False,106
2023,10,river,Bhairab,"Fultala Ghat, Dhulgram",DO,4.16,False,106
2023,11,river,Bhairab,"Fultala Ghat, Dhulgram",DO,6.09,False,106
2023,12,river,Bhairab,"Fultala Ghat, Dhulgram",DO,6.54,False,106
2023,1,river,Bhairab,"Fultala Ghat, Dhulgram",EC,646.0,False,107
2023,2,river,Bhairab,"Fultala Ghat, Dhulgram",EC,646.0,False,107
2023,3,river,Bhairab,"Fultala Ghat, Dhulgram",EC,1228.0,False,107
2023,5,river,Bhairab,"Fultala Ghat, Dhulgram",EC,1248.0,False,107
2023,6,river,Bhairab,"Fultala Ghat, Dhulgram",EC,1152.0,False,107
2023,7,river,Bhairab,"Fultala Ghat, Dhulgram",EC,320.0,False,107
2023,8,river,Bhairab,"Fultala Ghat, Dhulgram",EC,1518.0,False,107
2023,9,river,Bhairab,"Fultala Ghat, Dhulgram",EC,1152.0,False,107
2023,10,river,Bhairab,"Fultala Ghat, Dhulgram",EC,260.0,False,107
2023,11,river,Bhairab,"Fultala Ghat, Dhulgram",EC,547.0,False,107
2023,12,river,Bhairab,"Fultala Ghat, Dhulgram",EC,584.0,False,107
2023,1,river,Bhairab,"Fultala Ghat, Dhulgram",Salinity,0.07,False,107
2023,2,river,Bhairab,"Fultala Ghat, Dhulgram",Salinity,0.13,False,107
2023,3,river,Bhairab,"Fultala Ghat, Dhulgram",Salinity,3.64,False,107
2023,5,river,Bhairab,"Fultala Ghat, Dhulgram",Salinity,8.22,False,107
2023,6,river,Bhairab,"Fultala Ghat, Dhulgram",Salinity,88.7,False,107
2023,7,river,Bhairab,"Fultala Ghat, Dhulgram",Salinity,14.0,False,107
2023,8,river,Bhairab,"Fultala Ghat, Dhulgram",Salinity,7.24,False,107
2023,9,river,Bhairab,"Fultala Ghat, Dhulgram",Salinity,8.7,False,107
2023,10,river,Bhairab,"Fultala Ghat, Dhulgram",Salinity,0.11,False,107
2023,11,river,Bhairab,"Fultala Ghat, Dhulgram",Salinity,0.26,False,107
2023,12,river,Bhairab,"Fultala Ghat, Dhulgram",Salinity,0.37,False,107
2023,1,river,Bhairab,"Fultala Ghat, Dhulgram",TDS,323.0,False,106
2023,2,river,Bhairab,"Fultala Ghat, Dhulgram",TDS,323.0,False,106
2023,3,river,Bhairab,"Fultala Ghat, Dhulgram",TDS,614.0,False,106
2023,5,river,Bhairab,"Fultala Ghat, Dhulgram",TDS,624.0,False,106
2023,6,river,Bhairab,"Fultala Ghat, Dhulgram",TDS,576.0,False,106
2023,7,river,Bhairab,"Fultala Ghat, Dhulgram",TDS,160.0,False,106
2023,8,river,Bhairab,"Fultala Ghat, Dhulgram",TDS,759.0,False,106
2023,9,river,Bhairab,"Fultala Ghat, Dhulgram",TDS,576.0,False,106
2023,10,river,Bhairab,"Fultala Ghat, Dhulgram",TDS,130.0,False,106
2023,11,river,Bhairab,"Fultala Ghat, Dhulgram",TDS,259.0,False,106
2023,12,river,Bhairab,"Fultala Ghat, Dhulgram",TDS,294.0,False,106
2023,1,river,Bhairab,"Fultala Ghat, Dhulgram",Turbidity,31.0,False,107
2023,2,river,Bhairab,"Fultala Ghat, Dhulgram",Turbidity,41.0,False,107
2023,3,river,Bhairab,"Fultala Ghat, Dhulgram",Turbidity,22.0,False,107
2023,5,river,Bhairab,"Fultala Ghat, Dhulgram",Turbidity,32.0,False,107
2023,6,river,Bhairab,"Fultala Ghat, Dhulgram",Turbidity,52.0,False,107
2023,7,river,Bhairab,"Fultala Ghat, Dhulgram",Turbidity,68.0,False,107
2023,8,river,Bhairab,"Fultala Ghat, Dhulgram",Turbidity,55.0,False,107
2023,9,river,Bhairab,"Fultala Ghat, Dhulgram",Turbidity,25.0,False,107
2023,10,river,Bhairab,"Fultala Ghat, Dhulgram",Turbidity,22.0,False,107
2023,11,river,Bhairab,"Fultala Ghat, Dhulgram",Turbidity,17.0,False,107
2023,12,river,Bhairab,"Fultala Ghat, Dhulgram",Turbidity,22.0,False,107
2023,1,river,Bhairab,"Fultala Ghat, Dhulgram",pH,6.58,False,106
2023,2,river,Bhairab,"Fultala Ghat, Dhulgram",pH,7.87,False,106
2023,3,river,Bhairab,"Fultala Ghat, Dhulgram",pH,6.48,False,106
2023,5,river,Bhairab,"Fultala Ghat, Dhulgram",pH,8.29,False,106
2023,6,river,Bhairab,"Fultala Ghat, Dhulgram",pH,6.96,False,106
2023,7,river,Bhairab,"Fultala Ghat, Dhulgram",pH,7.95,False,106
2023,8,river,Bhairab,"Fultala Ghat, Dhulgram",pH,6.44,False,106
2023,9,river,Bhairab,"Fultala Ghat, Dhulgram",pH,6.96,False,106
2023,10,river,Bhairab,"Fultala Ghat, Dhulgram",pH,7.1,False,106
2023,11,river,Bhairab,"Fultala Ghat, Dhulgram",pH,7.14,False,106
2023,12,river,Bhairab,"Fultala Ghat, Dhulgram",pH,7.09,False,106
2023,1,river,Bhairab,Noapara Ferry Ghat,BOD,4.8,False,106
2023,2,river,Bhairab,Noapara Ferry Ghat,BOD,4.6,False,106
2023,3,river,Bhairab,Noapara Ferry Ghat,BOD,4.8,False,106
2023,5,river,Bhairab,Noapara Ferry Ghat,BOD,16.8,False,106
2023,6,river,Bhairab,Noapara Ferry Ghat,BOD,16.8,False,106
2023,8,river,Bhairab,Noapara Ferry Ghat,BOD,14.4,False,106
2023,9,river,Bhairab,Noapara Ferry Ghat,BOD,16.8,False,106
2023,10,river,Bhairab,Noapara Ferry Ghat,BOD,16.9,False,106
2023,11,river,Bhairab,Noapara Ferry Ghat,BOD,18.7,False,106
2023,12,river,Bhairab,Noapara Ferry Ghat,BOD,20.4,False,106
2023,1,river,Bhairab,Noapara Ferry Ghat,Chloride,187.0,False,107
2023,2,river,Bhairab,Noapara Ferry Ghat,Chloride,85.0,False,107
2023,3,river,Bhairab,Noapara Ferry Ghat,Chloride,174.0,False,107
2023,5,river,Bhairab,Noapara Ferry Ghat,Chloride,356.0,False,107
2023,6,river,Bhairab,Noapara Ferry Ghat,Chloride,297.0,False,107
2023,7,river,Bhairab,Noapara Ferry Ghat,Chloride,1068.0,False,107
2023,8,river,Bhairab,Noapara Ferry Ghat,Chloride,578.0,False,107
2023,9,river,Bhairab,Noapara Ferry Ghat,Chloride,298.0,False,107
2023,10,river,Bhairab,Noapara Ferry Ghat,Chloride,49.0,False,107
2023,11,river,Bhairab,Noapara Ferry Ghat,Chloride,245.0,False,107
2023,12,river,Bhairab,Noapara Ferry Ghat,Chloride,165.0,False,107
2023,1,river,Bhairab,Noapara Ferry Ghat,DO,6.34,False,106
2023,2,river,Bhairab,Noapara Ferry Ghat,DO,6.25,False,106
2023,3,river,Bhairab,Noapara Ferry Ghat,DO,6.3,False,106
2023,5,river,Bhairab,Noapara Ferry Ghat,DO,7.45,False,106
2023,6,river,Bhairab,Noapara Ferry Ghat,DO,6.37,False,106
2023,7,river,Bhairab,Noapara Ferry Ghat,DO,5.64,False,106
2023,8,river,Bhairab,Noapara Ferry Ghat,DO,5.07,False,106
2023,9,river,Bhairab,Noapara Ferry Ghat,DO,6.37,False,106
2023,10,river,Bhairab,Noapara Ferry Ghat,DO,5.18,False,106
2023,11,river,Bhairab,Noapara Ferry Ghat,DO,2.97,False,106
2023,12,river,Bhairab,Noapara Ferry Ghat,DO,6.61,False,106
2023,1,river,Bhairab,Noapara Ferry Ghat,EC,1146.0,False,107
2023,2,river,Bhairab,Noapara Ferry Ghat,EC,340.0,False,107
2023,3,river,Bhairab,Noapara Ferry Ghat,EC,694.0,False,107
2023,5,river,Bhairab,Noapara Ferry Ghat,EC,1424.0,False,107
2023,6,river,Bhairab,Noapara Ferry Ghat,EC,1147.0,False,107
2023,7,river,Bhairab,Noapara Ferry Ghat,EC,4270.0,False,107
2023,8,river,Bhairab,Noapara Ferry Ghat,EC,2310.0,False,107
2023,9,river,Bhairab,Noapara Ferry Ghat,EC,1147.0,False,107
2023,10,river,Bhairab,Noapara Ferry Ghat,EC,195.0,False,107
2023,11,river,Bhairab,Noapara Ferry Ghat,EC,979.0,False,107
2023,12,river,Bhairab,Noapara Ferry Ghat,EC,659.0,False,107
2023,1,river,Bhairab,Noapara Ferry Ghat,Salinity,0.13,False,107
2023,2,river,Bhairab,Noapara Ferry Ghat,Salinity,0.17,False,107
2023,3,river,Bhairab,Noapara Ferry Ghat,Salinity,3.17,False,107
2023,5,river,Bhairab,Noapara Ferry Ghat,Salinity,11.18,False,107
2023,6,river,Bhairab,Noapara Ferry Ghat,Salinity,90.9,False,107
2023,7,river,Bhairab,Noapara Ferry Ghat,Salinity,2.03,False,107
2023,8,river,Bhairab,Noapara Ferry Ghat,Salinity,6.23,False,107
2023,9,river,Bhairab,Noapara Ferry Ghat,Salinity,9.9,False,107
2023,10,river,Bhairab,Noapara Ferry Ghat,Salinity,0.8,False,107
2023,11,river,Bhairab,Noapara Ferry Ghat,Salinity,0.47,False,107
2023,12,river,Bhairab,Noapara Ferry Ghat,Salinity,0.35,False,107
2023,1,river,Bhairab,Noapara Ferry Ghat,TDS,573.0,False,106
2023,2,river,Bhairab,Noapara Ferry Ghat,TDS,170.0,False,106
2023,3,river,Bhairab,Noapara Ferry Ghat,TDS,347.0,False,106
2023,5,river,Bhairab,Noapara Ferry Ghat,TDS,712.0,False,106
2023,6,river,Bhairab,Noapara Ferry Ghat,TDS,574.0,False,106
2023,7,river,Bhairab,Noapara Ferry Ghat,TDS,2135.0,False,106
2023,8,river,Bhairab,Noapara Ferry Ghat,TDS,1155.0,False,106
2023,9,river,Bhairab,Noapara Ferry Ghat,TDS,574.0,False,106
2023,10,river,Bhairab,Noapara Ferry Ghat,TDS,98.0,False,106
2023,11,river,Bhairab,Noapara Ferry Ghat,TDS,469.0,False,106
2023,12,river,Bhairab,Noapara Ferry Ghat,TDS,350.0,False,106
2023,1,river,Bhairab,Noapara Ferry Ghat,Turbidity,59.0,False,107
2023,2,river,Bhairab,Noapara Ferry Ghat,Turbidity,62.0,False,107
2023,3,river,Bhairab,Noapara Ferry Ghat,Turbidity,24.0,False,107
2023,5,river,Bhairab,Noapara Ferry Ghat,Turbidity,24.0,False,107
2023,6,river,Bhairab,Noapara Ferry Ghat,Turbidity,63.0,False,107
2023,7,river,Bhairab,Noapara Ferry Ghat,Turbidity,54.0,False,107
2023,8,river,Bhairab,Noapara Ferry Ghat,Turbidity,66.0,False,107
2023,9,river,Bhairab,Noapara Ferry Ghat,Turbidity,63.0,False,107
2023,10,river,Bhairab,Noapara Ferry Ghat,Turbidity,23.0,False,107
2023,11,river,Bhairab,Noapara Ferry Ghat,Turbidity,21.0,False,107
2023,12,river,Bhairab,Noapara Ferry Ghat,Turbidity,16.0,False,107
2023,1,river,Bhairab,Noapara Ferry Ghat,pH,7.82,False,106
2023,2,river,Bhairab,Noapara Ferry Ghat,pH,8.05,False,106
2023,3,river,Bhairab,Noapara Ferry Ghat,pH,6.64,False,106
2023,5,river,Bhairab,Noapara Ferry Ghat,pH,7.85,False,106
2023,6,river,Bhairab,Noapara Ferry Ghat,pH,6.65,False,106
2023,7,river,Bhairab,Noapara Ferry Ghat,pH,6.65,False,106
2023,8,river,Bhairab,Noapara Ferry Ghat,pH,7.62,False,106
2023,9,river,Bhairab,Noapara Ferry Ghat,pH,6.65,False,106
2023,10,river,Bhairab,Noapara Ferry Ghat,pH,7.08,False,106
2023,11,river,Bhairab,Noapara Ferry Ghat,pH,7.15,False,106
2023,12,river,Bhairab,Noapara Ferry Ghat,pH,7.33,False,106
2023,1,river,Bhairab,Noapara Jafarpur,BOD,4.6,False,106
2023,2,river,Bhairab,Noapara Jafarpur,BOD,3.4,False,106
2023,3,river,Bhairab,Noapara Jafarpur,BOD,3.02,False,106
2023,5,river,Bhairab,Noapara Jafarpur,BOD,17.6,False,106
2023,6,river,Bhairab,Noapara Jafarpur,BOD,17.8,False,106
2023,7,river,Bhairab,Noapara Jafarpur,BOD,13.6,False,106
2023,8,river,Bhairab,Noapara Jafarpur,BOD,11.7,False,106
2023,9,river,Bhairab,Noapara Jafarpur,BOD,17.8,False,106
2023,10,river,Bhairab,Noapara Jafarpur,BOD,16.8,False,106
2023,11,river,Bhairab,Noapara Jafarpur,BOD,22.4,False,106
2023,12,river,Bhairab,Noapara Jafarpur,BOD,24.2,False,106
2023,1,river,Bhairab,Noapara Jafarpur,Chloride,289.0,False,107
2023,2,river,Bhairab,Noapara Jafarpur,Chloride,77.0,False,107
2023,3,river,Bhairab,Noapara Jafarpur,Chloride,164.0,False,107
2023,5,river,Bhairab,Noapara Jafarpur,Chloride,361.0,False,107
2023,6,river,Bhairab,Noapara Jafarpur,Chloride,280.0,False,107
2023,7,river,Bhairab,Noapara Jafarpur,Chloride,491.0,False,107
2023,8,river,Bhairab,Noapara Jafarpur,Chloride,577.0,False,107
2023,9,river,Bhairab,Noapara Jafarpur,Chloride,275.0,False,107
2023,10,river,Bhairab,Noapara Jafarpur,Chloride,65.0,False,107
2023,11,river,Bhairab,Noapara Jafarpur,Chloride,171.0,False,107
2023,12,river,Bhairab,Noapara Jafarpur,Chloride,166.0,False,107
2023,1,river,Bhairab,Noapara Jafarpur,DO,6.29,False,106
2023,2,river,Bhairab,Noapara Jafarpur,DO,7.2,False,106
2023,3,river,Bhairab,Noapara Jafarpur,DO,7.02,False,106
2023,5,river,Bhairab,Noapara Jafarpur,DO,7.28,False,106
2023,6,river,Bhairab,Noapara Jafarpur,DO,6.3,False,106
2023,7,river,Bhairab,Noapara Jafarpur,DO,6.36,False,106
2023,8,river,Bhairab,Noapara Jafarpur,DO,5.09,False,106
2023,9,river,Bhairab,Noapara Jafarpur,DO,6.3,False,106
2023,10,river,Bhairab,Noapara Jafarpur,DO,1.69,False,106
2023,11,river,Bhairab,Noapara Jafarpur,DO,5.7,False,106
2023,12,river,Bhairab,Noapara Jafarpur,DO,6.64,False,106
2023,1,river,Bhairab,Noapara Jafarpur,EC,1156.0,False,107
2023,2,river,Bhairab,Noapara Jafarpur,EC,307.0,False,107
2023,3,river,Bhairab,Noapara Jafarpur,EC,656.0,False,107
2023,5,river,Bhairab,Noapara Jafarpur,EC,1445.0,False,107
2023,6,river,Bhairab,Noapara Jafarpur,EC,1153.0,False,107
2023,7,river,Bhairab,Noapara Jafarpur,EC,1962.0,False,107
2023,8,river,Bhairab,Noapara Jafarpur,EC,2318.0,False,107
2023,9,river,Bhairab,Noapara Jafarpur,EC,1153.0,False,107
2023,10,river,Bhairab,Noapara Jafarpur,EC,259.0,False,107
2023,11,river,Bhairab,Noapara Jafarpur,EC,684.0,False,107
2023,12,river,Bhairab,Noapara Jafarpur,EC,662.0,False,107
2023,1,river,Bhairab,Noapara Jafarpur,Salinity,0.11,False,107
2023,2,river,Bhairab,Noapara Jafarpur,Salinity,0.15,False,107
2023,3,river,Bhairab,Noapara Jafarpur,Salinity,3.2,False,107
2023,5,river,Bhairab,Noapara Jafarpur,Salinity,10.2,False,107
2023,6,river,Bhairab,Noapara Jafarpur,Salinity,88.7,False,107
2023,7,river,Bhairab,Noapara Jafarpur,Salinity,89.0,False,107
2023,8,river,Bhairab,Noapara Jafarpur,Salinity,6.27,False,107
2023,9,river,Bhairab,Noapara Jafarpur,Salinity,8.7,False,107
2023,10,river,Bhairab,Noapara Jafarpur,Salinity,0.11,False,107
2023,11,river,Bhairab,Noapara Jafarpur,Salinity,0.48,False,107
2023,12,river,Bhairab,Noapara Jafarpur,Salinity,0.35,False,107
2023,1,river,Bhairab,Noapara Jafarpur,TDS,578.0,False,106
2023,2,river,Bhairab,Noapara Jafarpur,TDS,154.0,False,106
2023,3,river,Bhairab,Noapara Jafarpur,TDS,328.0,False,106
2023,5,river,Bhairab,Noapara Jafarpur,TDS,723.0,False,106
2023,6,river,Bhairab,Noapara Jafarpur,TDS,577.0,False,106
2023,7,river,Bhairab,Noapara Jafarpur,TDS,981.0,False,106
2023,8,river,Bhairab,Noapara Jafarpur,TDS,1159.0,False,106
2023,9,river,Bhairab,Noapara Jafarpur,TDS,577.0,False,106
2023,10,river,Bhairab,Noapara Jafarpur,TDS,130.0,False,106
2023,11,river,Bhairab,Noapara Jafarpur,TDS,343.0,False,106
2023,12,river,Bhairab,Noapara Jafarpur,TDS,331.0,False,106
2023,1,river,Bhairab,Noapara Jafarpur,Turbidity,61.0,False,107
2023,2,river,Bhairab,Noapara Jafarpur,Turbidity,67.0,False,107
2023,3,river,Bhairab,Noapara Jafarpur,Turbidity,37.0,False,107
2023,5,river,Bhairab,Noapara Jafarpur,Turbidity,26.0,False,107
2023,6,river,Bhairab,Noapara Jafarpur,Turbidity,26.0,False,107
2023,7,river,Bhairab,Noapara Jafarpur,Turbidity,47.0,False,107
2023,8,river,Bhairab,Noapara Jafarpur,Turbidity,69.0,False,107
2023,9,river,Bhairab,Noapara Jafarpur,Turbidity,26.0,False,107
2023,10,river,Bhairab,Noapara Jafarpur,Turbidity,21.0,False,107
2023,11,river,Bhairab,Noapara Jafarpur,Turbidity,19.0,False,107
2023,12,river,Bhairab,Noapara Jafarpur,Turbidity,17.0,False,107
2023,1,river,Bhairab,Noapara Jafarpur,pH,7.84,False,106
2023,2,river,Bhairab,Noapara Jafarpur,pH,8.22,False,106
2023,3,river,Bhairab,Noapara Jafarpur,pH,6.62,False,106
2023,5,river,Bhairab,Noapara Jafarpur,pH,7.66,False,106
2023,6,river,Bhairab,Noapara Jafarpur,pH,6.93,False,106
2023,7,river,Bhairab,Noapara Jafarpur,pH,7.32,False,106
2023,8,river,Bhairab,Noapara Jafarpur,pH,7.63,False,106
2023,9,river,Bhairab,Noapara Jafarpur,pH,6.93,False,106
2023,10,river,Bhairab,Noapara Jafarpur,pH,7.16,False,106
2023,11,river,Bhairab,Noapara Jafarpur,pH,6.88,False,106
2023,12,river,Bhairab,Noapara Jafarpur,pH,7.37,False,106
2023,2,river,Brahmaputra,Mymensingh,BOD,8.0,False,95
2023,2,river,Brahmaputra,Mymensingh,Chloride,10.0,False,96
2023,2,river,Brahmaputra,Mymensingh,DO,5.0,False,95
2023,2,river,Brahmaputra,Mymensingh,SS,14.0,False,96
2023,2,river,Brahmaputra,Mymensingh,TDS,150.0,False,96
2023,11,river,Brahmaputra,Mymensingh,TDS,141.0,False,96
2023,2,river,Brahmaputra,Mymensingh,pH,7.85,False,95
2023,2,river,Brahmaputra,"Rail Bridge, Shamvoganj",BOD,7.2,False,95
2023,7,river,Brahmaputra,"Rail Bridge, Shamvoganj",BOD,10.0,False,95
2023,8,river,Brahmaputra,"Rail Bridge, Shamvoganj",BOD,1.0,False,95
2023,11,river,Brahmaputra,"Rail Bridge, Shamvoganj",BOD,2.0,False,95
2023,2,river,Brahmaputra,"Rail Bridge, Shamvoganj",Chloride,11.0,False,96
2023,7,river,Brahmaputra,"Rail Bridge, Shamvoganj",Chloride,16.0,False,96
2023,8,river,Brahmaputra,"Rail Bridge, Shamvoganj",Chloride,14.0,False,96
2023,11,river,Brahmaputra,"Rail Bridge, Shamvoganj",Chloride,24.0,False,96
2023,2,river,Brahmaputra,"Rail Bridge, Shamvoganj",DO,4.5,False,95
2023,7,river,Brahmaputra,"Rail Bridge, Shamvoganj",DO,2.7,False,95
2023,8,river,Brahmaputra,"Rail Bridge, Shamvoganj",DO,2.67,False,95
2023,11,river,Brahmaputra,"Rail Bridge, Shamvoganj",DO,7.6,False,95
2023,2,river,Brahmaputra,"Rail Bridge, Shamvoganj",SS,11.0,False,96
2023,7,river,Brahmaputra,"Rail Bridge, Shamvoganj",SS,35.0,False,96
2023,8,river,Brahmaputra,"Rail Bridge, Shamvoganj",SS,267.0,False,96
2023,11,river,Brahmaputra,"Rail Bridge, Shamvoganj",SS,46.0,False,96
2023,2,river,Brahmaputra,"Rail Bridge, Shamvoganj",TDS,148.0,False,96
2023,7,river,Brahmaputra,"Rail Bridge, Shamvoganj",TDS,218.0,False,96
2023,8,river,Brahmaputra,"Rail Bridge, Shamvoganj",TDS,84.0,False,96
2023,11,river,Brahmaputra,"Rail Bridge, Shamvoganj",TDS,158.9,False,96
2023,2,river,Brahmaputra,"Rail Bridge, Shamvoganj",pH,7.97,False,95
2023,7,river,Brahmaputra,"Rail Bridge, Shamvoganj",pH,7.25,False,95
2023,8,river,Brahmaputra,"Rail Bridge, Shamvoganj",pH,7.52,False,95
2023,11,river,Brahmaputra,"Rail Bridge, Shamvoganj",pH,7.59,False,95
2023,1,river,Buriganga,(B.C.F.B),Turbidity,20.0,False,89
2023,2,river,Buriganga,(B.C.F.B),Turbidity,59.3,False,89
2023,3,river,Buriganga,(B.C.F.B),Turbidity,10.5,False,89
2023,7,river,Buriganga,(B.C.F.B),Turbidity,34.5,False,89
2023,8,river,Buriganga,(B.C.F.B),Turbidity,42.1,False,89
2023,9,river,Buriganga,(B.C.F.B),Turbidity,26.4,False,89
2023,10,river,Buriganga,(B.C.F.B),Turbidity,39.9,False,89
2023,11,river,Buriganga,(B.C.F.B),Turbidity,11.4,False,89
2023,12,river,Buriganga,(B.C.F.B),Turbidity,26.2,False,89
2023,1,river,Buriganga,Bangladesh China Friendship,BOD,12.0,False,88
2023,2,river,Buriganga,Bangladesh China Friendship,BOD,16.0,False,88
2023,3,river,Buriganga,Bangladesh China Friendship,BOD,22.0,False,88
2023,7,river,Buriganga,Bangladesh China Friendship,BOD,4.0,False,88
2023,8,river,Buriganga,Bangladesh China Friendship,BOD,25.0,False,88
2023,9,river,Buriganga,Bangladesh China Friendship,BOD,4.0,False,88
2023,10,river,Buriganga,Bangladesh China Friendship,BOD,11.0,False,88
2023,11,river,Buriganga,Bangladesh China Friendship,BOD,2.0,False,88
2023,12,river,Buriganga,Bangladesh China Friendship,BOD,15.0,False,88
2023,1,river,Buriganga,Bangladesh China Friendship Bridge (B.C.F.B),COD,64.0,False,88
2023,2,river,Buriganga,Bangladesh China Friendship Bridge (B.C.F.B),COD,66.0,False,88
2023,3,river,Buriganga,Bangladesh China Friendship Bridge (B.C.F.B),COD,58.0,False,88
2023,7,river,Buriganga,Bangladesh China Friendship Bridge (B.C.F.B),COD,56.0,False,88
2023,8,river,Buriganga,Bangladesh China Friendship Bridge (B.C.F.B),COD,61.0,False,88
2023,9,river,Buriganga,Bangladesh China Friendship Bridge (B.C.F.B),COD,11.0,False,88
2023,10,river,Buriganga,Bangladesh China Friendship Bridge (B.C.F.B),COD,47.0,False,88
2023,11,river,Buriganga,Bangladesh China Friendship Bridge (B.C.F.B),COD,8.0,False,88
2023,12,river,Buriganga,Bangladesh China Friendship Bridge (B.C.F.B),COD,48.0,False,88
2023,1,river,Buriganga,Bangladesh China Friendship Bridge (B.C.F.B),DO,1.2,False,88
2023,2,river,Buriganga,Bangladesh China Friendship Bridge (B.C.F.B),DO,0.7,False,88
2023,3,river,Buriganga,Bangladesh China Friendship Bridge (B.C.F.B),DO,0.1,False,88
2023,7,river,Buriganga,Bangladesh China Friendship Bridge (B.C.F.B),DO,6.01,False,88
2023,8,river,Buriganga,Bangladesh China Friendship Bridge (B.C.F.B),DO,2.23,False,88
2023,9,river,Buriganga,Bangladesh China Friendship Bridge (B.C.F.B),DO,3.66,False,88
2023,10,river,Buriganga,Bangladesh China Friendship Bridge (B.C.F.B),DO,0.3,False,88
2023,11,river,Buriganga,Bangladesh China Friendship Bridge (B.C.F.B),DO,1.73,False,88
2023,12,river,Buriganga,Bangladesh China Friendship Bridge (B.C.F.B),DO,2.0,False,88
2023,1,river,Buriganga,Bosila Bridge (B.B),BOD,12.0,False,88
2023,2,river,Buriganga,Bosila Bridge (B.B),BOD,17.0,False,88
2023,3,river,Buriganga,Bosila Bridge (B.B),BOD,25.0,False,88
2023,7,river,Buriganga,Bosila Bridge (B.B),BOD,1.0,False,88
2023,8,river,Buriganga,Bosila Bridge (B.B),BOD,4.0,False,88
2023,9,river,Buriganga,Bosila Bridge (B.B),BOD,6.0,False,88
2023,10,river,Buriganga,Bosila Bridge (B.B),BOD,4.0,False,88
2023,11,river,Buriganga,Bosila Bridge (B.B),BOD,3.0,False,88
2023,12,river,Buriganga,Bosila Bridge (B.B),BOD,9.0,False,88
2023,1,river,Buriganga,Bosila Bridge (B.B),COD,66.0,False,88
2023,2,river,Buriganga,Bosila Bridge (B.B),COD,68.0,False,88
2023,3,river,Buriganga,Bosila Bridge (B.B),COD,66.0,False,88
2023,7,river,Buriganga,Bosila Bridge (B.B),COD,66.0,False,88
2023,8,river,Buriganga,Bosila Bridge (B.B),COD,15.0,False,88
2023,9,river,Buriganga,Bosila Bridge (B.B),COD,7.0,False,88
2023,10,river,Buriganga,Bosila Bridge (B.B),COD,11.0,False,88
2023,11,river,Buriganga,Bosila Bridge (B.B),COD,12.0,False,88
2023,12,river,Buriganga,Bosila Bridge (B.B),COD,14.0,False,88
2023,1,river,Buriganga,Bosila Bridge (B.B),Chloride,30.0,False,89
2023,2,river,Buriganga,Bosila Bridge (B.B),Chloride,32.0,False,89
2023,3,river,Buriganga,Bosila Bridge (B.B),Chloride,66.0,False,89
2023,7,river,Buriganga,Bosila Bridge (B.B),Chloride,16.0,False,89
2023,8,river,Buriganga,Bosila Bridge (B.B),Chloride,14.5,False,89
2023,9,river,Buriganga,Bosila Bridge (B.B),Chloride,11.0,False,89
2023,10,river,Buriganga,Bosila Bridge (B.B),Chloride,8.5,False,89
2023,11,river,Buriganga,Bosila Bridge (B.B),Chloride,20.0,False,89
2023,12,river,Buriganga,Bosila Bridge (B.B),Chloride,34.0,False,89
2023,1,river,Buriganga,Bosila Bridge (B.B),DO,1.5,False,88
2023,2,river,Buriganga,Bosila Bridge (B.B),DO,0.7,False,88
2023,3,river,Buriganga,Bosila Bridge (B.B),DO,0.1,False,88
2023,7,river,Buriganga,Bosila Bridge (B.B),DO,5.09,False,88
2023,8,river,Buriganga,Bosila Bridge (B.B),DO,4.64,False,88
2023,9,river,Buriganga,Bosila Bridge (B.B),DO,4.66,False,88
2023,10,river,Buriganga,Bosila Bridge (B.B),DO,4.89,False,88
2023,11,river,Buriganga,Bosila Bridge (B.B),DO,0.19,False,88
2023,12,river,Buriganga,Bosila Bridge (B.B),DO,0.6,False,88
2023,1,river,Buriganga,Bosila Bridge (B.B),EC,407.0,False,90
2023,2,river,Buriganga,Bosila Bridge (B.B),EC,724.0,False,90
2023,3,river,Buriganga,Bosila Bridge (B.B),EC,747.0,False,90
2023,7,river,Buriganga,Bosila Bridge (B.B),EC,164.0,False,90
2023,8,river,Buriganga,Bosila Bridge (B.B),EC,188.4,False,90
2023,9,river,Buriganga,Bosila Bridge (B.B),EC,241.0,False,90
2023,10,river,Buriganga,Bosila Bridge (B.B),EC,157.0,False,90
2023,11,river,Buriganga,Bosila Bridge (B.B),EC,516.0,False,90
2023,12,river,Buriganga,Bosila Bridge (B.B),EC,476.0,False,90
2023,2,river,Buriganga,Bosila Bridge (B.B),SS,74.0,False,89
2023,3,river,Buriganga,Bosila Bridge (B.B),SS,28.0,False,89
2023,1,river,Buriganga,Bosila Bridge (B.B),TDS,232.0,False,89
2023,2,river,Buriganga,Bosila Bridge (B.B),TDS,376.0,False,89
2023,3,river,Buriganga,Bosila Bridge (B.B),TDS,411.0,False,89
2023,7,river,Buriganga,Bosila Bridge (B.B),TDS,91.0,False,89
2023,8,river,Buriganga,Bosila Bridge (B.B),TDS,82.0,False,89
2023,9,river,Buriganga,Bosila Bridge (B.B),TDS,105.0,False,89
2023,10,river,Buriganga,Bosila Bridge (B.B),TDS,81.0,False,89
2023,11,river,Buriganga,Bosila Bridge (B.B),TDS,243.0,False,89
2023,12,river,Buriganga,Bosila Bridge (B.B),TDS,263.0,False,89
2023,1,river,Buriganga,Bosila Bridge (B.B),TotalAlkalinity,112.0,False,90
2023,2,river,Buriganga,Bosila Bridge (B.B),TotalAlkalinity,164.0,False,90
2023,3,river,Buriganga,Bosila Bridge (B.B),TotalAlkalinity,242.0,False,90
2023,7,river,Buriganga,Bosila Bridge (B.B),TotalAlkalinity,59.0,False,90
2023,8,river,Buriganga,Bosila Bridge (B.B),TotalAlkalinity,11.0,False,90
2023,9,river,Buriganga,Bosila Bridge (B.B),TotalAlkalinity,12.0,False,90
2023,10,river,Buriganga,Bosila Bridge (B.B),TotalAlkalinity,9.0,False,90
2023,11,river,Buriganga,Bosila Bridge (B.B),TotalAlkalinity,29.0,False,90
2023,12,river,Buriganga,Bosila Bridge (B.B),TotalAlkalinity,60.0,False,90
2023,1,river,Buriganga,Bosila Bridge (B.B),Turbidity,23.0,False,89
2023,2,river,Buriganga,Bosila Bridge (B.B),Turbidity,32.3,False,89
2023,3,river,Buriganga,Bosila Bridge (B.B),Turbidity,11.4,False,89
2023,7,river,Buriganga,Bosila Bridge (B.B),Turbidity,47.1,False,89
2023,8,river,Buriganga,Bosila Bridge (B.B),Turbidity,56.8,False,89
2023,9,river,Buriganga,Bosila Bridge (B.B),Turbidity,34.4,False,89
2023,10,river,Buriganga,Bosila Bridge (B.B),Turbidity,17.9,False,89
2023,11,river,Buriganga,Bosila Bridge (B.B),Turbidity,6.9,False,89
2023,12,river,Buriganga,Bosila Bridge (B.B),Turbidity,31.4,False,89
2023,1,river,Buriganga,Bosila Bridge (B.B),pH,7.37,False,88
2023,2,river,Buriganga,Bosila Bridge (B.B),pH,7.65,False,88
2023,3,river,Buriganga,Bosila Bridge (B.B),pH,7.41,False,88
2023,7,river,Buriganga,Bosila Bridge (B.B),pH,7.56,False,88
2023,8,river,Buriganga,Bosila Bridge (B.B),pH,7.17,False,88
2023,9,river,Buriganga,Bosila Bridge (B.B),pH,6.87,False,88
2023,10,river,Buriganga,Bosila Bridge (B.B),pH,6.97,False,88
2023,11,river,Buriganga,Bosila Bridge (B.B),pH,7.18,False,88
2023,12,river,Buriganga,Bosila Bridge (B.B),pH,7.82,False,88
2023,1,river,Buriganga,Bridge (B.C.F.B),Chloride,20.0,False,89
2023,2,river,Buriganga,Bridge (B.C.F.B),Chloride,51.0,False,89
2023,3,river,Buriganga,Bridge (B.C.F.B),Chloride,74.0,False,89
2023,7,river,Buriganga,Bridge (B.C.F.B),Chloride,18.0,False,89
2023,8,river,Buriganga,Bridge (B.C.F.B),Chloride,24.0,False,89
2023,9,river,Buriganga,Bridge (B.C.F.B),Chloride,10.0,False,89
2023,10,river,Buriganga,Bridge (B.C.F.B),Chloride,18.0,False,89
2023,11,river,Buriganga,Bridge (B.C.F.B),Chloride,19.5,False,89
2023,12,river,Buriganga,Bridge (B.C.F.B),Chloride,40.0,False,89
2023,2,river,Buriganga,Bridge (B.C.F.B),SS,88.0,False,89
2023,3,river,Buriganga,Bridge (B.C.F.B),SS,21.0,False,89
2023,1,river,Buriganga,Bridge (B.C.F.B),TotalAlkalinity,112.0,False,90
2023,2,river,Buriganga,Bridge (B.C.F.B),TotalAlkalinity,224.0,False,90
2023,3,river,Buriganga,Bridge (B.C.F.B),TotalAlkalinity,281.0,False,90
2023,7,river,Buriganga,Bridge (B.C.F.B),TotalAlkalinity,67.0,False,90
2023,8,river,Buriganga,Bridge (B.C.F.B),TotalAlkalinity,11.0,False,90
2023,9,river,Buriganga,Bridge (B.C.F.B),TotalAlkalinity,13.0,False,90
2023,10,river,Buriganga,Bridge (B.C.F.B),TotalAlkalinity,15.0,False,90
2023,11,river,Buriganga,Bridge (B.C.F.B),TotalAlkalinity,26.0,False,90
2023,12,river,Buriganga,Bridge (B.C.F.B),TotalAlkalinity,40.0,False,90
2023,1,river,Buriganga,Bridge (B.C.F.B),pH,7.32,False,88
2023,2,river,Buriganga,Bridge (B.C.F.B),pH,7.5,False,88
2023,3,river,Buriganga,Bridge (B.C.F.B),pH,7.51,False,88
2023,7,river,Buriganga,Bridge (B.C.F.B),pH,7.32,False,88
2023,8,river,Buriganga,Bridge (B.C.F.B),pH,6.87,False,88
2023,9,river,Buriganga,Bridge (B.C.F.B),pH,7.01,False,88
2023,10,river,Buriganga,Bridge (B.C.F.B),pH,7.24,False,88
2023,11,river,Buriganga,Bridge (B.C.F.B),pH,6.66,False,88
2023,12,river,Buriganga,Bridge (B.C.F.B),pH,7.42,False,88
2023,1,river,Buriganga,Chandni Ghat (Cg.),BOD,13.0,False,88
2023,2,river,Buriganga,Chandni Ghat (Cg.),BOD,16.0,False,88
2023,3,river,Buriganga,Chandni Ghat (Cg.),BOD,24.0,False,88
2023,7,river,Buriganga,Chandni Ghat (Cg.),BOD,2.0,False,88
2023,8,river,Buriganga,Chandni Ghat (Cg.),BOD,25.0,False,88
2023,9,river,Buriganga,Chandni Ghat (Cg.),BOD,5.0,False,88
2023,10,river,Buriganga,Chandni Ghat (Cg.),BOD,7.0,False,88
2023,11,river,Buriganga,Chandni Ghat (Cg.),BOD,6.0,False,88
2023,12,river,Buriganga,Chandni Ghat (Cg.),BOD,12.0,False,88
2023,1,river,Buriganga,Chandni Ghat (Cg.),COD,66.0,False,88
2023,2,river,Buriganga,Chandni Ghat (Cg.),COD,64.0,False,88
2023,3,river,Buriganga,Chandni Ghat (Cg.),COD,56.0,False,88
2023,7,river,Buriganga,Chandni Ghat (Cg.),COD,17.0,False,88
2023,8,river,Buriganga,Chandni Ghat (Cg.),COD,27.0,False,88
2023,9,river,Buriganga,Chandni Ghat (Cg.),COD,7.0,False,88
2023,10,river,Buriganga,Chandni Ghat (Cg.),COD,8.0,False,88
2023,11,river,Buriganga,Chandni Ghat (Cg.),COD,11.0,False,88
2023,12,river,Buriganga,Chandni Ghat (Cg.),COD,28.0,False,88
2023,1,river,Buriganga,Chandni Ghat (Cg.),Chloride,82.0,False,89
2023,2,river,Buriganga,Chandni Ghat (Cg.),Chloride,40.0,False,89
2023,3,river,Buriganga,Chandni Ghat (Cg.),Chloride,75.0,False,89
2023,7,river,Buriganga,Chandni Ghat (Cg.),Chloride,16.0,False,89
2023,8,river,Buriganga,Chandni Ghat (Cg.),Chloride,12.5,False,89
2023,9,river,Buriganga,Chandni Ghat (Cg.),Chloride,15.0,False,89
2023,10,river,Buriganga,Chandni Ghat (Cg.),Chloride,9.5,False,89
2023,11,river,Buriganga,Chandni Ghat (Cg.),Chloride,19.0,False,89
2023,12,river,Buriganga,Chandni Ghat (Cg.),Chloride,35.0,False,89
2023,1,river,Buriganga,Chandni Ghat (Cg.),DO,1.2,False,88
2023,2,river,Buriganga,Chandni Ghat (Cg.),DO,0.5,False,88
2023,3,river,Buriganga,Chandni Ghat (Cg.),DO,0.2,False,88
2023,7,river,Buriganga,Chandni Ghat (Cg.),DO,3.3,False,88
2023,8,river,Buriganga,Chandni Ghat (Cg.),DO,2.94,False,88
2023,9,river,Buriganga,Chandni Ghat (Cg.),DO,3.93,False,88
2023,10,river,Buriganga,Chandni Ghat (Cg.),DO,1.82,False,88
2023,11,river,Buriganga,Chandni Ghat (Cg.),DO,0.53,False,88
2023,12,river,Buriganga,Chandni Ghat (Cg.),DO,0.9,False,88
2023,1,river,Buriganga,Chandni Ghat (Cg.),EC,757.0,False,90
2023,2,river,Buriganga,Chandni Ghat (Cg.),EC,760.0,False,90
2023,3,river,Buriganga,Chandni Ghat (Cg.),EC,770.0,False,90
2023,7,river,Buriganga,Chandni Ghat (Cg.),EC,167.0,False,90
2023,8,river,Buriganga,Chandni Ghat (Cg.),EC,224.0,False,90
2023,9,river,Buriganga,Chandni Ghat (Cg.),EC,256.0,False,90
2023,10,river,Buriganga,Chandni Ghat (Cg.),EC,168.0,False,90
2023,11,river,Buriganga,Chandni Ghat (Cg.),EC,478.0,False,90
2023,12,river,Buriganga,Chandni Ghat (Cg.),EC,482.0,False,90
2023,2,river,Buriganga,Chandni Ghat (Cg.),SS,93.0,False,89
2023,3,river,Buriganga,Chandni Ghat (Cg.),SS,33.0,False,89
2023,1,river,Buriganga,Chandni Ghat (Cg.),TDS,437.0,False,89
2023,2,river,Buriganga,Chandni Ghat (Cg.),TDS,444.0,False,89
2023,3,river,Buriganga,Chandni Ghat (Cg.),TDS,424.0,False,89
2023,7,river,Buriganga,Chandni Ghat (Cg.),TDS,94.0,False,89
2023,8,river,Buriganga,Chandni Ghat (Cg.),TDS,97.0,False,89
2023,9,river,Buriganga,Chandni Ghat (Cg.),TDS,109.0,False,89
2023,10,river,Buriganga,Chandni Ghat (Cg.),TDS,86.0,False,89
2023,11,river,Buriganga,Chandni Ghat (Cg.),TDS,224.0,False,89
2023,12,river,Buriganga,Chandni Ghat (Cg.),TDS,266.0,False,89
2023,1,river,Buriganga,Chandni Ghat (Cg.),TotalAlkalinity,260.0,False,90
2023,2,river,Buriganga,Chandni Ghat (Cg.),TotalAlkalinity,280.0,False,90
2023,3,river,Buriganga,Chandni Ghat (Cg.),TotalAlkalinity,257.0,False,90
2023,7,river,Buriganga,Chandni Ghat (Cg.),TotalAlkalinity,63.0,False,90
2023,8,river,Buriganga,Chandni Ghat (Cg.),TotalAlkalinity,12.0,False,90
2023,9,river,Buriganga,Chandni Ghat (Cg.),TotalAlkalinity,14.0,False,90
2023,10,river,Buriganga,Chandni Ghat (Cg.),TotalAlkalinity,8.0,False,90
2023,11,river,Buriganga,Chandni Ghat (Cg.),TotalAlkalinity,20.0,False,90
2023,12,river,Buriganga,Chandni Ghat (Cg.),TotalAlkalinity,50.0,False,90
2023,1,river,Buriganga,Chandni Ghat (Cg.),Turbidity,58.0,False,89
2023,2,river,Buriganga,Chandni Ghat (Cg.),Turbidity,59.2,False,89
2023,3,river,Buriganga,Chandni Ghat (Cg.),Turbidity,11.3,False,89
2023,7,river,Buriganga,Chandni Ghat (Cg.),Turbidity,41.7,False,89
2023,8,river,Buriganga,Chandni Ghat (Cg.),Turbidity,54.6,False,89
2023,9,river,Buriganga,Chandni Ghat (Cg.),Turbidity,30.6,False,89
2023,10,river,Buriganga,Chandni Ghat (Cg.),Turbidity,41.2,False,89
2023,11,river,Buriganga,Chandni Ghat (Cg.),Turbidity,14.6,False,89
2023,12,river,Buriganga,Chandni Ghat (Cg.),Turbidity,22.8,False,89
2023,1,river,Buriganga,Chandni Ghat (Cg.),pH,7.11,False,88
2023,2,river,Buriganga,Chandni Ghat (Cg.),pH,7.5,False,88
2023,3,river,Buriganga,Chandni Ghat (Cg.),pH,7.39,False,88
2023,7,river,Buriganga,Chandni Ghat (Cg.),pH,7.42,False,88
2023,8,river,Buriganga,Chandni Ghat (Cg.),pH,7.27,False,88
2023,9,river,Buriganga,Chandni Ghat (Cg.),pH,6.76,False,88
2023,10,river,Buriganga,Chandni Ghat (Cg.),pH,6.92,False,88
2023,11,river,Buriganga,Chandni Ghat (Cg.),pH,7.08,False,88
2023,12,river,Buriganga,Chandni Ghat (Cg.),pH,7.73,False,88
2023,1,river,Buriganga,Fatullah (Fh),BOD,13.0,False,88
2023,2,river,Buriganga,Fatullah (Fh),BOD,16.0,False,88
2023,3,river,Buriganga,Fatullah (Fh),BOD,26.0,False,88
2023,7,river,Buriganga,Fatullah (Fh),BOD,2.0,False,88
2023,8,river,Buriganga,Fatullah (Fh),BOD,4.0,False,88
2023,9,river,Buriganga,Fatullah (Fh),BOD,5.0,False,88
2023,10,river,Buriganga,Fatullah (Fh),BOD,8.0,False,88
2023,11,river,Buriganga,Fatullah (Fh),BOD,4.0,False,88
2023,12,river,Buriganga,Fatullah (Fh),BOD,7.0,False,88
2023,1,river,Buriganga,Fatullah (Fh),COD,68.0,False,88
2023,2,river,Buriganga,Fatullah (Fh),COD,64.0,False,88
2023,3,river,Buriganga,Fatullah (Fh),COD,51.0,False,88
2023,7,river,Buriganga,Fatullah (Fh),COD,44.0,False,88
2023,8,river,Buriganga,Fatullah (Fh),COD,15.0,False,88
2023,9,river,Buriganga,Fatullah (Fh),COD,12.0,False,88
2023,10,river,Buriganga,Fatullah (Fh),COD,12.0,False,88
2023,11,river,Buriganga,Fatullah (Fh),COD,11.0,False,88
2023,12,river,Buriganga,Fatullah (Fh),COD,22.0,False,88
2023,1,river,Buriganga,Fatullah (Fh),Chloride,32.0,False,89
2023,2,river,Buriganga,Fatullah (Fh),Chloride,46.0,False,89
2023,3,river,Buriganga,Fatullah (Fh),Chloride,75.0,False,89
2023,7,river,Buriganga,Fatullah (Fh),Chloride,20.0,False,89
2023,8,river,Buriganga,Fatullah (Fh),Chloride,13.5,False,89
2023,9,river,Buriganga,Fatullah (Fh),Chloride,12.0,False,89
2023,10,river,Buriganga,Fatullah (Fh),Chloride,12.0,False,89
2023,11,river,Buriganga,Fatullah (Fh),Chloride,20.0,False,89
2023,12,river,Buriganga,Fatullah (Fh),Chloride,35.0,False,89
2023,1,river,Buriganga,Fatullah (Fh),DO,1.4,False,88
2023,2,river,Buriganga,Fatullah (Fh),DO,1.5,False,88
2023,3,river,Buriganga,Fatullah (Fh),DO,0.2,False,88
2023,7,river,Buriganga,Fatullah (Fh),DO,3.89,False,88
2023,8,river,Buriganga,Fatullah (Fh),DO,3.25,False,88
2023,9,river,Buriganga,Fatullah (Fh),DO,3.89,False,88
2023,10,river,Buriganga,Fatullah (Fh),DO,1.9,False,88
2023,11,river,Buriganga,Fatullah (Fh),DO,1.49,False,88
2023,12,river,Buriganga,Fatullah (Fh),DO,2.2,False,88
2023,1,river,Buriganga,Fatullah (Fh),EC,436.0,False,90
2023,2,river,Buriganga,Fatullah (Fh),EC,730.0,False,90
2023,3,river,Buriganga,Fatullah (Fh),EC,773.0,False,90
2023,7,river,Buriganga,Fatullah (Fh),EC,201.0,False,90
2023,8,river,Buriganga,Fatullah (Fh),EC,235.0,False,90
2023,9,river,Buriganga,Fatullah (Fh),EC,257.0,False,90
2023,10,river,Buriganga,Fatullah (Fh),EC,203.7,False,90
2023,11,river,Buriganga,Fatullah (Fh),EC,507.0,False,90
2023,12,river,Buriganga,Fatullah (Fh),EC,444.0,False,90
2023,2,river,Buriganga,Fatullah (Fh),SS,69.0,False,89
2023,3,river,Buriganga,Fatullah (Fh),SS,27.0,False,89
2023,1,river,Buriganga,Fatullah (Fh),TDS,248.0,False,89
2023,2,river,Buriganga,Fatullah (Fh),TDS,420.0,False,89
2023,3,river,Buriganga,Fatullah (Fh),TDS,427.0,False,89
2023,7,river,Buriganga,Fatullah (Fh),TDS,113.0,False,89
2023,8,river,Buriganga,Fatullah (Fh),TDS,100.0,False,89
2023,9,river,Buriganga,Fatullah (Fh),TDS,110.0,False,89
2023,10,river,Buriganga,Fatullah (Fh),TDS,102.1,False,89
2023,11,river,Buriganga,Fatullah (Fh),TDS,239.0,False,89
2023,12,river,Buriganga,Fatullah (Fh),TDS,246.0,False,89
2023,1,river,Buriganga,Fatullah (Fh),TotalAlkalinity,124.0,False,90
2023,2,river,Buriganga,Fatullah (Fh),TotalAlkalinity,180.0,False,90
2023,3,river,Buriganga,Fatullah (Fh),TotalAlkalinity,226.0,False,90
2023,7,river,Buriganga,Fatullah (Fh),TotalAlkalinity,80.0,False,90
2023,8,river,Buriganga,Fatullah (Fh),TotalAlkalinity,10.0,False,90
2023,9,river,Buriganga,Fatullah (Fh),TotalAlkalinity,10.0,False,90
2023,10,river,Buriganga,Fatullah (Fh),TotalAlkalinity,10.0,False,90
2023,11,river,Buriganga,Fatullah (Fh),TotalAlkalinity,24.0,False,90
2023,12,river,Buriganga,Fatullah (Fh),TotalAlkalinity,60.0,False,90
2023,1,river,Buriganga,Fatullah (Fh),Turbidity,90.0,False,89
2023,2,river,Buriganga,Fatullah (Fh),Turbidity,66.1,False,89
2023,3,river,Buriganga,Fatullah (Fh),Turbidity,18.8,False,89
2023,7,river,Buriganga,Fatullah (Fh),Turbidity,29.5,False,89
2023,8,river,Buriganga,Fatullah (Fh),Turbidity,40.6,False,89
2023,9,river,Buriganga,Fatullah (Fh),Turbidity,19.0,False,89
2023,10,river,Buriganga,Fatullah (Fh),Turbidity,37.9,False,89
2023,11,river,Buriganga,Fatullah (Fh),Turbidity,11.6,False,89
2023,12,river,Buriganga,Fatullah (Fh),Turbidity,33.3,False,89
2023,1,river,Buriganga,Fatullah (Fh),pH,7.51,False,88
2023,2,river,Buriganga,Fatullah (Fh),pH,7.61,False,88
2023,3,river,Buriganga,Fatullah (Fh),pH,7.72,False,88
2023,7,river,Buriganga,Fatullah (Fh),pH,7.33,False,88
2023,8,river,Buriganga,Fatullah (Fh),pH,7.17,False,88
2023,9,river,Buriganga,Fatullah (Fh),pH,6.65,False,88
2023,10,river,Buriganga,Fatullah (Fh),pH,7.18,False,88
2023,11,river,Buriganga,Fatullah (Fh),pH,6.99,False,88
2023,12,river,Buriganga,Fatullah (Fh),pH,7.73,False,88
2023,1,river,Buriganga,Friendship Bridge (B.C.F.B),EC,431.0,False,90
2023,2,river,Buriganga,Friendship Bridge (B.C.F.B),EC,730.0,False,90
2023,3,river,Buriganga,Friendship Bridge (B.C.F.B),EC,772.0,False,90
2023,7,river,Buriganga,Friendship Bridge (B.C.F.B),EC,174.0,False,90
2023,8,river,Buriganga,Friendship Bridge (B.C.F.B),EC,495.0,False,90
2023,9,river,Buriganga,Friendship Bridge (B.C.F.B),EC,279.0,False,90
2023,10,river,Buriganga,Friendship Bridge (B.C.F.B),EC,265.0,False,90
2023,11,river,Buriganga,Friendship Bridge (B.C.F.B),EC,477.0,False,90
2023,12,river,Buriganga,Friendship Bridge (B.C.F.B),EC,481.0,False,90
2023,1,river,Buriganga,Friendship Bridge (B.C.F.B),TDS,245.0,False,89
2023,2,river,Buriganga,Friendship Bridge (B.C.F.B),TDS,411.0,False,89
2023,3,river,Buriganga,Friendship Bridge (B.C.F.B),TDS,422.0,False,89
2023,7,river,Buriganga,Friendship Bridge (B.C.F.B),TDS,97.0,False,89
2023,8,river,Buriganga,Friendship Bridge (B.C.F.B),TDS,220.0,False,89
2023,9,river,Buriganga,Friendship Bridge (B.C.F.B),TDS,118.0,False,89
2023,10,river,Buriganga,Friendship Bridge (B.C.F.B),TDS,134.0,False,89
2023,11,river,Buriganga,Friendship Bridge (B.C.F.B),TDS,223.0,False,89
2023,12,river,Buriganga,Friendship Bridge (B.C.F.B),TDS,266.0,False,89
2023,1,river,Buriganga,Hazaribagh (Hg.),BOD,11.0,False,88
2023,2,river,Buriganga,Hazaribagh (Hg.),BOD,16.0,False,88
2023,3,river,Buriganga,Hazaribagh (Hg.),BOD,29.0,False,88
2023,7,river,Buriganga,Hazaribagh (Hg.),BOD,1.0,False,88
2023,8,river,Buriganga,Hazaribagh (Hg.),BOD,4.0,False,88
2023,9,river,Buriganga,Hazaribagh (Hg.),BOD,7.0,False,88
2023,10,river,Buriganga,Hazaribagh (Hg.),BOD,5.0,False,88
2023,11,river,Buriganga,Hazaribagh (Hg.),BOD,34.0,False,88
2023,12,river,Buriganga,Hazaribagh (Hg.),BOD,10.0,False,88
2023,1,river,Buriganga,Hazaribagh (Hg.),COD,72.0,False,88
2023,2,river,Buriganga,Hazaribagh (Hg.),COD,79.0,False,88
2023,3,river,Buriganga,Hazaribagh (Hg.),COD,71.0,False,88
2023,7,river,Buriganga,Hazaribagh (Hg.),COD,36.0,False,88
2023,8,river,Buriganga,Hazaribagh (Hg.),COD,7.0,False,88
2023,9,river,Buriganga,Hazaribagh (Hg.),COD,7.0,False,88
2023,10,river,Buriganga,Hazaribagh (Hg.),COD,8.0,False,88
2023,11,river,Buriganga,Hazaribagh (Hg.),COD,48.0,False,88
2023,12,river,Buriganga,Hazaribagh (Hg.),COD,24.0,False,88
2023,1,river,Buriganga,Hazaribagh (Hg.),Chloride,22.0,False,89
2023,2,river,Buriganga,Hazaribagh (Hg.),Chloride,33.0,False,89
2023,3,river,Buriganga,Hazaribagh (Hg.),Chloride,76.0,False,89
2023,7,river,Buriganga,Hazaribagh (Hg.),Chloride,15.0,False,89
2023,8,river,Buriganga,Hazaribagh (Hg.),Chloride,14.0,False,89
2023,9,river,Buriganga,Hazaribagh (Hg.),Chloride,15.0,False,89
2023,10,river,Buriganga,Hazaribagh (Hg.),Chloride,9.0,False,89
2023,11,river,Buriganga,Hazaribagh (Hg.),Chloride,25.0,False,89
2023,12,river,Buriganga,Hazaribagh (Hg.),Chloride,34.0,False,89
2023,1,river,Buriganga,Hazaribagh (Hg.),DO,1.5,False,88
2023,2,river,Buriganga,Hazaribagh (Hg.),DO,0.63,False,88
2023,3,river,Buriganga,Hazaribagh (Hg.),DO,0.1,False,88
2023,7,river,Buriganga,Hazaribagh (Hg.),DO,5.2,False,88
2023,8,river,Buriganga,Hazaribagh (Hg.),DO,5.05,False,88
2023,9,river,Buriganga,Hazaribagh (Hg.),DO,4.83,False,88
2023,10,river,Buriganga,Hazaribagh (Hg.),DO,4.11,False,88
2023,11,river,Buriganga,Hazaribagh (Hg.),DO,0.93,False,88
2023,12,river,Buriganga,Hazaribagh (Hg.),DO,1.8,False,88
2023,1,river,Buriganga,Hazaribagh (Hg.),EC,426.0,False,90
2023,2,river,Buriganga,Hazaribagh (Hg.),EC,735.0,False,90
2023,3,river,Buriganga,Hazaribagh (Hg.),EC,766.0,False,90
2023,7,river,Buriganga,Hazaribagh (Hg.),EC,166.0,False,90
2023,8,river,Buriganga,Hazaribagh (Hg.),EC,194.3,False,90
2023,9,river,Buriganga,Hazaribagh (Hg.),EC,243.0,False,90
2023,10,river,Buriganga,Hazaribagh (Hg.),EC,159.0,False,90
2023,11,river,Buriganga,Hazaribagh (Hg.),EC,467.0,False,90
2023,12,river,Buriganga,Hazaribagh (Hg.),EC,475.0,False,90
2023,2,river,Buriganga,Hazaribagh (Hg.),SS,54.0,False,89
2023,3,river,Buriganga,Hazaribagh (Hg.),SS,19.0,False,89
2023,1,river,Buriganga,Hazaribagh (Hg.),TDS,243.0,False,89
2023,2,river,Buriganga,Hazaribagh (Hg.),TDS,378.0,False,89
2023,3,river,Buriganga,Hazaribagh (Hg.),TDS,425.0,False,89
2023,7,river,Buriganga,Hazaribagh (Hg.),TDS,90.0,False,89
2023,8,river,Buriganga,Hazaribagh (Hg.),TDS,85.0,False,89
2023,9,river,Buriganga,Hazaribagh (Hg.),TDS,105.0,False,89
2023,10,river,Buriganga,Hazaribagh (Hg.),TDS,82.0,False,89
2023,11,river,Buriganga,Hazaribagh (Hg.),TDS,218.4,False,89
2023,12,river,Buriganga,Hazaribagh (Hg.),TDS,263.0,False,89
2023,1,river,Buriganga,Hazaribagh (Hg.),TotalAlkalinity,120.0,False,90
2023,2,river,Buriganga,Hazaribagh (Hg.),TotalAlkalinity,172.0,False,90
2023,3,river,Buriganga,Hazaribagh (Hg.),TotalAlkalinity,262.0,False,90
2023,7,river,Buriganga,Hazaribagh (Hg.),TotalAlkalinity,58.0,False,90
2023,8,river,Buriganga,Hazaribagh (Hg.),TotalAlkalinity,10.0,False,90
2023,9,river,Buriganga,Hazaribagh (Hg.),TotalAlkalinity,11.0,False,90
2023,10,river,Buriganga,Hazaribagh (Hg.),TotalAlkalinity,10.0,False,90
2023,11,river,Buriganga,Hazaribagh (Hg.),TotalAlkalinity,26.0,False,90
2023,12,river,Buriganga,Hazaribagh (Hg.),TotalAlkalinity,54.0,False,90
2023,1,river,Buriganga,Hazaribagh (Hg.),Turbidity,36.0,False,89
2023,2,river,Buriganga,Hazaribagh (Hg.),Turbidity,41.4,False,89
2023,3,river,Buriganga,Hazaribagh (Hg.),Turbidity,8.15,False,89
2023,7,river,Buriganga,Hazaribagh (Hg.),Turbidity,47.7,False,89
2023,8,river,Buriganga,Hazaribagh (Hg.),Turbidity,53.2,False,89
2023,9,river,Buriganga,Hazaribagh (Hg.),Turbidity,25.5,False,89
2023,10,river,Buriganga,Hazaribagh (Hg.),Turbidity,19.4,False,89
2023,11,river,Buriganga,Hazaribagh (Hg.),Turbidity,10.6,False,89
2023,12,river,Buriganga,Hazaribagh (Hg.),Turbidity,25.1,False,89
2023,1,river,Buriganga,Hazaribagh (Hg.),pH,7.39,False,88
2023,2,river,Buriganga,Hazaribagh (Hg.),pH,7.6,False,88
2023,3,river,Buriganga,Hazaribagh (Hg.),pH,7.36,False,88
2023,7,river,Buriganga,Hazaribagh (Hg.),pH,7.69,False,88
2023,8,river,Buriganga,Hazaribagh (Hg.),pH,6.87,False,88
2023,9,river,Buriganga,Hazaribagh (Hg.),pH,6.87,False,88
2023,10,river,Buriganga,Hazaribagh (Hg.),pH,6.93,False,88
2023,11,river,Buriganga,Hazaribagh (Hg.),pH,7.07,False,88
2023,12,river,Buriganga,Hazaribagh (Hg.),pH,7.49,False,88
2023,1,river,Buriganga,Mirpur Bridge (M.B),BOD,12.0,False,88
2023,2,river,Buriganga,Mirpur Bridge (M.B),BOD,16.0,False,88
2023,3,river,Buriganga,Mirpur Bridge (M.B),BOD,26.0,False,88
2023,7,river,Buriganga,Mirpur Bridge (M.B),BOD,4.0,False,88
2023,8,river,Buriganga,Mirpur Bridge (M.B),BOD,3.0,False,88
2023,9,river,Buriganga,Mirpur Bridge (M.B),BOD,6.0,False,88
2023,10,river,Buriganga,Mirpur Bridge (M.B),BOD,6.0,False,88
2023,11,river,Buriganga,Mirpur Bridge (M.B),BOD,4.0,False,88
2023,12,river,Buriganga,Mirpur Bridge (M.B),BOD,9.0,False,88
2023,1,river,Buriganga,Mirpur Bridge (M.B),COD,70.0,False,88
2023,2,river,Buriganga,Mirpur Bridge (M.B),COD,76.0,False,88
2023,3,river,Buriganga,Mirpur Bridge (M.B),COD,66.0,False,88
2023,7,river,Buriganga,Mirpur Bridge (M.B),COD,39.0,False,88
2023,8,river,Buriganga,Mirpur Bridge (M.B),COD,36.0,False,88
2023,9,river,Buriganga,Mirpur Bridge (M.B),COD,11.0,False,88
2023,10,river,Buriganga,Mirpur Bridge (M.B),COD,10.0,False,88
2023,11,river,Buriganga,Mirpur Bridge (M.B),COD,7.0,False,88
2023,12,river,Buriganga,Mirpur Bridge (M.B),COD,21.0,False,88
2023,1,river,Buriganga,Mirpur Bridge (M.B),Chloride,21.0,False,89
2023,2,river,Buriganga,Mirpur Bridge (M.B),Chloride,49.0,False,89
2023,3,river,Buriganga,Mirpur Bridge (M.B),Chloride,63.0,False,89
2023,7,river,Buriganga,Mirpur Bridge (M.B),Chloride,17.0,False,89
2023,8,river,Buriganga,Mirpur Bridge (M.B),Chloride,25.5,False,89
2023,9,river,Buriganga,Mirpur Bridge (M.B),Chloride,18.0,False,89
2023,10,river,Buriganga,Mirpur Bridge (M.B),Chloride,7.5,False,89
2023,11,river,Buriganga,Mirpur Bridge (M.B),Chloride,19.0,False,89
2023,12,river,Buriganga,Mirpur Bridge (M.B),Chloride,33.0,False,89
2023,1,river,Buriganga,Mirpur Bridge (M.B),DO,1.9,False,88
2023,2,river,Buriganga,Mirpur Bridge (M.B),DO,1.31,False,88
2023,3,river,Buriganga,Mirpur Bridge (M.B),DO,0.2,False,88
2023,7,river,Buriganga,Mirpur Bridge (M.B),DO,4.77,False,88
2023,8,river,Buriganga,Mirpur Bridge (M.B),DO,5.34,False,88
2023,9,river,Buriganga,Mirpur Bridge (M.B),DO,6.09,False,88
2023,10,river,Buriganga,Mirpur Bridge (M.B),DO,5.5,False,88
2023,11,river,Buriganga,Mirpur Bridge (M.B),DO,2.99,False,88
2023,12,river,Buriganga,Mirpur Bridge (M.B),DO,2.0,False,88
2023,1,river,Buriganga,Mirpur Bridge (M.B),EC,389.0,False,90
2023,2,river,Buriganga,Mirpur Bridge (M.B),EC,759.0,False,90
2023,3,river,Buriganga,Mirpur Bridge (M.B),EC,715.0,False,90
2023,7,river,Buriganga,Mirpur Bridge (M.B),EC,170.0,False,90
2023,8,river,Buriganga,Mirpur Bridge (M.B),EC,500.0,False,90
2023,9,river,Buriganga,Mirpur Bridge (M.B),EC,243.0,False,90
2023,10,river,Buriganga,Mirpur Bridge (M.B),EC,156.0,False,90
2023,11,river,Buriganga,Mirpur Bridge (M.B),EC,526.0,False,90
2023,12,river,Buriganga,Mirpur Bridge (M.B),EC,469.0,False,90
2023,1,river,Buriganga,Mirpur Bridge (M.B),SS,76.0,False,89
2023,2,river,Buriganga,Mirpur Bridge (M.B),SS,103.0,False,89
2023,3,river,Buriganga,Mirpur Bridge (M.B),SS,126.0,False,89
2023,5,river,Buriganga,Mirpur Bridge (M.B),SS,31.0,False,89
2023,6,river,Buriganga,Mirpur Bridge (M.B),SS,36.0,False,89
2023,7,river,Buriganga,Mirpur Bridge (M.B),SS,100.0,False,89
2023,8,river,Buriganga,Mirpur Bridge (M.B),SS,100.0,False,89
2023,9,river,Buriganga,Mirpur Bridge (M.B),SS,26.0,False,89
2023,10,river,Buriganga,Mirpur Bridge (M.B),SS,57.0,False,89
2023,11,river,Buriganga,Mirpur Bridge (M.B),SS,120.0,False,89
2023,12,river,Buriganga,Mirpur Bridge (M.B),SS,11.0,False,89
2023,1,river,Buriganga,Mirpur Bridge (M.B),TDS,217.0,False,89
2023,2,river,Buriganga,Mirpur Bridge (M.B),TDS,400.0,False,89
2023,3,river,Buriganga,Mirpur Bridge (M.B),TDS,384.0,False,89
2023,7,river,Buriganga,Mirpur Bridge (M.B),TDS,95.0,False,89
2023,8,river,Buriganga,Mirpur Bridge (M.B),TDS,225.0,False,89
2023,9,river,Buriganga,Mirpur Bridge (M.B),TDS,105.0,False,89
2023,10,river,Buriganga,Mirpur Bridge (M.B),TDS,79.2,False,89
2023,11,river,Buriganga,Mirpur Bridge (M.B),TDS,244.0,False,89
2023,12,river,Buriganga,Mirpur Bridge (M.B),TDS,258.0,False,89
2023,1,river,Buriganga,Mirpur Bridge (M.B),TotalAlkalinity,136.0,False,90
2023,2,river,Buriganga,Mirpur Bridge (M.B),TotalAlkalinity,244.0,False,90
2023,3,river,Buriganga,Mirpur Bridge (M.B),TotalAlkalinity,216.0,False,90
2023,7,river,Buriganga,Mirpur Bridge (M.B),TotalAlkalinity,63.0,False,90
2023,8,river,Buriganga,Mirpur Bridge (M.B),TotalAlkalinity,10.0,False,90
2023,9,river,Buriganga,Mirpur Bridge (M.B),TotalAlkalinity,12.0,False,90
2023,10,river,Buriganga,Mirpur Bridge (M.B),TotalAlkalinity,8.0,False,90
2023,11,river,Buriganga,Mirpur Bridge (M.B),TotalAlkalinity,18.0,False,90
2023,12,river,Buriganga,Mirpur Bridge (M.B),TotalAlkalinity,30.0,False,90
2023,1,river,Buriganga,Mirpur Bridge (M.B),Turbidity,29.0,False,89
2023,2,river,Buriganga,Mirpur Bridge (M.B),Turbidity,51.8,False,89
2023,3,river,Buriganga,Mirpur Bridge (M.B),Turbidity,90.5,False,89
2023,7,river,Buriganga,Mirpur Bridge (M.B),Turbidity,42.5,False,89
2023,8,river,Buriganga,Mirpur Bridge (M.B),Turbidity,69.4,False,89
2023,9,river,Buriganga,Mirpur Bridge (M.B),Turbidity,36.9,False,89
2023,10,river,Buriganga,Mirpur Bridge (M.B),Turbidity,38.1,False,89
2023,11,river,Buriganga,Mirpur Bridge (M.B),Turbidity,20.2,False,89
2023,12,river,Buriganga,Mirpur Bridge (M.B),Turbidity,49.8,False,89
2023,1,river,Buriganga,Mirpur Bridge (M.B),pH,7.35,False,88
2023,2,river,Buriganga,Mirpur Bridge (M.B),pH,7.63,False,88
2023,3,river,Buriganga,Mirpur Bridge (M.B),pH,7.26,False,88
2023,7,river,Buriganga,Mirpur Bridge (M.B),pH,7.47,False,88
2023,8,river,Buriganga,Mirpur Bridge (M.B),pH,7.06,False,88
2023,9,river,Buriganga,Mirpur Bridge (M.B),pH,6.84,False,88
2023,10,river,Buriganga,Mirpur Bridge (M.B),pH,7.07,False,88
2023,11,river,Buriganga,Mirpur Bridge (M.B),pH,7.09,False,88
2023,12,river,Buriganga,Mirpur Bridge (M.B),pH,7.92,False,88
2023,1,river,Buriganga,Satmosjid Road (S.R),BOD,12.0,False,88
2023,2,river,Buriganga,Satmosjid Road (S.R),BOD,17.0,False,88
2023,3,river,Buriganga,Satmosjid Road (S.R),BOD,28.0,False,88
2023,7,river,Buriganga,Satmosjid Road (S.R),BOD,2.0,False,88
2023,8,river,Buriganga,Satmosjid Road (S.R),BOD,5.0,False,88
2023,9,river,Buriganga,Satmosjid Road (S.R),BOD,4.0,False,88
2023,10,river,Buriganga,Satmosjid Road (S.R),BOD,7.0,False,88
2023,11,river,Buriganga,Satmosjid Road (S.R),BOD,8.0,False,88
2023,12,river,Buriganga,Satmosjid Road (S.R),BOD,13.0,False,88
2023,1,river,Buriganga,Satmosjid Road (S.R),COD,62.0,False,88
2023,2,river,Buriganga,Satmosjid Road (S.R),COD,64.0,False,88
2023,3,river,Buriganga,Satmosjid Road (S.R),COD,68.0,False,88
2023,7,river,Buriganga,Satmosjid Road (S.R),COD,73.0,False,88
2023,8,river,Buriganga,Satmosjid Road (S.R),COD,122.0,False,88
2023,9,river,Buriganga,Satmosjid Road (S.R),COD,15.0,False,88
2023,10,river,Buriganga,Satmosjid Road (S.R),COD,10.0,False,88
2023,11,river,Buriganga,Satmosjid Road (S.R),COD,23.0,False,88
2023,12,river,Buriganga,Satmosjid Road (S.R),COD,44.0,False,88
2023,1,river,Buriganga,Satmosjid Road (S.R),Chloride,28.0,False,89
2023,2,river,Buriganga,Satmosjid Road (S.R),Chloride,49.0,False,89
2023,3,river,Buriganga,Satmosjid Road (S.R),Chloride,76.0,False,89
2023,7,river,Buriganga,Satmosjid Road (S.R),Chloride,14.0,False,89
2023,8,river,Buriganga,Satmosjid Road (S.R),Chloride,18.5,False,89
2023,9,river,Buriganga,Satmosjid Road (S.R),Chloride,15.0,False,89
2023,10,river,Buriganga,Satmosjid Road (S.R),Chloride,8.0,False,89
2023,11,river,Buriganga,Satmosjid Road (S.R),Chloride,17.5,False,89
2023,12,river,Buriganga,Satmosjid Road (S.R),Chloride,39.0,False,89
2023,1,river,Buriganga,Satmosjid Road (S.R),DO,1.6,False,88
2023,2,river,Buriganga,Satmosjid Road (S.R),DO,0.81,False,88
2023,3,river,Buriganga,Satmosjid Road (S.R),DO,0.2,False,88
2023,7,river,Buriganga,Satmosjid Road (S.R),DO,5.86,False,88
2023,8,river,Buriganga,Satmosjid Road (S.R),DO,5.13,False,88
2023,9,river,Buriganga,Satmosjid Road (S.R),DO,3.94,False,88
2023,10,river,Buriganga,Satmosjid Road (S.R),DO,3.94,False,88
2023,11,river,Buriganga,Satmosjid Road (S.R),DO,1.21,False,88
2023,12,river,Buriganga,Satmosjid Road (S.R),DO,0.8,False,88
2023,1,river,Buriganga,Satmosjid Road (S.R),EC,420.0,False,90
2023,2,river,Buriganga,Satmosjid Road (S.R),EC,744.0,False,90
2023,3,river,Buriganga,Satmosjid Road (S.R),EC,773.0,False,90
2023,7,river,Buriganga,Satmosjid Road (S.R),EC,160.0,False,90
2023,8,river,Buriganga,Satmosjid Road (S.R),EC,341.0,False,90
2023,9,river,Buriganga,Satmosjid Road (S.R),EC,240.0,False,90
2023,10,river,Buriganga,Satmosjid Road (S.R),EC,164.0,False,90
2023,11,river,Buriganga,Satmosjid Road (S.R),EC,464.0,False,90
2023,12,river,Buriganga,Satmosjid Road (S.R),EC,473.0,False,90
2023,2,river,Buriganga,Satmosjid Road (S.R),SS,65.0,False,89
2023,3,river,Buriganga,Satmosjid Road (S.R),SS,16.0,False,89
2023,1,river,Buriganga,Satmosjid Road (S.R),TDS,242.0,False,89
2023,2,river,Buriganga,Satmosjid Road (S.R),TDS,381.0,False,89
2023,3,river,Buriganga,Satmosjid Road (S.R),TDS,426.0,False,89
2023,7,river,Buriganga,Satmosjid Road (S.R),TDS,90.0,False,89
2023,8,river,Buriganga,Satmosjid Road (S.R),TDS,150.0,False,89
2023,9,river,Buriganga,Satmosjid Road (S.R),TDS,103.0,False,89
2023,10,river,Buriganga,Satmosjid Road (S.R),TDS,83.0,False,89
2023,11,river,Buriganga,Satmosjid Road (S.R),TDS,218.0,False,89
2023,12,river,Buriganga,Satmosjid Road (S.R),TDS,261.0,False,89
2023,1,river,Buriganga,Satmosjid Road (S.R),TotalAlkalinity,122.0,False,90
2023,2,river,Buriganga,Satmosjid Road (S.R),TotalAlkalinity,224.0,False,90
2023,3,river,Buriganga,Satmosjid Road (S.R),TotalAlkalinity,259.0,False,90
2023,7,river,Buriganga,Satmosjid Road (S.R),TotalAlkalinity,57.0,False,90
2023,8,river,Buriganga,Satmosjid Road (S.R),TotalAlkalinity,12.0,False,90
2023,9,river,Buriganga,Satmosjid Road (S.R),TotalAlkalinity,13.0,False,90
2023,10,river,Buriganga,Satmosjid Road (S.R),TotalAlkalinity,9.0,False,90
2023,11,river,Buriganga,Satmosjid Road (S.R),TotalAlkalinity,20.0,False,90
2023,12,river,Buriganga,Satmosjid Road (S.R),TotalAlkalinity,38.0,False,90
2023,1,river,Buriganga,Satmosjid Road (S.R),Turbidity,29.0,False,89
2023,2,river,Buriganga,Satmosjid Road (S.R),Turbidity,61.1,False,89
2023,3,river,Buriganga,Satmosjid Road (S.R),Turbidity,26.1,False,89
2023,7,river,Buriganga,Satmosjid Road (S.R),Turbidity,40.9,False,89
2023,8,river,Buriganga,Satmosjid Road (S.R),Turbidity,45.4,False,89
2023,9,river,Buriganga,Satmosjid Road (S.R),Turbidity,47.6,False,89
2023,10,river,Buriganga,Satmosjid Road (S.R),Turbidity,28.1,False,89
2023,11,river,Buriganga,Satmosjid Road (S.R),Turbidity,13.2,False,89
2023,12,river,Buriganga,Satmosjid Road (S.R),Turbidity,26.4,False,89
2023,1,river,Buriganga,Satmosjid Road (S.R),pH,7.37,False,88
2023,2,river,Buriganga,Satmosjid Road (S.R),pH,7.84,False,88
2023,3,river,Buriganga,Satmosjid Road (S.R),pH,7.4,False,88
2023,7,river,Buriganga,Satmosjid Road (S.R),pH,7.35,False,88
2023,8,river,Buriganga,Satmosjid Road (S.R),pH,7.02,False,88
2023,9,river,Buriganga,Satmosjid Road (S.R),pH,6.85,False,88
2023,10,river,Buriganga,Satmosjid Road (S.R),pH,6.89,False,88
2023,11,river,Buriganga,Satmosjid Road (S.R),pH,7.21,False,88
2023,12,river,Buriganga,Satmosjid Road (S.R),pH,7.57,False,88
2023,2,river,Dhaleshwari,Hazaratpur,BOD,3.0,False,94
2023,8,river,Dhaleshwari,Hazaratpur,BOD,5.4,False,94
2023,10,river,Dhaleshwari,Hazaratpur,BOD,5.1,False,94
2023,12,river,Dhaleshwari,Hazaratpur,BOD,2.0,False,94
2023,2,river,Dhaleshwari,Hazaratpur,COD,18.0,False,94
2023,8,river,Dhaleshwari,Hazaratpur,COD,75.0,False,94
2023,12,river,Dhaleshwari,Hazaratpur,COD,9.0,False,94
2023,2,river,Dhaleshwari,Hazaratpur,Chloride,35.0,False,94
2023,8,river,Dhaleshwari,Hazaratpur,Chloride,16.0,False,94
2023,10,river,Dhaleshwari,Hazaratpur,Chloride,10.5,False,94
2023,12,river,Dhaleshwari,Hazaratpur,Chloride,26.0,False,94
2023,2,river,Dhaleshwari,Hazaratpur,DO,5.7,False,94
2023,8,river,Dhaleshwari,Hazaratpur,DO,6.15,False,94
2023,10,river,Dhaleshwari,Hazaratpur,DO,5.9,False,94
2023,12,river,Dhaleshwari,Hazaratpur,DO,7.5,False,94
2023,2,river,Dhaleshwari,Hazaratpur,EC,648.0,False,95
2023,8,river,Dhaleshwari,Hazaratpur,EC,154.0,False,95
2023,10,river,Dhaleshwari,Hazaratpur,EC,169.0,False,95
2023,12,river,Dhaleshwari,Hazaratpur,EC,429.0,False,95
2023,2,river,Dhaleshwari,Hazaratpur,SS,17.0,False,95
2023,8,river,Dhaleshwari,Hazaratpur,SS,185.0,False,95
2023,10,river,Dhaleshwari,Hazaratpur,SS,155.0,False,95
2023,12,river,Dhaleshwari,Hazaratpur,SS,15.0,False,95
2023,2,river,Dhaleshwari,Hazaratpur,TDS,340.0,False,94
2023,8,river,Dhaleshwari,Hazaratpur,TDS,83.0,False,94
2023,10,river,Dhaleshwari,Hazaratpur,TDS,90.0,False,94
2023,12,river,Dhaleshwari,Hazaratpur,TDS,231.0,False,94
2023,2,river,Dhaleshwari,Hazaratpur,TotalAlkalinity,286.0,False,95
2023,8,river,Dhaleshwari,Hazaratpur,TotalAlkalinity,30.0,False,95
2023,10,river,Dhaleshwari,Hazaratpur,TotalAlkalinity,14.0,False,95
2023,12,river,Dhaleshwari,Hazaratpur,TotalAlkalinity,30.0,False,95
2023,2,river,Dhaleshwari,Hazaratpur,pH,7.75,False,93
2023,8,river,Dhaleshwari,Hazaratpur,pH,7.04,False,93
2023,10,river,Dhaleshwari,Hazaratpur,pH,6.63,False,93
2023,12,river,Dhaleshwari,Hazaratpur,pH,7.21,False,93
2023,2,river,Dhaleshwari,Mukterpur,BOD,8.0,False,94
2023,10,river,Dhaleshwari,Mukterpur,BOD,6.0,False,94
2023,12,river,Dhaleshwari,Mukterpur,BOD,10.0,False,94
2023,2,river,Dhaleshwari,Mukterpur,COD,32.0,False,94
2023,10,river,Dhaleshwari,Mukterpur,COD,8.0,False,94
2023,12,river,Dhaleshwari,Mukterpur,COD,14.0,False,94
2023,2,river,Dhaleshwari,Mukterpur,Chloride,25.0,False,94
2023,10,river,Dhaleshwari,Mukterpur,Chloride,6.5,False,94
2023,12,river,Dhaleshwari,Mukterpur,Chloride,48.0,False,94
2023,2,river,Dhaleshwari,Mukterpur,DO,0.8,False,94
2023,10,river,Dhaleshwari,Mukterpur,DO,5.1,False,94
2023,12,river,Dhaleshwari,Mukterpur,DO,0.0,False,94
2023,2,river,Dhaleshwari,Mukterpur,EC,478.0,False,95
2023,10,river,Dhaleshwari,Mukterpur,EC,173.4,False,95
2023,12,river,Dhaleshwari,Mukterpur,EC,434.0,False,95
2023,2,river,Dhaleshwari,Mukterpur,SS,22.0,False,95
2023,10,river,Dhaleshwari,Mukterpur,SS,77.0,False,95
2023,12,river,Dhaleshwari,Mukterpur,SS,46.0,False,95
2023,2,river,Dhaleshwari,Mukterpur,TDS,255.0,False,94
2023,10,river,Dhaleshwari,Mukterpur,TDS,91.0,False,94
2023,12,river,Dhaleshwari,Mukterpur,TDS,242.0,False,94
2023,2,river,Dhaleshwari,Mukterpur,TotalAlkalinity,159.0,False,95
2023,10,river,Dhaleshwari,Mukterpur,TotalAlkalinity,23.0,False,95
2023,12,river,Dhaleshwari,Mukterpur,TotalAlkalinity,39.0,False,95
2023,2,river,Dhaleshwari,Mukterpur,pH,7.27,False,93
2023,10,river,Dhaleshwari,Mukterpur,pH,7.68,False,93
2023,12,river,Dhaleshwari,Mukterpur,pH,7.13,False,93
2023,2,river,Dhaleshwari,Pathorghata,BOD,6.0,False,94
2023,8,river,Dhaleshwari,Pathorghata,BOD,3.0,False,94
2023,10,river,Dhaleshwari,Pathorghata,BOD,4.2,False,94
2023,12,river,Dhaleshwari,Pathorghata,BOD,4.0,False,94
2023,2,river,Dhaleshwari,Pathorghata,COD,20.0,False,94
2023,8,river,Dhaleshwari,Pathorghata,COD,61.0,False,94
2023,10,river,Dhaleshwari,Pathorghata,COD,1.5,False,94
2023,12,river,Dhaleshwari,Pathorghata,COD,11.0,False,94
2023,2,river,Dhaleshwari,Pathorghata,Chloride,26.0,False,94
2023,8,river,Dhaleshwari,Pathorghata,Chloride,12.0,False,94
2023,10,river,Dhaleshwari,Pathorghata,Chloride,10.0,False,94
2023,12,river,Dhaleshwari,Pathorghata,Chloride,26.0,False,94
2023,2,river,Dhaleshwari,Pathorghata,DO,5.3,False,94
2023,8,river,Dhaleshwari,Pathorghata,DO,6.41,False,94
2023,10,river,Dhaleshwari,Pathorghata,DO,6.0,False,94
2023,12,river,Dhaleshwari,Pathorghata,DO,5.0,False,94
2023,2,river,Dhaleshwari,Pathorghata,EC,245.0,False,95
2023,8,river,Dhaleshwari,Pathorghata,EC,153.5,False,95
2023,10,river,Dhaleshwari,Pathorghata,EC,166.0,False,95
2023,12,river,Dhaleshwari,Pathorghata,EC,409.0,False,95
2023,2,river,Dhaleshwari,Pathorghata,SS,20.0,False,95
2023,8,river,Dhaleshwari,Pathorghata,SS,365.0,False,95
2023,10,river,Dhaleshwari,Pathorghata,SS,140.0,False,95
2023,12,river,Dhaleshwari,Pathorghata,SS,13.0,False,95
2023,2,river,Dhaleshwari,Pathorghata,TDS,133.0,False,94
2023,8,river,Dhaleshwari,Pathorghata,TDS,83.0,False,94
2023,10,river,Dhaleshwari,Pathorghata,TDS,88.0,False,94
2023,12,river,Dhaleshwari,Pathorghata,TDS,222.0,False,94
2023,2,river,Dhaleshwari,Pathorghata,TotalAlkalinity,156.0,False,95
2023,8,river,Dhaleshwari,Pathorghata,TotalAlkalinity,34.0,False,95
2023,10,river,Dhaleshwari,Pathorghata,TotalAlkalinity,10.0,False,95
2023,12,river,Dhaleshwari,Pathorghata,TotalAlkalinity,30.0,False,95
2023,2,river,Dhaleshwari,Pathorghata,pH,8.25,False,93
2023,8,river,Dhaleshwari,Pathorghata,pH,7.25,False,93
2023,10,river,Dhaleshwari,Pathorghata,pH,6.94,False,93
2023,12,river,Dhaleshwari,Pathorghata,pH,7.19,False,93
2023,2,river,Dhaleshwari,Ruhitpur,BOD,2.0,False,94
2023,8,river,Dhaleshwari,Ruhitpur,BOD,6.0,False,94
2023,10,river,Dhaleshwari,Ruhitpur,BOD,2.4,False,94
2023,12,river,Dhaleshwari,Ruhitpur,BOD,1.0,False,94
2023,2,river,Dhaleshwari,Ruhitpur,COD,9.0,False,94
2023,8,river,Dhaleshwari,Ruhitpur,COD,63.0,False,94
2023,10,river,Dhaleshwari,Ruhitpur,COD,6.0,False,94
2023,12,river,Dhaleshwari,Ruhitpur,COD,6.0,False,94
2023,2,river,Dhaleshwari,Ruhitpur,Chloride,31.0,False,94
2023,8,river,Dhaleshwari,Ruhitpur,Chloride,11.5,False,94
2023,10,river,Dhaleshwari,Ruhitpur,Chloride,12.0,False,94
2023,12,river,Dhaleshwari,Ruhitpur,Chloride,20.0,False,94
2023,2,river,Dhaleshwari,Ruhitpur,DO,5.9,False,94
2023,8,river,Dhaleshwari,Ruhitpur,DO,6.09,False,94
2023,10,river,Dhaleshwari,Ruhitpur,DO,5.9,False,94
2023,12,river,Dhaleshwari,Ruhitpur,DO,5.7,False,94
2023,2,river,Dhaleshwari,Ruhitpur,EC,650.0,False,95
2023,8,river,Dhaleshwari,Ruhitpur,EC,176.0,False,95
2023,10,river,Dhaleshwari,Ruhitpur,EC,158.3,False,95
2023,12,river,Dhaleshwari,Ruhitpur,EC,421.0,False,95
2023,2,river,Dhaleshwari,Ruhitpur,SS,28.0,False,95
2023,8,river,Dhaleshwari,Ruhitpur,SS,303.0,False,95
2023,10,river,Dhaleshwari,Ruhitpur,SS,141.0,False,95
2023,12,river,Dhaleshwari,Ruhitpur,SS,17.0,False,95
2023,2,river,Dhaleshwari,Ruhitpur,TDS,344.0,False,94
2023,8,river,Dhaleshwari,Ruhitpur,TDS,95.3,False,94
2023,10,river,Dhaleshwari,Ruhitpur,TDS,83.5,False,94
2023,12,river,Dhaleshwari,Ruhitpur,TDS,232.0,False,94
2023,2,river,Dhaleshwari,Ruhitpur,TotalAlkalinity,212.0,False,95
2023,8,river,Dhaleshwari,Ruhitpur,TotalAlkalinity,37.0,False,95
2023,10,river,Dhaleshwari,Ruhitpur,TotalAlkalinity,8.0,False,95
2023,12,river,Dhaleshwari,Ruhitpur,TotalAlkalinity,13.0,False,95
2023,2,river,Dhaleshwari,Ruhitpur,pH,7.88,False,93
2023,8,river,Dhaleshwari,Ruhitpur,pH,6.93,False,93
2023,10,river,Dhaleshwari,Ruhitpur,pH,6.69,False,93
2023,12,river,Dhaleshwari,Ruhitpur,pH,7.04,False,93
2023,2,river,Dhaleshwari,Utorro Mitra,BOD,4.0,False,94
2023,7,river,Dhaleshwari,Utorro Mitra,BOD,10.0,False,94
2023,10,river,Dhaleshwari,Utorro Mitra,BOD,1.0,False,94
2023,12,river,Dhaleshwari,Utorro Mitra,BOD,7.0,False,94
2023,2,river,Dhaleshwari,Utorro Mitra,COD,10.0,False,94
2023,7,river,Dhaleshwari,Utorro Mitra,COD,41.0,False,94
2023,10,river,Dhaleshwari,Utorro Mitra,COD,3.0,False,94
2023,12,river,Dhaleshwari,Utorro Mitra,COD,14.0,False,94
2023,2,river,Dhaleshwari,Utorro Mitra,Chloride,32.0,False,94
2023,7,river,Dhaleshwari,Utorro Mitra,Chloride,16.0,False,94
2023,10,river,Dhaleshwari,Utorro Mitra,Chloride,11.0,False,94
2023,12,river,Dhaleshwari,Utorro Mitra,Chloride,28.0,False,94
2023,2,river,Dhaleshwari,Utorro Mitra,DO,6.0,False,94
2023,7,river,Dhaleshwari,Utorro Mitra,DO,5.98,False,94
2023,10,river,Dhaleshwari,Utorro Mitra,DO,5.3,False,94
2023,12,river,Dhaleshwari,Utorro Mitra,DO,4.6,False,94
2023,2,river,Dhaleshwari,Utorro Mitra,EC,560.0,False,95
2023,7,river,Dhaleshwari,Utorro Mitra,EC,415.0,False,95
2023,10,river,Dhaleshwari,Utorro Mitra,EC,176.4,False,95
2023,12,river,Dhaleshwari,Utorro Mitra,EC,548.0,False,95
2023,2,river,Dhaleshwari,Utorro Mitra,SS,26.0,False,95
2023,7,river,Dhaleshwari,Utorro Mitra,SS,35.0,False,95
2023,10,river,Dhaleshwari,Utorro Mitra,SS,83.0,False,95
2023,12,river,Dhaleshwari,Utorro Mitra,SS,16.0,False,95
2023,2,river,Dhaleshwari,Utorro Mitra,TDS,284.0,False,94
2023,7,river,Dhaleshwari,Utorro Mitra,TDS,218.0,False,94
2023,10,river,Dhaleshwari,Utorro Mitra,TDS,89.7,False,94
2023,12,river,Dhaleshwari,Utorro Mitra,TDS,301.0,False,94
2023,2,river,Dhaleshwari,Utorro Mitra,TotalAlkalinity,220.0,False,95
2023,7,river,Dhaleshwari,Utorro Mitra,TotalAlkalinity,88.0,False,95
2023,10,river,Dhaleshwari,Utorro Mitra,TotalAlkalinity,10.0,False,95
2023,12,river,Dhaleshwari,Utorro Mitra,TotalAlkalinity,56.0,False,95
2023,2,river,Dhaleshwari,Utorro Mitra,pH,7.65,False,93
2023,7,river,Dhaleshwari,Utorro Mitra,pH,6.92,False,93
2023,10,river,Dhaleshwari,Utorro Mitra,pH,7.28,False,93
2023,12,river,Dhaleshwari,Utorro Mitra,pH,7.3,False,93
2023,2,urban_lake,Dhanmondi Lake,8 No. Road Bridge,BOD,14.0,False,124
2023,8,urban_lake,Dhanmondi Lake,8 No. Road Bridge,BOD,2.1,False,124
2023,11,urban_lake,Dhanmondi Lake,8 No. Road Bridge,BOD,7.0,False,124
2023,2,urban_lake,Dhanmondi Lake,8 No. Road Bridge,COD,12.0,False,125
2023,8,urban_lake,Dhanmondi Lake,8 No. Road Bridge,COD,26.0,False,125
2023,11,urban_lake,Dhanmondi Lake,8 No. Road Bridge,COD,23.0,False,125
2023,2,urban_lake,Dhanmondi Lake,8 No. Road Bridge,Chloride,33.0,False,125
2023,8,urban_lake,Dhanmondi Lake,8 No. Road Bridge,Chloride,47.0,False,125
2023,11,urban_lake,Dhanmondi Lake,8 No. Road Bridge,Chloride,36.0,False,125
2023,2,urban_lake,Dhanmondi Lake,8 No. Road Bridge,DO,5.37,False,124
2023,8,urban_lake,Dhanmondi Lake,8 No. Road Bridge,DO,1.66,False,124
2023,11,urban_lake,Dhanmondi Lake,8 No. Road Bridge,DO,3.39,False,124
2023,2,urban_lake,Dhanmondi Lake,8 No. Road Bridge,EC,305.0,False,126
2023,8,urban_lake,Dhanmondi Lake,8 No. Road Bridge,EC,297.0,False,126
2023,11,urban_lake,Dhanmondi Lake,8 No. Road Bridge,EC,242.0,False,126
2023,2,urban_lake,Dhanmondi Lake,8 No. Road Bridge,SS,18.0,False,125
2023,8,urban_lake,Dhanmondi Lake,8 No. Road Bridge,SS,1.0,False,125
2023,11,urban_lake,Dhanmondi Lake,8 No. Road Bridge,SS,13.0,False,125
2023,2,urban_lake,Dhanmondi Lake,8 No. Road Bridge,TDS,159.0,False,125
2023,8,urban_lake,Dhanmondi Lake,8 No. Road Bridge,TDS,131.0,False,125
2023,11,urban_lake,Dhanmondi Lake,8 No. Road Bridge,TDS,113.4,False,125
2023,2,urban_lake,Dhanmondi Lake,8 No. Road Bridge,TotalAlkalinity,112.0,False,125
2023,8,urban_lake,Dhanmondi Lake,8 No. Road Bridge,TotalAlkalinity,90.0,False,125
2023,11,urban_lake,Dhanmondi Lake,8 No. Road Bridge,TotalAlkalinity,24.0,False,125
2023,2,urban_lake,Dhanmondi Lake,8 No. Road Bridge,Turbidity,8.41,False,125
2023,8,urban_lake,Dhanmondi Lake,8 No. Road Bridge,Turbidity,2.01,False,125
2023,11,urban_lake,Dhanmondi Lake,8 No. Road Bridge,Turbidity,5.23,False,125
2023,2,urban_lake,Dhanmondi Lake,8 No. Road Bridge,pH,7.7,False,124
2023,8,urban_lake,Dhanmondi Lake,8 No. Road Bridge,pH,7.82,False,124
2023,11,urban_lake,Dhanmondi Lake,8 No. Road Bridge,pH,7.56,False,124
2023,2,urban_lake,Dhanmondi Lake,Near Dhanmondi- Road No 28,BOD,14.0,False,124
2023,8,urban_lake,Dhanmondi Lake,Near Dhanmondi- Road No 28,BOD,2.4,False,124
2023,11,urban_lake,Dhanmondi Lake,Near Dhanmondi- Road No 28,BOD,5.0,False,124
2023,2,urban_lake,Dhanmondi Lake,Near Dhanmondi- Road No 28,COD,22.0,False,125
2023,8,urban_lake,Dhanmondi Lake,Near Dhanmondi- Road No 28,COD,14.0,False,125
2023,11,urban_lake,Dhanmondi Lake,Near Dhanmondi- Road No 28,COD,9.0,False,125
2023,2,urban_lake,Dhanmondi Lake,Near Dhanmondi- Road No 28,Chloride,63.0,False,125
2023,8,urban_lake,Dhanmondi Lake,Near Dhanmondi- Road No 28,Chloride,54.0,False,125
2023,11,urban_lake,Dhanmondi Lake,Near Dhanmondi- Road No 28,Chloride,35.0,False,125
2023,2,urban_lake,Dhanmondi Lake,Near Dhanmondi- Road No 28,DO,5.27,False,124
2023,8,urban_lake,Dhanmondi Lake,Near Dhanmondi- Road No 28,DO,2.19,False,124
2023,11,urban_lake,Dhanmondi Lake,Near Dhanmondi- Road No 28,DO,3.48,False,124
2023,2,urban_lake,Dhanmondi Lake,Near Dhanmondi- Road No 28,EC,500.0,False,126
2023,8,urban_lake,Dhanmondi Lake,Near Dhanmondi- Road No 28,EC,664.0,False,126
2023,11,urban_lake,Dhanmondi Lake,Near Dhanmondi- Road No 28,EC,463.0,False,126
2023,2,urban_lake,Dhanmondi Lake,Near Dhanmondi- Road No 28,SS,17.0,False,125
2023,8,urban_lake,Dhanmondi Lake,Near Dhanmondi- Road No 28,SS,1.0,False,125
2023,11,urban_lake,Dhanmondi Lake,Near Dhanmondi- Road No 28,SS,32.0,False,125
2023,2,urban_lake,Dhanmondi Lake,Near Dhanmondi- Road No 28,TDS,263.0,False,125
2023,8,urban_lake,Dhanmondi Lake,Near Dhanmondi- Road No 28,TDS,299.0,False,125
2023,11,urban_lake,Dhanmondi Lake,Near Dhanmondi- Road No 28,TDS,221.0,False,125
2023,2,urban_lake,Dhanmondi Lake,Near Dhanmondi- Road No 28,TotalAlkalinity,168.0,False,125
2023,8,urban_lake,Dhanmondi Lake,Near Dhanmondi- Road No 28,TotalAlkalinity,149.0,False,125
2023,11,urban_lake,Dhanmondi Lake,Near Dhanmondi- Road No 28,TotalAlkalinity,36.0,False,125
2023,2,urban_lake,Dhanmondi Lake,Near Dhanmondi- Road No 28,Turbidity,8.11,False,125
2023,8,urban_lake,Dhanmondi Lake,Near Dhanmondi- Road No 28,Turbidity,1.59,False,125
2023,11,urban_lake,Dhanmondi Lake,Near Dhanmondi- Road No 28,Turbidity,3.2,False,125
2023,2,urban_lake,Dhanmondi Lake,Near Dhanmondi- Road No 28,pH,7.76,False,124
2023,8,urban_lake,Dhanmondi Lake,Near Dhanmondi- Road No 28,pH,7.28,False,124
2023,11,urban_lake,Dhanmondi Lake,Near Dhanmondi- Road No 28,pH,7.23,False,124
2023,2,urban_lake,Dhanmondi Lake,Near Dhanmondi-32 Bridge,BOD,13.0,False,124
2023,8,urban_lake,Dhanmondi Lake,Near Dhanmondi-32 Bridge,BOD,2.4,False,124
2023,11,urban_lake,Dhanmondi Lake,Near Dhanmondi-32 Bridge,BOD,5.0,False,124
2023,2,urban_lake,Dhanmondi Lake,Near Dhanmondi-32 Bridge,COD,7.0,False,125
2023,8,urban_lake,Dhanmondi Lake,Near Dhanmondi-32 Bridge,COD,64.0,False,125
2023,11,urban_lake,Dhanmondi Lake,Near Dhanmondi-32 Bridge,COD,54.0,False,125
2023,2,urban_lake,Dhanmondi Lake,Near Dhanmondi-32 Bridge,Chloride,42.0,False,125
2023,8,urban_lake,Dhanmondi Lake,Near Dhanmondi-32 Bridge,Chloride,49.0,False,125
2023,11,urban_lake,Dhanmondi Lake,Near Dhanmondi-32 Bridge,Chloride,34.0,False,125
2023,2,urban_lake,Dhanmondi Lake,Near Dhanmondi-32 Bridge,DO,6.18,False,124
2023,8,urban_lake,Dhanmondi Lake,Near Dhanmondi-32 Bridge,DO,2.97,False,124
2023,11,urban_lake,Dhanmondi Lake,Near Dhanmondi-32 Bridge,DO,6.54,False,124
2023,2,urban_lake,Dhanmondi Lake,Near Dhanmondi-32 Bridge,EC,375.0,False,126
2023,8,urban_lake,Dhanmondi Lake,Near Dhanmondi-32 Bridge,EC,467.0,False,126
2023,11,urban_lake,Dhanmondi Lake,Near Dhanmondi-32 Bridge,EC,314.0,False,126
2023,2,urban_lake,Dhanmondi Lake,Near Dhanmondi-32 Bridge,SS,18.0,False,125
2023,8,urban_lake,Dhanmondi Lake,Near Dhanmondi-32 Bridge,SS,4.0,False,125
2023,11,urban_lake,Dhanmondi Lake,Near Dhanmondi-32 Bridge,SS,17.0,False,125
2023,2,urban_lake,Dhanmondi Lake,Near Dhanmondi-32 Bridge,TDS,196.0,False,125
2023,8,urban_lake,Dhanmondi Lake,Near Dhanmondi-32 Bridge,TDS,212.0,False,125
2023,11,urban_lake,Dhanmondi Lake,Near Dhanmondi-32 Bridge,TDS,148.5,False,125
2023,2,urban_lake,Dhanmondi Lake,Near Dhanmondi-32 Bridge,TotalAlkalinity,140.0,False,125
2023,8,urban_lake,Dhanmondi Lake,Near Dhanmondi-32 Bridge,TotalAlkalinity,101.0,False,125
2023,11,urban_lake,Dhanmondi Lake,Near Dhanmondi-32 Bridge,TotalAlkalinity,32.0,False,125
2023,2,urban_lake,Dhanmondi Lake,Near Dhanmondi-32 Bridge,Turbidity,9.0,False,125
2023,8,urban_lake,Dhanmondi Lake,Near Dhanmondi-32 Bridge,Turbidity,3.28,False,125
2023,11,urban_lake,Dhanmondi Lake,Near Dhanmondi-32 Bridge,Turbidity,6.85,False,125
2023,2,urban_lake,Dhanmondi Lake,Near Dhanmondi-32 Bridge,pH,7.96,False,124
2023,8,urban_lake,Dhanmondi Lake,Near Dhanmondi-32 Bridge,pH,7.3,False,124
2023,11,urban_lake,Dhanmondi Lake,Near Dhanmondi-32 Bridge,pH,7.43,False,124
2023,2,urban_lake,Dhanmondi Lake,Near Gigatola Pilkhana More,BOD,13.0,False,124
2023,8,urban_lake,Dhanmondi Lake,Near Gigatola Pilkhana More,BOD,1.8,False,124
2023,11,urban_lake,Dhanmondi Lake,Near Gigatola Pilkhana More,BOD,5.0,False,124
2023,2,urban_lake,Dhanmondi Lake,Near Gigatola Pilkhana More,COD,39.0,False,125
2023,8,urban_lake,Dhanmondi Lake,Near Gigatola Pilkhana More,COD,66.0,False,125
2023,11,urban_lake,Dhanmondi Lake,Near Gigatola Pilkhana More,COD,19.0,False,125
2023,2,urban_lake,Dhanmondi Lake,Near Gigatola Pilkhana More,Chloride,35.0,False,125
2023,8,urban_lake,Dhanmondi Lake,Near Gigatola Pilkhana More,Chloride,50.0,False,125
2023,11,urban_lake,Dhanmondi Lake,Near Gigatola Pilkhana More,Chloride,39.0,False,125
2023,2,urban_lake,Dhanmondi Lake,Near Gigatola Pilkhana More,DO,5.65,False,124
2023,8,urban_lake,Dhanmondi Lake,Near Gigatola Pilkhana More,DO,2.64,False,124
2023,11,urban_lake,Dhanmondi Lake,Near Gigatola Pilkhana More,DO,3.84,False,124
2023,2,urban_lake,Dhanmondi Lake,Near Gigatola Pilkhana More,EC,299.0,False,126
2023,8,urban_lake,Dhanmondi Lake,Near Gigatola Pilkhana More,EC,288.0,False,126
2023,11,urban_lake,Dhanmondi Lake,Near Gigatola Pilkhana More,EC,257.0,False,126
2023,2,urban_lake,Dhanmondi Lake,Near Gigatola Pilkhana More,SS,16.0,False,125
2023,8,urban_lake,Dhanmondi Lake,Near Gigatola Pilkhana More,SS,4.0,False,125
2023,11,urban_lake,Dhanmondi Lake,Near Gigatola Pilkhana More,SS,14.0,False,125
2023,2,urban_lake,Dhanmondi Lake,Near Gigatola Pilkhana More,TDS,156.0,False,125
2023,8,urban_lake,Dhanmondi Lake,Near Gigatola Pilkhana More,TDS,128.0,False,125
2023,11,urban_lake,Dhanmondi Lake,Near Gigatola Pilkhana More,TDS,120.8,False,125
2023,2,urban_lake,Dhanmondi Lake,Near Gigatola Pilkhana More,TotalAlkalinity,120.0,False,125
2023,8,urban_lake,Dhanmondi Lake,Near Gigatola Pilkhana More,TotalAlkalinity,91.0,False,125
2023,11,urban_lake,Dhanmondi Lake,Near Gigatola Pilkhana More,TotalAlkalinity,24.0,False,125
2023,2,urban_lake,Dhanmondi Lake,Near Gigatola Pilkhana More,Turbidity,8.09,False,125
2023,8,urban_lake,Dhanmondi Lake,Near Gigatola Pilkhana More,Turbidity,5.32,False,125
2023,11,urban_lake,Dhanmondi Lake,Near Gigatola Pilkhana More,Turbidity,3.2,False,125
2023,2,urban_lake,Dhanmondi Lake,Near Gigatola Pilkhana More,pH,7.55,False,124
2023,8,urban_lake,Dhanmondi Lake,Near Gigatola Pilkhana More,pH,7.6,False,124
2023,11,urban_lake,Dhanmondi Lake,Near Gigatola Pilkhana More,pH,7.59,False,124
2023,1,river,Ganges,Gorai off Take,BOD,3.4,False,114
2023,2,river,Ganges,Gorai off Take,BOD,2.6,False,114
2023,3,river,Ganges,Gorai off Take,BOD,2.6,False,114
2023,5,river,Ganges,Gorai off Take,BOD,5.2,False,114
2023,6,river,Ganges,Gorai off Take,BOD,8.7,False,114
2023,9,river,Ganges,Gorai off Take,BOD,8.7,False,114
2023,10,river,Ganges,Gorai off Take,BOD,8.9,False,114
2023,11,river,Ganges,Gorai off Take,BOD,3.17,False,114
2023,12,river,Ganges,Gorai off Take,BOD,5.19,False,114
2023,1,river,Ganges,Gorai off Take,Chloride,70.5,False,114
2023,2,river,Ganges,Gorai off Take,Chloride,214.0,False,114
2023,3,river,Ganges,Gorai off Take,Chloride,214.0,False,114
2023,5,river,Ganges,Gorai off Take,Chloride,205.0,False,114
2023,6,river,Ganges,Gorai off Take,Chloride,439.0,False,114
2023,9,river,Ganges,Gorai off Take,Chloride,397.0,False,114
2023,10,river,Ganges,Gorai off Take,Chloride,145.0,False,114
2023,11,river,Ganges,Gorai off Take,Chloride,107.0,False,114
2023,12,river,Ganges,Gorai off Take,Chloride,117.0,False,114
2023,1,river,Ganges,Gorai off Take,DO,4.7,False,114
2023,2,river,Ganges,Gorai off Take,DO,6.71,False,114
2023,3,river,Ganges,Gorai off Take,DO,6.71,False,114
2023,5,river,Ganges,Gorai off Take,DO,6.7,False,114
2023,6,river,Ganges,Gorai off Take,DO,7.23,False,114
2023,9,river,Ganges,Gorai off Take,DO,7.23,False,114
2023,10,river,Ganges,Gorai off Take,DO,6.96,False,114
2023,11,river,Ganges,Gorai off Take,DO,2.65,False,114
2023,12,river,Ganges,Gorai off Take,DO,4.24,False,114
2023,1,river,Ganges,Gorai off Take,EC,282.0,False,114
2023,2,river,Ganges,Gorai off Take,EC,854.0,False,114
2023,3,river,Ganges,Gorai off Take,EC,854.0,False,114
2023,5,river,Ganges,Gorai off Take,EC,820.0,False,114
2023,6,river,Ganges,Gorai off Take,EC,1754.0,False,114
2023,9,river,Ganges,Gorai off Take,EC,1754.0,False,114
2023,10,river,Ganges,Gorai off Take,EC,580.0,False,114
2023,11,river,Ganges,Gorai off Take,EC,428.0,False,114
2023,12,river,Ganges,Gorai off Take,EC,468.0,False,114
2023,1,river,Ganges,Gorai off Take,SS,25.0,False,115
2023,2,river,Ganges,Gorai off Take,SS,54.0,False,115
2023,3,river,Ganges,Gorai off Take,SS,54.0,False,115
2023,5,river,Ganges,Gorai off Take,SS,66.0,False,115
2023,6,river,Ganges,Gorai off Take,SS,72.0,False,115
2023,9,river,Ganges,Gorai off Take,SS,72.0,False,115
2023,10,river,Ganges,Gorai off Take,SS,22.0,False,115
2023,11,river,Ganges,Gorai off Take,SS,13.0,False,115
2023,12,river,Ganges,Gorai off Take,SS,11.0,False,115
2023,1,river,Ganges,Gorai off Take,TDS,142.0,False,114
2023,2,river,Ganges,Gorai off Take,TDS,127.0,False,114
2023,3,river,Ganges,Gorai off Take,TDS,427.0,False,114
2023,5,river,Ganges,Gorai off Take,TDS,410.0,False,114
2023,6,river,Ganges,Gorai off Take,TDS,877.0,False,114
2023,9,river,Ganges,Gorai off Take,TDS,877.0,False,114
2023,10,river,Ganges,Gorai off Take,TDS,324.0,False,114
2023,11,river,Ganges,Gorai off Take,TDS,214.0,False,114
2023,12,river,Ganges,Gorai off Take,TDS,232.0,False,114
2023,1,river,Ganges,Gorai off Take,Turbidity,26.0,False,114
2023,2,river,Ganges,Gorai off Take,Turbidity,37.0,False,114
2023,3,river,Ganges,Gorai off Take,Turbidity,22.0,False,114
2023,5,river,Ganges,Gorai off Take,Turbidity,65.0,False,114
2023,6,river,Ganges,Gorai off Take,Turbidity,95.0,False,114
2023,9,river,Ganges,Gorai off Take,Turbidity,95.0,False,114
2023,10,river,Ganges,Gorai off Take,Turbidity,32.0,False,114
2023,11,river,Ganges,Gorai off Take,Turbidity,22.0,False,114
2023,12,river,Ganges,Gorai off Take,Turbidity,16.0,False,114
2023,1,river,Ganges,Gorai off Take,pH,6.42,False,114
2023,2,river,Ganges,Gorai off Take,pH,7.23,False,114
2023,3,river,Ganges,Gorai off Take,pH,7.23,False,114
2023,5,river,Ganges,Gorai off Take,pH,6.22,False,114
2023,6,river,Ganges,Gorai off Take,pH,7.22,False,114
2023,9,river,Ganges,Gorai off Take,pH,7.22,False,114
2023,10,river,Ganges,Gorai off Take,pH,7.58,False,114
2023,11,river,Ganges,Gorai off Take,pH,7.78,False,114
2023,12,river,Ganges,Gorai off Take,pH,6.29,False,114
2023,1,river,Gorai,Kamarkhali Bridge,BOD,3.2,False,112
2023,2,river,Gorai,Kamarkhali Bridge,BOD,2.7,False,112
2023,3,river,Gorai,Kamarkhali Bridge,BOD,2.47,False,112
2023,6,river,Gorai,Kamarkhali Bridge,BOD,7.2,False,112
2023,9,river,Gorai,Kamarkhali Bridge,BOD,7.2,False,112
2023,10,river,Gorai,Kamarkhali Bridge,BOD,8.3,False,112
2023,11,river,Gorai,Kamarkhali Bridge,BOD,6.9,False,112
2023,12,river,Gorai,Kamarkhali Bridge,BOD,5.17,False,112
2023,1,river,Gorai,Kamarkhali Bridge,Chloride,39.0,False,112
2023,2,river,Gorai,Kamarkhali Bridge,Chloride,162.0,False,112
2023,3,river,Gorai,Kamarkhali Bridge,Chloride,54.0,False,112
2023,6,river,Gorai,Kamarkhali Bridge,Chloride,182.0,False,112
2023,9,river,Gorai,Kamarkhali Bridge,Chloride,198.0,False,112
2023,10,river,Gorai,Kamarkhali Bridge,Chloride,184.0,False,112
2023,11,river,Gorai,Kamarkhali Bridge,Chloride,157.0,False,112
2023,12,river,Gorai,Kamarkhali Bridge,Chloride,118.0,False,112
2023,1,river,Gorai,Kamarkhali Bridge,DO,6.5,False,112
2023,2,river,Gorai,Kamarkhali Bridge,DO,5.27,False,112
2023,3,river,Gorai,Kamarkhali Bridge,DO,5.17,False,112
2023,6,river,Gorai,Kamarkhali Bridge,DO,7.24,False,112
2023,9,river,Gorai,Kamarkhali Bridge,DO,7.24,False,112
2023,10,river,Gorai,Kamarkhali Bridge,DO,7.8,False,112
2023,11,river,Gorai,Kamarkhali Bridge,DO,8.16,False,112
2023,12,river,Gorai,Kamarkhali Bridge,DO,7.07,False,112
2023,1,river,Gorai,Kamarkhali Bridge,EC,158.0,False,113
2023,2,river,Gorai,Kamarkhali Bridge,EC,648.0,False,113
2023,3,river,Gorai,Kamarkhali Bridge,EC,216.0,False,113
2023,6,river,Gorai,Kamarkhali Bridge,EC,728.0,False,113
2023,9,river,Gorai,Kamarkhali Bridge,EC,728.0,False,113
2023,10,river,Gorai,Kamarkhali Bridge,EC,736.0,False,113
2023,11,river,Gorai,Kamarkhali Bridge,EC,626.0,False,113
2023,12,river,Gorai,Kamarkhali Bridge,EC,472.0,False,113
2023,1,river,Gorai,Kamarkhali Bridge,SS,22.0,False,113
2023,2,river,Gorai,Kamarkhali Bridge,SS,29.0,False,113
2023,3,river,Gorai,Kamarkhali Bridge,SS,36.0,False,113
2023,6,river,Gorai,Kamarkhali Bridge,SS,34.0,False,113
2023,9,river,Gorai,Kamarkhali Bridge,SS,34.0,False,113
2023,10,river,Gorai,Kamarkhali Bridge,SS,32.0,False,113
2023,11,river,Gorai,Kamarkhali Bridge,SS,35.0,False,113
2023,12,river,Gorai,Kamarkhali Bridge,SS,29.0,False,113
2023,1,river,Gorai,Kamarkhali Bridge,TDS,79.0,False,112
2023,2,river,Gorai,Kamarkhali Bridge,TDS,324.0,False,112
2023,3,river,Gorai,Kamarkhali Bridge,TDS,108.0,False,112
2023,6,river,Gorai,Kamarkhali Bridge,TDS,364.0,False,112
2023,9,river,Gorai,Kamarkhali Bridge,TDS,364.0,False,112
2023,10,river,Gorai,Kamarkhali Bridge,TDS,368.0,False,112
2023,11,river,Gorai,Kamarkhali Bridge,TDS,313.0,False,112
2023,12,river,Gorai,Kamarkhali Bridge,TDS,236.0,False,112
2023,1,river,Gorai,Kamarkhali Bridge,Turbidity,17.0,False,112
2023,2,river,Gorai,Kamarkhali Bridge,Turbidity,19.0,False,112
2023,3,river,Gorai,Kamarkhali Bridge,Turbidity,23.0,False,112
2023,6,river,Gorai,Kamarkhali Bridge,Turbidity,35.0,False,112
2023,9,river,Gorai,Kamarkhali Bridge,Turbidity,34.0,False,112
2023,10,river,Gorai,Kamarkhali Bridge,Turbidity,31.0,False,112
2023,11,river,Gorai,Kamarkhali Bridge,Turbidity,23.0,False,112
2023,12,river,Gorai,Kamarkhali Bridge,Turbidity,27.0,False,112
2023,1,river,Gorai,Kamarkhali Bridge,pH,7.48,False,112
2023,2,river,Gorai,Kamarkhali Bridge,pH,6.18,False,112
2023,3,river,Gorai,Kamarkhali Bridge,pH,6.72,False,112
2023,6,river,Gorai,Kamarkhali Bridge,pH,6.32,False,112
2023,9,river,Gorai,Kamarkhali Bridge,pH,6.39,False,112
2023,10,river,Gorai,Kamarkhali Bridge,pH,6.18,False,112
2023,11,river,Gorai,Kamarkhali Bridge,pH,7.19,False,112
2023,12,river,Gorai,Kamarkhali Bridge,pH,7.22,False,112
2023,2,urban_lake,Gulshan Lake,Lake View Clinic,BOD,37.0,False,122
2023,8,urban_lake,Gulshan Lake,Lake View Clinic,BOD,14.1,False,122
2023,11,urban_lake,Gulshan Lake,Lake View Clinic,BOD,25.5,False,122
2023,2,urban_lake,Gulshan Lake,Lake View Clinic,COD,68.0,False,122
2023,8,urban_lake,Gulshan Lake,Lake View Clinic,COD,62.0,False,122
2023,11,urban_lake,Gulshan Lake,Lake View Clinic,COD,138.0,False,122
2023,2,urban_lake,Gulshan Lake,Lake View Clinic,Chloride,52.0,False,123
2023,8,urban_lake,Gulshan Lake,Lake View Clinic,Chloride,42.0,False,123
2023,11,urban_lake,Gulshan Lake,Lake View Clinic,Chloride,45.5,False,123
2023,2,urban_lake,Gulshan Lake,Lake View Clinic,DO,6.78,False,122
2023,8,urban_lake,Gulshan Lake,Lake View Clinic,DO,1.59,False,122
2023,11,urban_lake,Gulshan Lake,Lake View Clinic,DO,9.48,False,122
2023,2,urban_lake,Gulshan Lake,Lake View Clinic,EC,562.0,False,124
2023,8,urban_lake,Gulshan Lake,Lake View Clinic,EC,477.0,False,124
2023,11,urban_lake,Gulshan Lake,Lake View Clinic,EC,555.0,False,124
2023,2,urban_lake,Gulshan Lake,Lake View Clinic,SS,241.0,False,123
2023,8,urban_lake,Gulshan Lake,Lake View Clinic,SS,65.0,False,123
2023,11,urban_lake,Gulshan Lake,Lake View Clinic,SS,163.0,False,123
2023,2,urban_lake,Gulshan Lake,Lake View Clinic,TDS,302.0,False,123
2023,8,urban_lake,Gulshan Lake,Lake View Clinic,TDS,215.0,False,123
2023,11,urban_lake,Gulshan Lake,Lake View Clinic,TDS,261.0,False,123
2023,2,urban_lake,Gulshan Lake,Lake View Clinic,TotalAlkalinity,276.0,False,124
2023,8,urban_lake,Gulshan Lake,Lake View Clinic,TotalAlkalinity,142.0,False,124
2023,11,urban_lake,Gulshan Lake,Lake View Clinic,TotalAlkalinity,36.0,False,124
2023,2,urban_lake,Gulshan Lake,Lake View Clinic,Turbidity,107.0,False,123
2023,8,urban_lake,Gulshan Lake,Lake View Clinic,Turbidity,34.5,False,123
2023,11,urban_lake,Gulshan Lake,Lake View Clinic,Turbidity,61.7,False,123
2023,2,urban_lake,Gulshan Lake,Lake View Clinic,pH,7.19,False,122
2023,8,urban_lake,Gulshan Lake,Lake View Clinic,pH,7.43,False,122
2023,11,urban_lake,Gulshan Lake,Lake View Clinic,pH,7.15,False,122
2023,2,urban_lake,Gulshan Lake,South Bridge,BOD,25.0,False,122
2023,8,urban_lake,Gulshan Lake,South Bridge,BOD,11.1,False,122
2023,11,urban_lake,Gulshan Lake,South Bridge,BOD,33.0,False,122
2023,2,urban_lake,Gulshan Lake,South Bridge,COD,58.0,False,122
2023,8,urban_lake,Gulshan Lake,South Bridge,COD,65.0,False,122
2023,11,urban_lake,Gulshan Lake,South Bridge,COD,133.0,False,122
2023,2,urban_lake,Gulshan Lake,South Bridge,Chloride,58.0,False,123
2023,8,urban_lake,Gulshan Lake,South Bridge,Chloride,43.0,False,123
2023,11,urban_lake,Gulshan Lake,South Bridge,Chloride,47.0,False,123
2023,2,urban_lake,Gulshan Lake,South Bridge,DO,7.08,False,122
2023,8,urban_lake,Gulshan Lake,South Bridge,DO,1.3,False,122
2023,11,urban_lake,Gulshan Lake,South Bridge,DO,2.66,False,122
2023,2,urban_lake,Gulshan Lake,South Bridge,EC,559.0,False,124
2023,8,urban_lake,Gulshan Lake,South Bridge,EC,508.0,False,124
2023,11,urban_lake,Gulshan Lake,South Bridge,EC,510.0,False,124
2023,2,urban_lake,Gulshan Lake,South Bridge,SS,202.0,False,123
2023,8,urban_lake,Gulshan Lake,South Bridge,SS,17.0,False,123
2023,11,urban_lake,Gulshan Lake,South Bridge,SS,151.0,False,123
2023,2,urban_lake,Gulshan Lake,South Bridge,TDS,304.0,False,123
2023,8,urban_lake,Gulshan Lake,South Bridge,TDS,227.0,False,123
2023,11,urban_lake,Gulshan Lake,South Bridge,TDS,266.0,False,123
2023,2,urban_lake,Gulshan Lake,South Bridge,TotalAlkalinity,240.0,False,124
2023,8,urban_lake,Gulshan Lake,South Bridge,TotalAlkalinity,131.0,False,124
2023,11,urban_lake,Gulshan Lake,South Bridge,TotalAlkalinity,48.0,False,124
2023,2,urban_lake,Gulshan Lake,South Bridge,Turbidity,78.0,False,123
2023,8,urban_lake,Gulshan Lake,South Bridge,Turbidity,16.9,False,123
2023,11,urban_lake,Gulshan Lake,South Bridge,Turbidity,62.3,False,123
2023,2,urban_lake,Gulshan Lake,South Bridge,pH,7.33,False,122
2023,8,urban_lake,Gulshan Lake,South Bridge,pH,7.69,False,122
2023,11,urban_lake,Gulshan Lake,South Bridge,pH,7.19,False,122
2023,2,urban_lake,Gulshan Lake,Taltola Shooting Complex,BOD,24.0,False,122
2023,8,urban_lake,Gulshan Lake,Taltola Shooting Complex,BOD,11.4,False,122
2023,11,urban_lake,Gulshan Lake,Taltola Shooting Complex,BOD,22.5,False,122
2023,2,urban_lake,Gulshan Lake,Taltola Shooting Complex,COD,51.0,False,122
2023,8,urban_lake,Gulshan Lake,Taltola Shooting Complex,COD,71.0,False,122
2023,11,urban_lake,Gulshan Lake,Taltola Shooting Complex,COD,122.0,False,122
2023,2,urban_lake,Gulshan Lake,Taltola Shooting Complex,Chloride,66.0,False,123
2023,8,urban_lake,Gulshan Lake,Taltola Shooting Complex,Chloride,48.0,False,123
2023,11,urban_lake,Gulshan Lake,Taltola Shooting Complex,Chloride,45.0,False,123
2023,2,urban_lake,Gulshan Lake,Taltola Shooting Complex,DO,5.32,False,122
2023,8,urban_lake,Gulshan Lake,Taltola Shooting Complex,DO,4.67,False,122
2023,11,urban_lake,Gulshan Lake,Taltola Shooting Complex,DO,1.39,False,122
2023,2,urban_lake,Gulshan Lake,Taltola Shooting Complex,EC,665.0,False,124
2023,8,urban_lake,Gulshan Lake,Taltola Shooting Complex,EC,534.0,False,124
2023,11,urban_lake,Gulshan Lake,Taltola Shooting Complex,EC,568.0,False,124
2023,2,urban_lake,Gulshan Lake,Taltola Shooting Complex,SS,122.0,False,123
2023,8,urban_lake,Gulshan Lake,Taltola Shooting Complex,SS,20.0,False,123
2023,11,urban_lake,Gulshan Lake,Taltola Shooting Complex,SS,154.0,False,123
2023,2,urban_lake,Gulshan Lake,Taltola Shooting Complex,TDS,358.0,False,123
2023,8,urban_lake,Gulshan Lake,Taltola Shooting Complex,TDS,240.0,False,123
2023,11,urban_lake,Gulshan Lake,Taltola Shooting Complex,TDS,265.0,False,123
2023,2,urban_lake,Gulshan Lake,Taltola Shooting Complex,TotalAlkalinity,280.0,False,124
2023,8,urban_lake,Gulshan Lake,Taltola Shooting Complex,TotalAlkalinity,138.0,False,124
2023,11,urban_lake,Gulshan Lake,Taltola Shooting Complex,TotalAlkalinity,52.0,False,124
2023,2,urban_lake,Gulshan Lake,Taltola Shooting Complex,Turbidity,52.0,False,123
2023,8,urban_lake,Gulshan Lake,Taltola Shooting Complex,Turbidity,18.4,False,123
2023,11,urban_lake,Gulshan Lake,Taltola Shooting Complex,Turbidity,61.0,False,123
2023,2,urban_lake,Gulshan Lake,Taltola Shooting Complex,pH,7.32,False,122
2023,8,urban_lake,Gulshan Lake,Taltola Shooting Complex,pH,7.56,False,122
2023,11,urban_lake,Gulshan Lake,Taltola Shooting Complex,pH,7.2,False,122
2023,2,urban_lake,Gulshan Lake,United Hospital,BOD,25.0,False,122
2023,8,urban_lake,Gulshan Lake,United Hospital,BOD,16.2,False,122
2023,11,urban_lake,Gulshan Lake,United Hospital,BOD,22.5,False,122
2023,2,urban_lake,Gulshan Lake,United Hospital,COD,54.0,False,122
2023,8,urban_lake,Gulshan Lake,United Hospital,COD,73.0,False,122
2023,11,urban_lake,Gulshan Lake,United Hospital,COD,153.0,False,122
2023,2,urban_lake,Gulshan Lake,United Hospital,Chloride,54.0,False,123
2023,8,urban_lake,Gulshan Lake,United Hospital,Chloride,40.0,False,123
2023,11,urban_lake,Gulshan Lake,United Hospital,Chloride,44.5,False,123
2023,2,urban_lake,Gulshan Lake,United Hospital,DO,6.96,False,122
2023,8,urban_lake,Gulshan Lake,United Hospital,DO,2.72,False,122
2023,11,urban_lake,Gulshan Lake,United Hospital,DO,6.63,False,122
2023,2,urban_lake,Gulshan Lake,United Hospital,EC,540.0,False,124
2023,8,urban_lake,Gulshan Lake,United Hospital,EC,483.0,False,124
2023,11,urban_lake,Gulshan Lake,United Hospital,EC,590.0,False,124
2023,2,urban_lake,Gulshan Lake,United Hospital,SS,194.0,False,123
2023,8,urban_lake,Gulshan Lake,United Hospital,SS,14.0,False,123
2023,11,urban_lake,Gulshan Lake,United Hospital,SS,165.0,False,123
2023,2,urban_lake,Gulshan Lake,United Hospital,TDS,286.0,False,123
2023,8,urban_lake,Gulshan Lake,United Hospital,TDS,215.0,False,123
2023,11,urban_lake,Gulshan Lake,United Hospital,TDS,255.0,False,123
2023,2,urban_lake,Gulshan Lake,United Hospital,TotalAlkalinity,212.0,False,124
2023,8,urban_lake,Gulshan Lake,United Hospital,TotalAlkalinity,110.0,False,124
2023,11,urban_lake,Gulshan Lake,United Hospital,TotalAlkalinity,48.0,False,124
2023,2,urban_lake,Gulshan Lake,United Hospital,Turbidity,92.0,False,123
2023,8,urban_lake,Gulshan Lake,United Hospital,Turbidity,15.8,False,123
2023,11,urban_lake,Gulshan Lake,United Hospital,Turbidity,64.4,False,123
2023,2,urban_lake,Gulshan Lake,United Hospital,pH,7.1,False,122
2023,8,urban_lake,Gulshan Lake,United Hospital,pH,7.62,False,122
2023,11,urban_lake,Gulshan Lake,United Hospital,pH,7.54,False,122
2023,1,river,Halda,Garduara Sluice gate,BOD,4.0,False,104
2023,2,river,Halda,Garduara Sluice gate,BOD,4.0,False,104
2023,3,river,Halda,Garduara Sluice gate,BOD,5.0,False,104
2023,4,river,Halda,Garduara Sluice gate,BOD,4.0,False,104
2023,5,river,Halda,Garduara Sluice gate,BOD,4.0,False,104
2023,6,river,Halda,Garduara Sluice gate,BOD,3.0,False,104
2023,7,river,Halda,Garduara Sluice gate,BOD,4.0,False,104
2023,8,river,Halda,Garduara Sluice gate,BOD,3.0,False,104
2023,9,river,Halda,Garduara Sluice gate,BOD,4.0,False,104
2023,10,river,Halda,Garduara Sluice gate,BOD,3.0,False,104
2023,11,river,Halda,Garduara Sluice gate,BOD,4.0,False,104
2023,12,river,Halda,Garduara Sluice gate,BOD,4.0,False,104
2023,1,river,Halda,Garduara Sluice gate,COD,11.0,False,104
2023,2,river,Halda,Garduara Sluice gate,COD,9.0,False,104
2023,3,river,Halda,Garduara Sluice gate,COD,12.0,False,104
2023,4,river,Halda,Garduara Sluice gate,COD,10.0,False,104
2023,5,river,Halda,Garduara Sluice gate,COD,9.0,False,104
2023,6,river,Halda,Garduara Sluice gate,COD,8.0,False,104
2023,7,river,Halda,Garduara Sluice gate,COD,8.0,False,104
2023,8,river,Halda,Garduara Sluice gate,COD,6.0,False,104
2023,9,river,Halda,Garduara Sluice gate,COD,10.0,False,104
2023,10,river,Halda,Garduara Sluice gate,COD,8.0,False,104
2023,11,river,Halda,Garduara Sluice gate,COD,9.0,False,104
2023,12,river,Halda,Garduara Sluice gate,COD,10.0,False,104
2023,1,river,Halda,Garduara Sluice gate,DO,8.46,False,104
2023,2,river,Halda,Garduara Sluice gate,DO,5.02,False,104
2023,3,river,Halda,Garduara Sluice gate,DO,8.26,False,104
2023,4,river,Halda,Garduara Sluice gate,DO,7.31,False,104
2023,5,river,Halda,Garduara Sluice gate,DO,7.51,False,104
2023,6,river,Halda,Garduara Sluice gate,DO,6.39,False,104
2023,7,river,Halda,Garduara Sluice gate,DO,7.48,False,104
2023,8,river,Halda,Garduara Sluice gate,DO,6.78,False,104
2023,9,river,Halda,Garduara Sluice gate,DO,7.12,False,104
2023,10,river,Halda,Garduara Sluice gate,DO,6.46,False,104
2023,11,river,Halda,Garduara Sluice gate,DO,7.41,False,104
2023,12,river,Halda,Garduara Sluice gate,DO,7.41,False,104
2023,1,river,Halda,Garduara Sluice gate,EC,242.0,False,104
2023,2,river,Halda,Garduara Sluice gate,EC,400.0,False,104
2023,3,river,Halda,Garduara Sluice gate,EC,318.0,False,104
2023,4,river,Halda,Garduara Sluice gate,EC,391.0,False,104
2023,5,river,Halda,Garduara Sluice gate,EC,400.0,False,104
2023,6,river,Halda,Garduara Sluice gate,EC,418.0,False,104
2023,7,river,Halda,Garduara Sluice gate,EC,412.0,False,104
2023,8,river,Halda,Garduara Sluice gate,EC,326.0,False,104
2023,9,river,Halda,Garduara Sluice gate,EC,330.0,False,104
2023,10,river,Halda,Garduara Sluice gate,EC,336.0,False,104
2023,11,river,Halda,Garduara Sluice gate,EC,212.6,False,104
2023,12,river,Halda,Garduara Sluice gate,EC,198.0,False,104
2023,1,river,Halda,Garduara Sluice gate,SS,39.0,False,104
2023,2,river,Halda,Garduara Sluice gate,SS,28.0,False,104
2023,3,river,Halda,Garduara Sluice gate,SS,29.0,False,104
2023,4,river,Halda,Garduara Sluice gate,SS,44.0,False,104
2023,5,river,Halda,Garduara Sluice gate,SS,43.0,False,104
2023,6,river,Halda,Garduara Sluice gate,SS,67.0,False,104
2023,7,river,Halda,Garduara Sluice gate,SS,68.0,False,104
2023,8,river,Halda,Garduara Sluice gate,SS,61.0,False,104
2023,9,river,Halda,Garduara Sluice gate,SS,49.0,False,104
2023,10,river,Halda,Garduara Sluice gate,SS,45.0,False,104
2023,11,river,Halda,Garduara Sluice gate,SS,35.0,False,104
2023,12,river,Halda,Garduara Sluice gate,SS,40.0,False,104
2023,1,river,Halda,Garduara Sluice gate,pH,6.88,False,104
2023,2,river,Halda,Garduara Sluice gate,pH,6.27,False,104
2023,3,river,Halda,Garduara Sluice gate,pH,6.98,False,104
2023,4,river,Halda,Garduara Sluice gate,pH,7.29,False,104
2023,5,river,Halda,Garduara Sluice gate,pH,5.98,False,104
2023,6,river,Halda,Garduara Sluice gate,pH,6.21,False,104
2023,7,river,Halda,Garduara Sluice gate,pH,6.38,False,104
2023,8,river,Halda,Garduara Sluice gate,pH,6.52,False,104
2023,9,river,Halda,Garduara Sluice gate,pH,6.49,False,104
2023,10,river,Halda,Garduara Sluice gate,pH,6.65,False,104
2023,11,river,Halda,Garduara Sluice gate,pH,6.9,False,104
2023,12,river,Halda,Garduara Sluice gate,pH,7.12,False,104
2023,1,river,Halda,Halda Bridge,BOD,5.0,False,104
2023,2,river,Halda,Halda Bridge,BOD,3.0,False,104
2023,3,river,Halda,Halda Bridge,BOD,4.0,False,104
2023,4,river,Halda,Halda Bridge,BOD,5.0,False,104
2023,5,river,Halda,Halda Bridge,BOD,4.0,False,104
2023,6,river,Halda,Halda Bridge,BOD,3.0,False,104
2023,7,river,Halda,Halda Bridge,BOD,3.0,False,104
2023,8,river,Halda,Halda Bridge,BOD,2.0,False,104
2023,9,river,Halda,Halda Bridge,BOD,3.0,False,104
2023,10,river,Halda,Halda Bridge,BOD,3.0,False,104
2023,11,river,Halda,Halda Bridge,BOD,3.0,False,104
2023,12,river,Halda,Halda Bridge,BOD,4.0,False,104
2023,1,river,Halda,Halda Bridge,COD,10.0,False,104
2023,2,river,Halda,Halda Bridge,COD,9.0,False,104
2023,3,river,Halda,Halda Bridge,COD,9.0,False,104
2023,4,river,Halda,Halda Bridge,COD,11.0,False,104
2023,5,river,Halda,Halda Bridge,COD,10.0,False,104
2023,6,river,Halda,Halda Bridge,COD,7.0,False,104
2023,7,river,Halda,Halda Bridge,COD,8.0,False,104
2023,8,river,Halda,Halda Bridge,COD,5.0,False,104
2023,9,river,Halda,Halda Bridge,COD,9.0,False,104
2023,10,river,Halda,Halda Bridge,COD,9.0,False,104
2023,11,river,Halda,Halda Bridge,COD,8.0,False,104
2023,12,river,Halda,Halda Bridge,COD,12.0,False,104
2023,1,river,Halda,Halda Bridge,DO,6.93,False,104
2023,2,river,Halda,Halda Bridge,DO,6.26,False,104
2023,3,river,Halda,Halda Bridge,DO,6.48,False,104
2023,4,river,Halda,Halda Bridge,DO,6.32,False,104
2023,5,river,Halda,Halda Bridge,DO,6.1,False,104
2023,6,river,Halda,Halda Bridge,DO,7.24,False,104
2023,7,river,Halda,Halda Bridge,DO,7.63,False,104
2023,8,river,Halda,Halda Bridge,DO,7.01,False,104
2023,9,river,Halda,Halda Bridge,DO,6.98,False,104
2023,10,river,Halda,Halda Bridge,DO,6.88,False,104
2023,11,river,Halda,Halda Bridge,DO,7.06,False,104
2023,12,river,Halda,Halda Bridge,DO,7.06,False,104
2023,1,river,Halda,Halda Bridge,EC,221.0,False,104
2023,2,river,Halda,Halda Bridge,EC,309.0,False,104
2023,3,river,Halda,Halda Bridge,EC,242.0,False,104
2023,4,river,Halda,Halda Bridge,EC,344.0,False,104
2023,5,river,Halda,Halda Bridge,EC,309.0,False,104
2023,6,river,Halda,Halda Bridge,EC,378.0,False,104
2023,7,river,Halda,Halda Bridge,EC,318.0,False,104
2023,8,river,Halda,Halda Bridge,EC,262.0,False,104
2023,9,river,Halda,Halda Bridge,EC,285.0,False,104
2023,10,river,Halda,Halda Bridge,EC,310.0,False,104
2023,11,river,Halda,Halda Bridge,EC,189.7,False,104
2023,12,river,Halda,Halda Bridge,EC,181.0,False,104
2023,1,river,Halda,Halda Bridge,SS,46.0,False,104
2023,2,river,Halda,Halda Bridge,SS,32.0,False,104
2023,3,river,Halda,Halda Bridge,SS,36.0,False,104
2023,4,river,Halda,Halda Bridge,SS,28.0,False,104
2023,5,river,Halda,Halda Bridge,SS,34.0,False,104
2023,6,river,Halda,Halda Bridge,SS,89.0,False,104
2023,7,river,Halda,Halda Bridge,SS,59.0,False,104
2023,8,river,Halda,Halda Bridge,SS,55.0,False,104
2023,9,river,Halda,Halda Bridge,SS,40.0,False,104
2023,10,river,Halda,Halda Bridge,SS,42.0,False,104
2023,11,river,Halda,Halda Bridge,SS,47.0,False,104
2023,12,river,Halda,Halda Bridge,SS,41.2,False,104
2023,1,river,Halda,Halda Bridge,pH,6.79,False,104
2023,2,river,Halda,Halda Bridge,pH,6.08,False,104
2023,3,river,Halda,Halda Bridge,pH,6.89,False,104
2023,4,river,Halda,Halda Bridge,pH,7.25,False,104
2023,5,river,Halda,Halda Bridge,pH,6.26,False,104
2023,6,river,Halda,Halda Bridge,pH,6.49,False,104
2023,7,river,Halda,Halda Bridge,pH,6.46,False,104
2023,8,river,Halda,Halda Bridge,pH,6.55,False,104
2023,9,river,Halda,Halda Bridge,pH,6.71,False,104
2023,10,river,Halda,Halda Bridge,pH,6.79,False,104
2023,11,river,Halda,Halda Bridge,pH,6.96,False,104
2023,12,river,Halda,Halda Bridge,pH,7.26,False,104
2023,1,river,Halda,Maduna Ghat,BOD,4.0,False,104
2023,2,river,Halda,Maduna Ghat,BOD,5.0,False,104
2023,3,river,Halda,Maduna Ghat,BOD,4.0,False,104
2023,4,river,Halda,Maduna Ghat,BOD,3.0,False,104
2023,5,river,Halda,Maduna Ghat,BOD,5.0,False,104
2023,6,river,Halda,Maduna Ghat,BOD,4.0,False,104
2023,7,river,Halda,Maduna Ghat,BOD,4.0,False,104
2023,8,river,Halda,Maduna Ghat,BOD,3.0,False,104
2023,9,river,Halda,Maduna Ghat,BOD,3.0,False,104
2023,10,river,Halda,Maduna Ghat,BOD,3.0,False,104
2023,11,river,Halda,Maduna Ghat,BOD,4.0,False,104
2023,12,river,Halda,Maduna Ghat,BOD,5.0,False,104
2023,1,river,Halda,Maduna Ghat,COD,9.0,False,104
2023,2,river,Halda,Maduna Ghat,COD,11.0,False,104
2023,3,river,Halda,Maduna Ghat,COD,10.0,False,104
2023,4,river,Halda,Maduna Ghat,COD,9.0,False,104
2023,5,river,Halda,Maduna Ghat,COD,11.0,False,104
2023,6,river,Halda,Maduna Ghat,COD,11.0,False,104
2023,7,river,Halda,Maduna Ghat,COD,10.0,False,104
2023,8,river,Halda,Maduna Ghat,COD,9.0,False,104
2023,9,river,Halda,Maduna Ghat,COD,8.0,False,104
2023,10,river,Halda,Maduna Ghat,COD,8.0,False,104
2023,11,river,Halda,Maduna Ghat,COD,9.0,False,104
2023,12,river,Halda,Maduna Ghat,COD,13.0,False,104
2023,1,river,Halda,Maduna Ghat,DO,7.12,False,104
2023,2,river,Halda,Maduna Ghat,DO,6.53,False,104
2023,3,river,Halda,Maduna Ghat,DO,7.22,False,104
2023,4,river,Halda,Maduna Ghat,DO,6.63,False,104
2023,5,river,Halda,Maduna Ghat,DO,7.13,False,104
2023,6,river,Halda,Maduna Ghat,DO,6.49,False,104
2023,7,river,Halda,Maduna Ghat,DO,7.38,False,104
2023,8,river,Halda,Maduna Ghat,DO,6.49,False,104
2023,9,river,Halda,Maduna Ghat,DO,7.56,False,104
2023,10,river,Halda,Maduna Ghat,DO,6.19,False,104
2023,11,river,Halda,Maduna Ghat,DO,7.83,False,104
2023,12,river,Halda,Maduna Ghat,DO,7.83,False,104
2023,1,river,Halda,Maduna Ghat,EC,235.0,False,104
2023,2,river,Halda,Maduna Ghat,EC,790.0,False,104
2023,3,river,Halda,Maduna Ghat,EC,275.0,False,104
2023,4,river,Halda,Maduna Ghat,EC,336.0,False,104
2023,5,river,Halda,Maduna Ghat,EC,790.0,False,104
2023,6,river,Halda,Maduna Ghat,EC,479.0,False,104
2023,7,river,Halda,Maduna Ghat,EC,348.0,False,104
2023,8,river,Halda,Maduna Ghat,EC,336.0,False,104
2023,9,river,Halda,Maduna Ghat,EC,340.0,False,104
2023,10,river,Halda,Maduna Ghat,EC,356.0,False,104
2023,11,river,Halda,Maduna Ghat,EC,114.4,False,104
2023,12,river,Halda,Maduna Ghat,EC,114.4,False,104
2023,1,river,Halda,Maduna Ghat,SS,58.0,False,104
2023,2,river,Halda,Maduna Ghat,SS,42.0,False,104
2023,3,river,Halda,Maduna Ghat,SS,40.0,False,104
2023,4,river,Halda,Maduna Ghat,SS,30.0,False,104
2023,5,river,Halda,Maduna Ghat,SS,37.0,False,104
2023,6,river,Halda,Maduna Ghat,SS,58.0,False,104
2023,7,river,Halda,Maduna Ghat,SS,45.0,False,104
2023,8,river,Halda,Maduna Ghat,SS,40.0,False,104
2023,9,river,Halda,Maduna Ghat,SS,32.0,False,104
2023,10,river,Halda,Maduna Ghat,SS,37.0,False,104
2023,11,river,Halda,Maduna Ghat,SS,41.0,False,104
2023,12,river,Halda,Maduna Ghat,SS,114.4,False,104
2023,1,river,Halda,Maduna Ghat,pH,7.0,False,104
2023,2,river,Halda,Maduna Ghat,pH,6.46,False,104
2023,3,river,Halda,Maduna Ghat,pH,7.2,False,104
2023,4,river,Halda,Maduna Ghat,pH,7.31,False,104
2023,5,river,Halda,Maduna Ghat,pH,6.53,False,104
2023,6,river,Halda,Maduna Ghat,pH,6.78,False,104
2023,7,river,Halda,Maduna Ghat,pH,6.33,False,104
2023,8,river,Halda,Maduna Ghat,pH,6.51,False,104
2023,9,river,Halda,Maduna Ghat,pH,6.55,False,104
2023,10,river,Halda,Maduna Ghat,pH,6.7,False,104
2023,11,river,Halda,Maduna Ghat,pH,6.81,False,104
2023,12,river,Halda,Maduna Ghat,pH,7.25,False,104
2023,2,urban_lake,Hatir Jheel,FDC More Bridge,BOD,13.0,False,126
2023,8,urban_lake,Hatir Jheel,FDC More Bridge,BOD,18.6,False,126
2023,11,urban_lake,Hatir Jheel,FDC More Bridge,BOD,9.0,False,126
2023,2,urban_lake,Hatir Jheel,FDC More Bridge,COD,24.0,False,126
2023,8,urban_lake,Hatir Jheel,FDC More Bridge,COD,73.0,False,126
2023,11,urban_lake,Hatir Jheel,FDC More Bridge,COD,62.0,False,126
2023,2,urban_lake,Hatir Jheel,FDC More Bridge,Chloride,63.0,False,127
2023,8,urban_lake,Hatir Jheel,FDC More Bridge,Chloride,61.0,False,127
2023,11,urban_lake,Hatir Jheel,FDC More Bridge,Chloride,50.0,False,127
2023,2,urban_lake,Hatir Jheel,FDC More Bridge,DO,6.42,False,126
2023,8,urban_lake,Hatir Jheel,FDC More Bridge,DO,1.3,False,126
2023,11,urban_lake,Hatir Jheel,FDC More Bridge,DO,10.98,False,126
2023,2,urban_lake,Hatir Jheel,FDC More Bridge,EC,580.0,False,127
2023,8,urban_lake,Hatir Jheel,FDC More Bridge,EC,611.0,False,127
2023,11,urban_lake,Hatir Jheel,FDC More Bridge,EC,511.0,False,127
2023,2,urban_lake,Hatir Jheel,FDC More Bridge,SS,33.0,False,127
2023,8,urban_lake,Hatir Jheel,FDC More Bridge,SS,7.0,False,127
2023,11,urban_lake,Hatir Jheel,FDC More Bridge,SS,24.0,False,127
2023,2,urban_lake,Hatir Jheel,FDC More Bridge,TDS,313.0,False,126
2023,8,urban_lake,Hatir Jheel,FDC More Bridge,TDS,276.0,False,126
2023,11,urban_lake,Hatir Jheel,FDC More Bridge,TDS,230.0,False,126
2023,2,urban_lake,Hatir Jheel,FDC More Bridge,TotalAlkalinity,208.0,False,127
2023,8,urban_lake,Hatir Jheel,FDC More Bridge,TotalAlkalinity,183.0,False,127
2023,11,urban_lake,Hatir Jheel,FDC More Bridge,TotalAlkalinity,44.0,False,127
2023,2,urban_lake,Hatir Jheel,FDC More Bridge,Turbidity,17.3,False,127
2023,8,urban_lake,Hatir Jheel,FDC More Bridge,Turbidity,2.52,False,127
2023,11,urban_lake,Hatir Jheel,FDC More Bridge,Turbidity,23.9,False,127
2023,2,urban_lake,Hatir Jheel,FDC More Bridge,pH,7.5,False,126
2023,8,urban_lake,Hatir Jheel,FDC More Bridge,pH,7.59,False,126
2023,11,urban_lake,Hatir Jheel,FDC More Bridge,pH,7.7,False,126
2023,2,urban_lake,Hatir Jheel,Raampura Bridge,BOD,34.0,False,126
2023,8,urban_lake,Hatir Jheel,Raampura Bridge,BOD,16.8,False,126
2023,11,urban_lake,Hatir Jheel,Raampura Bridge,BOD,13.0,False,126
2023,2,urban_lake,Hatir Jheel,Raampura Bridge,COD,63.0,False,126
2023,8,urban_lake,Hatir Jheel,Raampura Bridge,COD,70.0,False,126
2023,11,urban_lake,Hatir Jheel,Raampura Bridge,COD,74.0,False,126
2023,2,urban_lake,Hatir Jheel,Raampura Bridge,Chloride,75.0,False,127
2023,8,urban_lake,Hatir Jheel,Raampura Bridge,Chloride,48.0,False,127
2023,11,urban_lake,Hatir Jheel,Raampura Bridge,Chloride,47.0,False,127
2023,2,urban_lake,Hatir Jheel,Raampura Bridge,DO,2.37,False,126
2023,8,urban_lake,Hatir Jheel,Raampura Bridge,DO,2.24,False,126
2023,11,urban_lake,Hatir Jheel,Raampura Bridge,DO,3.58,False,126
2023,2,urban_lake,Hatir Jheel,Raampura Bridge,EC,667.0,False,127
2023,8,urban_lake,Hatir Jheel,Raampura Bridge,EC,519.0,False,127
2023,11,urban_lake,Hatir Jheel,Raampura Bridge,EC,590.0,False,127
2023,2,urban_lake,Hatir Jheel,Raampura Bridge,SS,83.0,False,127
2023,8,urban_lake,Hatir Jheel,Raampura Bridge,SS,14.0,False,127
2023,11,urban_lake,Hatir Jheel,Raampura Bridge,SS,63.0,False,127
2023,2,urban_lake,Hatir Jheel,Raampura Bridge,TDS,366.0,False,126
2023,8,urban_lake,Hatir Jheel,Raampura Bridge,TDS,230.0,False,126
2023,11,urban_lake,Hatir Jheel,Raampura Bridge,TDS,264.0,False,126
2023,2,urban_lake,Hatir Jheel,Raampura Bridge,TotalAlkalinity,252.0,False,127
2023,8,urban_lake,Hatir Jheel,Raampura Bridge,TotalAlkalinity,131.0,False,127
2023,11,urban_lake,Hatir Jheel,Raampura Bridge,TotalAlkalinity,36.0,False,127
2023,2,urban_lake,Hatir Jheel,Raampura Bridge,Turbidity,33.0,False,127
2023,8,urban_lake,Hatir Jheel,Raampura Bridge,Turbidity,3.91,False,127
2023,11,urban_lake,Hatir Jheel,Raampura Bridge,Turbidity,28.7,False,127
2023,2,urban_lake,Hatir Jheel,Raampura Bridge,pH,7.45,False,126
2023,8,urban_lake,Hatir Jheel,Raampura Bridge,pH,7.68,False,126
2023,11,urban_lake,Hatir Jheel,Raampura Bridge,pH,7.59,False,126
2023,1,river,Jamuna,Horipur Kheya ghat (Dn),BOD,2.5,False,97
2023,2,river,Jamuna,Horipur Kheya ghat (Dn),BOD,2.2,False,97
2023,4,river,Jamuna,Horipur Kheya ghat (Dn),BOD,2.1,False,97
2023,5,river,Jamuna,Horipur Kheya ghat (Dn),BOD,2.2,False,97
2023,6,river,Jamuna,Horipur Kheya ghat (Dn),BOD,2.4,False,97
2023,7,river,Jamuna,Horipur Kheya ghat (Dn),BOD,2.5,False,97
2023,8,river,Jamuna,Horipur Kheya ghat (Dn),BOD,2.4,False,97
2023,9,river,Jamuna,Horipur Kheya ghat (Dn),BOD,2.5,False,97
2023,10,river,Jamuna,Horipur Kheya ghat (Dn),BOD,2.4,False,97
2023,11,river,Jamuna,Horipur Kheya ghat (Dn),BOD,2.5,False,97
2023,12,river,Jamuna,Horipur Kheya ghat (Dn),BOD,2.5,False,97
2023,1,river,Jamuna,Horipur Kheya ghat (Dn),DO,7.6,False,97
2023,2,river,Jamuna,Horipur Kheya ghat (Dn),DO,7.6,False,97
2023,4,river,Jamuna,Horipur Kheya ghat (Dn),DO,7.5,False,97
2023,5,river,Jamuna,Horipur Kheya ghat (Dn),DO,7.52,False,97
2023,6,river,Jamuna,Horipur Kheya ghat (Dn),DO,7.5,False,97
2023,7,river,Jamuna,Horipur Kheya ghat (Dn),DO,7.52,False,97
2023,8,river,Jamuna,Horipur Kheya ghat (Dn),DO,7.52,False,97
2023,9,river,Jamuna,Horipur Kheya ghat (Dn),DO,7.52,False,97
2023,10,river,Jamuna,Horipur Kheya ghat (Dn),DO,7.5,False,97
2023,11,river,Jamuna,Horipur Kheya ghat (Dn),DO,7.45,False,97
2023,12,river,Jamuna,Horipur Kheya ghat (Dn),DO,7.44,False,97
2023,1,river,Jamuna,Horipur Kheya ghat (Dn),EC,262.0,False,98
2023,2,river,Jamuna,Horipur Kheya ghat (Dn),EC,264.0,False,98
2023,4,river,Jamuna,Horipur Kheya ghat (Dn),EC,280.0,False,98
2023,5,river,Jamuna,Horipur Kheya ghat (Dn),EC,270.0,False,98
2023,6,river,Jamuna,Horipur Kheya ghat (Dn),EC,280.0,False,98
2023,7,river,Jamuna,Horipur Kheya ghat (Dn),EC,280.0,False,98
2023,8,river,Jamuna,Horipur Kheya ghat (Dn),EC,284.0,False,98
2023,9,river,Jamuna,Horipur Kheya ghat (Dn),EC,280.0,False,98
2023,10,river,Jamuna,Horipur Kheya ghat (Dn),EC,284.0,False,98
2023,11,river,Jamuna,Horipur Kheya ghat (Dn),EC,300.0,False,98
2023,12,river,Jamuna,Horipur Kheya ghat (Dn),EC,302.0,False,98
2023,1,river,Jamuna,Horipur Kheya ghat (Dn),SS,36.0,False,98
2023,2,river,Jamuna,Horipur Kheya ghat (Dn),SS,36.0,False,98
2023,4,river,Jamuna,Horipur Kheya ghat (Dn),SS,36.0,False,98
2023,5,river,Jamuna,Horipur Kheya ghat (Dn),SS,36.0,False,98
2023,6,river,Jamuna,Horipur Kheya ghat (Dn),SS,36.0,False,98
2023,7,river,Jamuna,Horipur Kheya ghat (Dn),SS,36.0,False,98
2023,8,river,Jamuna,Horipur Kheya ghat (Dn),SS,36.0,False,98
2023,9,river,Jamuna,Horipur Kheya ghat (Dn),SS,36.0,False,98
2023,10,river,Jamuna,Horipur Kheya ghat (Dn),SS,36.0,False,98
2023,11,river,Jamuna,Horipur Kheya ghat (Dn),SS,36.0,False,98
2023,12,river,Jamuna,Horipur Kheya ghat (Dn),SS,36.0,False,98
2023,1,river,Jamuna,Horipur Kheya ghat (Dn),TDS,131.0,False,98
2023,2,river,Jamuna,Horipur Kheya ghat (Dn),TDS,132.0,False,98
2023,4,river,Jamuna,Horipur Kheya ghat (Dn),TDS,140.0,False,98
2023,5,river,Jamuna,Horipur Kheya ghat (Dn),TDS,135.0,False,98
2023,6,river,Jamuna,Horipur Kheya ghat (Dn),TDS,140.0,False,98
2023,7,river,Jamuna,Horipur Kheya ghat (Dn),TDS,140.0,False,98
2023,8,river,Jamuna,Horipur Kheya ghat (Dn),TDS,142.0,False,98
2023,9,river,Jamuna,Horipur Kheya ghat (Dn),TDS,140.0,False,98
2023,10,river,Jamuna,Horipur Kheya ghat (Dn),TDS,142.0,False,98
2023,11,river,Jamuna,Horipur Kheya ghat (Dn),TDS,150.0,False,98
2023,12,river,Jamuna,Horipur Kheya ghat (Dn),TDS,151.0,False,98
2023,1,river,Jamuna,Horipur Kheya ghat (Dn),pH,7.52,False,97
2023,2,river,Jamuna,Horipur Kheya ghat (Dn),pH,7.6,False,97
2023,4,river,Jamuna,Horipur Kheya ghat (Dn),pH,7.45,False,97
2023,5,river,Jamuna,Horipur Kheya ghat (Dn),pH,7.4,False,97
2023,6,river,Jamuna,Horipur Kheya ghat (Dn),pH,7.5,False,97
2023,7,river,Jamuna,Horipur Kheya ghat (Dn),pH,7.52,False,97
2023,8,river,Jamuna,Horipur Kheya ghat (Dn),pH,7.5,False,97
2023,9,river,Jamuna,Horipur Kheya ghat (Dn),pH,7.52,False,97
2023,10,river,Jamuna,Horipur Kheya ghat (Dn),pH,7.45,False,97
2023,11,river,Jamuna,Horipur Kheya ghat (Dn),pH,7.45,False,97
2023,12,river,Jamuna,Horipur Kheya ghat (Dn),pH,7.44,False,97
2023,1,river,Jamuna,Horipur Kheya ghat (Up),BOD,2.5,False,97
2023,2,river,Jamuna,Horipur Kheya ghat (Up),BOD,2.2,False,97
2023,4,river,Jamuna,Horipur Kheya ghat (Up),BOD,2.1,False,97
2023,5,river,Jamuna,Horipur Kheya ghat (Up),BOD,2.2,False,97
2023,6,river,Jamuna,Horipur Kheya ghat (Up),BOD,2.4,False,97
2023,7,river,Jamuna,Horipur Kheya ghat (Up),BOD,2.5,False,97
2023,8,river,Jamuna,Horipur Kheya ghat (Up),BOD,2.4,False,97
2023,9,river,Jamuna,Horipur Kheya ghat (Up),BOD,2.5,False,97
2023,10,river,Jamuna,Horipur Kheya ghat (Up),BOD,2.4,False,97
2023,11,river,Jamuna,Horipur Kheya ghat (Up),BOD,2.5,False,97
2023,12,river,Jamuna,Horipur Kheya ghat (Up),BOD,2.5,False,97
2023,1,river,Jamuna,Horipur Kheya ghat (Up),DO,7.6,False,97
2023,2,river,Jamuna,Horipur Kheya ghat (Up),DO,7.6,False,97
2023,4,river,Jamuna,Horipur Kheya ghat (Up),DO,7.5,False,97
2023,5,river,Jamuna,Horipur Kheya ghat (Up),DO,7.52,False,97
2023,6,river,Jamuna,Horipur Kheya ghat (Up),DO,7.5,False,97
2023,7,river,Jamuna,Horipur Kheya ghat (Up),DO,7.52,False,97
2023,8,river,Jamuna,Horipur Kheya ghat (Up),DO,7.52,False,97
2023,9,river,Jamuna,Horipur Kheya ghat (Up),DO,7.52,False,97
2023,10,river,Jamuna,Horipur Kheya ghat (Up),DO,7.5,False,97
2023,11,river,Jamuna,Horipur Kheya ghat (Up),DO,7.45,False,97
2023,12,river,Jamuna,Horipur Kheya ghat (Up),DO,7.44,False,97
2023,1,river,Jamuna,Horipur Kheya ghat (Up),EC,262.0,False,98
2023,2,river,Jamuna,Horipur Kheya ghat (Up),EC,264.0,False,98
2023,4,river,Jamuna,Horipur Kheya ghat (Up),EC,280.0,False,98
2023,5,river,Jamuna,Horipur Kheya ghat (Up),EC,270.0,False,98
2023,6,river,Jamuna,Horipur Kheya ghat (Up),EC,280.0,False,98
2023,7,river,Jamuna,Horipur Kheya ghat (Up),EC,280.0,False,98
2023,8,river,Jamuna,Horipur Kheya ghat (Up),EC,284.0,False,98
2023,9,river,Jamuna,Horipur Kheya ghat (Up),EC,280.0,False,98
2023,10,river,Jamuna,Horipur Kheya ghat (Up),EC,284.0,False,98
2023,11,river,Jamuna,Horipur Kheya ghat (Up),EC,300.0,False,98
2023,12,river,Jamuna,Horipur Kheya ghat (Up),EC,302.0,False,98
2023,1,river,Jamuna,Horipur Kheya ghat (Up),SS,36.0,False,98
2023,2,river,Jamuna,Horipur Kheya ghat (Up),SS,36.0,False,98
2023,4,river,Jamuna,Horipur Kheya ghat (Up),SS,36.0,False,98
2023,5,river,Jamuna,Horipur Kheya ghat (Up),SS,36.0,False,98
2023,6,river,Jamuna,Horipur Kheya ghat (Up),SS,36.0,False,98
2023,7,river,Jamuna,Horipur Kheya ghat (Up),SS,36.0,False,98
2023,8,river,Jamuna,Horipur Kheya ghat (Up),SS,36.0,False,98
2023,9,river,Jamuna,Horipur Kheya ghat (Up),SS,36.0,False,98
2023,10,river,Jamuna,Horipur Kheya ghat (Up),SS,36.0,False,98
2023,11,river,Jamuna,Horipur Kheya ghat (Up),SS,36.0,False,98
2023,12,river,Jamuna,Horipur Kheya ghat (Up),SS,36.0,False,98
2023,1,river,Jamuna,Horipur Kheya ghat (Up),TDS,131.0,False,98
2023,2,river,Jamuna,Horipur Kheya ghat (Up),TDS,132.0,False,98
2023,4,river,Jamuna,Horipur Kheya ghat (Up),TDS,140.0,False,98
2023,5,river,Jamuna,Horipur Kheya ghat (Up),TDS,135.0,False,98
2023,6,river,Jamuna,Horipur Kheya ghat (Up),TDS,140.0,False,98
2023,7,river,Jamuna,Horipur Kheya ghat (Up),TDS,140.0,False,98
2023,8,river,Jamuna,Horipur Kheya ghat (Up),TDS,142.0,False,98
2023,9,river,Jamuna,Horipur Kheya ghat (Up),TDS,140.0,False,98
2023,10,river,Jamuna,Horipur Kheya ghat (Up),TDS,142.0,False,98
2023,11,river,Jamuna,Horipur Kheya ghat (Up),TDS,150.0,False,98
2023,12,river,Jamuna,Horipur Kheya ghat (Up),TDS,151.0,False,98
2023,1,river,Jamuna,Horipur Kheya ghat (Up),pH,7.52,False,97
2023,2,river,Jamuna,Horipur Kheya ghat (Up),pH,7.6,False,97
2023,4,river,Jamuna,Horipur Kheya ghat (Up),pH,7.45,False,97
2023,5,river,Jamuna,Horipur Kheya ghat (Up),pH,7.4,False,97
2023,6,river,Jamuna,Horipur Kheya ghat (Up),pH,7.5,False,97
2023,7,river,Jamuna,Horipur Kheya ghat (Up),pH,7.52,False,97
2023,8,river,Jamuna,Horipur Kheya ghat (Up),pH,7.5,False,97
2023,9,river,Jamuna,Horipur Kheya ghat (Up),pH,7.52,False,97
2023,10,river,Jamuna,Horipur Kheya ghat (Up),pH,7.45,False,97
2023,11,river,Jamuna,Horipur Kheya ghat (Up),pH,7.45,False,97
2023,12,river,Jamuna,Horipur Kheya ghat (Up),pH,7.44,False,97
2023,1,river,Jamuna,Jamuna Eco Park (Dn),BOD,2.4,False,97
2023,2,river,Jamuna,Jamuna Eco Park (Dn),BOD,2.4,False,97
2023,4,river,Jamuna,Jamuna Eco Park (Dn),BOD,2.2,False,97
2023,5,river,Jamuna,Jamuna Eco Park (Dn),BOD,2.2,False,97
2023,6,river,Jamuna,Jamuna Eco Park (Dn),BOD,2.4,False,97
2023,7,river,Jamuna,Jamuna Eco Park (Dn),BOD,2.3,False,97
2023,8,river,Jamuna,Jamuna Eco Park (Dn),BOD,2.3,False,97
2023,9,river,Jamuna,Jamuna Eco Park (Dn),BOD,2.3,False,97
2023,10,river,Jamuna,Jamuna Eco Park (Dn),BOD,2.4,False,97
2023,11,river,Jamuna,Jamuna Eco Park (Dn),BOD,2.4,False,97
2023,12,river,Jamuna,Jamuna Eco Park (Dn),BOD,2.3,False,97
2023,1,river,Jamuna,Jamuna Eco Park (Dn),DO,7.6,False,97
2023,2,river,Jamuna,Jamuna Eco Park (Dn),DO,7.6,False,97
2023,4,river,Jamuna,Jamuna Eco Park (Dn),DO,7.6,False,97
2023,5,river,Jamuna,Jamuna Eco Park (Dn),DO,7.62,False,97
2023,6,river,Jamuna,Jamuna Eco Park (Dn),DO,7.6,False,97
2023,7,river,Jamuna,Jamuna Eco Park (Dn),DO,7.6,False,97
2023,8,river,Jamuna,Jamuna Eco Park (Dn),DO,7.58,False,97
2023,9,river,Jamuna,Jamuna Eco Park (Dn),DO,7.58,False,97
2023,10,river,Jamuna,Jamuna Eco Park (Dn),DO,7.55,False,97
2023,11,river,Jamuna,Jamuna Eco Park (Dn),DO,7.5,False,97
2023,12,river,Jamuna,Jamuna Eco Park (Dn),DO,7.45,False,97
2023,1,river,Jamuna,Jamuna Eco Park (Dn),EC,264.0,False,98
2023,2,river,Jamuna,Jamuna Eco Park (Dn),EC,264.0,False,98
2023,4,river,Jamuna,Jamuna Eco Park (Dn),EC,266.0,False,98
2023,5,river,Jamuna,Jamuna Eco Park (Dn),EC,280.0,False,98
2023,6,river,Jamuna,Jamuna Eco Park (Dn),EC,286.0,False,98
2023,7,river,Jamuna,Jamuna Eco Park (Dn),EC,280.0,False,98
2023,8,river,Jamuna,Jamuna Eco Park (Dn),EC,282.0,False,98
2023,9,river,Jamuna,Jamuna Eco Park (Dn),EC,284.0,False,98
2023,10,river,Jamuna,Jamuna Eco Park (Dn),EC,290.0,False,98
2023,11,river,Jamuna,Jamuna Eco Park (Dn),EC,300.0,False,98
2023,12,river,Jamuna,Jamuna Eco Park (Dn),EC,306.0,False,98
2023,1,river,Jamuna,Jamuna Eco Park (Dn),SS,40.0,False,98
2023,2,river,Jamuna,Jamuna Eco Park (Dn),SS,40.0,False,98
2023,4,river,Jamuna,Jamuna Eco Park (Dn),SS,40.0,False,98
2023,5,river,Jamuna,Jamuna Eco Park (Dn),SS,40.0,False,98
2023,6,river,Jamuna,Jamuna Eco Park (Dn),SS,40.0,False,98
2023,7,river,Jamuna,Jamuna Eco Park (Dn),SS,44.0,False,98
2023,8,river,Jamuna,Jamuna Eco Park (Dn),SS,44.0,False,98
2023,9,river,Jamuna,Jamuna Eco Park (Dn),SS,44.0,False,98
2023,10,river,Jamuna,Jamuna Eco Park (Dn),SS,44.0,False,98
2023,11,river,Jamuna,Jamuna Eco Park (Dn),SS,44.0,False,98
2023,12,river,Jamuna,Jamuna Eco Park (Dn),SS,44.0,False,98
2023,1,river,Jamuna,Jamuna Eco Park (Dn),TDS,132.0,False,98
2023,2,river,Jamuna,Jamuna Eco Park (Dn),TDS,132.0,False,98
2023,4,river,Jamuna,Jamuna Eco Park (Dn),TDS,133.0,False,98
2023,5,river,Jamuna,Jamuna Eco Park (Dn),TDS,140.0,False,98
2023,6,river,Jamuna,Jamuna Eco Park (Dn),TDS,143.0,False,98
2023,7,river,Jamuna,Jamuna Eco Park (Dn),TDS,140.0,False,98
2023,8,river,Jamuna,Jamuna Eco Park (Dn),TDS,141.0,False,98
2023,9,river,Jamuna,Jamuna Eco Park (Dn),TDS,142.0,False,98
2023,10,river,Jamuna,Jamuna Eco Park (Dn),TDS,145.0,False,98
2023,11,river,Jamuna,Jamuna Eco Park (Dn),TDS,150.0,False,98
2023,12,river,Jamuna,Jamuna Eco Park (Dn),TDS,153.0,False,98
2023,1,river,Jamuna,Jamuna Eco Park (Dn),pH,7.52,False,97
2023,2,river,Jamuna,Jamuna Eco Park (Dn),pH,7.52,False,97
2023,4,river,Jamuna,Jamuna Eco Park (Dn),pH,7.56,False,97
2023,5,river,Jamuna,Jamuna Eco Park (Dn),pH,7.52,False,97
2023,6,river,Jamuna,Jamuna Eco Park (Dn),pH,7.5,False,97
2023,7,river,Jamuna,Jamuna Eco Park (Dn),pH,7.48,False,97
2023,8,river,Jamuna,Jamuna Eco Park (Dn),pH,7.46,False,97
2023,9,river,Jamuna,Jamuna Eco Park (Dn),pH,7.44,False,97
2023,10,river,Jamuna,Jamuna Eco Park (Dn),pH,7.4,False,97
2023,11,river,Jamuna,Jamuna Eco Park (Dn),pH,7.46,False,97
2023,12,river,Jamuna,Jamuna Eco Park (Dn),pH,7.45,False,97
2023,1,river,Jamuna,Jamuna Eco Park (Up),BOD,2.4,False,97
2023,2,river,Jamuna,Jamuna Eco Park (Up),BOD,2.4,False,97
2023,4,river,Jamuna,Jamuna Eco Park (Up),BOD,2.2,False,97
2023,5,river,Jamuna,Jamuna Eco Park (Up),BOD,2.2,False,97
2023,6,river,Jamuna,Jamuna Eco Park (Up),BOD,2.4,False,97
2023,7,river,Jamuna,Jamuna Eco Park (Up),BOD,2.3,False,97
2023,8,river,Jamuna,Jamuna Eco Park (Up),BOD,2.3,False,97
2023,9,river,Jamuna,Jamuna Eco Park (Up),BOD,2.3,False,97
2023,10,river,Jamuna,Jamuna Eco Park (Up),BOD,2.4,False,97
2023,11,river,Jamuna,Jamuna Eco Park (Up),BOD,2.4,False,97
2023,12,river,Jamuna,Jamuna Eco Park (Up),BOD,2.3,False,97
2023,1,river,Jamuna,Jamuna Eco Park (Up),DO,7.6,False,97
2023,2,river,Jamuna,Jamuna Eco Park (Up),DO,7.6,False,97
2023,4,river,Jamuna,Jamuna Eco Park (Up),DO,7.6,False,97
2023,5,river,Jamuna,Jamuna Eco Park (Up),DO,7.62,False,97
2023,6,river,Jamuna,Jamuna Eco Park (Up),DO,7.6,False,97
2023,7,river,Jamuna,Jamuna Eco Park (Up),DO,7.6,False,97
2023,8,river,Jamuna,Jamuna Eco Park (Up),DO,7.58,False,97
2023,9,river,Jamuna,Jamuna Eco Park (Up),DO,7.58,False,97
2023,10,river,Jamuna,Jamuna Eco Park (Up),DO,7.55,False,97
2023,11,river,Jamuna,Jamuna Eco Park (Up),DO,7.5,False,97
2023,12,river,Jamuna,Jamuna Eco Park (Up),DO,7.45,False,97
2023,1,river,Jamuna,Jamuna Eco Park (Up),EC,264.0,False,98
2023,2,river,Jamuna,Jamuna Eco Park (Up),EC,264.0,False,98
2023,4,river,Jamuna,Jamuna Eco Park (Up),EC,266.0,False,98
2023,5,river,Jamuna,Jamuna Eco Park (Up),EC,280.0,False,98
2023,6,river,Jamuna,Jamuna Eco Park (Up),EC,286.0,False,98
2023,7,river,Jamuna,Jamuna Eco Park (Up),EC,280.0,False,98
2023,8,river,Jamuna,Jamuna Eco Park (Up),EC,282.0,False,98
2023,9,river,Jamuna,Jamuna Eco Park (Up),EC,284.0,False,98
2023,10,river,Jamuna,Jamuna Eco Park (Up),EC,290.0,False,98
2023,11,river,Jamuna,Jamuna Eco Park (Up),EC,300.0,False,98
2023,12,river,Jamuna,Jamuna Eco Park (Up),EC,306.0,False,98
2023,1,river,Jamuna,Jamuna Eco Park (Up),SS,40.0,False,98
2023,2,river,Jamuna,Jamuna Eco Park (Up),SS,40.0,False,98
2023,4,river,Jamuna,Jamuna Eco Park (Up),SS,40.0,False,98
2023,5,river,Jamuna,Jamuna Eco Park (Up),SS,40.0,False,98
2023,6,river,Jamuna,Jamuna Eco Park (Up),SS,40.0,False,98
2023,7,river,Jamuna,Jamuna Eco Park (Up),SS,44.0,False,98
2023,8,river,Jamuna,Jamuna Eco Park (Up),SS,44.0,False,98
2023,9,river,Jamuna,Jamuna Eco Park (Up),SS,44.0,False,98
2023,10,river,Jamuna,Jamuna Eco Park (Up),SS,44.0,False,98
2023,11,river,Jamuna,Jamuna Eco Park (Up),SS,44.0,False,98
2023,12,river,Jamuna,Jamuna Eco Park (Up),SS,44.0,False,98
2023,1,river,Jamuna,Jamuna Eco Park (Up),TDS,132.0,False,98
2023,2,river,Jamuna,Jamuna Eco Park (Up),TDS,132.0,False,98
2023,4,river,Jamuna,Jamuna Eco Park (Up),TDS,133.0,False,98
2023,5,river,Jamuna,Jamuna Eco Park (Up),TDS,140.0,False,98
2023,6,river,Jamuna,Jamuna Eco Park (Up),TDS,143.0,False,98
2023,7,river,Jamuna,Jamuna Eco Park (Up),TDS,140.0,False,98
2023,8,river,Jamuna,Jamuna Eco Park (Up),TDS,141.0,False,98
2023,9,river,Jamuna,Jamuna Eco Park (Up),TDS,142.0,False,98
2023,10,river,Jamuna,Jamuna Eco Park (Up),TDS,145.0,False,98
2023,11,river,Jamuna,Jamuna Eco Park (Up),TDS,150.0,False,98
2023,12,river,Jamuna,Jamuna Eco Park (Up),TDS,153.0,False,98
2023,1,river,Jamuna,Jamuna Eco Park (Up),pH,7.52,False,97
2023,2,river,Jamuna,Jamuna Eco Park (Up),pH,7.52,False,97
2023,4,river,Jamuna,Jamuna Eco Park (Up),pH,7.56,False,97
2023,5,river,Jamuna,Jamuna Eco Park (Up),pH,7.52,False,97
2023,6,river,Jamuna,Jamuna Eco Park (Up),pH,7.5,False,97
2023,7,river,Jamuna,Jamuna Eco Park (Up),pH,7.48,False,97
2023,8,river,Jamuna,Jamuna Eco Park (Up),pH,7.46,False,97
2023,9,river,Jamuna,Jamuna Eco Park (Up),pH,7.44,False,97
2023,10,river,Jamuna,Jamuna Eco Park (Up),pH,7.4,False,97
2023,11,river,Jamuna,Jamuna Eco Park (Up),pH,7.46,False,97
2023,12,river,Jamuna,Jamuna Eco Park (Up),pH,7.45,False,97
2023,8,river,Jamuna,Kakua,BOD,2.4,False,97
2023,12,river,Jamuna,Kakua,BOD,2.0,False,97
2023,8,river,Jamuna,Kakua,DO,7.3,False,97
2023,12,river,Jamuna,Kakua,DO,7.6,False,97
2023,8,river,Jamuna,Kakua,EC,164.0,False,98
2023,12,river,Jamuna,Kakua,EC,225.0,False,98
2023,8,river,Jamuna,Kakua,SS,163.0,False,98
2023,12,river,Jamuna,Kakua,SS,84.0,False,98
2023,8,river,Jamuna,Kakua,TDS,82.4,False,98
2023,12,river,Jamuna,Kakua,TDS,121.6,False,98
2023,8,river,Jamuna,Kakua,pH,7.46,False,97
2023,12,river,Jamuna,Kakua,pH,7.47,False,97
2023,1,river,Jamuna,MohonGanj (Dn),BOD,2.3,False,97
2023,2,river,Jamuna,MohonGanj (Dn),BOD,2.2,False,97
2023,4,river,Jamuna,MohonGanj (Dn),BOD,2.2,False,97
2023,5,river,Jamuna,MohonGanj (Dn),BOD,2.3,False,97
2023,6,river,Jamuna,MohonGanj (Dn),BOD,2.4,False,97
2023,7,river,Jamuna,MohonGanj (Dn),BOD,2.3,False,97
2023,8,river,Jamuna,MohonGanj (Dn),BOD,2.2,False,97
2023,9,river,Jamuna,MohonGanj (Dn),BOD,2.3,False,97
2023,10,river,Jamuna,MohonGanj (Dn),BOD,2.4,False,97
2023,11,river,Jamuna,MohonGanj (Dn),BOD,2.5,False,97
2023,12,river,Jamuna,MohonGanj (Dn),BOD,2.3,False,97
2023,1,river,Jamuna,MohonGanj (Dn),DO,7.6,False,97
2023,2,river,Jamuna,MohonGanj (Dn),DO,7.6,False,97
2023,4,river,Jamuna,MohonGanj (Dn),DO,7.6,False,97
2023,5,river,Jamuna,MohonGanj (Dn),DO,7.62,False,97
2023,6,river,Jamuna,MohonGanj (Dn),DO,7.6,False,97
2023,7,river,Jamuna,MohonGanj (Dn),DO,7.56,False,97
2023,8,river,Jamuna,MohonGanj (Dn),DO,7.54,False,97
2023,9,river,Jamuna,MohonGanj (Dn),DO,7.54,False,97
2023,10,river,Jamuna,MohonGanj (Dn),DO,7.5,False,97
2023,11,river,Jamuna,MohonGanj (Dn),DO,7.48,False,97
2023,12,river,Jamuna,MohonGanj (Dn),DO,7.45,False,97
2023,1,river,Jamuna,MohonGanj (Dn),EC,262.0,False,98
2023,2,river,Jamuna,MohonGanj (Dn),EC,262.0,False,98
2023,4,river,Jamuna,MohonGanj (Dn),EC,262.0,False,98
2023,5,river,Jamuna,MohonGanj (Dn),EC,260.0,False,98
2023,6,river,Jamuna,MohonGanj (Dn),EC,266.0,False,98
2023,7,river,Jamuna,MohonGanj (Dn),EC,260.0,False,98
2023,8,river,Jamuna,MohonGanj (Dn),EC,270.0,False,98
2023,9,river,Jamuna,MohonGanj (Dn),EC,276.0,False,98
2023,10,river,Jamuna,MohonGanj (Dn),EC,290.0,False,98
2023,11,river,Jamuna,MohonGanj (Dn),EC,310.0,False,98
2023,12,river,Jamuna,MohonGanj (Dn),EC,308.0,False,98
2023,1,river,Jamuna,MohonGanj (Dn),SS,38.0,False,98
2023,2,river,Jamuna,MohonGanj (Dn),SS,38.0,False,98
2023,4,river,Jamuna,MohonGanj (Dn),SS,38.0,False,98
2023,5,river,Jamuna,MohonGanj (Dn),SS,38.0,False,98
2023,6,river,Jamuna,MohonGanj (Dn),SS,38.0,False,98
2023,7,river,Jamuna,MohonGanj (Dn),SS,40.0,False,98
2023,8,river,Jamuna,MohonGanj (Dn),SS,40.0,False,98
2023,9,river,Jamuna,MohonGanj (Dn),SS,40.0,False,98
2023,10,river,Jamuna,MohonGanj (Dn),SS,40.0,False,98
2023,11,river,Jamuna,MohonGanj (Dn),SS,40.0,False,98
2023,12,river,Jamuna,MohonGanj (Dn),SS,40.0,False,98
2023,1,river,Jamuna,MohonGanj (Dn),TDS,131.0,False,98
2023,2,river,Jamuna,MohonGanj (Dn),TDS,131.0,False,98
2023,4,river,Jamuna,MohonGanj (Dn),TDS,131.0,False,98
2023,5,river,Jamuna,MohonGanj (Dn),TDS,130.0,False,98
2023,6,river,Jamuna,MohonGanj (Dn),TDS,133.0,False,98
2023,7,river,Jamuna,MohonGanj (Dn),TDS,130.0,False,98
2023,8,river,Jamuna,MohonGanj (Dn),TDS,140.0,False,98
2023,9,river,Jamuna,MohonGanj (Dn),TDS,138.0,False,98
2023,10,river,Jamuna,MohonGanj (Dn),TDS,145.0,False,98
2023,11,river,Jamuna,MohonGanj (Dn),TDS,155.0,False,98
2023,12,river,Jamuna,MohonGanj (Dn),TDS,154.0,False,98
2023,1,river,Jamuna,MohonGanj (Dn),pH,7.54,False,97
2023,2,river,Jamuna,MohonGanj (Dn),pH,7.6,False,97
2023,4,river,Jamuna,MohonGanj (Dn),pH,7.4,False,97
2023,5,river,Jamuna,MohonGanj (Dn),pH,7.42,False,97
2023,6,river,Jamuna,MohonGanj (Dn),pH,7.5,False,97
2023,7,river,Jamuna,MohonGanj (Dn),pH,7.45,False,97
2023,8,river,Jamuna,MohonGanj (Dn),pH,7.42,False,97
2023,9,river,Jamuna,MohonGanj (Dn),pH,7.4,False,97
2023,10,river,Jamuna,MohonGanj (Dn),pH,7.45,False,97
2023,11,river,Jamuna,MohonGanj (Dn),pH,7.5,False,97
2023,12,river,Jamuna,MohonGanj (Dn),pH,7.48,False,97
2023,1,river,Jamuna,MohonGanj (Up),BOD,2.3,False,97
2023,2,river,Jamuna,MohonGanj (Up),BOD,2.2,False,97
2023,4,river,Jamuna,MohonGanj (Up),BOD,2.2,False,97
2023,5,river,Jamuna,MohonGanj (Up),BOD,2.3,False,97
2023,6,river,Jamuna,MohonGanj (Up),BOD,2.4,False,97
2023,7,river,Jamuna,MohonGanj (Up),BOD,2.3,False,97
2023,8,river,Jamuna,MohonGanj (Up),BOD,2.2,False,97
2023,9,river,Jamuna,MohonGanj (Up),BOD,2.3,False,97
2023,10,river,Jamuna,MohonGanj (Up),BOD,2.4,False,97
2023,11,river,Jamuna,MohonGanj (Up),BOD,2.5,False,97
2023,12,river,Jamuna,MohonGanj (Up),BOD,2.3,False,97
2023,1,river,Jamuna,MohonGanj (Up),DO,7.6,False,97
2023,2,river,Jamuna,MohonGanj (Up),DO,7.6,False,97
2023,4,river,Jamuna,MohonGanj (Up),DO,7.6,False,97
2023,5,river,Jamuna,MohonGanj (Up),DO,7.62,False,97
2023,6,river,Jamuna,MohonGanj (Up),DO,7.6,False,97
2023,7,river,Jamuna,MohonGanj (Up),DO,7.56,False,97
2023,8,river,Jamuna,MohonGanj (Up),DO,7.54,False,97
2023,9,river,Jamuna,MohonGanj (Up),DO,7.54,False,97
2023,10,river,Jamuna,MohonGanj (Up),DO,7.5,False,97
2023,11,river,Jamuna,MohonGanj (Up),DO,7.48,False,97
2023,12,river,Jamuna,MohonGanj (Up),DO,7.45,False,97
2023,1,river,Jamuna,MohonGanj (Up),EC,262.0,False,98
2023,2,river,Jamuna,MohonGanj (Up),EC,262.0,False,98
2023,4,river,Jamuna,MohonGanj (Up),EC,262.0,False,98
2023,5,river,Jamuna,MohonGanj (Up),EC,260.0,False,98
2023,6,river,Jamuna,MohonGanj (Up),EC,266.0,False,98
2023,7,river,Jamuna,MohonGanj (Up),EC,260.0,False,98
2023,8,river,Jamuna,MohonGanj (Up),EC,270.0,False,98
2023,9,river,Jamuna,MohonGanj (Up),EC,276.0,False,98
2023,10,river,Jamuna,MohonGanj (Up),EC,290.0,False,98
2023,11,river,Jamuna,MohonGanj (Up),EC,310.0,False,98
2023,12,river,Jamuna,MohonGanj (Up),EC,308.0,False,98
2023,1,river,Jamuna,MohonGanj (Up),SS,38.0,False,98
2023,2,river,Jamuna,MohonGanj (Up),SS,38.0,False,98
2023,4,river,Jamuna,MohonGanj (Up),SS,38.0,False,98
2023,5,river,Jamuna,MohonGanj (Up),SS,38.0,False,98
2023,6,river,Jamuna,MohonGanj (Up),SS,38.0,False,98
2023,7,river,Jamuna,MohonGanj (Up),SS,40.0,False,98
2023,8,river,Jamuna,MohonGanj (Up),SS,40.0,False,98
2023,9,river,Jamuna,MohonGanj (Up),SS,40.0,False,98
2023,10,river,Jamuna,MohonGanj (Up),SS,40.0,False,98
2023,11,river,Jamuna,MohonGanj (Up),SS,40.0,False,98
2023,12,river,Jamuna,MohonGanj (Up),SS,40.0,False,98
2023,1,river,Jamuna,MohonGanj (Up),TDS,131.0,False,98
2023,2,river,Jamuna,MohonGanj (Up),TDS,131.0,False,98
2023,4,river,Jamuna,MohonGanj (Up),TDS,131.0,False,98
2023,5,river,Jamuna,MohonGanj (Up),TDS,130.0,False,98
2023,6,river,Jamuna,MohonGanj (Up),TDS,133.0,False,98
2023,7,river,Jamuna,MohonGanj (Up),TDS,130.0,False,98
2023,8,river,Jamuna,MohonGanj (Up),TDS,140.0,False,98
2023,9,river,Jamuna,MohonGanj (Up),TDS,138.0,False,98
2023,10,river,Jamuna,MohonGanj (Up),TDS,145.0,False,98
2023,11,river,Jamuna,MohonGanj (Up),TDS,155.0,False,98
2023,12,river,Jamuna,MohonGanj (Up),TDS,154.0,False,98
2023,1,river,Jamuna,MohonGanj (Up),pH,7.54,False,97
2023,2,river,Jamuna,MohonGanj (Up),pH,7.6,False,97
2023,4,river,Jamuna,MohonGanj (Up),pH,7.4,False,97
2023,5,river,Jamuna,MohonGanj (Up),pH,7.42,False,97
2023,6,river,Jamuna,MohonGanj (Up),pH,7.5,False,97
2023,7,river,Jamuna,MohonGanj (Up),pH,7.45,False,97
2023,8,river,Jamuna,MohonGanj (Up),pH,7.42,False,97
2023,9,river,Jamuna,MohonGanj (Up),pH,7.4,False,97
2023,10,river,Jamuna,MohonGanj (Up),pH,7.45,False,97
2023,11,river,Jamuna,MohonGanj (Up),pH,7.5,False,97
2023,12,river,Jamuna,MohonGanj (Up),pH,7.48,False,97
2023,1,river,Jamuna,Shariakand Kheya Ghat (Dn),BOD,2.3,False,97
2023,2,river,Jamuna,Shariakand Kheya Ghat (Dn),BOD,2.3,False,97
2023,4,river,Jamuna,Shariakand Kheya Ghat (Dn),BOD,2.4,False,97
2023,5,river,Jamuna,Shariakand Kheya Ghat (Dn),BOD,2.4,False,97
2023,6,river,Jamuna,Shariakand Kheya Ghat (Dn),BOD,2.2,False,97
2023,7,river,Jamuna,Shariakand Kheya Ghat (Dn),BOD,2.2,False,97
2023,8,river,Jamuna,Shariakand Kheya Ghat (Dn),BOD,2.4,False,97
2023,9,river,Jamuna,Shariakand Kheya Ghat (Dn),BOD,2.2,False,97
2023,10,river,Jamuna,Shariakand Kheya Ghat (Dn),BOD,2.3,False,97
2023,11,river,Jamuna,Shariakand Kheya Ghat (Dn),BOD,2.4,False,97
2023,12,river,Jamuna,Shariakand Kheya Ghat (Dn),BOD,2.4,False,97
2023,1,river,Jamuna,Shariakand Kheya Ghat (Dn),DO,7.5,False,97
2023,2,river,Jamuna,Shariakand Kheya Ghat (Dn),DO,7.5,False,97
2023,4,river,Jamuna,Shariakand Kheya Ghat (Dn),DO,7.55,False,97
2023,5,river,Jamuna,Shariakand Kheya Ghat (Dn),DO,7.56,False,97
2023,6,river,Jamuna,Shariakand Kheya Ghat (Dn),DO,7.54,False,97
2023,7,river,Jamuna,Shariakand Kheya Ghat (Dn),DO,7.5,False,97
2023,8,river,Jamuna,Shariakand Kheya Ghat (Dn),DO,7.52,False,97
2023,9,river,Jamuna,Shariakand Kheya Ghat (Dn),DO,7.52,False,97
2023,10,river,Jamuna,Shariakand Kheya Ghat (Dn),DO,7.4,False,97
2023,11,river,Jamuna,Shariakand Kheya Ghat (Dn),DO,7.41,False,97
2023,12,river,Jamuna,Shariakand Kheya Ghat (Dn),DO,7.4,False,97
2023,1,river,Jamuna,Shariakand Kheya Ghat (Dn),EC,270.0,False,98
2023,2,river,Jamuna,Shariakand Kheya Ghat (Dn),EC,272.0,False,98
2023,4,river,Jamuna,Shariakand Kheya Ghat (Dn),EC,270.0,False,98
2023,5,river,Jamuna,Shariakand Kheya Ghat (Dn),EC,270.0,False,98
2023,6,river,Jamuna,Shariakand Kheya Ghat (Dn),EC,280.0,False,98
2023,7,river,Jamuna,Shariakand Kheya Ghat (Dn),EC,280.0,False,98
2023,8,river,Jamuna,Shariakand Kheya Ghat (Dn),EC,280.0,False,98
2023,9,river,Jamuna,Shariakand Kheya Ghat (Dn),EC,280.0,False,98
2023,10,river,Jamuna,Shariakand Kheya Ghat (Dn),EC,280.0,False,98
2023,11,river,Jamuna,Shariakand Kheya Ghat (Dn),EC,320.0,False,98
2023,12,river,Jamuna,Shariakand Kheya Ghat (Dn),EC,300.0,False,98
2023,1,river,Jamuna,Shariakand Kheya Ghat (Dn),SS,42.0,False,98
2023,2,river,Jamuna,Shariakand Kheya Ghat (Dn),SS,42.0,False,98
2023,4,river,Jamuna,Shariakand Kheya Ghat (Dn),SS,42.0,False,98
2023,5,river,Jamuna,Shariakand Kheya Ghat (Dn),SS,42.0,False,98
2023,6,river,Jamuna,Shariakand Kheya Ghat (Dn),SS,42.0,False,98
2023,7,river,Jamuna,Shariakand Kheya Ghat (Dn),SS,45.0,False,98
2023,8,river,Jamuna,Shariakand Kheya Ghat (Dn),SS,45.0,False,98
2023,9,river,Jamuna,Shariakand Kheya Ghat (Dn),SS,45.0,False,98
2023,10,river,Jamuna,Shariakand Kheya Ghat (Dn),SS,45.0,False,98
2023,11,river,Jamuna,Shariakand Kheya Ghat (Dn),SS,45.0,False,98
2023,12,river,Jamuna,Shariakand Kheya Ghat (Dn),SS,45.0,False,98
2023,1,river,Jamuna,Shariakand Kheya Ghat (Dn),TDS,135.0,False,98
2023,2,river,Jamuna,Shariakand Kheya Ghat (Dn),TDS,136.0,False,98
2023,4,river,Jamuna,Shariakand Kheya Ghat (Dn),TDS,135.0,False,98
2023,5,river,Jamuna,Shariakand Kheya Ghat (Dn),TDS,135.0,False,98
2023,6,river,Jamuna,Shariakand Kheya Ghat (Dn),TDS,140.0,False,98
2023,7,river,Jamuna,Shariakand Kheya Ghat (Dn),TDS,140.0,False,98
2023,8,river,Jamuna,Shariakand Kheya Ghat (Dn),TDS,140.0,False,98
2023,9,river,Jamuna,Shariakand Kheya Ghat (Dn),TDS,140.0,False,98
2023,10,river,Jamuna,Shariakand Kheya Ghat (Dn),TDS,140.0,False,98
2023,11,river,Jamuna,Shariakand Kheya Ghat (Dn),TDS,160.0,False,98
2023,12,river,Jamuna,Shariakand Kheya Ghat (Dn),TDS,150.0,False,98
2023,1,river,Jamuna,Shariakand Kheya Ghat (Dn),pH,7.5,False,97
2023,2,river,Jamuna,Shariakand Kheya Ghat (Dn),pH,7.5,False,97
2023,4,river,Jamuna,Shariakand Kheya Ghat (Dn),pH,7.5,False,97
2023,5,river,Jamuna,Shariakand Kheya Ghat (Dn),pH,7.54,False,97
2023,6,river,Jamuna,Shariakand Kheya Ghat (Dn),pH,7.4,False,97
2023,7,river,Jamuna,Shariakand Kheya Ghat (Dn),pH,7.42,False,97
2023,8,river,Jamuna,Shariakand Kheya Ghat (Dn),pH,7.44,False,97
2023,9,river,Jamuna,Shariakand Kheya Ghat (Dn),pH,7.45,False,97
2023,10,river,Jamuna,Shariakand Kheya Ghat (Dn),pH,7.42,False,97
2023,11,river,Jamuna,Shariakand Kheya Ghat (Dn),pH,7.44,False,97
2023,12,river,Jamuna,Shariakand Kheya Ghat (Dn),pH,7.42,False,97
2023,1,river,Jamuna,Shariakand Kheya Ghat (Up),BOD,2.3,False,97
2023,2,river,Jamuna,Shariakand Kheya Ghat (Up),BOD,2.3,False,97
2023,4,river,Jamuna,Shariakand Kheya Ghat (Up),BOD,2.4,False,97
2023,5,river,Jamuna,Shariakand Kheya Ghat (Up),BOD,2.4,False,97
2023,6,river,Jamuna,Shariakand Kheya Ghat (Up),BOD,2.2,False,97
2023,7,river,Jamuna,Shariakand Kheya Ghat (Up),BOD,2.2,False,97
2023,8,river,Jamuna,Shariakand Kheya Ghat (Up),BOD,2.4,False,97
2023,9,river,Jamuna,Shariakand Kheya Ghat (Up),BOD,2.2,False,97
2023,10,river,Jamuna,Shariakand Kheya Ghat (Up),BOD,2.3,False,97
2023,11,river,Jamuna,Shariakand Kheya Ghat (Up),BOD,2.4,False,97
2023,12,river,Jamuna,Shariakand Kheya Ghat (Up),BOD,2.4,False,97
2023,1,river,Jamuna,Shariakand Kheya Ghat (Up),DO,7.5,False,97
2023,2,river,Jamuna,Shariakand Kheya Ghat (Up),DO,7.5,False,97
2023,4,river,Jamuna,Shariakand Kheya Ghat (Up),DO,7.55,False,97
2023,5,river,Jamuna,Shariakand Kheya Ghat (Up),DO,7.56,False,97
2023,6,river,Jamuna,Shariakand Kheya Ghat (Up),DO,7.54,False,97
2023,7,river,Jamuna,Shariakand Kheya Ghat (Up),DO,7.5,False,97
2023,8,river,Jamuna,Shariakand Kheya Ghat (Up),DO,7.52,False,97
2023,9,river,Jamuna,Shariakand Kheya Ghat (Up),DO,7.52,False,97
2023,10,river,Jamuna,Shariakand Kheya Ghat (Up),DO,7.4,False,97
2023,11,river,Jamuna,Shariakand Kheya Ghat (Up),DO,7.41,False,97
2023,12,river,Jamuna,Shariakand Kheya Ghat (Up),DO,7.4,False,97
2023,1,river,Jamuna,Shariakand Kheya Ghat (Up),EC,270.0,False,98
2023,2,river,Jamuna,Shariakand Kheya Ghat (Up),EC,272.0,False,98
2023,4,river,Jamuna,Shariakand Kheya Ghat (Up),EC,270.0,False,98
2023,5,river,Jamuna,Shariakand Kheya Ghat (Up),EC,270.0,False,98
2023,6,river,Jamuna,Shariakand Kheya Ghat (Up),EC,280.0,False,98
2023,7,river,Jamuna,Shariakand Kheya Ghat (Up),EC,280.0,False,98
2023,8,river,Jamuna,Shariakand Kheya Ghat (Up),EC,280.0,False,98
2023,9,river,Jamuna,Shariakand Kheya Ghat (Up),EC,280.0,False,98
2023,10,river,Jamuna,Shariakand Kheya Ghat (Up),EC,280.0,False,98
2023,11,river,Jamuna,Shariakand Kheya Ghat (Up),EC,320.0,False,98
2023,12,river,Jamuna,Shariakand Kheya Ghat (Up),EC,300.0,False,98
2023,1,river,Jamuna,Shariakand Kheya Ghat (Up),SS,42.0,False,98
2023,2,river,Jamuna,Shariakand Kheya Ghat (Up),SS,42.0,False,98
2023,4,river,Jamuna,Shariakand Kheya Ghat (Up),SS,42.0,False,98
2023,5,river,Jamuna,Shariakand Kheya Ghat (Up),SS,42.0,False,98
2023,6,river,Jamuna,Shariakand Kheya Ghat (Up),SS,42.0,False,98
2023,7,river,Jamuna,Shariakand Kheya Ghat (Up),SS,45.0,False,98
2023,8,river,Jamuna,Shariakand Kheya Ghat (Up),SS,45.0,False,98
2023,9,river,Jamuna,Shariakand Kheya Ghat (Up),SS,45.0,False,98
2023,10,river,Jamuna,Shariakand Kheya Ghat (Up),SS,45.0,False,98
2023,11,river,Jamuna,Shariakand Kheya Ghat (Up),SS,45.0,False,98
2023,12,river,Jamuna,Shariakand Kheya Ghat (Up),SS,45.0,False,98
2023,1,river,Jamuna,Shariakand Kheya Ghat (Up),TDS,135.0,False,98
2023,2,river,Jamuna,Shariakand Kheya Ghat (Up),TDS,136.0,False,98
2023,4,river,Jamuna,Shariakand Kheya Ghat (Up),TDS,135.0,False,98
2023,5,river,Jamuna,Shariakand Kheya Ghat (Up),TDS,135.0,False,98
2023,6,river,Jamuna,Shariakand Kheya Ghat (Up),TDS,140.0,False,98
2023,7,river,Jamuna,Shariakand Kheya Ghat (Up),TDS,140.0,False,98
2023,8,river,Jamuna,Shariakand Kheya Ghat (Up),TDS,140.0,False,98
2023,9,river,Jamuna,Shariakand Kheya Ghat (Up),TDS,140.0,False,98
2023,10,river,Jamuna,Shariakand Kheya Ghat (Up),TDS,140.0,False,98
2023,11,river,Jamuna,Shariakand Kheya Ghat (Up),TDS,160.0,False,98
2023,12,river,Jamuna,Shariakand Kheya Ghat (Up),TDS,150.0,False,98
2023,1,river,Jamuna,Shariakand Kheya Ghat (Up),pH,7.5,False,97
2023,2,river,Jamuna,Shariakand Kheya Ghat (Up),pH,7.5,False,97
2023,4,river,Jamuna,Shariakand Kheya Ghat (Up),pH,7.5,False,97
2023,5,river,Jamuna,Shariakand Kheya Ghat (Up),pH,7.54,False,97
2023,6,river,Jamuna,Shariakand Kheya Ghat (Up),pH,7.4,False,97
2023,7,river,Jamuna,Shariakand Kheya Ghat (Up),pH,7.42,False,97
2023,8,river,Jamuna,Shariakand Kheya Ghat (Up),pH,7.44,False,97
2023,9,river,Jamuna,Shariakand Kheya Ghat (Up),pH,7.45,False,97
2023,10,river,Jamuna,Shariakand Kheya Ghat (Up),pH,7.42,False,97
2023,11,river,Jamuna,Shariakand Kheya Ghat (Up),pH,7.44,False,97
2023,12,river,Jamuna,Shariakand Kheya Ghat (Up),pH,7.42,False,97
2023,8,river,Jamuna,Tarakandi,BOD,4.8,False,97
2023,12,river,Jamuna,Tarakandi,BOD,2.0,False,97
2023,8,river,Jamuna,Tarakandi,DO,6.1,False,97
2023,12,river,Jamuna,Tarakandi,DO,7.8,False,97
2023,8,river,Jamuna,Tarakandi,EC,679.0,False,98
2023,12,river,Jamuna,Tarakandi,EC,201.1,False,98
2023,8,river,Jamuna,Tarakandi,SS,33.0,False,98
2023,12,river,Jamuna,Tarakandi,SS,34.0,False,98
2023,8,river,Jamuna,Tarakandi,TDS,352.0,False,98
2023,12,river,Jamuna,Tarakandi,TDS,107.2,False,98
2023,8,river,Jamuna,Tarakandi,pH,9.0,False,97
2023,12,river,Jamuna,Tarakandi,pH,7.58,False,97
2023,1,river,Kalabodar,Kalabodar Ferry Ghat (M),DO,5.1,False,116
2023,1,river,Kalabodar,Kalabodar Ferry Ghat (M),EC,306.0,False,116
2023,1,river,Kalabodar,Kalabodar Ferry Ghat (M),TDS,124.0,False,116
2023,1,river,Kalabodar,Kalabodar Ferry Ghat (M),pH,7.3,False,116
2023,1,river,Kalabodar,Kalabodar Ferry Ghat (S),DO,5.3,False,116
2023,1,river,Kalabodar,Kalabodar Ferry Ghat (S),EC,332.0,False,116
2023,1,river,Kalabodar,Kalabodar Ferry Ghat (S),TDS,148.0,False,116
2023,1,river,Kalabodar,Kalabodar Ferry Ghat (S),pH,7.8,False,116
2023,2,river,Kaligonga,Bheutha Ghat,BOD,16.0,False,96
2023,8,river,Kaligonga,Bheutha Ghat,BOD,1.8,False,96
2023,11,river,Kaligonga,Bheutha Ghat,BOD,2.0,False,96
2023,2,river,Kaligonga,Bheutha Ghat,COD,48.0,False,96
2023,8,river,Kaligonga,Bheutha Ghat,COD,44.0,False,96
2023,11,river,Kaligonga,Bheutha Ghat,COD,9.0,False,96
2023,2,river,Kaligonga,Bheutha Ghat,Chloride,68.0,False,97
2023,8,river,Kaligonga,Bheutha Ghat,Chloride,11.0,False,97
2023,11,river,Kaligonga,Bheutha Ghat,Chloride,18.0,False,97
2023,2,river,Kaligonga,Bheutha Ghat,DO,4.7,False,96
2023,8,river,Kaligonga,Bheutha Ghat,DO,6.2,False,96
2023,11,river,Kaligonga,Bheutha Ghat,DO,7.2,False,96
2023,2,river,Kaligonga,Bheutha Ghat,TDS,316.0,False,96
2023,8,river,Kaligonga,Bheutha Ghat,TDS,64.0,False,96
2023,11,river,Kaligonga,Bheutha Ghat,TDS,211.5,False,96
2023,2,river,Kaligonga,Bheutha Ghat,pH,7.61,False,96
2023,8,river,Kaligonga,Bheutha Ghat,pH,7.27,False,96
2023,11,river,Kaligonga,Bheutha Ghat,pH,7.51,False,96
2023,1,river,Karnaphuli,CUFL,BOD,7.0,False,103
2023,2,river,Karnaphuli,CUFL,BOD,9.0,False,103
2023,3,river,Karnaphuli,CUFL,BOD,11.0,False,103
2023,4,river,Karnaphuli,CUFL,BOD,8.0,False,103
2023,5,river,Karnaphuli,CUFL,BOD,8.0,False,103
2023,6,river,Karnaphuli,CUFL,BOD,7.0,False,103
2023,7,river,Karnaphuli,CUFL,BOD,5.0,False,103
2023,8,river,Karnaphuli,CUFL,BOD,3.0,False,103
2023,9,river,Karnaphuli,CUFL,BOD,4.0,False,103
2023,10,river,Karnaphuli,CUFL,BOD,4.0,False,103
2023,11,river,Karnaphuli,CUFL,BOD,4.0,False,103
2023,12,river,Karnaphuli,CUFL,BOD,11.0,False,103
2023,1,river,Karnaphuli,CUFL,COD,42.0,False,103
2023,2,river,Karnaphuli,CUFL,COD,56.0,False,103
2023,3,river,Karnaphuli,CUFL,COD,64.0,False,103
2023,4,river,Karnaphuli,CUFL,COD,47.0,False,103
2023,5,river,Karnaphuli,CUFL,COD,36.0,False,103
2023,6,river,Karnaphuli,CUFL,COD,45.0,False,103
2023,7,river,Karnaphuli,CUFL,COD,36.0,False,103
2023,8,river,Karnaphuli,CUFL,COD,36.0,False,103
2023,9,river,Karnaphuli,CUFL,COD,30.0,False,103
2023,10,river,Karnaphuli,CUFL,COD,26.0,False,103
2023,11,river,Karnaphuli,CUFL,COD,15.0,False,103
2023,12,river,Karnaphuli,CUFL,COD,36.0,False,103
2023,1,river,Karnaphuli,CUFL,DO,7.7,False,103
2023,2,river,Karnaphuli,CUFL,DO,7.72,False,103
2023,3,river,Karnaphuli,CUFL,DO,7.72,False,103
2023,4,river,Karnaphuli,CUFL,DO,8.43,False,103
2023,5,river,Karnaphuli,CUFL,DO,8.1,False,103
2023,6,river,Karnaphuli,CUFL,DO,7.98,False,103
2023,7,river,Karnaphuli,CUFL,DO,8.48,False,103
2023,8,river,Karnaphuli,CUFL,DO,7.25,False,103
2023,9,river,Karnaphuli,CUFL,DO,7.48,False,103
2023,10,river,Karnaphuli,CUFL,DO,6.99,False,103
2023,11,river,Karnaphuli,CUFL,DO,7.39,False,103
2023,12,river,Karnaphuli,CUFL,DO,6.55,False,103
2023,1,river,Karnaphuli,CUFL,SS,170.0,False,103
2023,2,river,Karnaphuli,CUFL,SS,314.0,False,103
2023,3,river,Karnaphuli,CUFL,SS,181.0,False,103
2023,4,river,Karnaphuli,CUFL,SS,241.0,False,103
2023,5,river,Karnaphuli,CUFL,SS,278.0,False,103
2023,6,river,Karnaphuli,CUFL,SS,328.0,False,103
2023,7,river,Karnaphuli,CUFL,SS,238.0,False,103
2023,8,river,Karnaphuli,CUFL,SS,204.0,False,103
2023,9,river,Karnaphuli,CUFL,SS,189.0,False,103
2023,10,river,Karnaphuli,CUFL,SS,201.0,False,103
2023,11,river,Karnaphuli,CUFL,SS,218.0,False,103
2023,12,river,Karnaphuli,CUFL,SS,206.0,False,103
2023,1,river,Karnaphuli,CUFL,TDS,14480.0,False,103
2023,2,river,Karnaphuli,CUFL,TDS,18640.0,False,103
2023,3,river,Karnaphuli,CUFL,TDS,21500.0,False,103
2023,4,river,Karnaphuli,CUFL,TDS,18240.0,False,103
2023,5,river,Karnaphuli,CUFL,TDS,15280.0,False,103
2023,6,river,Karnaphuli,CUFL,TDS,17310.0,False,103
2023,7,river,Karnaphuli,CUFL,TDS,14390.0,False,103
2023,8,river,Karnaphuli,CUFL,TDS,15401.0,False,103
2023,9,river,Karnaphuli,CUFL,TDS,9510.0,False,103
2023,10,river,Karnaphuli,CUFL,TDS,8601.0,False,103
2023,11,river,Karnaphuli,CUFL,TDS,11890.0,False,103
2023,12,river,Karnaphuli,CUFL,TDS,8860.0,False,103
2023,1,river,Karnaphuli,CUFL,pH,7.04,False,102
2023,2,river,Karnaphuli,CUFL,pH,6.85,False,102
2023,3,river,Karnaphuli,CUFL,pH,8.09,False,102
2023,4,river,Karnaphuli,CUFL,pH,8.09,False,102
2023,5,river,Karnaphuli,CUFL,pH,8.18,False,102
2023,6,river,Karnaphuli,CUFL,pH,8.07,False,102
2023,7,river,Karnaphuli,CUFL,pH,7.89,False,102
2023,8,river,Karnaphuli,CUFL,pH,7.56,False,102
2023,9,river,Karnaphuli,CUFL,pH,7.85,False,102
2023,10,river,Karnaphuli,CUFL,pH,7.19,False,102
2023,11,river,Karnaphuli,CUFL,pH,6.79,False,102
2023,12,river,Karnaphuli,CUFL,pH,7.63,False,102
2023,1,river,Karnaphuli,Kalurghat Bridge,BOD,3.0,False,103
2023,2,river,Karnaphuli,Kalurghat Bridge,BOD,4.0,False,103
2023,3,river,Karnaphuli,Kalurghat Bridge,BOD,5.0,False,103
2023,4,river,Karnaphuli,Kalurghat Bridge,BOD,3.0,False,103
2023,5,river,Karnaphuli,Kalurghat Bridge,BOD,4.0,False,103
2023,6,river,Karnaphuli,Kalurghat Bridge,BOD,3.0,False,103
2023,7,river,Karnaphuli,Kalurghat Bridge,BOD,4.0,False,103
2023,8,river,Karnaphuli,Kalurghat Bridge,BOD,5.0,False,103
2023,9,river,Karnaphuli,Kalurghat Bridge,BOD,6.0,False,103
2023,10,river,Karnaphuli,Kalurghat Bridge,BOD,5.0,False,103
2023,11,river,Karnaphuli,Kalurghat Bridge,BOD,5.0,False,103
2023,12,river,Karnaphuli,Kalurghat Bridge,BOD,6.0,False,103
2023,1,river,Karnaphuli,Kalurghat Bridge,COD,8.0,False,103
2023,2,river,Karnaphuli,Kalurghat Bridge,COD,9.0,False,103
2023,3,river,Karnaphuli,Kalurghat Bridge,COD,12.0,False,103
2023,4,river,Karnaphuli,Kalurghat Bridge,COD,8.0,False,103
2023,5,river,Karnaphuli,Kalurghat Bridge,COD,9.0,False,103
2023,6,river,Karnaphuli,Kalurghat Bridge,COD,8.0,False,103
2023,7,river,Karnaphuli,Kalurghat Bridge,COD,9.0,False,103
2023,8,river,Karnaphuli,Kalurghat Bridge,COD,11.0,False,103
2023,9,river,Karnaphuli,Kalurghat Bridge,COD,17.0,False,103
2023,10,river,Karnaphuli,Kalurghat Bridge,COD,17.0,False,103
2023,11,river,Karnaphuli,Kalurghat Bridge,COD,28.0,False,103
2023,12,river,Karnaphuli,Kalurghat Bridge,COD,16.0,False,103
2023,1,river,Karnaphuli,Kalurghat Bridge,DO,7.63,False,103
2023,2,river,Karnaphuli,Kalurghat Bridge,DO,7.48,False,103
2023,3,river,Karnaphuli,Kalurghat Bridge,DO,7.52,False,103
2023,4,river,Karnaphuli,Kalurghat Bridge,DO,7.36,False,103
2023,5,river,Karnaphuli,Kalurghat Bridge,DO,7.48,False,103
2023,6,river,Karnaphuli,Kalurghat Bridge,DO,7.63,False,103
2023,7,river,Karnaphuli,Kalurghat Bridge,DO,7.75,False,103
2023,8,river,Karnaphuli,Kalurghat Bridge,DO,8.25,False,103
2023,9,river,Karnaphuli,Kalurghat Bridge,DO,7.0,False,103
2023,10,river,Karnaphuli,Kalurghat Bridge,DO,7.41,False,103
2023,11,river,Karnaphuli,Kalurghat Bridge,DO,7.88,False,103
2023,12,river,Karnaphuli,Kalurghat Bridge,DO,7.49,False,103
2023,1,river,Karnaphuli,Kalurghat Bridge,SS,59.0,False,103
2023,2,river,Karnaphuli,Kalurghat Bridge,SS,62.0,False,103
2023,3,river,Karnaphuli,Kalurghat Bridge,SS,59.0,False,103
2023,4,river,Karnaphuli,Kalurghat Bridge,SS,39.0,False,103
2023,5,river,Karnaphuli,Kalurghat Bridge,SS,28.0,False,103
2023,6,river,Karnaphuli,Kalurghat Bridge,SS,39.0,False,103
2023,7,river,Karnaphuli,Kalurghat Bridge,SS,27.0,False,103
2023,8,river,Karnaphuli,Kalurghat Bridge,SS,24.0,False,103
2023,9,river,Karnaphuli,Kalurghat Bridge,SS,31.0,False,103
2023,10,river,Karnaphuli,Kalurghat Bridge,SS,23.0,False,103
2023,11,river,Karnaphuli,Kalurghat Bridge,SS,27.0,False,103
2023,12,river,Karnaphuli,Kalurghat Bridge,SS,30.0,False,103
2023,1,river,Karnaphuli,Kalurghat Bridge,TDS,189.0,False,103
2023,2,river,Karnaphuli,Kalurghat Bridge,TDS,289.0,False,103
2023,3,river,Karnaphuli,Kalurghat Bridge,TDS,217.0,False,103
2023,4,river,Karnaphuli,Kalurghat Bridge,TDS,328.0,False,103
2023,5,river,Karnaphuli,Kalurghat Bridge,TDS,289.0,False,103
2023,6,river,Karnaphuli,Kalurghat Bridge,TDS,189.0,False,103
2023,7,river,Karnaphuli,Kalurghat Bridge,TDS,157.0,False,103
2023,8,river,Karnaphuli,Kalurghat Bridge,TDS,285.0,False,103
2023,9,river,Karnaphuli,Kalurghat Bridge,TDS,201.0,False,103
2023,10,river,Karnaphuli,Kalurghat Bridge,TDS,185.0,False,103
2023,11,river,Karnaphuli,Kalurghat Bridge,TDS,195.0,False,103
2023,12,river,Karnaphuli,Kalurghat Bridge,TDS,261.0,False,103
2023,1,river,Karnaphuli,Kalurghat Bridge,pH,7.35,False,102
2023,2,river,Karnaphuli,Kalurghat Bridge,pH,7.11,False,102
2023,3,river,Karnaphuli,Kalurghat Bridge,pH,7.48,False,102
2023,4,river,Karnaphuli,Kalurghat Bridge,pH,7.21,False,102
2023,5,river,Karnaphuli,Kalurghat Bridge,pH,7.37,False,102
2023,6,river,Karnaphuli,Kalurghat Bridge,pH,7.47,False,102
2023,7,river,Karnaphuli,Kalurghat Bridge,pH,7.57,False,102
2023,8,river,Karnaphuli,Kalurghat Bridge,pH,6.7,False,102
2023,9,river,Karnaphuli,Kalurghat Bridge,pH,7.29,False,102
2023,10,river,Karnaphuli,Kalurghat Bridge,pH,7.22,False,102
2023,11,river,Karnaphuli,Kalurghat Bridge,pH,6.87,False,102
2023,12,river,Karnaphuli,Kalurghat Bridge,pH,7.33,False,102
2023,1,river,Karnaphuli,Karnafully Paper,BOD,4.0,False,103
2023,2,river,Karnaphuli,Karnafully Paper,BOD,5.0,False,103
2023,3,river,Karnaphuli,Karnafully Paper,BOD,4.0,False,103
2023,4,river,Karnaphuli,Karnafully Paper,BOD,4.0,False,103
2023,5,river,Karnaphuli,Karnafully Paper,BOD,3.0,False,103
2023,6,river,Karnaphuli,Karnafully Paper,BOD,4.0,False,103
2023,7,river,Karnaphuli,Karnafully Paper,BOD,3.0,False,103
2023,8,river,Karnaphuli,Karnafully Paper,BOD,5.0,False,103
2023,9,river,Karnaphuli,Karnafully Paper,BOD,5.0,False,103
2023,10,river,Karnaphuli,Karnafully Paper,BOD,3.0,False,103
2023,11,river,Karnaphuli,Karnafully Paper,BOD,5.0,False,103
2023,12,river,Karnaphuli,Karnafully Paper,BOD,5.0,False,103
2023,1,river,Karnaphuli,Karnafully Paper,COD,11.0,False,103
2023,2,river,Karnaphuli,Karnafully Paper,COD,12.0,False,103
2023,3,river,Karnaphuli,Karnafully Paper,COD,12.0,False,103
2023,4,river,Karnaphuli,Karnafully Paper,COD,10.0,False,103
2023,5,river,Karnaphuli,Karnafully Paper,COD,7.0,False,103
2023,6,river,Karnaphuli,Karnafully Paper,COD,9.0,False,103
2023,7,river,Karnaphuli,Karnafully Paper,COD,8.0,False,103
2023,8,river,Karnaphuli,Karnafully Paper,COD,25.0,False,103
2023,9,river,Karnaphuli,Karnafully Paper,COD,25.0,False,103
2023,10,river,Karnaphuli,Karnafully Paper,COD,30.0,False,103
2023,11,river,Karnaphuli,Karnafully Paper,COD,11.0,False,103
2023,12,river,Karnaphuli,Karnafully Paper,COD,13.0,False,103
2023,1,river,Karnaphuli,Karnafully Paper,DO,7.41,False,103
2023,2,river,Karnaphuli,Karnafully Paper,DO,7.49,False,103
2023,3,river,Karnaphuli,Karnafully Paper,DO,7.49,False,103
2023,4,river,Karnaphuli,Karnafully Paper,DO,7.62,False,103
2023,5,river,Karnaphuli,Karnafully Paper,DO,7.42,False,103
2023,6,river,Karnaphuli,Karnafully Paper,DO,7.62,False,103
2023,7,river,Karnaphuli,Karnafully Paper,DO,7.82,False,103
2023,8,river,Karnaphuli,Karnafully Paper,DO,7.82,False,103
2023,9,river,Karnaphuli,Karnafully Paper,DO,7.29,False,103
2023,10,river,Karnaphuli,Karnafully Paper,DO,8.05,False,103
2023,11,river,Karnaphuli,Karnafully Paper,DO,7.99,False,103
2023,12,river,Karnaphuli,Karnafully Paper,DO,6.69,False,103
2023,1,river,Karnaphuli,Karnafully Paper,SS,74.0,False,103
2023,2,river,Karnaphuli,Karnafully Paper,SS,64.0,False,103
2023,3,river,Karnaphuli,Karnafully Paper,SS,68.0,False,103
2023,4,river,Karnaphuli,Karnafully Paper,SS,42.0,False,103
2023,5,river,Karnaphuli,Karnafully Paper,SS,39.0,False,103
2023,6,river,Karnaphuli,Karnafully Paper,SS,34.0,False,103
2023,7,river,Karnaphuli,Karnafully Paper,SS,36.0,False,103
2023,8,river,Karnaphuli,Karnafully Paper,SS,31.0,False,103
2023,9,river,Karnaphuli,Karnafully Paper,SS,45.0,False,103
2023,10,river,Karnaphuli,Karnafully Paper,SS,31.0,False,103
2023,11,river,Karnaphuli,Karnafully Paper,SS,36.0,False,103
2023,12,river,Karnaphuli,Karnafully Paper,SS,35.0,False,103
2023,1,river,Karnaphuli,Karnafully Paper,TDS,361.0,False,103
2023,2,river,Karnaphuli,Karnafully Paper,TDS,169.0,False,103
2023,3,river,Karnaphuli,Karnafully Paper,TDS,405.0,False,103
2023,4,river,Karnaphuli,Karnafully Paper,TDS,210.0,False,103
2023,5,river,Karnaphuli,Karnafully Paper,TDS,247.0,False,103
2023,6,river,Karnaphuli,Karnafully Paper,TDS,347.0,False,103
2023,7,river,Karnaphuli,Karnafully Paper,TDS,264.0,False,103
2023,8,river,Karnaphuli,Karnafully Paper,TDS,205.0,False,103
2023,9,river,Karnaphuli,Karnafully Paper,TDS,198.0,False,103
2023,10,river,Karnaphuli,Karnafully Paper,TDS,260.0,False,103
2023,11,river,Karnaphuli,Karnafully Paper,TDS,239.0,False,103
2023,12,river,Karnaphuli,Karnafully Paper,TDS,203.0,False,103
2023,1,river,Karnaphuli,Karnafully Paper,pH,7.19,False,102
2023,2,river,Karnaphuli,Karnafully Paper,pH,7.36,False,102
2023,3,river,Karnaphuli,Karnafully Paper,pH,8.1,False,102
2023,4,river,Karnaphuli,Karnafully Paper,pH,7.53,False,102
2023,5,river,Karnaphuli,Karnafully Paper,pH,7.42,False,102
2023,6,river,Karnaphuli,Karnafully Paper,pH,7.22,False,102
2023,7,river,Karnaphuli,Karnafully Paper,pH,7.42,False,102
2023,8,river,Karnaphuli,Karnafully Paper,pH,6.25,False,102
2023,9,river,Karnaphuli,Karnafully Paper,pH,7.42,False,102
2023,10,river,Karnaphuli,Karnafully Paper,pH,6.85,False,102
2023,11,river,Karnaphuli,Karnafully Paper,pH,6.71,False,102
2023,12,river,Karnaphuli,Karnafully Paper,pH,6.86,False,102
2023,1,river,Karnaphuli,Mariam Nagar,BOD,5.0,False,103
2023,2,river,Karnaphuli,Mariam Nagar,BOD,4.0,False,103
2023,3,river,Karnaphuli,Mariam Nagar,BOD,4.0,False,103
2023,4,river,Karnaphuli,Mariam Nagar,BOD,3.0,False,103
2023,5,river,Karnaphuli,Mariam Nagar,BOD,4.0,False,103
2023,6,river,Karnaphuli,Mariam Nagar,BOD,3.0,False,103
2023,7,river,Karnaphuli,Mariam Nagar,BOD,4.0,False,103
2023,8,river,Karnaphuli,Mariam Nagar,BOD,6.0,False,103
2023,9,river,Karnaphuli,Mariam Nagar,BOD,5.0,False,103
2023,10,river,Karnaphuli,Mariam Nagar,BOD,4.0,False,103
2023,11,river,Karnaphuli,Mariam Nagar,BOD,6.0,False,103
2023,12,river,Karnaphuli,Mariam Nagar,BOD,5.0,False,103
2023,1,river,Karnaphuli,Mariam Nagar,COD,9.0,False,103
2023,2,river,Karnaphuli,Mariam Nagar,COD,8.0,False,103
2023,3,river,Karnaphuli,Mariam Nagar,COD,18.0,False,103
2023,4,river,Karnaphuli,Mariam Nagar,COD,7.0,False,103
2023,5,river,Karnaphuli,Mariam Nagar,COD,8.0,False,103
2023,6,river,Karnaphuli,Mariam Nagar,COD,6.0,False,103
2023,7,river,Karnaphuli,Mariam Nagar,COD,7.0,False,103
2023,8,river,Karnaphuli,Mariam Nagar,COD,21.0,False,103
2023,9,river,Karnaphuli,Mariam Nagar,COD,19.0,False,103
2023,10,river,Karnaphuli,Mariam Nagar,COD,32.0,False,103
2023,11,river,Karnaphuli,Mariam Nagar,COD,32.0,False,103
2023,12,river,Karnaphuli,Mariam Nagar,COD,12.0,False,103
2023,1,river,Karnaphuli,Mariam Nagar,DO,7.39,False,103
2023,2,river,Karnaphuli,Mariam Nagar,DO,7.33,False,103
2023,3,river,Karnaphuli,Mariam Nagar,DO,6.92,False,103
2023,4,river,Karnaphuli,Mariam Nagar,DO,7.45,False,103
2023,5,river,Karnaphuli,Mariam Nagar,DO,7.6,False,103
2023,6,river,Karnaphuli,Mariam Nagar,DO,7.5,False,103
2023,7,river,Karnaphuli,Mariam Nagar,DO,7.63,False,103
2023,8,river,Karnaphuli,Mariam Nagar,DO,7.63,False,103
2023,9,river,Karnaphuli,Mariam Nagar,DO,8.11,False,103
2023,10,river,Karnaphuli,Mariam Nagar,DO,7.28,False,103
2023,11,river,Karnaphuli,Mariam Nagar,DO,7.72,False,103
2023,12,river,Karnaphuli,Mariam Nagar,DO,6.9,False,103
2023,1,river,Karnaphuli,Mariam Nagar,SS,69.0,False,103
2023,2,river,Karnaphuli,Mariam Nagar,SS,58.0,False,103
2023,3,river,Karnaphuli,Mariam Nagar,SS,74.0,False,103
2023,4,river,Karnaphuli,Mariam Nagar,SS,49.0,False,103
2023,5,river,Karnaphuli,Mariam Nagar,SS,60.0,False,103
2023,6,river,Karnaphuli,Mariam Nagar,SS,89.0,False,103
2023,7,river,Karnaphuli,Mariam Nagar,SS,32.0,False,103
2023,8,river,Karnaphuli,Mariam Nagar,SS,36.0,False,103
2023,9,river,Karnaphuli,Mariam Nagar,SS,28.0,False,103
2023,10,river,Karnaphuli,Mariam Nagar,SS,22.0,False,103
2023,11,river,Karnaphuli,Mariam Nagar,SS,32.0,False,103
2023,12,river,Karnaphuli,Mariam Nagar,SS,39.0,False,103
2023,1,river,Karnaphuli,Mariam Nagar,TDS,289.0,False,103
2023,2,river,Karnaphuli,Mariam Nagar,TDS,159.0,False,103
2023,3,river,Karnaphuli,Mariam Nagar,TDS,187.0,False,103
2023,4,river,Karnaphuli,Mariam Nagar,TDS,169.0,False,103
2023,5,river,Karnaphuli,Mariam Nagar,TDS,174.0,False,103
2023,6,river,Karnaphuli,Mariam Nagar,TDS,184.0,False,103
2023,7,river,Karnaphuli,Mariam Nagar,TDS,236.0,False,103
2023,8,river,Karnaphuli,Mariam Nagar,TDS,264.0,False,103
2023,9,river,Karnaphuli,Mariam Nagar,TDS,215.0,False,103
2023,10,river,Karnaphuli,Mariam Nagar,TDS,189.0,False,103
2023,11,river,Karnaphuli,Mariam Nagar,TDS,201.0,False,103
2023,12,river,Karnaphuli,Mariam Nagar,TDS,207.0,False,103
2023,1,river,Karnaphuli,Mariam Nagar,pH,7.38,False,102
2023,2,river,Karnaphuli,Mariam Nagar,pH,7.36,False,102
2023,3,river,Karnaphuli,Mariam Nagar,pH,7.99,False,102
2023,4,river,Karnaphuli,Mariam Nagar,pH,7.42,False,102
2023,5,river,Karnaphuli,Mariam Nagar,pH,7.27,False,102
2023,6,river,Karnaphuli,Mariam Nagar,pH,7.47,False,102
2023,7,river,Karnaphuli,Mariam Nagar,pH,7.67,False,102
2023,8,river,Karnaphuli,Mariam Nagar,pH,7.12,False,102
2023,9,river,Karnaphuli,Mariam Nagar,pH,7.14,False,102
2023,10,river,Karnaphuli,Mariam Nagar,pH,6.99,False,102
2023,11,river,Karnaphuli,Mariam Nagar,pH,6.69,False,102
2023,12,river,Karnaphuli,Mariam Nagar,pH,6.99,False,102
2023,1,river,Karnaphuli,Shikalbaha,COD,10.0,False,103
2023,3,river,Karnaphuli,Shikalbaha,COD,16.0,False,103
2023,4,river,Karnaphuli,Shikalbaha,COD,9.0,False,103
2023,5,river,Karnaphuli,Shikalbaha,COD,10.0,False,103
2023,6,river,Karnaphuli,Shikalbaha,COD,11.0,False,103
2023,7,river,Karnaphuli,Shikalbaha,COD,13.0,False,103
2023,8,river,Karnaphuli,Shikalbaha,COD,19.0,False,103
2023,9,river,Karnaphuli,Shikalbaha,COD,30.0,False,103
2023,10,river,Karnaphuli,Shikalbaha,COD,15.0,False,103
2023,11,river,Karnaphuli,Shikalbaha,COD,19.0,False,103
2023,12,river,Karnaphuli,Shikalbaha,COD,14.0,False,103
2023,1,river,Karnaphuli,Shikalbaha,DO,7.38,False,103
2023,3,river,Karnaphuli,Shikalbaha,DO,7.26,False,103
2023,4,river,Karnaphuli,Shikalbaha,DO,7.42,False,103
2023,5,river,Karnaphuli,Shikalbaha,DO,7.18,False,103
2023,6,river,Karnaphuli,Shikalbaha,DO,7.24,False,103
2023,7,river,Karnaphuli,Shikalbaha,DO,7.39,False,103
2023,8,river,Karnaphuli,Shikalbaha,DO,8.09,False,103
2023,9,river,Karnaphuli,Shikalbaha,DO,7.09,False,103
2023,10,river,Karnaphuli,Shikalbaha,DO,7.11,False,103
2023,11,river,Karnaphuli,Shikalbaha,DO,7.4,False,103
2023,12,river,Karnaphuli,Shikalbaha,DO,7.26,False,103
2023,1,river,Karnaphuli,Shikalbaha,SS,68.0,False,103
2023,2,river,Karnaphuli,Shikalbaha,SS,39.0,False,103
2023,3,river,Karnaphuli,Shikalbaha,SS,72.0,False,103
2023,4,river,Karnaphuli,Shikalbaha,SS,30.0,False,103
2023,5,river,Karnaphuli,Shikalbaha,SS,18.0,False,103
2023,6,river,Karnaphuli,Shikalbaha,SS,28.0,False,103
2023,7,river,Karnaphuli,Shikalbaha,SS,19.0,False,103
2023,8,river,Karnaphuli,Shikalbaha,SS,21.0,False,103
2023,9,river,Karnaphuli,Shikalbaha,SS,40.0,False,103
2023,10,river,Karnaphuli,Shikalbaha,SS,25.0,False,103
2023,11,river,Karnaphuli,Shikalbaha,SS,40.0,False,103
2023,12,river,Karnaphuli,Shikalbaha,SS,49.0,False,103
2023,1,river,Karnaphuli,Shikalbaha,TDS,217.0,False,103
2023,2,river,Karnaphuli,Shikalbaha,TDS,369.0,False,103
2023,3,river,Karnaphuli,Shikalbaha,TDS,445.0,False,103
2023,4,river,Karnaphuli,Shikalbaha,TDS,416.0,False,103
2023,5,river,Karnaphuli,Shikalbaha,TDS,578.0,False,103
2023,6,river,Karnaphuli,Shikalbaha,TDS,378.0,False,103
2023,7,river,Karnaphuli,Shikalbaha,TDS,269.0,False,103
2023,8,river,Karnaphuli,Shikalbaha,TDS,301.0,False,103
2023,9,river,Karnaphuli,Shikalbaha,TDS,351.0,False,103
2023,10,river,Karnaphuli,Shikalbaha,TDS,209.0,False,103
2023,11,river,Karnaphuli,Shikalbaha,TDS,118.0,False,103
2023,12,river,Karnaphuli,Shikalbaha,TDS,184.0,False,103
2023,1,river,Karnaphuli,Shikalbaha,pH,7.24,False,102
2023,3,river,Karnaphuli,Shikalbaha,pH,7.69,False,102
2023,4,river,Karnaphuli,Shikalbaha,pH,7.34,False,102
2023,5,river,Karnaphuli,Shikalbaha,pH,7.41,False,102
2023,6,river,Karnaphuli,Shikalbaha,pH,7.21,False,102
2023,7,river,Karnaphuli,Shikalbaha,pH,7.41,False,102
2023,8,river,Karnaphuli,Shikalbaha,pH,6.85,False,102
2023,9,river,Karnaphuli,Shikalbaha,pH,7.22,False,102
2023,10,river,Karnaphuli,Shikalbaha,pH,7.45,False,102
2023,11,river,Karnaphuli,Shikalbaha,pH,6.78,False,102
2023,12,river,Karnaphuli,Shikalbaha,pH,7.65,False,102
2023,1,river,Karnaphuli,TSP,BOD,6.0,False,103
2023,2,river,Karnaphuli,TSP,BOD,7.0,False,103
2023,3,river,Karnaphuli,TSP,BOD,9.0,False,103
2023,4,river,Karnaphuli,TSP,BOD,7.0,False,103
2023,5,river,Karnaphuli,TSP,BOD,6.0,False,103
2023,6,river,Karnaphuli,TSP,BOD,6.0,False,103
2023,7,river,Karnaphuli,TSP,BOD,4.0,False,103
2023,8,river,Karnaphuli,TSP,BOD,4.0,False,103
2023,9,river,Karnaphuli,TSP,BOD,3.0,False,103
2023,10,river,Karnaphuli,TSP,BOD,3.0,False,103
2023,11,river,Karnaphuli,TSP,BOD,4.0,False,103
2023,12,river,Karnaphuli,TSP,BOD,14.0,False,103
2023,1,river,Karnaphuli,TSP,COD,34.0,False,103
2023,2,river,Karnaphuli,TSP,COD,39.0,False,103
2023,3,river,Karnaphuli,TSP,COD,52.0,False,103
2023,4,river,Karnaphuli,TSP,COD,36.0,False,103
2023,5,river,Karnaphuli,TSP,COD,29.0,False,103
2023,6,river,Karnaphuli,TSP,COD,35.0,False,103
2023,7,river,Karnaphuli,TSP,COD,26.0,False,103
2023,8,river,Karnaphuli,TSP,COD,24.0,False,103
2023,9,river,Karnaphuli,TSP,COD,29.0,False,103
2023,10,river,Karnaphuli,TSP,COD,21.0,False,103
2023,11,river,Karnaphuli,TSP,COD,17.0,False,103
2023,12,river,Karnaphuli,TSP,COD,49.0,False,103
2023,1,river,Karnaphuli,TSP,DO,6.42,False,103
2023,2,river,Karnaphuli,TSP,DO,7.69,False,103
2023,3,river,Karnaphuli,TSP,DO,6.64,False,103
2023,4,river,Karnaphuli,TSP,DO,8.85,False,103
2023,5,river,Karnaphuli,TSP,DO,8.09,False,103
2023,6,river,Karnaphuli,TSP,DO,7.79,False,103
2023,7,river,Karnaphuli,TSP,DO,8.39,False,103
2023,8,river,Karnaphuli,TSP,DO,7.41,False,103
2023,9,river,Karnaphuli,TSP,DO,7.51,False,103
2023,10,river,Karnaphuli,TSP,DO,7.01,False,103
2023,11,river,Karnaphuli,TSP,DO,7.4,False,103
2023,12,river,Karnaphuli,TSP,DO,7.05,False,103
2023,1,river,Karnaphuli,TSP,SS,57.0,False,103
2023,2,river,Karnaphuli,TSP,SS,224.0,False,103
2023,3,river,Karnaphuli,TSP,SS,65.0,False,103
2023,4,river,Karnaphuli,TSP,SS,159.0,False,103
2023,5,river,Karnaphuli,TSP,SS,247.0,False,103
2023,6,river,Karnaphuli,TSP,SS,419.0,False,103
2023,7,river,Karnaphuli,TSP,SS,439.0,False,103
2023,8,river,Karnaphuli,TSP,SS,328.0,False,103
2023,9,river,Karnaphuli,TSP,SS,156.0,False,103
2023,10,river,Karnaphuli,TSP,SS,358.0,False,103
2023,11,river,Karnaphuli,TSP,SS,305.0,False,103
2023,12,river,Karnaphuli,TSP,SS,237.0,False,103
2023,1,river,Karnaphuli,TSP,TDS,12750.0,False,103
2023,2,river,Karnaphuli,TSP,TDS,9000.0,False,103
2023,3,river,Karnaphuli,TSP,TDS,19140.0,False,103
2023,4,river,Karnaphuli,TSP,TDS,16850.0,False,103
2023,5,river,Karnaphuli,TSP,TDS,14567.0,False,103
2023,6,river,Karnaphuli,TSP,TDS,16240.0,False,103
2023,7,river,Karnaphuli,TSP,TDS,12940.0,False,103
2023,8,river,Karnaphuli,TSP,TDS,14380.0,False,103
2023,9,river,Karnaphuli,TSP,TDS,10510.0,False,103
2023,10,river,Karnaphuli,TSP,TDS,10110.0,False,103
2023,11,river,Karnaphuli,TSP,TDS,9510.0,False,103
2023,12,river,Karnaphuli,TSP,TDS,6740.0,False,103
2023,1,river,Karnaphuli,TSP,pH,7.81,False,102
2023,2,river,Karnaphuli,TSP,pH,7.09,False,102
2023,3,river,Karnaphuli,TSP,pH,8.09,False,102
2023,4,river,Karnaphuli,TSP,pH,8.16,False,102
2023,5,river,Karnaphuli,TSP,pH,8.34,False,102
2023,6,river,Karnaphuli,TSP,pH,8.39,False,102
2023,7,river,Karnaphuli,TSP,pH,7.97,False,102
2023,8,river,Karnaphuli,TSP,pH,7.1,False,102
2023,9,river,Karnaphuli,TSP,pH,6.96,False,102
2023,10,river,Karnaphuli,TSP,pH,7.67,False,102
2023,11,river,Karnaphuli,TSP,pH,6.81,False,102
2023,12,river,Karnaphuli,TSP,pH,7.8,False,102
2023,1,river,Khakshiali,Boshontopur,BOD,3.7,False,111
2023,2,river,Khakshiali,Boshontopur,BOD,4.8,False,111
2023,3,river,Khakshiali,Boshontopur,BOD,4.8,False,111
2023,6,river,Khakshiali,Boshontopur,BOD,8.2,False,111
2023,10,river,Khakshiali,Boshontopur,BOD,8.3,False,111
2023,11,river,Khakshiali,Boshontopur,BOD,7.17,False,111
2023,12,river,Khakshiali,Boshontopur,BOD,5.46,False,111
2023,1,river,Khakshiali,Boshontopur,Chloride,1027.0,False,111
2023,2,river,Khakshiali,Boshontopur,Chloride,991.0,False,111
2023,3,river,Khakshiali,Boshontopur,Chloride,991.0,False,111
2023,6,river,Khakshiali,Boshontopur,Chloride,4110.0,False,111
2023,10,river,Khakshiali,Boshontopur,Chloride,792.0,False,111
2023,11,river,Khakshiali,Boshontopur,Chloride,480.0,False,111
2023,12,river,Khakshiali,Boshontopur,Chloride,482.0,False,111
2023,1,river,Khakshiali,Boshontopur,DO,7.63,False,111
2023,2,river,Khakshiali,Boshontopur,DO,6.73,False,111
2023,3,river,Khakshiali,Boshontopur,DO,6.73,False,111
2023,6,river,Khakshiali,Boshontopur,DO,6.17,False,111
2023,10,river,Khakshiali,Boshontopur,DO,6.18,False,111
2023,11,river,Khakshiali,Boshontopur,DO,6.18,False,111
2023,12,river,Khakshiali,Boshontopur,DO,4.21,False,111
2023,1,river,Khakshiali,Boshontopur,EC,4110.0,False,112
2023,2,river,Khakshiali,Boshontopur,EC,3964.0,False,112
2023,3,river,Khakshiali,Boshontopur,EC,3964.0,False,112
2023,6,river,Khakshiali,Boshontopur,EC,16440.0,False,112
2023,10,river,Khakshiali,Boshontopur,EC,2169.0,False,112
2023,11,river,Khakshiali,Boshontopur,EC,1920.0,False,112
2023,12,river,Khakshiali,Boshontopur,EC,1928.0,False,112
2023,1,river,Khakshiali,Boshontopur,SS,83.0,False,112
2023,2,river,Khakshiali,Boshontopur,SS,87.0,False,112
2023,3,river,Khakshiali,Boshontopur,SS,87.0,False,112
2023,6,river,Khakshiali,Boshontopur,SS,74.0,False,112
2023,10,river,Khakshiali,Boshontopur,SS,64.0,False,112
2023,11,river,Khakshiali,Boshontopur,SS,54.0,False,112
2023,12,river,Khakshiali,Boshontopur,SS,52.0,False,112
2023,1,river,Khakshiali,Boshontopur,TDS,2055.0,False,111
2023,2,river,Khakshiali,Boshontopur,TDS,1982.0,False,111
2023,3,river,Khakshiali,Boshontopur,TDS,1982.0,False,111
2023,6,river,Khakshiali,Boshontopur,TDS,8220.0,False,111
2023,10,river,Khakshiali,Boshontopur,TDS,1085.0,False,111
2023,11,river,Khakshiali,Boshontopur,TDS,960.0,False,111
2023,12,river,Khakshiali,Boshontopur,TDS,964.0,False,111
2023,1,river,Khakshiali,Boshontopur,Turbidity,73.0,False,111
2023,2,river,Khakshiali,Boshontopur,Turbidity,38.0,False,111
2023,3,river,Khakshiali,Boshontopur,Turbidity,38.0,False,111
2023,6,river,Khakshiali,Boshontopur,Turbidity,88.0,False,111
2023,10,river,Khakshiali,Boshontopur,Turbidity,31.0,False,111
2023,11,river,Khakshiali,Boshontopur,Turbidity,37.0,False,111
2023,12,river,Khakshiali,Boshontopur,Turbidity,35.0,False,111
2023,1,river,Khakshiali,Boshontopur,pH,6.72,False,111
2023,2,river,Khakshiali,Boshontopur,pH,6.77,False,111
2023,3,river,Khakshiali,Boshontopur,pH,6.77,False,111
2023,6,river,Khakshiali,Boshontopur,pH,7.05,False,111
2023,10,river,Khakshiali,Boshontopur,pH,7.05,False,111
2023,11,river,Khakshiali,Boshontopur,pH,7.69,False,111
2023,12,river,Khakshiali,Boshontopur,pH,7.74,False,111
2023,1,river,Khakshiali,Kaliganj Bazar,BOD,3.5,False,111
2023,2,river,Khakshiali,Kaliganj Bazar,BOD,2.8,False,111
2023,3,river,Khakshiali,Kaliganj Bazar,BOD,3.04,False,111
2023,6,river,Khakshiali,Kaliganj Bazar,BOD,9.4,False,111
2023,10,river,Khakshiali,Kaliganj Bazar,BOD,9.7,False,111
2023,11,river,Khakshiali,Kaliganj Bazar,BOD,7.9,False,111
2023,12,river,Khakshiali,Kaliganj Bazar,BOD,5.7,False,111
2023,1,river,Khakshiali,Kaliganj Bazar,Chloride,1000.0,False,111
2023,2,river,Khakshiali,Kaliganj Bazar,Chloride,963.0,False,111
2023,3,river,Khakshiali,Kaliganj Bazar,Chloride,237.0,False,111
2023,6,river,Khakshiali,Kaliganj Bazar,Chloride,3935.0,False,111
2023,10,river,Khakshiali,Kaliganj Bazar,Chloride,798.0,False,111
2023,11,river,Khakshiali,Kaliganj Bazar,Chloride,778.0,False,111
2023,12,river,Khakshiali,Kaliganj Bazar,Chloride,456.0,False,111
2023,1,river,Khakshiali,Kaliganj Bazar,DO,7.35,False,111
2023,2,river,Khakshiali,Kaliganj Bazar,DO,6.67,False,111
2023,3,river,Khakshiali,Kaliganj Bazar,DO,5.24,False,111
2023,6,river,Khakshiali,Kaliganj Bazar,DO,5.79,False,111
2023,10,river,Khakshiali,Kaliganj Bazar,DO,6.52,False,111
2023,11,river,Khakshiali,Kaliganj Bazar,DO,5.17,False,111
2023,12,river,Khakshiali,Kaliganj Bazar,DO,4.24,False,111
2023,1,river,Khakshiali,Kaliganj Bazar,EC,4000.0,False,112
2023,2,river,Khakshiali,Kaliganj Bazar,EC,3850.0,False,112
2023,3,river,Khakshiali,Kaliganj Bazar,EC,946.0,False,112
2023,6,river,Khakshiali,Kaliganj Bazar,EC,15740.0,False,112
2023,10,river,Khakshiali,Kaliganj Bazar,EC,3190.0,False,112
2023,11,river,Khakshiali,Kaliganj Bazar,EC,2612.0,False,112
2023,12,river,Khakshiali,Kaliganj Bazar,EC,1824.0,False,112
2023,1,river,Khakshiali,Kaliganj Bazar,SS,72.0,False,112
2023,2,river,Khakshiali,Kaliganj Bazar,SS,65.0,False,112
2023,3,river,Khakshiali,Kaliganj Bazar,SS,43.0,False,112
2023,6,river,Khakshiali,Kaliganj Bazar,SS,64.0,False,112
2023,10,river,Khakshiali,Kaliganj Bazar,SS,66.0,False,112
2023,11,river,Khakshiali,Kaliganj Bazar,SS,46.0,False,112
2023,12,river,Khakshiali,Kaliganj Bazar,SS,34.0,False,112
2023,1,river,Khakshiali,Kaliganj Bazar,TDS,2000.0,False,111
2023,2,river,Khakshiali,Kaliganj Bazar,TDS,1925.0,False,111
2023,3,river,Khakshiali,Kaliganj Bazar,TDS,473.0,False,111
2023,6,river,Khakshiali,Kaliganj Bazar,TDS,7870.0,False,111
2023,10,river,Khakshiali,Kaliganj Bazar,TDS,1595.0,False,111
2023,11,river,Khakshiali,Kaliganj Bazar,TDS,1304.0,False,111
2023,12,river,Khakshiali,Kaliganj Bazar,TDS,912.0,False,111
2023,1,river,Khakshiali,Kaliganj Bazar,Turbidity,79.0,False,111
2023,2,river,Khakshiali,Kaliganj Bazar,Turbidity,62.0,False,111
2023,3,river,Khakshiali,Kaliganj Bazar,Turbidity,78.0,False,111
2023,6,river,Khakshiali,Kaliganj Bazar,Turbidity,94.0,False,111
2023,10,river,Khakshiali,Kaliganj Bazar,Turbidity,34.0,False,111
2023,11,river,Khakshiali,Kaliganj Bazar,Turbidity,34.0,False,111
2023,12,river,Khakshiali,Kaliganj Bazar,Turbidity,32.0,False,111
2023,1,river,Khakshiali,Kaliganj Bazar,pH,6.67,False,111
2023,2,river,Khakshiali,Kaliganj Bazar,pH,6.78,False,111
2023,3,river,Khakshiali,Kaliganj Bazar,pH,7.19,False,111
2023,6,river,Khakshiali,Kaliganj Bazar,pH,6.95,False,111
2023,10,river,Khakshiali,Kaliganj Bazar,pH,7.11,False,111
2023,11,river,Khakshiali,Kaliganj Bazar,pH,7.26,False,111
2023,12,river,Khakshiali,Kaliganj Bazar,pH,7.66,False,111
2023,1,river,Khakshiali,Uzirpur,BOD,2.8,False,111
2023,2,river,Khakshiali,Uzirpur,BOD,2.6,False,111
2023,3,river,Khakshiali,Uzirpur,BOD,2.6,False,111
2023,6,river,Khakshiali,Uzirpur,BOD,8.6,False,111
2023,10,river,Khakshiali,Uzirpur,BOD,8.5,False,111
2023,11,river,Khakshiali,Uzirpur,BOD,6.3,False,111
2023,12,river,Khakshiali,Uzirpur,BOD,8.4,False,111
2023,1,river,Khakshiali,Uzirpur,Chloride,314.0,False,111
2023,2,river,Khakshiali,Uzirpur,Chloride,307.0,False,111
2023,3,river,Khakshiali,Uzirpur,Chloride,307.0,False,111
2023,6,river,Khakshiali,Uzirpur,Chloride,3945.0,False,111
2023,10,river,Khakshiali,Uzirpur,Chloride,738.0,False,111
2023,11,river,Khakshiali,Uzirpur,Chloride,629.0,False,111
2023,12,river,Khakshiali,Uzirpur,Chloride,312.0,False,111
2023,1,river,Khakshiali,Uzirpur,DO,6.23,False,111
2023,2,river,Khakshiali,Uzirpur,DO,5.8,False,111
2023,3,river,Khakshiali,Uzirpur,DO,5.8,False,111
2023,6,river,Khakshiali,Uzirpur,DO,5.37,False,111
2023,10,river,Khakshiali,Uzirpur,DO,6.07,False,111
2023,11,river,Khakshiali,Uzirpur,DO,5.17,False,111
2023,12,river,Khakshiali,Uzirpur,DO,3.34,False,111
2023,1,river,Khakshiali,Uzirpur,EC,1254.0,False,112
2023,2,river,Khakshiali,Uzirpur,EC,1228.0,False,112
2023,3,river,Khakshiali,Uzirpur,EC,1228.0,False,112
2023,6,river,Khakshiali,Uzirpur,EC,15780.0,False,112
2023,10,river,Khakshiali,Uzirpur,EC,2950.0,False,112
2023,11,river,Khakshiali,Uzirpur,EC,2516.0,False,112
2023,12,river,Khakshiali,Uzirpur,EC,1246.0,False,112
2023,1,river,Khakshiali,Uzirpur,SS,55.0,False,112
2023,2,river,Khakshiali,Uzirpur,SS,62.0,False,112
2023,3,river,Khakshiali,Uzirpur,SS,62.0,False,112
2023,6,river,Khakshiali,Uzirpur,SS,75.0,False,112
2023,10,river,Khakshiali,Uzirpur,SS,73.0,False,112
2023,11,river,Khakshiali,Uzirpur,SS,73.0,False,112
2023,12,river,Khakshiali,Uzirpur,SS,65.0,False,112
2023,1,river,Khakshiali,Uzirpur,TDS,627.0,False,111
2023,2,river,Khakshiali,Uzirpur,TDS,614.0,False,111
2023,3,river,Khakshiali,Uzirpur,TDS,614.0,False,111
2023,6,river,Khakshiali,Uzirpur,TDS,7890.0,False,111
2023,10,river,Khakshiali,Uzirpur,TDS,1475.0,False,111
2023,11,river,Khakshiali,Uzirpur,TDS,1258.0,False,111
2023,12,river,Khakshiali,Uzirpur,TDS,623.0,False,111
2023,1,river,Khakshiali,Uzirpur,Turbidity,53.0,False,111
2023,2,river,Khakshiali,Uzirpur,Turbidity,68.0,False,111
2023,3,river,Khakshiali,Uzirpur,Turbidity,68.0,False,111
2023,6,river,Khakshiali,Uzirpur,Turbidity,96.0,False,111
2023,10,river,Khakshiali,Uzirpur,Turbidity,32.0,False,111
2023,11,river,Khakshiali,Uzirpur,Turbidity,32.0,False,111
2023,12,river,Khakshiali,Uzirpur,Turbidity,24.0,False,111
2023,1,river,Khakshiali,Uzirpur,pH,7.21,False,111
2023,2,river,Khakshiali,Uzirpur,pH,8.17,False,111
2023,3,river,Khakshiali,Uzirpur,pH,8.47,False,111
2023,6,river,Khakshiali,Uzirpur,pH,6.69,False,111
2023,10,river,Khakshiali,Uzirpur,pH,6.78,False,111
2023,11,river,Khakshiali,Uzirpur,pH,6.89,False,111
2023,12,river,Khakshiali,Uzirpur,pH,7.34,False,111
2023,1,river,Kirtankhola,Dopdopia Kheyaghat (M),DO,6.79,False,115
2023,9,river,Kirtankhola,Dopdopia Kheyaghat (M),DO,6.19,False,115
2023,10,river,Kirtankhola,Dopdopia Kheyaghat (M),DO,7.34,False,115
2023,12,river,Kirtankhola,Dopdopia Kheyaghat (M),DO,7.04,False,115
2023,1,river,Kirtankhola,Dopdopia Kheyaghat (M),EC,1632.0,False,115
2023,9,river,Kirtankhola,Dopdopia Kheyaghat (M),EC,187.2,False,115
2023,10,river,Kirtankhola,Dopdopia Kheyaghat (M),EC,211.2,False,115
2023,12,river,Kirtankhola,Dopdopia Kheyaghat (M),EC,490.0,False,115
2023,1,river,Kirtankhola,Dopdopia Kheyaghat (M),TDS,861.0,False,115
2023,9,river,Kirtankhola,Dopdopia Kheyaghat (M),TDS,88.4,False,115
2023,10,river,Kirtankhola,Dopdopia Kheyaghat (M),TDS,101.4,False,115
2023,12,river,Kirtankhola,Dopdopia Kheyaghat (M),TDS,249.0,False,115
2023,1,river,Kirtankhola,Dopdopia Kheyaghat (M),pH,8.16,False,115
2023,9,river,Kirtankhola,Dopdopia Kheyaghat (M),pH,8.42,False,115
2023,10,river,Kirtankhola,Dopdopia Kheyaghat (M),pH,8.22,False,115
2023,12,river,Kirtankhola,Dopdopia Kheyaghat (M),pH,7.74,False,115
2023,1,river,Kirtankhola,Dopdopia Kheyaghat (S),DO,7.13,False,115
2023,9,river,Kirtankhola,Dopdopia Kheyaghat (S),DO,7.73,False,115
2023,10,river,Kirtankhola,Dopdopia Kheyaghat (S),DO,7.17,False,115
2023,12,river,Kirtankhola,Dopdopia Kheyaghat (S),DO,7.41,False,115
2023,1,river,Kirtankhola,Dopdopia Kheyaghat (S),EC,1701.0,False,115
2023,9,river,Kirtankhola,Dopdopia Kheyaghat (S),EC,179.4,False,115
2023,10,river,Kirtankhola,Dopdopia Kheyaghat (S),EC,197.5,False,115
2023,12,river,Kirtankhola,Dopdopia Kheyaghat (S),EC,528.0,False,115
2023,1,river,Kirtankhola,Dopdopia Kheyaghat (S),TDS,897.0,False,115
2023,9,river,Kirtankhola,Dopdopia Kheyaghat (S),TDS,84.3,False,115
2023,10,river,Kirtankhola,Dopdopia Kheyaghat (S),TDS,94.8,False,115
2023,12,river,Kirtankhola,Dopdopia Kheyaghat (S),TDS,257.0,False,115
2023,1,river,Kirtankhola,Kaower Char (M),DO,6.37,False,115
2023,9,river,Kirtankhola,Kaower Char (M),DO,6.66,False,115
2023,10,river,Kirtankhola,Kaower Char (M),DO,6.97,False,115
2023,12,river,Kirtankhola,Kaower Char (M),DO,6.59,False,115
2023,1,river,Kirtankhola,Kaower Char (M),EC,1691.0,False,115
2023,9,river,Kirtankhola,Kaower Char (M),EC,199.9,False,115
2023,10,river,Kirtankhola,Kaower Char (M),EC,237.1,False,115
2023,12,river,Kirtankhola,Kaower Char (M),EC,584.0,False,115
2023,1,river,Kirtankhola,Kaower Char (M),TDS,861.0,False,115
2023,9,river,Kirtankhola,Kaower Char (M),TDS,93.5,False,115
2023,10,river,Kirtankhola,Kaower Char (M),TDS,114.4,False,115
2023,12,river,Kirtankhola,Kaower Char (M),TDS,294.0,False,115
2023,1,river,Kirtankhola,Kaower Char (M),pH,8.28,False,115
2023,9,river,Kirtankhola,Kaower Char (M),pH,8.31,False,115
2023,10,river,Kirtankhola,Kaower Char (M),pH,8.24,False,115
2023,12,river,Kirtankhola,Kaower Char (M),pH,8.11,False,115
2023,1,river,Kirtankhola,Kaower Char (S),DO,6.66,False,115
2023,9,river,Kirtankhola,Kaower Char (S),DO,6.38,False,115
2023,10,river,Kirtankhola,Kaower Char (S),DO,7.48,False,115
2023,12,river,Kirtankhola,Kaower Char (S),DO,7.13,False,115
2023,1,river,Kirtankhola,Kaower Char (S),EC,1631.0,False,115
2023,9,river,Kirtankhola,Kaower Char (S),EC,170.0,False,115
2023,10,river,Kirtankhola,Kaower Char (S),EC,251.7,False,115
2023,12,river,Kirtankhola,Kaower Char (S),EC,688.0,False,115
2023,1,river,Kirtankhola,Kaower Char (S),TDS,878.0,False,115
2023,9,river,Kirtankhola,Kaower Char (S),TDS,81.6,False,115
2023,10,river,Kirtankhola,Kaower Char (S),TDS,119.3,False,115
2023,12,river,Kirtankhola,Kaower Char (S),TDS,359.0,False,115
2023,1,river,Kirtankhola,Kaower Char (S),pH,8.1,False,115
2023,9,river,Kirtankhola,Kaower Char (S),pH,8.24,False,115
2023,10,river,Kirtankhola,Kaower Char (S),pH,8.59,False,115
2023,12,river,Kirtankhola,Kaower Char (S),pH,8.02,False,115
2023,1,river,Kirtankhola,Launch Ghat (M),DO,7.25,False,115
2023,9,river,Kirtankhola,Launch Ghat (M),DO,6.7,False,115
2023,10,river,Kirtankhola,Launch Ghat (M),DO,7.11,False,115
2023,12,river,Kirtankhola,Launch Ghat (M),DO,6.82,False,115
2023,1,river,Kirtankhola,Launch Ghat (M),EC,1518.0,False,115
2023,9,river,Kirtankhola,Launch Ghat (M),EC,187.1,False,115
2023,10,river,Kirtankhola,Launch Ghat (M),EC,229.8,False,115
2023,12,river,Kirtankhola,Launch Ghat (M),EC,408.0,False,115
2023,1,river,Kirtankhola,Launch Ghat (M),TDS,801.0,False,115
2023,9,river,Kirtankhola,Launch Ghat (M),TDS,94.5,False,115
2023,10,river,Kirtankhola,Launch Ghat (M),TDS,113.1,False,115
2023,12,river,Kirtankhola,Launch Ghat (M),TDS,192.0,False,115
2023,1,river,Kirtankhola,Launch Ghat (M),pH,8.66,False,115
2023,9,river,Kirtankhola,Launch Ghat (M),pH,8.13,False,115
2023,10,river,Kirtankhola,Launch Ghat (M),pH,8.08,False,115
2023,12,river,Kirtankhola,Launch Ghat (M),pH,8.09,False,115
2023,1,river,Kirtankhola,Launch Ghat (S),DO,7.1,False,115
2023,9,river,Kirtankhola,Launch Ghat (S),DO,6.51,False,115
2023,10,river,Kirtankhola,Launch Ghat (S),DO,7.41,False,115
2023,12,river,Kirtankhola,Launch Ghat (S),DO,6.71,False,115
2023,1,river,Kirtankhola,Launch Ghat (S),EC,1534.0,False,115
2023,9,river,Kirtankhola,Launch Ghat (S),EC,161.3,False,115
2023,10,river,Kirtankhola,Launch Ghat (S),EC,213.4,False,115
2023,12,river,Kirtankhola,Launch Ghat (S),EC,438.0,False,115
2023,1,river,Kirtankhola,Launch Ghat (S),TDS,811.0,False,115
2023,9,river,Kirtankhola,Launch Ghat (S),TDS,89.6,False,115
2023,10,river,Kirtankhola,Launch Ghat (S),TDS,104.9,False,115
2023,12,river,Kirtankhola,Launch Ghat (S),TDS,212.0,False,115
2023,1,river,Kirtankhola,Launch Ghat (S),pH,8.82,False,115
2023,9,river,Kirtankhola,Launch Ghat (S),pH,8.32,False,115
2023,10,river,Kirtankhola,Launch Ghat (S),pH,8.11,False,115
2023,12,river,Kirtankhola,Launch Ghat (S),pH,8.01,False,115
2023,1,river,Korotoa,Aziz Ahmed Taki Road (Down),BOD,2.2,False,101
2023,2,river,Korotoa,Aziz Ahmed Taki Road (Down),BOD,4.2,False,101
2023,4,river,Korotoa,Aziz Ahmed Taki Road (Down),BOD,4.2,False,101
2023,5,river,Korotoa,Aziz Ahmed Taki Road (Down),BOD,4.1,False,101
2023,6,river,Korotoa,Aziz Ahmed Taki Road (Down),BOD,4.0,False,101
2023,7,river,Korotoa,Aziz Ahmed Taki Road (Down),BOD,4.2,False,101
2023,8,river,Korotoa,Aziz Ahmed Taki Road (Down),BOD,4.3,False,101
2023,9,river,Korotoa,Aziz Ahmed Taki Road (Down),BOD,4.2,False,101
2023,10,river,Korotoa,Aziz Ahmed Taki Road (Down),BOD,4.0,False,101
2023,11,river,Korotoa,Aziz Ahmed Taki Road (Down),BOD,4.2,False,101
2023,12,river,Korotoa,Aziz Ahmed Taki Road (Down),BOD,4.3,False,101
2023,1,river,Korotoa,Aziz Ahmed Taki Road (Down),DO,6.0,False,100
2023,2,river,Korotoa,Aziz Ahmed Taki Road (Down),DO,4.0,False,100
2023,4,river,Korotoa,Aziz Ahmed Taki Road (Down),DO,3.0,False,100
2023,5,river,Korotoa,Aziz Ahmed Taki Road (Down),DO,3.0,False,100
2023,6,river,Korotoa,Aziz Ahmed Taki Road (Down),DO,3.2,False,100
2023,7,river,Korotoa,Aziz Ahmed Taki Road (Down),DO,3.0,False,100
2023,8,river,Korotoa,Aziz Ahmed Taki Road (Down),DO,4.3,False,100
2023,9,river,Korotoa,Aziz Ahmed Taki Road (Down),DO,4.0,False,100
2023,10,river,Korotoa,Aziz Ahmed Taki Road (Down),DO,3.5,False,100
2023,11,river,Korotoa,Aziz Ahmed Taki Road (Down),DO,2.5,False,100
2023,12,river,Korotoa,Aziz Ahmed Taki Road (Down),DO,2.4,False,100
2023,1,river,Korotoa,Aziz Ahmed Taki Road (Down),EC,390.0,False,101
2023,2,river,Korotoa,Aziz Ahmed Taki Road (Down),EC,392.0,False,101
2023,4,river,Korotoa,Aziz Ahmed Taki Road (Down),EC,392.0,False,101
2023,5,river,Korotoa,Aziz Ahmed Taki Road (Down),EC,380.0,False,101
2023,6,river,Korotoa,Aziz Ahmed Taki Road (Down),EC,396.0,False,101
2023,7,river,Korotoa,Aziz Ahmed Taki Road (Down),EC,390.0,False,101
2023,8,river,Korotoa,Aziz Ahmed Taki Road (Down),EC,396.0,False,101
2023,9,river,Korotoa,Aziz Ahmed Taki Road (Down),EC,394.0,False,101
2023,10,river,Korotoa,Aziz Ahmed Taki Road (Down),EC,390.0,False,101
2023,11,river,Korotoa,Aziz Ahmed Taki Road (Down),EC,410.0,False,101
2023,12,river,Korotoa,Aziz Ahmed Taki Road (Down),EC,410.0,False,101
2023,1,river,Korotoa,Aziz Ahmed Taki Road (Down),SS,54.0,False,101
2023,2,river,Korotoa,Aziz Ahmed Taki Road (Down),SS,54.0,False,101
2023,4,river,Korotoa,Aziz Ahmed Taki Road (Down),SS,54.0,False,101
2023,5,river,Korotoa,Aziz Ahmed Taki Road (Down),SS,54.0,False,101
2023,6,river,Korotoa,Aziz Ahmed Taki Road (Down),SS,54.0,False,101
2023,7,river,Korotoa,Aziz Ahmed Taki Road (Down),SS,56.0,False,101
2023,8,river,Korotoa,Aziz Ahmed Taki Road (Down),SS,56.0,False,101
2023,9,river,Korotoa,Aziz Ahmed Taki Road (Down),SS,56.0,False,101
2023,10,river,Korotoa,Aziz Ahmed Taki Road (Down),SS,56.0,False,101
2023,11,river,Korotoa,Aziz Ahmed Taki Road (Down),SS,55.0,False,101
2023,12,river,Korotoa,Aziz Ahmed Taki Road (Down),SS,55.0,False,101
2023,1,river,Korotoa,Aziz Ahmed Taki Road (Down),TDS,195.0,False,101
2023,2,river,Korotoa,Aziz Ahmed Taki Road (Down),TDS,195.0,False,101
2023,4,river,Korotoa,Aziz Ahmed Taki Road (Down),TDS,196.0,False,101
2023,5,river,Korotoa,Aziz Ahmed Taki Road (Down),TDS,190.0,False,101
2023,6,river,Korotoa,Aziz Ahmed Taki Road (Down),TDS,198.0,False,101
2023,7,river,Korotoa,Aziz Ahmed Taki Road (Down),TDS,195.0,False,101
2023,8,river,Korotoa,Aziz Ahmed Taki Road (Down),TDS,198.0,False,101
2023,9,river,Korotoa,Aziz Ahmed Taki Road (Down),TDS,197.0,False,101
2023,10,river,Korotoa,Aziz Ahmed Taki Road (Down),TDS,195.0,False,101
2023,11,river,Korotoa,Aziz Ahmed Taki Road (Down),TDS,205.0,False,101
2023,12,river,Korotoa,Aziz Ahmed Taki Road (Down),TDS,210.0,False,101
2023,1,river,Korotoa,Aziz Ahmed Taki Road (Down),pH,7.36,False,100
2023,2,river,Korotoa,Aziz Ahmed Taki Road (Down),pH,7.38,False,100
2023,4,river,Korotoa,Aziz Ahmed Taki Road (Down),pH,7.4,False,100
2023,5,river,Korotoa,Aziz Ahmed Taki Road (Down),pH,7.42,False,100
2023,6,river,Korotoa,Aziz Ahmed Taki Road (Down),pH,7.54,False,100
2023,7,river,Korotoa,Aziz Ahmed Taki Road (Down),pH,7.76,False,100
2023,8,river,Korotoa,Aziz Ahmed Taki Road (Down),pH,7.72,False,100
2023,9,river,Korotoa,Aziz Ahmed Taki Road (Down),pH,7.75,False,100
2023,10,river,Korotoa,Aziz Ahmed Taki Road (Down),pH,7.74,False,100
2023,11,river,Korotoa,Aziz Ahmed Taki Road (Down),pH,7.85,False,100
2023,12,river,Korotoa,Aziz Ahmed Taki Road (Down),pH,7.83,False,100
2023,1,river,Korotoa,Aziz Ahmed Taki Road (UP),BOD,2.2,False,101
2023,2,river,Korotoa,Aziz Ahmed Taki Road (UP),BOD,4.2,False,101
2023,4,river,Korotoa,Aziz Ahmed Taki Road (UP),BOD,4.2,False,101
2023,5,river,Korotoa,Aziz Ahmed Taki Road (UP),BOD,4.1,False,101
2023,6,river,Korotoa,Aziz Ahmed Taki Road (UP),BOD,4.0,False,101
2023,7,river,Korotoa,Aziz Ahmed Taki Road (UP),BOD,4.2,False,101
2023,8,river,Korotoa,Aziz Ahmed Taki Road (UP),BOD,4.3,False,101
2023,9,river,Korotoa,Aziz Ahmed Taki Road (UP),BOD,4.2,False,101
2023,10,river,Korotoa,Aziz Ahmed Taki Road (UP),BOD,4.0,False,101
2023,11,river,Korotoa,Aziz Ahmed Taki Road (UP),BOD,4.2,False,101
2023,12,river,Korotoa,Aziz Ahmed Taki Road (UP),BOD,4.3,False,101
2023,1,river,Korotoa,Aziz Ahmed Taki Road (UP),DO,6.0,False,100
2023,2,river,Korotoa,Aziz Ahmed Taki Road (UP),DO,4.0,False,100
2023,4,river,Korotoa,Aziz Ahmed Taki Road (UP),DO,3.0,False,100
2023,5,river,Korotoa,Aziz Ahmed Taki Road (UP),DO,3.0,False,100
2023,6,river,Korotoa,Aziz Ahmed Taki Road (UP),DO,3.2,False,100
2023,7,river,Korotoa,Aziz Ahmed Taki Road (UP),DO,3.0,False,100
2023,8,river,Korotoa,Aziz Ahmed Taki Road (UP),DO,4.3,False,100
2023,9,river,Korotoa,Aziz Ahmed Taki Road (UP),DO,4.0,False,100
2023,10,river,Korotoa,Aziz Ahmed Taki Road (UP),DO,3.5,False,100
2023,11,river,Korotoa,Aziz Ahmed Taki Road (UP),DO,2.5,False,100
2023,12,river,Korotoa,Aziz Ahmed Taki Road (UP),DO,2.4,False,100
2023,1,river,Korotoa,Aziz Ahmed Taki Road (UP),EC,390.0,False,101
2023,2,river,Korotoa,Aziz Ahmed Taki Road (UP),EC,392.0,False,101
2023,4,river,Korotoa,Aziz Ahmed Taki Road (UP),EC,392.0,False,101
2023,5,river,Korotoa,Aziz Ahmed Taki Road (UP),EC,380.0,False,101
2023,6,river,Korotoa,Aziz Ahmed Taki Road (UP),EC,396.0,False,101
2023,7,river,Korotoa,Aziz Ahmed Taki Road (UP),EC,390.0,False,101
2023,8,river,Korotoa,Aziz Ahmed Taki Road (UP),EC,396.0,False,101
2023,9,river,Korotoa,Aziz Ahmed Taki Road (UP),EC,394.0,False,101
2023,10,river,Korotoa,Aziz Ahmed Taki Road (UP),EC,390.0,False,101
2023,11,river,Korotoa,Aziz Ahmed Taki Road (UP),EC,410.0,False,101
2023,12,river,Korotoa,Aziz Ahmed Taki Road (UP),EC,420.0,False,101
2023,1,river,Korotoa,Aziz Ahmed Taki Road (UP),SS,54.0,False,101
2023,2,river,Korotoa,Aziz Ahmed Taki Road (UP),SS,54.0,False,101
2023,4,river,Korotoa,Aziz Ahmed Taki Road (UP),SS,54.0,False,101
2023,5,river,Korotoa,Aziz Ahmed Taki Road (UP),SS,54.0,False,101
2023,6,river,Korotoa,Aziz Ahmed Taki Road (UP),SS,54.0,False,101
2023,7,river,Korotoa,Aziz Ahmed Taki Road (UP),SS,56.0,False,101
2023,8,river,Korotoa,Aziz Ahmed Taki Road (UP),SS,56.0,False,101
2023,9,river,Korotoa,Aziz Ahmed Taki Road (UP),SS,56.0,False,101
2023,10,river,Korotoa,Aziz Ahmed Taki Road (UP),SS,56.0,False,101
2023,11,river,Korotoa,Aziz Ahmed Taki Road (UP),SS,55.0,False,101
2023,12,river,Korotoa,Aziz Ahmed Taki Road (UP),SS,55.0,False,101
2023,1,river,Korotoa,Aziz Ahmed Taki Road (UP),TDS,195.0,False,101
2023,2,river,Korotoa,Aziz Ahmed Taki Road (UP),TDS,195.0,False,101
2023,4,river,Korotoa,Aziz Ahmed Taki Road (UP),TDS,196.0,False,101
2023,5,river,Korotoa,Aziz Ahmed Taki Road (UP),TDS,190.0,False,101
2023,6,river,Korotoa,Aziz Ahmed Taki Road (UP),TDS,198.0,False,101
2023,7,river,Korotoa,Aziz Ahmed Taki Road (UP),TDS,195.0,False,101
2023,8,river,Korotoa,Aziz Ahmed Taki Road (UP),TDS,198.0,False,101
2023,9,river,Korotoa,Aziz Ahmed Taki Road (UP),TDS,197.0,False,101
2023,10,river,Korotoa,Aziz Ahmed Taki Road (UP),TDS,195.0,False,101
2023,11,river,Korotoa,Aziz Ahmed Taki Road (UP),TDS,205.0,False,101
2023,12,river,Korotoa,Aziz Ahmed Taki Road (UP),TDS,210.0,False,101
2023,1,river,Korotoa,Aziz Ahmed Taki Road (UP),pH,7.36,False,100
2023,2,river,Korotoa,Aziz Ahmed Taki Road (UP),pH,7.38,False,100
2023,4,river,Korotoa,Aziz Ahmed Taki Road (UP),pH,7.4,False,100
2023,5,river,Korotoa,Aziz Ahmed Taki Road (UP),pH,7.42,False,100
2023,6,river,Korotoa,Aziz Ahmed Taki Road (UP),pH,7.54,False,100
2023,7,river,Korotoa,Aziz Ahmed Taki Road (UP),pH,7.76,False,100
2023,8,river,Korotoa,Aziz Ahmed Taki Road (UP),pH,7.72,False,100
2023,9,river,Korotoa,Aziz Ahmed Taki Road (UP),pH,7.75,False,100
2023,10,river,Korotoa,Aziz Ahmed Taki Road (UP),pH,7.74,False,100
2023,11,river,Korotoa,Aziz Ahmed Taki Road (UP),pH,7.85,False,100
2023,12,river,Korotoa,Aziz Ahmed Taki Road (UP),pH,7.83,False,100
2023,1,river,Korotoa,Dottobari Bridge (Down),BOD,2.2,False,101
2023,2,river,Korotoa,Dottobari Bridge (Down),BOD,4.2,False,101
2023,4,river,Korotoa,Dottobari Bridge (Down),BOD,4.2,False,101
2023,5,river,Korotoa,Dottobari Bridge (Down),BOD,4.1,False,101
2023,6,river,Korotoa,Dottobari Bridge (Down),BOD,4.0,False,101
2023,7,river,Korotoa,Dottobari Bridge (Down),BOD,4.2,False,101
2023,8,river,Korotoa,Dottobari Bridge (Down),BOD,4.3,False,101
2023,9,river,Korotoa,Dottobari Bridge (Down),BOD,4.2,False,101
2023,10,river,Korotoa,Dottobari Bridge (Down),BOD,4.0,False,101
2023,11,river,Korotoa,Dottobari Bridge (Down),BOD,4.2,False,101
2023,12,river,Korotoa,Dottobari Bridge (Down),BOD,4.3,False,101
2023,1,river,Korotoa,Dottobari Bridge (Down),DO,6.0,False,100
2023,2,river,Korotoa,Dottobari Bridge (Down),DO,4.0,False,100
2023,4,river,Korotoa,Dottobari Bridge (Down),DO,3.0,False,100
2023,5,river,Korotoa,Dottobari Bridge (Down),DO,3.0,False,100
2023,6,river,Korotoa,Dottobari Bridge (Down),DO,3.2,False,100
2023,7,river,Korotoa,Dottobari Bridge (Down),DO,3.0,False,100
2023,8,river,Korotoa,Dottobari Bridge (Down),DO,4.3,False,100
2023,9,river,Korotoa,Dottobari Bridge (Down),DO,4.0,False,100
2023,10,river,Korotoa,Dottobari Bridge (Down),DO,3.5,False,100
2023,11,river,Korotoa,Dottobari Bridge (Down),DO,2.5,False,100
2023,12,river,Korotoa,Dottobari Bridge (Down),DO,2.4,False,100
2023,1,river,Korotoa,Dottobari Bridge (Down),EC,390.0,False,101
2023,2,river,Korotoa,Dottobari Bridge (Down),EC,392.0,False,101
2023,4,river,Korotoa,Dottobari Bridge (Down),EC,392.0,False,101
2023,5,river,Korotoa,Dottobari Bridge (Down),EC,380.0,False,101
2023,6,river,Korotoa,Dottobari Bridge (Down),EC,396.0,False,101
2023,7,river,Korotoa,Dottobari Bridge (Down),EC,390.0,False,101
2023,8,river,Korotoa,Dottobari Bridge (Down),EC,396.0,False,101
2023,9,river,Korotoa,Dottobari Bridge (Down),EC,394.0,False,101
2023,10,river,Korotoa,Dottobari Bridge (Down),EC,390.0,False,101
2023,11,river,Korotoa,Dottobari Bridge (Down),EC,410.0,False,101
2023,12,river,Korotoa,Dottobari Bridge (Down),EC,420.0,False,101
2023,1,river,Korotoa,Dottobari Bridge (Down),SS,58.0,False,101
2023,2,river,Korotoa,Dottobari Bridge (Down),SS,58.0,False,101
2023,4,river,Korotoa,Dottobari Bridge (Down),SS,58.0,False,101
2023,5,river,Korotoa,Dottobari Bridge (Down),SS,58.0,False,101
2023,6,river,Korotoa,Dottobari Bridge (Down),SS,58.0,False,101
2023,7,river,Korotoa,Dottobari Bridge (Down),SS,56.0,False,101
2023,8,river,Korotoa,Dottobari Bridge (Down),SS,56.0,False,101
2023,9,river,Korotoa,Dottobari Bridge (Down),SS,56.0,False,101
2023,10,river,Korotoa,Dottobari Bridge (Down),SS,56.0,False,101
2023,11,river,Korotoa,Dottobari Bridge (Down),SS,56.0,False,101
2023,12,river,Korotoa,Dottobari Bridge (Down),SS,56.0,False,101
2023,1,river,Korotoa,Dottobari Bridge (Down),TDS,194.0,False,101
2023,2,river,Korotoa,Dottobari Bridge (Down),TDS,195.0,False,101
2023,4,river,Korotoa,Dottobari Bridge (Down),TDS,196.0,False,101
2023,5,river,Korotoa,Dottobari Bridge (Down),TDS,190.0,False,101
2023,6,river,Korotoa,Dottobari Bridge (Down),TDS,198.0,False,101
2023,7,river,Korotoa,Dottobari Bridge (Down),TDS,195.0,False,101
2023,8,river,Korotoa,Dottobari Bridge (Down),TDS,198.0,False,101
2023,9,river,Korotoa,Dottobari Bridge (Down),TDS,197.0,False,101
2023,10,river,Korotoa,Dottobari Bridge (Down),TDS,195.0,False,101
2023,11,river,Korotoa,Dottobari Bridge (Down),TDS,205.0,False,101
2023,12,river,Korotoa,Dottobari Bridge (Down),TDS,210.0,False,101
2023,1,river,Korotoa,Dottobari Bridge (Down),pH,7.36,False,100
2023,2,river,Korotoa,Dottobari Bridge (Down),pH,7.38,False,100
2023,4,river,Korotoa,Dottobari Bridge (Down),pH,7.4,False,100
2023,5,river,Korotoa,Dottobari Bridge (Down),pH,7.42,False,100
2023,6,river,Korotoa,Dottobari Bridge (Down),pH,7.54,False,100
2023,7,river,Korotoa,Dottobari Bridge (Down),pH,7.76,False,100
2023,8,river,Korotoa,Dottobari Bridge (Down),pH,7.72,False,100
2023,9,river,Korotoa,Dottobari Bridge (Down),pH,7.75,False,100
2023,10,river,Korotoa,Dottobari Bridge (Down),pH,7.74,False,100
2023,11,river,Korotoa,Dottobari Bridge (Down),pH,7.85,False,100
2023,12,river,Korotoa,Dottobari Bridge (Down),pH,7.83,False,100
2023,1,river,Korotoa,Dottobari Bridge (UP),BOD,2.2,False,101
2023,2,river,Korotoa,Dottobari Bridge (UP),BOD,4.2,False,101
2023,4,river,Korotoa,Dottobari Bridge (UP),BOD,4.2,False,101
2023,5,river,Korotoa,Dottobari Bridge (UP),BOD,4.1,False,101
2023,6,river,Korotoa,Dottobari Bridge (UP),BOD,4.0,False,101
2023,7,river,Korotoa,Dottobari Bridge (UP),BOD,4.2,False,101
2023,8,river,Korotoa,Dottobari Bridge (UP),BOD,4.3,False,101
2023,9,river,Korotoa,Dottobari Bridge (UP),BOD,4.2,False,101
2023,10,river,Korotoa,Dottobari Bridge (UP),BOD,4.0,False,101
2023,11,river,Korotoa,Dottobari Bridge (UP),BOD,4.2,False,101
2023,12,river,Korotoa,Dottobari Bridge (UP),BOD,4.3,False,101
2023,1,river,Korotoa,Dottobari Bridge (UP),DO,6.0,False,100
2023,2,river,Korotoa,Dottobari Bridge (UP),DO,4.0,False,100
2023,4,river,Korotoa,Dottobari Bridge (UP),DO,3.0,False,100
2023,5,river,Korotoa,Dottobari Bridge (UP),DO,3.0,False,100
2023,6,river,Korotoa,Dottobari Bridge (UP),DO,3.2,False,100
2023,7,river,Korotoa,Dottobari Bridge (UP),DO,3.0,False,100
2023,8,river,Korotoa,Dottobari Bridge (UP),DO,4.3,False,100
2023,9,river,Korotoa,Dottobari Bridge (UP),DO,4.0,False,100
2023,10,river,Korotoa,Dottobari Bridge (UP),DO,3.5,False,100
2023,11,river,Korotoa,Dottobari Bridge (UP),DO,2.5,False,100
2023,12,river,Korotoa,Dottobari Bridge (UP),DO,2.4,False,100
2023,1,river,Korotoa,Dottobari Bridge (UP),EC,390.0,False,101
2023,2,river,Korotoa,Dottobari Bridge (UP),EC,392.0,False,101
2023,4,river,Korotoa,Dottobari Bridge (UP),EC,392.0,False,101
2023,5,river,Korotoa,Dottobari Bridge (UP),EC,380.0,False,101
2023,6,river,Korotoa,Dottobari Bridge (UP),EC,396.0,False,101
2023,7,river,Korotoa,Dottobari Bridge (UP),EC,390.0,False,101
2023,8,river,Korotoa,Dottobari Bridge (UP),EC,396.0,False,101
2023,9,river,Korotoa,Dottobari Bridge (UP),EC,394.0,False,101
2023,10,river,Korotoa,Dottobari Bridge (UP),EC,390.0,False,101
2023,11,river,Korotoa,Dottobari Bridge (UP),EC,410.0,False,101
2023,12,river,Korotoa,Dottobari Bridge (UP),EC,420.0,False,101
2023,1,river,Korotoa,Dottobari Bridge (UP),SS,58.0,False,101
2023,2,river,Korotoa,Dottobari Bridge (UP),SS,58.0,False,101
2023,4,river,Korotoa,Dottobari Bridge (UP),SS,58.0,False,101
2023,5,river,Korotoa,Dottobari Bridge (UP),SS,58.0,False,101
2023,6,river,Korotoa,Dottobari Bridge (UP),SS,58.0,False,101
2023,7,river,Korotoa,Dottobari Bridge (UP),SS,56.0,False,101
2023,8,river,Korotoa,Dottobari Bridge (UP),SS,56.0,False,101
2023,9,river,Korotoa,Dottobari Bridge (UP),SS,56.0,False,101
2023,10,river,Korotoa,Dottobari Bridge (UP),SS,56.0,False,101
2023,11,river,Korotoa,Dottobari Bridge (UP),SS,56.0,False,101
2023,12,river,Korotoa,Dottobari Bridge (UP),SS,56.0,False,101
2023,1,river,Korotoa,Dottobari Bridge (UP),TDS,194.0,False,101
2023,2,river,Korotoa,Dottobari Bridge (UP),TDS,195.0,False,101
2023,4,river,Korotoa,Dottobari Bridge (UP),TDS,196.0,False,101
2023,5,river,Korotoa,Dottobari Bridge (UP),TDS,190.0,False,101
2023,6,river,Korotoa,Dottobari Bridge (UP),TDS,198.0,False,101
2023,7,river,Korotoa,Dottobari Bridge (UP),TDS,195.0,False,101
2023,8,river,Korotoa,Dottobari Bridge (UP),TDS,198.0,False,101
2023,9,river,Korotoa,Dottobari Bridge (UP),TDS,197.0,False,101
2023,10,river,Korotoa,Dottobari Bridge (UP),TDS,195.0,False,101
2023,11,river,Korotoa,Dottobari Bridge (UP),TDS,205.0,False,101
2023,12,river,Korotoa,Dottobari Bridge (UP),TDS,210.0,False,101
2023,1,river,Korotoa,Dottobari Bridge (UP),pH,7.36,False,100
2023,2,river,Korotoa,Dottobari Bridge (UP),pH,7.38,False,100
2023,4,river,Korotoa,Dottobari Bridge (UP),pH,7.4,False,100
2023,5,river,Korotoa,Dottobari Bridge (UP),pH,7.42,False,100
2023,6,river,Korotoa,Dottobari Bridge (UP),pH,7.54,False,100
2023,7,river,Korotoa,Dottobari Bridge (UP),pH,7.76,False,100
2023,8,river,Korotoa,Dottobari Bridge (UP),pH,7.72,False,100
2023,9,river,Korotoa,Dottobari Bridge (UP),pH,7.75,False,100
2023,10,river,Korotoa,Dottobari Bridge (UP),pH,7.74,False,100
2023,11,river,Korotoa,Dottobari Bridge (UP),pH,7.85,False,100
2023,12,river,Korotoa,Dottobari Bridge (UP),pH,7.83,False,100
2023,3,river,Kushiara,Fenchuganj Bridge Point,BOD,2.9,False,119
2023,7,river,Kushiara,Fenchuganj Bridge Point,BOD,2.7,False,119
2023,3,river,Kushiara,Fenchuganj Bridge Point,COD,16.0,False,119
2023,7,river,Kushiara,Fenchuganj Bridge Point,COD,14.0,False,119
2023,3,river,Kushiara,Fenchuganj Bridge Point,DO,7.65,False,118
2023,7,river,Kushiara,Fenchuganj Bridge Point,DO,7.66,False,118
2023,3,river,Kushiara,Fenchuganj Bridge Point,EC,148.0,False,119
2023,7,river,Kushiara,Fenchuganj Bridge Point,EC,143.0,False,119
2023,3,river,Kushiara,Fenchuganj Bridge Point,TDS,74.0,False,119
2023,7,river,Kushiara,Fenchuganj Bridge Point,TDS,70.0,False,119
2023,3,river,Kushiara,Fenchuganj Bridge Point,pH,7.53,False,118
2023,7,river,Kushiara,Fenchuganj Bridge Point,pH,7.48,False,118
2023,3,river,Kushiara,Fenchuganj Fertilizer Industry,BOD,23.0,False,119
2023,7,river,Kushiara,Fenchuganj Fertilizer Industry,BOD,18.0,False,119
2023,3,river,Kushiara,Fenchuganj Fertilizer Industry,COD,82.0,False,119
2023,7,river,Kushiara,Fenchuganj Fertilizer Industry,COD,75.0,False,119
2023,3,river,Kushiara,Fenchuganj Fertilizer Industry,DO,8.81,False,118
2023,7,river,Kushiara,Fenchuganj Fertilizer Industry,DO,8.76,False,118
2023,3,river,Kushiara,Fenchuganj Fertilizer Industry,EC,218.0,False,119
2023,7,river,Kushiara,Fenchuganj Fertilizer Industry,EC,213.0,False,119
2023,3,river,Kushiara,Fenchuganj Fertilizer Industry,TDS,111.0,False,119
2023,7,river,Kushiara,Fenchuganj Fertilizer Industry,TDS,106.0,False,119
2023,3,river,Kushiara,Fenchuganj Fertilizer Industry,pH,8.79,False,118
2023,7,river,Kushiara,Fenchuganj Fertilizer Industry,pH,8.72,False,118
2023,1,river,Lohalia,Patuakhali L.G (M),DO,6.84,False,117
2023,9,river,Lohalia,Patuakhali L.G (M),DO,6.34,False,117
2023,1,river,Lohalia,Patuakhali L.G (M),EC,234.0,False,117
2023,9,river,Lohalia,Patuakhali L.G (M),EC,209.2,False,117
2023,1,river,Lohalia,Patuakhali L.G (M),TDS,109.0,False,117
2023,9,river,Lohalia,Patuakhali L.G (M),TDS,96.8,False,117
2023,1,river,Lohalia,Patuakhali L.G (S),DO,7.0,False,117
2023,9,river,Lohalia,Patuakhali L.G (S),DO,7.27,False,117
2023,1,river,Lohalia,Patuakhali L.G (S),EC,265.0,False,117
2023,9,river,Lohalia,Patuakhali L.G (S),EC,204.3,False,117
2023,1,river,Lohalia,Patuakhali L.G (S),TDS,114.0,False,117
2023,9,river,Lohalia,Patuakhali L.G (S),TDS,93.7,False,117
2023,1,river,Lohalia,Patuakhali Launch Ghat (M),pH,8.91,False,117
2023,9,river,Lohalia,Patuakhali Launch Ghat (M),pH,8.35,False,117
2023,1,river,Lohalia,Patuakhali Launch Ghat (S),pH,9.03,False,117
2023,9,river,Lohalia,Patuakhali Launch Ghat (S),pH,8.48,False,117
2023,1,river,Mathavanga,"Pipe Ghat, (M.P)",BOD,2.1,False,109
2023,2,river,Mathavanga,"Pipe Ghat, (M.P)",BOD,1.1,False,109
2023,3,river,Mathavanga,"Pipe Ghat, (M.P)",BOD,2.08,False,109
2023,6,river,Mathavanga,"Pipe Ghat, (M.P)",BOD,50.0,False,109
2023,8,river,Mathavanga,"Pipe Ghat, (M.P)",BOD,47.0,False,109
2023,9,river,Mathavanga,"Pipe Ghat, (M.P)",BOD,28.0,False,109
2023,10,river,Mathavanga,"Pipe Ghat, (M.P)",BOD,32.0,False,109
2023,11,river,Mathavanga,"Pipe Ghat, (M.P)",BOD,36.0,False,109
2023,12,river,Mathavanga,"Pipe Ghat, (M.P)",BOD,42.7,False,109
2023,1,river,Mathavanga,"Pipe Ghat, (M.P)",Chloride,96.0,False,109
2023,2,river,Mathavanga,"Pipe Ghat, (M.P)",Chloride,117.0,False,109
2023,3,river,Mathavanga,"Pipe Ghat, (M.P)",Chloride,25.0,False,109
2023,6,river,Mathavanga,"Pipe Ghat, (M.P)",Chloride,86.0,False,109
2023,8,river,Mathavanga,"Pipe Ghat, (M.P)",Chloride,39.0,False,109
2023,9,river,Mathavanga,"Pipe Ghat, (M.P)",Chloride,98.0,False,109
2023,10,river,Mathavanga,"Pipe Ghat, (M.P)",Chloride,107.0,False,109
2023,11,river,Mathavanga,"Pipe Ghat, (M.P)",Chloride,123.0,False,109
2023,12,river,Mathavanga,"Pipe Ghat, (M.P)",Chloride,117.0,False,109
2023,1,river,Mathavanga,"Pipe Ghat, (M.P)",DO,3.5,False,109
2023,2,river,Mathavanga,"Pipe Ghat, (M.P)",DO,2.6,False,109
2023,3,river,Mathavanga,"Pipe Ghat, (M.P)",DO,7.89,False,109
2023,6,river,Mathavanga,"Pipe Ghat, (M.P)",DO,2.45,False,109
2023,8,river,Mathavanga,"Pipe Ghat, (M.P)",DO,2.82,False,109
2023,9,river,Mathavanga,"Pipe Ghat, (M.P)",DO,2.8,False,109
2023,10,river,Mathavanga,"Pipe Ghat, (M.P)",DO,5.76,False,109
2023,11,river,Mathavanga,"Pipe Ghat, (M.P)",DO,7.78,False,109
2023,12,river,Mathavanga,"Pipe Ghat, (M.P)",DO,5.12,False,109
2023,1,river,Mathavanga,"Pipe Ghat, (M.P)",TDS,192.0,False,109
2023,2,river,Mathavanga,"Pipe Ghat, (M.P)",TDS,233.0,False,109
2023,3,river,Mathavanga,"Pipe Ghat, (M.P)",TDS,50.0,False,109
2023,6,river,Mathavanga,"Pipe Ghat, (M.P)",TDS,171.0,False,109
2023,8,river,Mathavanga,"Pipe Ghat, (M.P)",TDS,77.0,False,109
2023,9,river,Mathavanga,"Pipe Ghat, (M.P)",TDS,197.0,False,109
2023,10,river,Mathavanga,"Pipe Ghat, (M.P)",TDS,216.0,False,109
2023,11,river,Mathavanga,"Pipe Ghat, (M.P)",TDS,269.0,False,109
2023,12,river,Mathavanga,"Pipe Ghat, (M.P)",TDS,233.0,False,109
2023,1,river,Mathavanga,"Pipe Ghat, (M.P)",Turbidity,24.0,False,109
2023,2,river,Mathavanga,"Pipe Ghat, (M.P)",Turbidity,26.0,False,109
2023,3,river,Mathavanga,"Pipe Ghat, (M.P)",Turbidity,34.0,False,109
2023,6,river,Mathavanga,"Pipe Ghat, (M.P)",Turbidity,54.0,False,109
2023,8,river,Mathavanga,"Pipe Ghat, (M.P)",Turbidity,69.0,False,109
2023,9,river,Mathavanga,"Pipe Ghat, (M.P)",Turbidity,44.0,False,109
2023,10,river,Mathavanga,"Pipe Ghat, (M.P)",Turbidity,48.0,False,109
2023,11,river,Mathavanga,"Pipe Ghat, (M.P)",Turbidity,42.0,False,109
2023,12,river,Mathavanga,"Pipe Ghat, (M.P)",Turbidity,35.0,False,109
2023,1,river,Mathavanga,"Pipe Ghat, (M.P)",pH,7.62,False,109
2023,2,river,Mathavanga,"Pipe Ghat, (M.P)",pH,7.87,False,109
2023,3,river,Mathavanga,"Pipe Ghat, (M.P)",pH,6.84,False,109
2023,6,river,Mathavanga,"Pipe Ghat, (M.P)",pH,7.75,False,109
2023,8,river,Mathavanga,"Pipe Ghat, (M.P)",pH,7.28,False,109
2023,9,river,Mathavanga,"Pipe Ghat, (M.P)",pH,7.18,False,109
2023,10,river,Mathavanga,"Pipe Ghat, (M.P)",pH,7.22,False,109
2023,11,river,Mathavanga,"Pipe Ghat, (M.P)",pH,7.25,False,109
2023,12,river,Mathavanga,"Pipe Ghat, (M.P)",pH,7.74,False,109
2023,1,river,Mathavanga,"Pipe Ghat,(M.P)",EC,384.0,False,109
2023,2,river,Mathavanga,"Pipe Ghat,(M.P)",EC,466.0,False,109
2023,3,river,Mathavanga,"Pipe Ghat,(M.P)",EC,99.0,False,109
2023,6,river,Mathavanga,"Pipe Ghat,(M.P)",EC,342.0,False,109
2023,8,river,Mathavanga,"Pipe Ghat,(M.P)",EC,154.0,False,109
2023,9,river,Mathavanga,"Pipe Ghat,(M.P)",EC,391.0,False,109
2023,10,river,Mathavanga,"Pipe Ghat,(M.P)",EC,426.0,False,109
2023,11,river,Mathavanga,"Pipe Ghat,(M.P)",EC,493.0,False,109
2023,12,river,Mathavanga,"Pipe Ghat,(M.P)",EC,466.0,False,109
2023,1,river,Mathavanga,"Pipe Ghat,(M.P)",Salinity,0.06,False,109
2023,2,river,Mathavanga,"Pipe Ghat,(M.P)",Salinity,0.04,False,109
2023,3,river,Mathavanga,"Pipe Ghat,(M.P)",Salinity,0.06,False,109
2023,6,river,Mathavanga,"Pipe Ghat,(M.P)",Salinity,0.15,False,109
2023,8,river,Mathavanga,"Pipe Ghat,(M.P)",Salinity,0.08,False,109
2023,9,river,Mathavanga,"Pipe Ghat,(M.P)",Salinity,0.22,False,109
2023,10,river,Mathavanga,"Pipe Ghat,(M.P)",Salinity,0.25,False,109
2023,11,river,Mathavanga,"Pipe Ghat,(M.P)",Salinity,0.27,False,109
2023,12,river,Mathavanga,"Pipe Ghat,(M.P)",Salinity,0.29,False,109
2023,1,river,Meghna,Annondo Bazar,BOD,6.0,False,99
2023,3,river,Meghna,Annondo Bazar,BOD,9.6,False,99
2023,7,river,Meghna,Annondo Bazar,BOD,2.0,False,99
2023,9,river,Meghna,Annondo Bazar,BOD,0.8,False,99
2023,10,river,Meghna,Annondo Bazar,BOD,3.5,False,99
2023,11,river,Meghna,Annondo Bazar,BOD,5.0,False,99
2023,1,river,Meghna,Annondo Bazar,COD,20.0,False,99
2023,3,river,Meghna,Annondo Bazar,COD,46.0,False,99
2023,7,river,Meghna,Annondo Bazar,COD,19.0,False,99
2023,9,river,Meghna,Annondo Bazar,COD,41.0,False,99
2023,10,river,Meghna,Annondo Bazar,COD,42.0,False,99
2023,11,river,Meghna,Annondo Bazar,COD,8.0,False,99
2023,1,river,Meghna,Annondo Bazar,Chloride,54.0,False,99
2023,3,river,Meghna,Annondo Bazar,Chloride,20.0,False,99
2023,7,river,Meghna,Annondo Bazar,Chloride,4.0,False,99
2023,9,river,Meghna,Annondo Bazar,Chloride,10.0,False,99
2023,10,river,Meghna,Annondo Bazar,Chloride,7.0,False,99
2023,11,river,Meghna,Annondo Bazar,Chloride,10.0,False,99
2023,1,river,Meghna,Annondo Bazar,DO,7.0,False,99
2023,3,river,Meghna,Annondo Bazar,DO,0.9,False,99
2023,7,river,Meghna,Annondo Bazar,DO,6.7,False,99
2023,9,river,Meghna,Annondo Bazar,DO,6.1,False,99
2023,10,river,Meghna,Annondo Bazar,DO,7.4,False,99
2023,11,river,Meghna,Annondo Bazar,DO,8.11,False,99
2023,1,river,Meghna,Annondo Bazar,TDS,61.0,False,99
2023,3,river,Meghna,Annondo Bazar,TDS,258.0,False,99
2023,7,river,Meghna,Annondo Bazar,TDS,28.7,False,99
2023,9,river,Meghna,Annondo Bazar,TDS,29.6,False,99
2023,10,river,Meghna,Annondo Bazar,TDS,59.6,False,99
2023,11,river,Meghna,Annondo Bazar,TDS,53.2,False,99
2023,1,river,Meghna,Annondo Bazar,pH,7.61,False,98
2023,3,river,Meghna,Annondo Bazar,pH,7.86,False,98
2023,7,river,Meghna,Annondo Bazar,pH,7.42,False,98
2023,9,river,Meghna,Annondo Bazar,pH,7.65,False,98
2023,10,river,Meghna,Annondo Bazar,pH,7.27,False,98
2023,11,river,Meghna,Annondo Bazar,pH,7.05,False,98
2023,1,river,Meghna,Bairob Bazar,BOD,4.0,False,99
2023,3,river,Meghna,Bairob Bazar,BOD,4.0,False,99
2023,7,river,Meghna,Bairob Bazar,BOD,5.0,False,99
2023,11,river,Meghna,Bairob Bazar,BOD,17.0,False,99
2023,1,river,Meghna,Bairob Bazar,COD,30.0,False,99
2023,3,river,Meghna,Bairob Bazar,COD,17.0,False,99
2023,7,river,Meghna,Bairob Bazar,COD,51.0,False,99
2023,11,river,Meghna,Bairob Bazar,COD,48.0,False,99
2023,1,river,Meghna,Bairob Bazar,Chloride,7.0,False,99
2023,3,river,Meghna,Bairob Bazar,Chloride,9.0,False,99
2023,7,river,Meghna,Bairob Bazar,Chloride,4.5,False,99
2023,11,river,Meghna,Bairob Bazar,Chloride,14.0,False,99
2023,1,river,Meghna,Bairob Bazar,DO,7.4,False,99
2023,3,river,Meghna,Bairob Bazar,DO,7.2,False,99
2023,7,river,Meghna,Bairob Bazar,DO,5.57,False,99
2023,11,river,Meghna,Bairob Bazar,DO,4.2,False,99
2023,1,river,Meghna,Bairob Bazar,TDS,61.0,False,99
2023,3,river,Meghna,Bairob Bazar,TDS,65.0,False,99
2023,7,river,Meghna,Bairob Bazar,TDS,58.0,False,99
2023,11,river,Meghna,Bairob Bazar,TDS,58.9,False,99
2023,1,river,Meghna,Bairob Bazar,pH,7.31,False,98
2023,3,river,Meghna,Bairob Bazar,pH,7.24,False,98
2023,7,river,Meghna,Bairob Bazar,pH,6.89,False,98
2023,11,river,Meghna,Bairob Bazar,pH,7.41,False,98
2023,1,river,Meghna,Bishondi Ferry Ghat,BOD,6.0,False,99
2023,3,river,Meghna,Bishondi Ferry Ghat,BOD,2.0,False,99
2023,7,river,Meghna,Bishondi Ferry Ghat,BOD,4.0,False,99
2023,8,river,Meghna,Bishondi Ferry Ghat,BOD,2.8,False,99
2023,9,river,Meghna,Bishondi Ferry Ghat,BOD,0.6,False,99
2023,10,river,Meghna,Bishondi Ferry Ghat,BOD,1.8,False,99
2023,11,river,Meghna,Bishondi Ferry Ghat,BOD,5.0,False,99
2023,1,river,Meghna,Bishondi Ferry Ghat,COD,18.0,False,99
2023,3,river,Meghna,Bishondi Ferry Ghat,COD,9.0,False,99
2023,7,river,Meghna,Bishondi Ferry Ghat,COD,17.0,False,99
2023,8,river,Meghna,Bishondi Ferry Ghat,COD,10.0,False,99
2023,9,river,Meghna,Bishondi Ferry Ghat,COD,37.0,False,99
2023,10,river,Meghna,Bishondi Ferry Ghat,COD,7.0,False,99
2023,11,river,Meghna,Bishondi Ferry Ghat,COD,14.0,False,99
2023,1,river,Meghna,Bishondi Ferry Ghat,Chloride,8.1,False,99
2023,3,river,Meghna,Bishondi Ferry Ghat,Chloride,42.0,False,99
2023,7,river,Meghna,Bishondi Ferry Ghat,Chloride,4.0,False,99
2023,8,river,Meghna,Bishondi Ferry Ghat,Chloride,9.0,False,99
2023,9,river,Meghna,Bishondi Ferry Ghat,Chloride,4.5,False,99
2023,10,river,Meghna,Bishondi Ferry Ghat,Chloride,6.0,False,99
2023,11,river,Meghna,Bishondi Ferry Ghat,Chloride,9.0,False,99
2023,1,river,Meghna,Bishondi Ferry Ghat,DO,5.0,False,99
2023,3,river,Meghna,Bishondi Ferry Ghat,DO,2.8,False,99
2023,7,river,Meghna,Bishondi Ferry Ghat,DO,6.4,False,99
2023,8,river,Meghna,Bishondi Ferry Ghat,DO,4.9,False,99
2023,9,river,Meghna,Bishondi Ferry Ghat,DO,6.7,False,99
2023,10,river,Meghna,Bishondi Ferry Ghat,DO,6.7,False,99
2023,11,river,Meghna,Bishondi Ferry Ghat,DO,6.87,False,99
2023,1,river,Meghna,Bishondi Ferry Ghat,TDS,64.0,False,99
2023,3,river,Meghna,Bishondi Ferry Ghat,TDS,128.0,False,99
2023,7,river,Meghna,Bishondi Ferry Ghat,TDS,30.8,False,99
2023,8,river,Meghna,Bishondi Ferry Ghat,TDS,35.0,False,99
2023,9,river,Meghna,Bishondi Ferry Ghat,TDS,37.4,False,99
2023,10,river,Meghna,Bishondi Ferry Ghat,TDS,31.2,False,99
2023,11,river,Meghna,Bishondi Ferry Ghat,TDS,55.9,False,99
2023,1,river,Meghna,Bishondi Ferry Ghat,pH,7.69,False,98
2023,3,river,Meghna,Bishondi Ferry Ghat,pH,7.0,False,98
2023,7,river,Meghna,Bishondi Ferry Ghat,pH,6.75,False,98
2023,8,river,Meghna,Bishondi Ferry Ghat,pH,7.9,False,98
2023,9,river,Meghna,Bishondi Ferry Ghat,pH,7.74,False,98
2023,10,river,Meghna,Bishondi Ferry Ghat,pH,7.65,False,98
2023,11,river,Meghna,Bishondi Ferry Ghat,pH,7.88,False,98
2023,1,river,Meghna,Meghna Ghat,BOD,5.0,False,99
2023,3,river,Meghna,Meghna Ghat,BOD,9.9,False,99
2023,7,river,Meghna,Meghna Ghat,BOD,1.0,False,99
2023,9,river,Meghna,Meghna Ghat,BOD,1.2,False,99
2023,10,river,Meghna,Meghna Ghat,BOD,4.5,False,99
2023,11,river,Meghna,Meghna Ghat,BOD,5.0,False,99
2023,1,river,Meghna,Meghna Ghat,COD,14.0,False,99
2023,3,river,Meghna,Meghna Ghat,COD,17.0,False,99
2023,7,river,Meghna,Meghna Ghat,COD,29.0,False,99
2023,9,river,Meghna,Meghna Ghat,COD,40.0,False,99
2023,10,river,Meghna,Meghna Ghat,COD,30.0,False,99
2023,11,river,Meghna,Meghna Ghat,COD,19.0,False,99
2023,1,river,Meghna,Meghna Ghat,Chloride,13.0,False,99
2023,3,river,Meghna,Meghna Ghat,Chloride,46.0,False,99
2023,7,river,Meghna,Meghna Ghat,Chloride,4.5,False,99
2023,9,river,Meghna,Meghna Ghat,Chloride,10.5,False,99
2023,10,river,Meghna,Meghna Ghat,Chloride,8.0,False,99
2023,11,river,Meghna,Meghna Ghat,Chloride,10.0,False,99
2023,1,river,Meghna,Meghna Ghat,DO,5.4,False,99
2023,3,river,Meghna,Meghna Ghat,DO,0.5,False,99
2023,7,river,Meghna,Meghna Ghat,DO,5.7,False,99
2023,9,river,Meghna,Meghna Ghat,DO,5.9,False,99
2023,10,river,Meghna,Meghna Ghat,DO,5.6,False,99
2023,11,river,Meghna,Meghna Ghat,DO,6.59,False,99
2023,1,river,Meghna,Meghna Ghat,TDS,65.0,False,99
2023,3,river,Meghna,Meghna Ghat,TDS,153.0,False,99
2023,7,river,Meghna,Meghna Ghat,TDS,33.1,False,99
2023,9,river,Meghna,Meghna Ghat,TDS,38.0,False,99
2023,10,river,Meghna,Meghna Ghat,TDS,36.6,False,99
2023,11,river,Meghna,Meghna Ghat,TDS,62.5,False,99
2023,1,river,Meghna,Meghna Ghat,pH,7.26,False,98
2023,3,river,Meghna,Meghna Ghat,pH,6.79,False,98
2023,7,river,Meghna,Meghna Ghat,pH,7.25,False,98
2023,9,river,Meghna,Meghna Ghat,pH,6.88,False,98
2023,10,river,Meghna,Meghna Ghat,pH,7.31,False,98
2023,11,river,Meghna,Meghna Ghat,pH,7.46,False,98
2023,1,river,Meghna,Narshingdi Launch Ghat,BOD,3.0,False,99
2023,3,river,Meghna,Narshingdi Launch Ghat,BOD,1.0,False,99
2023,7,river,Meghna,Narshingdi Launch Ghat,BOD,4.0,False,99
2023,9,river,Meghna,Narshingdi Launch Ghat,BOD,2.2,False,99
2023,10,river,Meghna,Narshingdi Launch Ghat,BOD,3.1,False,99
2023,11,river,Meghna,Narshingdi Launch Ghat,BOD,6.0,False,99
2023,1,river,Meghna,Narshingdi Launch Ghat,COD,15.0,False,99
2023,7,river,Meghna,Narshingdi Launch Ghat,COD,100.0,False,99
2023,9,river,Meghna,Narshingdi Launch Ghat,COD,6.0,False,99
2023,10,river,Meghna,Narshingdi Launch Ghat,COD,0.9,False,99
2023,11,river,Meghna,Narshingdi Launch Ghat,COD,31.0,False,99
2023,1,river,Meghna,Narshingdi Launch Ghat,Chloride,17.0,False,99
2023,3,river,Meghna,Narshingdi Launch Ghat,Chloride,17.0,False,99
2023,7,river,Meghna,Narshingdi Launch Ghat,Chloride,5.0,False,99
2023,9,river,Meghna,Narshingdi Launch Ghat,Chloride,6.5,False,99
2023,10,river,Meghna,Narshingdi Launch Ghat,Chloride,6.0,False,99
2023,11,river,Meghna,Narshingdi Launch Ghat,Chloride,22.0,False,99
2023,1,river,Meghna,Narshingdi Launch Ghat,DO,2.9,False,99
2023,3,river,Meghna,Narshingdi Launch Ghat,DO,0.9,False,99
2023,7,river,Meghna,Narshingdi Launch Ghat,DO,4.1,False,99
2023,9,river,Meghna,Narshingdi Launch Ghat,DO,5.1,False,99
2023,10,river,Meghna,Narshingdi Launch Ghat,DO,7.4,False,99
2023,11,river,Meghna,Narshingdi Launch Ghat,DO,2.3,False,99
2023,1,river,Meghna,Narshingdi Launch Ghat,TDS,220.0,False,99
2023,3,river,Meghna,Narshingdi Launch Ghat,TDS,220.0,False,99
2023,7,river,Meghna,Narshingdi Launch Ghat,TDS,47.5,False,99
2023,9,river,Meghna,Narshingdi Launch Ghat,TDS,43.4,False,99
2023,10,river,Meghna,Narshingdi Launch Ghat,TDS,77.9,False,99
2023,11,river,Meghna,Narshingdi Launch Ghat,TDS,92.6,False,99
2023,1,river,Meghna,Narshingdi Launch Ghat,pH,7.34,False,98
2023,3,river,Meghna,Narshingdi Launch Ghat,pH,7.34,False,98
2023,7,river,Meghna,Narshingdi Launch Ghat,pH,6.73,False,98
2023,9,river,Meghna,Narshingdi Launch Ghat,pH,8.17,False,98
2023,10,river,Meghna,Narshingdi Launch Ghat,pH,6.35,False,98
2023,11,river,Meghna,Narshingdi Launch Ghat,pH,7.48,False,98
2023,1,river,Modhumoti,Dhalaitala,BOD,2.4,False,113
2023,2,river,Modhumoti,Dhalaitala,BOD,3.6,False,113
2023,3,river,Modhumoti,Dhalaitala,BOD,2.04,False,113
2023,6,river,Modhumoti,Dhalaitala,BOD,4.6,False,113
2023,8,river,Modhumoti,Dhalaitala,BOD,4.8,False,113
2023,9,river,Modhumoti,Dhalaitala,BOD,5.7,False,113
2023,10,river,Modhumoti,Dhalaitala,BOD,6.7,False,113
2023,11,river,Modhumoti,Dhalaitala,BOD,6.7,False,113
2023,1,river,Modhumoti,Dhalaitala,Chloride,179.0,False,113
2023,2,river,Modhumoti,Dhalaitala,Chloride,204.0,False,113
2023,3,river,Modhumoti,Dhalaitala,Chloride,43.0,False,113
2023,6,river,Modhumoti,Dhalaitala,Chloride,236.0,False,113
2023,8,river,Modhumoti,Dhalaitala,Chloride,79.0,False,113
2023,9,river,Modhumoti,Dhalaitala,Chloride,219.0,False,113
2023,10,river,Modhumoti,Dhalaitala,Chloride,164.0,False,113
2023,11,river,Modhumoti,Dhalaitala,Chloride,164.0,False,113
2023,1,river,Modhumoti,Dhalaitala,DO,5.2,False,113
2023,2,river,Modhumoti,Dhalaitala,DO,6.34,False,113
2023,3,river,Modhumoti,Dhalaitala,DO,7.18,False,113
2023,6,river,Modhumoti,Dhalaitala,DO,7.8,False,113
2023,8,river,Modhumoti,Dhalaitala,DO,6.4,False,113
2023,9,river,Modhumoti,Dhalaitala,DO,6.9,False,113
2023,10,river,Modhumoti,Dhalaitala,DO,6.7,False,113
2023,11,river,Modhumoti,Dhalaitala,DO,6.7,False,113
2023,1,river,Modhumoti,Dhalaitala,EC,718.0,False,114
2023,2,river,Modhumoti,Dhalaitala,EC,816.0,False,114
2023,3,river,Modhumoti,Dhalaitala,EC,171.0,False,114
2023,6,river,Modhumoti,Dhalaitala,EC,942.0,False,114
2023,8,river,Modhumoti,Dhalaitala,EC,316.0,False,114
2023,9,river,Modhumoti,Dhalaitala,EC,874.0,False,114
2023,10,river,Modhumoti,Dhalaitala,EC,660.0,False,114
2023,11,river,Modhumoti,Dhalaitala,EC,660.0,False,114
2023,1,river,Modhumoti,Dhalaitala,SS,48.0,False,114
2023,2,river,Modhumoti,Dhalaitala,SS,52.0,False,114
2023,3,river,Modhumoti,Dhalaitala,SS,41.0,False,114
2023,6,river,Modhumoti,Dhalaitala,SS,65.0,False,114
2023,8,river,Modhumoti,Dhalaitala,SS,57.0,False,114
2023,9,river,Modhumoti,Dhalaitala,SS,58.0,False,114
2023,10,river,Modhumoti,Dhalaitala,SS,38.0,False,114
2023,11,river,Modhumoti,Dhalaitala,SS,38.0,False,114
2023,1,river,Modhumoti,Dhalaitala,TDS,359.0,False,113
2023,2,river,Modhumoti,Dhalaitala,TDS,408.0,False,113
2023,3,river,Modhumoti,Dhalaitala,TDS,86.0,False,113
2023,6,river,Modhumoti,Dhalaitala,TDS,471.0,False,113
2023,8,river,Modhumoti,Dhalaitala,TDS,158.0,False,113
2023,9,river,Modhumoti,Dhalaitala,TDS,437.0,False,113
2023,10,river,Modhumoti,Dhalaitala,TDS,330.0,False,113
2023,11,river,Modhumoti,Dhalaitala,TDS,330.0,False,113
2023,1,river,Modhumoti,Dhalaitala,Turbidity,42.0,False,113
2023,2,river,Modhumoti,Dhalaitala,Turbidity,47.0,False,113
2023,3,river,Modhumoti,Dhalaitala,Turbidity,32.0,False,113
2023,6,river,Modhumoti,Dhalaitala,Turbidity,56.0,False,113
2023,8,river,Modhumoti,Dhalaitala,Turbidity,26.0,False,113
2023,9,river,Modhumoti,Dhalaitala,Turbidity,58.0,False,113
2023,10,river,Modhumoti,Dhalaitala,Turbidity,28.0,False,113
2023,11,river,Modhumoti,Dhalaitala,Turbidity,28.0,False,113
2023,1,river,Modhumoti,Dhalaitala,pH,6.23,False,113
2023,2,river,Modhumoti,Dhalaitala,pH,8.07,False,113
2023,3,river,Modhumoti,Dhalaitala,pH,7.11,False,113
2023,6,river,Modhumoti,Dhalaitala,pH,6.45,False,113
2023,8,river,Modhumoti,Dhalaitala,pH,7.47,False,113
2023,9,river,Modhumoti,Dhalaitala,pH,6.77,False,113
2023,10,river,Modhumoti,Dhalaitala,pH,6.52,False,113
2023,11,river,Modhumoti,Dhalaitala,pH,6.52,False,113
2023,1,river,Moyuri,Buro Moulavir Darga,BOD,1.2,False,105
2023,2,river,Moyuri,Buro Moulavir Darga,BOD,1.3,False,105
2023,3,river,Moyuri,Buro Moulavir Darga,BOD,0.05,False,105
2023,5,river,Moyuri,Buro Moulavir Darga,BOD,26.4,False,105
2023,6,river,Moyuri,Buro Moulavir Darga,BOD,26.4,False,105
2023,9,river,Moyuri,Buro Moulavir Darga,BOD,26.4,False,105
2023,10,river,Moyuri,Buro Moulavir Darga,BOD,25.4,False,105
2023,11,river,Moyuri,Buro Moulavir Darga,BOD,23.9,False,105
2023,12,river,Moyuri,Buro Moulavir Darga,BOD,25.5,False,105
2023,1,river,Moyuri,Buro Moulavir Darga,Chloride,46.0,False,105
2023,2,river,Moyuri,Buro Moulavir Darga,Chloride,61.0,False,105
2023,3,river,Moyuri,Buro Moulavir Darga,Chloride,81.0,False,105
2023,5,river,Moyuri,Buro Moulavir Darga,Chloride,96.0,False,105
2023,6,river,Moyuri,Buro Moulavir Darga,Chloride,189.0,False,105
2023,9,river,Moyuri,Buro Moulavir Darga,Chloride,156.0,False,105
2023,10,river,Moyuri,Buro Moulavir Darga,Chloride,194.0,False,105
2023,11,river,Moyuri,Buro Moulavir Darga,Chloride,107.0,False,105
2023,12,river,Moyuri,Buro Moulavir Darga,Chloride,87.0,False,105
2023,1,river,Moyuri,Buro Moulavir Darga,DO,0.0,False,105
2023,2,river,Moyuri,Buro Moulavir Darga,DO,0.0,False,105
2023,3,river,Moyuri,Buro Moulavir Darga,DO,0.0,False,105
2023,5,river,Moyuri,Buro Moulavir Darga,DO,0.0,False,105
2023,6,river,Moyuri,Buro Moulavir Darga,DO,0.0,False,105
2023,9,river,Moyuri,Buro Moulavir Darga,DO,0.0,False,105
2023,10,river,Moyuri,Buro Moulavir Darga,DO,0.0,False,105
2023,11,river,Moyuri,Buro Moulavir Darga,DO,0.0,False,105
2023,12,river,Moyuri,Buro Moulavir Darga,DO,0.0,False,105
2023,1,river,Moyuri,Buro Moulavir Darga,EC,186.0,False,106
2023,2,river,Moyuri,Buro Moulavir Darga,EC,244.0,False,106
2023,3,river,Moyuri,Buro Moulavir Darga,EC,326.0,False,106
2023,5,river,Moyuri,Buro Moulavir Darga,EC,384.0,False,106
2023,6,river,Moyuri,Buro Moulavir Darga,EC,756.0,False,106
2023,9,river,Moyuri,Buro Moulavir Darga,EC,756.0,False,106
2023,10,river,Moyuri,Buro Moulavir Darga,EC,776.0,False,106
2023,11,river,Moyuri,Buro Moulavir Darga,EC,426.0,False,106
2023,12,river,Moyuri,Buro Moulavir Darga,EC,348.0,False,106
2023,1,river,Moyuri,Buro Moulavir Darga,Salinity,0.02,False,106
2023,2,river,Moyuri,Buro Moulavir Darga,Salinity,0.06,False,106
2023,3,river,Moyuri,Buro Moulavir Darga,Salinity,0.03,False,106
2023,5,river,Moyuri,Buro Moulavir Darga,Salinity,0.08,False,106
2023,6,river,Moyuri,Buro Moulavir Darga,Salinity,0.08,False,106
2023,9,river,Moyuri,Buro Moulavir Darga,Salinity,0.08,False,106
2023,10,river,Moyuri,Buro Moulavir Darga,Salinity,0.08,False,106
2023,11,river,Moyuri,Buro Moulavir Darga,Salinity,0.06,False,106
2023,12,river,Moyuri,Buro Moulavir Darga,Salinity,0.02,False,106
2023,1,river,Moyuri,Buro Moulavir Darga,TDS,93.0,False,105
2023,2,river,Moyuri,Buro Moulavir Darga,TDS,122.0,False,105
2023,3,river,Moyuri,Buro Moulavir Darga,TDS,163.0,False,105
2023,5,river,Moyuri,Buro Moulavir Darga,TDS,38.0,False,105
2023,6,river,Moyuri,Buro Moulavir Darga,TDS,370.0,False,105
2023,9,river,Moyuri,Buro Moulavir Darga,TDS,470.0,False,105
2023,10,river,Moyuri,Buro Moulavir Darga,TDS,388.0,False,105
2023,11,river,Moyuri,Buro Moulavir Darga,TDS,213.0,False,105
2023,12,river,Moyuri,Buro Moulavir Darga,TDS,174.0,False,105
2023,1,river,Moyuri,Buro Moulavir Darga,Turbidity,11.0,False,105
2023,2,river,Moyuri,Buro Moulavir Darga,Turbidity,21.0,False,105
2023,3,river,Moyuri,Buro Moulavir Darga,Turbidity,12.0,False,105
2023,5,river,Moyuri,Buro Moulavir Darga,Turbidity,22.0,False,105
2023,6,river,Moyuri,Buro Moulavir Darga,Turbidity,35.0,False,105
2023,9,river,Moyuri,Buro Moulavir Darga,Turbidity,35.0,False,105
2023,10,river,Moyuri,Buro Moulavir Darga,Turbidity,35.0,False,105
2023,11,river,Moyuri,Buro Moulavir Darga,Turbidity,25.0,False,105
2023,12,river,Moyuri,Buro Moulavir Darga,Turbidity,62.0,False,105
2023,1,river,Moyuri,Buro Moulavir Darga,pH,7.64,False,105
2023,2,river,Moyuri,Buro Moulavir Darga,pH,7.82,False,105
2023,3,river,Moyuri,Buro Moulavir Darga,pH,5.72,False,105
2023,5,river,Moyuri,Buro Moulavir Darga,pH,5.42,False,105
2023,6,river,Moyuri,Buro Moulavir Darga,pH,5.14,False,105
2023,9,river,Moyuri,Buro Moulavir Darga,pH,5.14,False,105
2023,10,river,Moyuri,Buro Moulavir Darga,pH,5.36,False,105
2023,11,river,Moyuri,Buro Moulavir Darga,pH,5.38,False,105
2023,12,river,Moyuri,Buro Moulavir Darga,pH,4.19,False,105
2023,1,river,Moyuri,Doshgate Jalma,BOD,1.7,False,105
2023,2,river,Moyuri,Doshgate Jalma,BOD,1.9,False,105
2023,3,river,Moyuri,Doshgate Jalma,BOD,1.3,False,105
2023,5,river,Moyuri,Doshgate Jalma,BOD,21.5,False,105
2023,6,river,Moyuri,Doshgate Jalma,BOD,37.8,False,105
2023,9,river,Moyuri,Doshgate Jalma,BOD,37.8,False,105
2023,10,river,Moyuri,Doshgate Jalma,BOD,37.7,False,105
2023,11,river,Moyuri,Doshgate Jalma,BOD,42.8,False,105
2023,12,river,Moyuri,Doshgate Jalma,BOD,32.2,False,105
2023,1,river,Moyuri,Doshgate Jalma,Chloride,189.0,False,105
2023,2,river,Moyuri,Doshgate Jalma,Chloride,461.0,False,105
2023,3,river,Moyuri,Doshgate Jalma,Chloride,213.0,False,105
2023,5,river,Moyuri,Doshgate Jalma,Chloride,372.0,False,105
2023,6,river,Moyuri,Doshgate Jalma,Chloride,224.0,False,105
2023,9,river,Moyuri,Doshgate Jalma,Chloride,225.0,False,105
2023,10,river,Moyuri,Doshgate Jalma,Chloride,299.0,False,105
2023,11,river,Moyuri,Doshgate Jalma,Chloride,212.0,False,105
2023,12,river,Moyuri,Doshgate Jalma,Chloride,198.0,False,105
2023,1,river,Moyuri,Doshgate Jalma,DO,2.27,False,105
2023,2,river,Moyuri,Doshgate Jalma,DO,4.32,False,105
2023,3,river,Moyuri,Doshgate Jalma,DO,2.04,False,105
2023,5,river,Moyuri,Doshgate Jalma,DO,5.8,False,105
2023,6,river,Moyuri,Doshgate Jalma,DO,2.3,False,105
2023,9,river,Moyuri,Doshgate Jalma,DO,2.3,False,105
2023,10,river,Moyuri,Doshgate Jalma,DO,2.3,False,105
2023,11,river,Moyuri,Doshgate Jalma,DO,3.17,False,105
2023,12,river,Moyuri,Doshgate Jalma,DO,5.34,False,105
2023,1,river,Moyuri,Doshgate Jalma,EC,754.0,False,106
2023,2,river,Moyuri,Doshgate Jalma,EC,1845.0,False,106
2023,3,river,Moyuri,Doshgate Jalma,EC,852.0,False,106
2023,5,river,Moyuri,Doshgate Jalma,EC,1486.0,False,106
2023,6,river,Moyuri,Doshgate Jalma,EC,896.0,False,106
2023,9,river,Moyuri,Doshgate Jalma,EC,896.0,False,106
2023,10,river,Moyuri,Doshgate Jalma,EC,1196.0,False,106
2023,11,river,Moyuri,Doshgate Jalma,EC,846.0,False,106
2023,12,river,Moyuri,Doshgate Jalma,EC,796.0,False,106
2023,1,river,Moyuri,Doshgate Jalma,Salinity,0.08,False,106
2023,2,river,Moyuri,Doshgate Jalma,Salinity,0.09,False,106
2023,3,river,Moyuri,Doshgate Jalma,Salinity,2.12,False,106
2023,5,river,Moyuri,Doshgate Jalma,Salinity,4.1,False,106
2023,6,river,Moyuri,Doshgate Jalma,Salinity,4.1,False,106
2023,9,river,Moyuri,Doshgate Jalma,Salinity,4.1,False,106
2023,10,river,Moyuri,Doshgate Jalma,Salinity,0.15,False,106
2023,11,river,Moyuri,Doshgate Jalma,Salinity,0.17,False,106
2023,12,river,Moyuri,Doshgate Jalma,Salinity,0.24,False,106
2023,1,river,Moyuri,Doshgate Jalma,TDS,377.0,False,105
2023,2,river,Moyuri,Doshgate Jalma,TDS,923.0,False,105
2023,3,river,Moyuri,Doshgate Jalma,TDS,426.0,False,105
2023,5,river,Moyuri,Doshgate Jalma,TDS,68.0,False,105
2023,6,river,Moyuri,Doshgate Jalma,TDS,448.0,False,105
2023,9,river,Moyuri,Doshgate Jalma,TDS,548.0,False,105
2023,10,river,Moyuri,Doshgate Jalma,TDS,598.0,False,105
2023,11,river,Moyuri,Doshgate Jalma,TDS,423.0,False,105
2023,12,river,Moyuri,Doshgate Jalma,TDS,398.0,False,105
2023,1,river,Moyuri,Doshgate Jalma,Turbidity,17.0,False,105
2023,2,river,Moyuri,Doshgate Jalma,Turbidity,37.0,False,105
2023,3,river,Moyuri,Doshgate Jalma,Turbidity,24.0,False,105
2023,5,river,Moyuri,Doshgate Jalma,Turbidity,32.0,False,105
2023,6,river,Moyuri,Doshgate Jalma,Turbidity,37.0,False,105
2023,9,river,Moyuri,Doshgate Jalma,Turbidity,35.0,False,105
2023,10,river,Moyuri,Doshgate Jalma,Turbidity,35.0,False,105
2023,11,river,Moyuri,Doshgate Jalma,Turbidity,36.0,False,105
2023,12,river,Moyuri,Doshgate Jalma,Turbidity,27.0,False,105
2023,1,river,Moyuri,Doshgate Jalma,pH,6.52,False,105
2023,2,river,Moyuri,Doshgate Jalma,pH,7.64,False,105
2023,3,river,Moyuri,Doshgate Jalma,pH,5.42,False,105
2023,5,river,Moyuri,Doshgate Jalma,pH,7.64,False,105
2023,6,river,Moyuri,Doshgate Jalma,pH,7.05,False,105
2023,9,river,Moyuri,Doshgate Jalma,pH,7.05,False,105
2023,10,river,Moyuri,Doshgate Jalma,pH,7.05,False,105
2023,11,river,Moyuri,Doshgate Jalma,pH,7.44,False,105
2023,12,river,Moyuri,Doshgate Jalma,pH,7.65,False,105
2023,1,river,Moyuri,Shoshan Ghat,BOD,1.1,False,105
2023,2,river,Moyuri,Shoshan Ghat,BOD,1.2,False,105
2023,3,river,Moyuri,Shoshan Ghat,BOD,1.1,False,105
2023,5,river,Moyuri,Shoshan Ghat,BOD,28.6,False,105
2023,6,river,Moyuri,Shoshan Ghat,BOD,28.6,False,105
2023,7,river,Moyuri,Shoshan Ghat,BOD,35.6,False,105
2023,8,river,Moyuri,Shoshan Ghat,BOD,45.6,False,105
2023,9,river,Moyuri,Shoshan Ghat,BOD,28.6,False,105
2023,10,river,Moyuri,Shoshan Ghat,BOD,8.9,False,105
2023,11,river,Moyuri,Shoshan Ghat,BOD,24.4,False,105
2023,12,river,Moyuri,Shoshan Ghat,BOD,29.2,False,105
2023,1,river,Moyuri,Shoshan Ghat,Chloride,48.0,False,105
2023,2,river,Moyuri,Shoshan Ghat,Chloride,54.0,False,105
2023,3,river,Moyuri,Shoshan Ghat,Chloride,156.0,False,105
2023,5,river,Moyuri,Shoshan Ghat,Chloride,107.0,False,105
2023,6,river,Moyuri,Shoshan Ghat,Chloride,107.0,False,105
2023,7,river,Moyuri,Shoshan Ghat,Chloride,62.0,False,105
2023,8,river,Moyuri,Shoshan Ghat,Chloride,186.0,False,105
2023,9,river,Moyuri,Shoshan Ghat,Chloride,109.0,False,105
2023,10,river,Moyuri,Shoshan Ghat,Chloride,306.0,False,105
2023,11,river,Moyuri,Shoshan Ghat,Chloride,234.0,False,105
2023,12,river,Moyuri,Shoshan Ghat,Chloride,79.0,False,105
2023,1,river,Moyuri,Shoshan Ghat,DO,0.0,False,105
2023,2,river,Moyuri,Shoshan Ghat,DO,0.0,False,105
2023,3,river,Moyuri,Shoshan Ghat,DO,0.0,False,105
2023,5,river,Moyuri,Shoshan Ghat,DO,0.0,False,105
2023,6,river,Moyuri,Shoshan Ghat,DO,0.0,False,105
2023,7,river,Moyuri,Shoshan Ghat,DO,0.0,False,105
2023,8,river,Moyuri,Shoshan Ghat,DO,0.0,False,105
2023,9,river,Moyuri,Shoshan Ghat,DO,0.0,False,105
2023,10,river,Moyuri,Shoshan Ghat,DO,1.11,False,105
2023,11,river,Moyuri,Shoshan Ghat,DO,0.0,False,105
2023,12,river,Moyuri,Shoshan Ghat,DO,0.0,False,105
2023,1,river,Moyuri,Shoshan Ghat,EC,192.0,False,106
2023,2,river,Moyuri,Shoshan Ghat,EC,216.0,False,106
2023,3,river,Moyuri,Shoshan Ghat,EC,625.0,False,106
2023,5,river,Moyuri,Shoshan Ghat,EC,428.0,False,106
2023,6,river,Moyuri,Shoshan Ghat,EC,957.0,False,106
2023,7,river,Moyuri,Shoshan Ghat,EC,248.0,False,106
2023,8,river,Moyuri,Shoshan Ghat,EC,742.0,False,106
2023,9,river,Moyuri,Shoshan Ghat,EC,957.0,False,106
2023,10,river,Moyuri,Shoshan Ghat,EC,1222.0,False,106
2023,11,river,Moyuri,Shoshan Ghat,EC,936.0,False,106
2023,12,river,Moyuri,Shoshan Ghat,EC,316.0,False,106
2023,1,river,Moyuri,Shoshan Ghat,Salinity,0.04,False,106
2023,2,river,Moyuri,Shoshan Ghat,Salinity,0.08,False,106
2023,3,river,Moyuri,Shoshan Ghat,Salinity,0.05,False,106
2023,5,river,Moyuri,Shoshan Ghat,Salinity,0.09,False,106
2023,6,river,Moyuri,Shoshan Ghat,Salinity,36.4,False,106
2023,7,river,Moyuri,Shoshan Ghat,Salinity,2.4,False,106
2023,8,river,Moyuri,Shoshan Ghat,Salinity,1.04,False,106
2023,9,river,Moyuri,Shoshan Ghat,Salinity,36.4,False,106
2023,10,river,Moyuri,Shoshan Ghat,Salinity,0.62,False,106
2023,11,river,Moyuri,Shoshan Ghat,Salinity,0.08,False,106
2023,12,river,Moyuri,Shoshan Ghat,Salinity,0.02,False,106
2023,1,river,Moyuri,Shoshan Ghat,TDS,96.0,False,105
2023,2,river,Moyuri,Shoshan Ghat,TDS,108.0,False,105
2023,3,river,Moyuri,Shoshan Ghat,TDS,313.0,False,105
2023,5,river,Moyuri,Shoshan Ghat,TDS,42.0,False,105
2023,6,river,Moyuri,Shoshan Ghat,TDS,214.0,False,105
2023,7,river,Moyuri,Shoshan Ghat,TDS,124.0,False,105
2023,8,river,Moyuri,Shoshan Ghat,TDS,371.0,False,105
2023,9,river,Moyuri,Shoshan Ghat,TDS,314.0,False,105
2023,10,river,Moyuri,Shoshan Ghat,TDS,611.0,False,105
2023,11,river,Moyuri,Shoshan Ghat,TDS,4.68,False,105
2023,12,river,Moyuri,Shoshan Ghat,TDS,158.0,False,105
2023,1,river,Moyuri,Shoshan Ghat,Turbidity,13.0,False,105
2023,2,river,Moyuri,Shoshan Ghat,Turbidity,24.0,False,105
2023,3,river,Moyuri,Shoshan Ghat,Turbidity,16.0,False,105
2023,5,river,Moyuri,Shoshan Ghat,Turbidity,25.0,False,105
2023,6,river,Moyuri,Shoshan Ghat,Turbidity,39.0,False,105
2023,7,river,Moyuri,Shoshan Ghat,Turbidity,36.0,False,105
2023,8,river,Moyuri,Shoshan Ghat,Turbidity,76.0,False,105
2023,9,river,Moyuri,Shoshan Ghat,Turbidity,40.0,False,105
2023,10,river,Moyuri,Shoshan Ghat,Turbidity,35.0,False,105
2023,11,river,Moyuri,Shoshan Ghat,Turbidity,27.0,False,105
2023,12,river,Moyuri,Shoshan Ghat,Turbidity,64.0,False,105
2023,1,river,Moyuri,Shoshan Ghat,pH,7.74,False,105
2023,2,river,Moyuri,Shoshan Ghat,pH,7.95,False,105
2023,3,river,Moyuri,Shoshan Ghat,pH,6.45,False,105
2023,5,river,Moyuri,Shoshan Ghat,pH,5.35,False,105
2023,6,river,Moyuri,Shoshan Ghat,pH,7.0,False,105
2023,7,river,Moyuri,Shoshan Ghat,pH,5.46,False,105
2023,8,river,Moyuri,Shoshan Ghat,pH,4.46,False,105
2023,9,river,Moyuri,Shoshan Ghat,pH,7.0,False,105
2023,10,river,Moyuri,Shoshan Ghat,pH,6.96,False,105
2023,11,river,Moyuri,Shoshan Ghat,pH,5.88,False,105
2023,12,river,Moyuri,Shoshan Ghat,pH,4.14,False,105
2023,1,river,Padma,Barha Ghat,BOD,10.0,False,100
2023,3,river,Padma,Barha Ghat,BOD,1.0,False,100
2023,9,river,Padma,Barha Ghat,BOD,1.1,False,100
2023,12,river,Padma,Barha Ghat,BOD,2.0,False,100
2023,1,river,Padma,Barha Ghat,DO,6.9,False,100
2023,3,river,Padma,Barha Ghat,DO,8.8,False,100
2023,9,river,Padma,Barha Ghat,DO,6.78,False,100
2023,12,river,Padma,Barha Ghat,DO,7.8,False,100
2023,1,river,Padma,Barha Ghat,EC,244.0,False,100
2023,3,river,Padma,Barha Ghat,EC,172.7,False,100
2023,9,river,Padma,Barha Ghat,EC,174.2,False,100
2023,12,river,Padma,Barha Ghat,EC,183.9,False,100
2023,1,river,Padma,Barha Ghat,SS,7.38,False,100
2023,3,river,Padma,Barha Ghat,SS,17.0,False,100
2023,9,river,Padma,Barha Ghat,SS,377.0,False,100
2023,12,river,Padma,Barha Ghat,SS,35.0,False,100
2023,1,river,Padma,Barha Ghat,TDS,132.0,False,100
2023,3,river,Padma,Barha Ghat,TDS,101.0,False,100
2023,9,river,Padma,Barha Ghat,TDS,93.3,False,100
2023,12,river,Padma,Barha Ghat,TDS,100.2,False,100
2023,1,river,Padma,Barha Ghat,pH,7.38,False,99
2023,3,river,Padma,Barha Ghat,pH,8.06,False,99
2023,9,river,Padma,Barha Ghat,pH,7.43,False,99
2023,12,river,Padma,Barha Ghat,pH,6.66,False,99
2023,1,river,Padma,Mawa Ghat,BOD,4.0,False,100
2023,3,river,Padma,Mawa Ghat,BOD,1.0,False,100
2023,9,river,Padma,Mawa Ghat,BOD,0.9,False,100
2023,10,river,Padma,Mawa Ghat,BOD,3.1,False,100
2023,12,river,Padma,Mawa Ghat,BOD,2.0,False,100
2023,1,river,Padma,Mawa Ghat,DO,8.9,False,100
2023,3,river,Padma,Mawa Ghat,DO,8.7,False,100
2023,9,river,Padma,Mawa Ghat,DO,7.05,False,100
2023,10,river,Padma,Mawa Ghat,DO,7.4,False,100
2023,12,river,Padma,Mawa Ghat,DO,7.6,False,100
2023,1,river,Padma,Mawa Ghat,EC,189.0,False,100
2023,3,river,Padma,Mawa Ghat,EC,173.2,False,100
2023,9,river,Padma,Mawa Ghat,EC,172.4,False,100
2023,10,river,Padma,Mawa Ghat,EC,147.0,False,100
2023,12,river,Padma,Mawa Ghat,EC,183.3,False,100
2023,1,river,Padma,Mawa Ghat,SS,7.98,False,100
2023,3,river,Padma,Mawa Ghat,SS,13.0,False,100
2023,9,river,Padma,Mawa Ghat,SS,184.0,False,100
2023,10,river,Padma,Mawa Ghat,SS,103.0,False,100
2023,12,river,Padma,Mawa Ghat,SS,48.0,False,100
2023,1,river,Padma,Mawa Ghat,TDS,106.0,False,100
2023,3,river,Padma,Mawa Ghat,TDS,100.3,False,100
2023,9,river,Padma,Mawa Ghat,TDS,92.0,False,100
2023,10,river,Padma,Mawa Ghat,TDS,77.9,False,100
2023,12,river,Padma,Mawa Ghat,TDS,98.5,False,100
2023,1,river,Padma,Mawa Ghat,pH,7.98,False,99
2023,3,river,Padma,Mawa Ghat,pH,8.04,False,99
2023,9,river,Padma,Mawa Ghat,pH,7.6,False,99
2023,10,river,Padma,Mawa Ghat,pH,6.35,False,99
2023,12,river,Padma,Mawa Ghat,pH,7.19,False,99
2023,1,river,Pashur,Banishanta,BOD,5.6,False,110
2023,2,river,Pashur,Banishanta,BOD,3.6,False,110
2023,3,river,Pashur,Banishanta,BOD,2.3,False,110
2023,6,river,Pashur,Banishanta,BOD,22.4,False,110
2023,7,river,Pashur,Banishanta,BOD,27.9,False,110
2023,8,river,Pashur,Banishanta,BOD,22.4,False,110
2023,10,river,Pashur,Banishanta,BOD,18.2,False,110
2023,11,river,Pashur,Banishanta,BOD,15.5,False,110
2023,12,river,Pashur,Banishanta,BOD,11.19,False,110
2023,1,river,Pashur,Banishanta,Chloride,460.0,False,110
2023,2,river,Pashur,Banishanta,Chloride,481.0,False,110
2023,3,river,Pashur,Banishanta,Chloride,2435.0,False,110
2023,6,river,Pashur,Banishanta,Chloride,3062.0,False,110
2023,7,river,Pashur,Banishanta,Chloride,363.0,False,110
2023,8,river,Pashur,Banishanta,Chloride,675.0,False,110
2023,9,river,Pashur,Banishanta,Chloride,2306.0,False,110
2023,10,river,Pashur,Banishanta,Chloride,31.0,False,110
2023,11,river,Pashur,Banishanta,Chloride,397.0,False,110
2023,12,river,Pashur,Banishanta,Chloride,160.0,False,110
2023,1,river,Pashur,Banishanta,DO,7.53,False,110
2023,2,river,Pashur,Banishanta,DO,5.51,False,110
2023,3,river,Pashur,Banishanta,DO,7.4,False,110
2023,6,river,Pashur,Banishanta,DO,6.7,False,110
2023,7,river,Pashur,Banishanta,DO,6.9,False,110
2023,8,river,Pashur,Banishanta,DO,5.92,False,110
2023,9,river,Pashur,Banishanta,DO,6.7,False,110
2023,10,river,Pashur,Banishanta,DO,6.99,False,110
2023,11,river,Pashur,Banishanta,DO,5.74,False,110
2023,12,river,Pashur,Banishanta,DO,7.72,False,110
2023,1,river,Pashur,Banishanta,EC,1842.0,False,110
2023,2,river,Pashur,Banishanta,EC,1924.0,False,110
2023,3,river,Pashur,Banishanta,EC,9740.0,False,110
2023,6,river,Pashur,Banishanta,EC,12246.0,False,110
2023,7,river,Pashur,Banishanta,EC,1452.0,False,110
2023,8,river,Pashur,Banishanta,EC,2700.0,False,110
2023,9,river,Pashur,Banishanta,EC,12246.0,False,110
2023,10,river,Pashur,Banishanta,EC,161.6,False,110
2023,11,river,Pashur,Banishanta,EC,1586.0,False,110
2023,12,river,Pashur,Banishanta,EC,641.0,False,110
2023,1,river,Pashur,Banishanta,TDS,921.0,False,110
2023,2,river,Pashur,Banishanta,TDS,962.0,False,110
2023,3,river,Pashur,Banishanta,TDS,4870.0,False,110
2023,6,river,Pashur,Banishanta,TDS,6123.0,False,110
2023,7,river,Pashur,Banishanta,TDS,726.0,False,110
2023,8,river,Pashur,Banishanta,TDS,1350.0,False,110
2023,9,river,Pashur,Banishanta,TDS,6123.0,False,110
2023,10,river,Pashur,Banishanta,TDS,61.0,False,110
2023,11,river,Pashur,Banishanta,TDS,793.0,False,110
2023,12,river,Pashur,Banishanta,TDS,321.0,False,110
2023,1,river,Pashur,Banishanta,Turbidity,67.0,False,110
2023,2,river,Pashur,Banishanta,Turbidity,72.0,False,110
2023,3,river,Pashur,Banishanta,Turbidity,27.0,False,110
2023,6,river,Pashur,Banishanta,Turbidity,66.0,False,110
2023,7,river,Pashur,Banishanta,Turbidity,87.0,False,110
2023,8,river,Pashur,Banishanta,Turbidity,92.0,False,110
2023,9,river,Pashur,Banishanta,Turbidity,63.0,False,110
2023,10,river,Pashur,Banishanta,Turbidity,35.0,False,110
2023,11,river,Pashur,Banishanta,Turbidity,54.0,False,110
2023,12,river,Pashur,Banishanta,Turbidity,42.0,False,110
2023,1,river,Pashur,Banishanta,pH,6.44,False,110
2023,2,river,Pashur,Banishanta,pH,7.54,False,110
2023,3,river,Pashur,Banishanta,pH,6.41,False,110
2023,6,river,Pashur,Banishanta,pH,7.35,False,110
2023,7,river,Pashur,Banishanta,pH,7.68,False,110
2023,8,river,Pashur,Banishanta,pH,7.61,False,110
2023,9,river,Pashur,Banishanta,pH,7.35,False,110
2023,10,river,Pashur,Banishanta,pH,7.04,False,110
2023,11,river,Pashur,Banishanta,pH,7.55,False,110
2023,12,river,Pashur,Banishanta,pH,7.11,False,110
2023,1,river,Pashur,"Banishanta, Mongla",SS,82.0,False,111
2023,2,river,Pashur,"Banishanta, Mongla",SS,63.0,False,111
2023,3,river,Pashur,"Banishanta, Mongla",SS,54.0,False,111
2023,6,river,Pashur,"Banishanta, Mongla",SS,57.0,False,111
2023,7,river,Pashur,"Banishanta, Mongla",SS,75.0,False,111
2023,8,river,Pashur,"Banishanta, Mongla",SS,68.0,False,111
2023,9,river,Pashur,"Banishanta, Mongla",SS,57.0,False,111
2023,10,river,Pashur,"Banishanta, Mongla",SS,57.0,False,111
2023,11,river,Pashur,"Banishanta, Mongla",SS,46.0,False,111
2023,12,river,Pashur,"Banishanta, Mongla",SS,65.0,False,111
2023,1,river,Pashur,Batiaghata By Pass,BOD,3.9,False,110
2023,2,river,Pashur,Batiaghata By Pass,BOD,4.8,False,110
2023,3,river,Pashur,Batiaghata By Pass,BOD,2.4,False,110
2023,5,river,Pashur,Batiaghata By Pass,BOD,9.8,False,110
2023,6,river,Pashur,Batiaghata By Pass,BOD,9.8,False,110
2023,9,river,Pashur,Batiaghata By Pass,BOD,9.8,False,110
2023,10,river,Pashur,Batiaghata By Pass,BOD,9.9,False,110
2023,11,river,Pashur,Batiaghata By Pass,BOD,9.18,False,110
2023,12,river,Pashur,Batiaghata By Pass,BOD,12.6,False,110
2023,1,river,Pashur,Batiaghata By Pass,Chloride,182.0,False,110
2023,2,river,Pashur,Batiaghata By Pass,Chloride,311.0,False,110
2023,3,river,Pashur,Batiaghata By Pass,Chloride,182.0,False,110
2023,5,river,Pashur,Batiaghata By Pass,Chloride,258.0,False,110
2023,6,river,Pashur,Batiaghata By Pass,Chloride,258.0,False,110
2023,9,river,Pashur,Batiaghata By Pass,Chloride,354.0,False,110
2023,10,river,Pashur,Batiaghata By Pass,Chloride,284.0,False,110
2023,11,river,Pashur,Batiaghata By Pass,Chloride,388.0,False,110
2023,12,river,Pashur,Batiaghata By Pass,Chloride,206.0,False,110
2023,1,river,Pashur,Batiaghata By Pass,DO,6.45,False,110
2023,2,river,Pashur,Batiaghata By Pass,DO,7.5,False,110
2023,3,river,Pashur,Batiaghata By Pass,DO,5.5,False,110
2023,5,river,Pashur,Batiaghata By Pass,DO,6.64,False,110
2023,6,river,Pashur,Batiaghata By Pass,DO,6.64,False,110
2023,9,river,Pashur,Batiaghata By Pass,DO,6.64,False,110
2023,10,river,Pashur,Batiaghata By Pass,DO,6.64,False,110
2023,11,river,Pashur,Batiaghata By Pass,DO,7.25,False,110
2023,12,river,Pashur,Batiaghata By Pass,DO,7.13,False,110
2023,1,river,Pashur,Batiaghata By Pass,EC,728.0,False,110
2023,2,river,Pashur,Batiaghata By Pass,EC,1245.0,False,110
2023,3,river,Pashur,Batiaghata By Pass,EC,728.0,False,110
2023,5,river,Pashur,Batiaghata By Pass,EC,1032.0,False,110
2023,6,river,Pashur,Batiaghata By Pass,EC,1032.0,False,110
2023,9,river,Pashur,Batiaghata By Pass,EC,1032.0,False,110
2023,10,river,Pashur,Batiaghata By Pass,EC,1035.0,False,110
2023,11,river,Pashur,Batiaghata By Pass,EC,1550.0,False,110
2023,12,river,Pashur,Batiaghata By Pass,EC,822.0,False,110
2023,1,river,Pashur,Batiaghata By Pass,SS,87.0,False,111
2023,2,river,Pashur,Batiaghata By Pass,SS,76.0,False,111
2023,3,river,Pashur,Batiaghata By Pass,SS,65.0,False,111
2023,5,river,Pashur,Batiaghata By Pass,SS,55.0,False,111
2023,6,river,Pashur,Batiaghata By Pass,SS,55.0,False,111
2023,9,river,Pashur,Batiaghata By Pass,SS,55.0,False,111
2023,10,river,Pashur,Batiaghata By Pass,SS,48.0,False,111
2023,11,river,Pashur,Batiaghata By Pass,SS,27.0,False,111
2023,12,river,Pashur,Batiaghata By Pass,SS,23.0,False,111
2023,1,river,Pashur,Batiaghata By Pass,TDS,96.0,False,110
2023,2,river,Pashur,Batiaghata By Pass,TDS,623.0,False,110
2023,3,river,Pashur,Batiaghata By Pass,TDS,364.0,False,110
2023,5,river,Pashur,Batiaghata By Pass,TDS,516.0,False,110
2023,6,river,Pashur,Batiaghata By Pass,TDS,516.0,False,110
2023,9,river,Pashur,Batiaghata By Pass,TDS,616.0,False,110
2023,10,river,Pashur,Batiaghata By Pass,TDS,568.0,False,110
2023,11,river,Pashur,Batiaghata By Pass,TDS,897.0,False,110
2023,12,river,Pashur,Batiaghata By Pass,TDS,411.0,False,110
2023,1,river,Pashur,Batiaghata By Pass,Turbidity,46.0,False,110
2023,2,river,Pashur,Batiaghata By Pass,Turbidity,42.0,False,110
2023,3,river,Pashur,Batiaghata By Pass,Turbidity,52.0,False,110
2023,5,river,Pashur,Batiaghata By Pass,Turbidity,77.0,False,110
2023,6,river,Pashur,Batiaghata By Pass,Turbidity,77.0,False,110
2023,9,river,Pashur,Batiaghata By Pass,Turbidity,71.0,False,110
2023,10,river,Pashur,Batiaghata By Pass,Turbidity,65.0,False,110
2023,11,river,Pashur,Batiaghata By Pass,Turbidity,24.0,False,110
2023,12,river,Pashur,Batiaghata By Pass,Turbidity,16.0,False,110
2023,1,river,Pashur,Batiaghata By Pass,pH,7.53,False,110
2023,2,river,Pashur,Batiaghata By Pass,pH,7.72,False,110
2023,3,river,Pashur,Batiaghata By Pass,pH,6.04,False,110
2023,5,river,Pashur,Batiaghata By Pass,pH,7.64,False,110
2023,6,river,Pashur,Batiaghata By Pass,pH,7.64,False,110
2023,9,river,Pashur,Batiaghata By Pass,pH,7.64,False,110
2023,10,river,Pashur,Batiaghata By Pass,pH,7.62,False,110
2023,11,river,Pashur,Batiaghata By Pass,pH,7.22,False,110
2023,12,river,Pashur,Batiaghata By Pass,pH,7.34,False,110
2023,1,river,Pashur,Rampal Power Plant,BOD,4.8,False,110
2023,2,river,Pashur,Rampal Power Plant,BOD,4.3,False,110
2023,3,river,Pashur,Rampal Power Plant,BOD,2.7,False,110
2023,6,river,Pashur,Rampal Power Plant,BOD,20.7,False,110
2023,7,river,Pashur,Rampal Power Plant,BOD,25.2,False,110
2023,8,river,Pashur,Rampal Power Plant,BOD,21.1,False,110
2023,9,river,Pashur,Rampal Power Plant,BOD,6.7,False,110
2023,10,river,Pashur,Rampal Power Plant,BOD,12.2,False,110
2023,11,river,Pashur,Rampal Power Plant,BOD,8.14,False,110
2023,12,river,Pashur,Rampal Power Plant,BOD,9.19,False,110
2023,1,river,Pashur,Rampal Power Plant,Chloride,387.0,False,110
2023,2,river,Pashur,Rampal Power Plant,Chloride,429.0,False,110
2023,3,river,Pashur,Rampal Power Plant,Chloride,2407.0,False,110
2023,6,river,Pashur,Rampal Power Plant,Chloride,3050.0,False,110
2023,7,river,Pashur,Rampal Power Plant,Chloride,342.0,False,110
2023,8,river,Pashur,Rampal Power Plant,Chloride,638.0,False,110
2023,9,river,Pashur,Rampal Power Plant,Chloride,86.0,False,110
2023,10,river,Pashur,Rampal Power Plant,Chloride,54.0,False,110
2023,11,river,Pashur,Rampal Power Plant,Chloride,357.0,False,110
2023,12,river,Pashur,Rampal Power Plant,Chloride,120.0,False,110
2023,1,river,Pashur,Rampal Power Plant,DO,7.62,False,110
2023,2,river,Pashur,Rampal Power Plant,DO,5.54,False,110
2023,3,river,Pashur,Rampal Power Plant,DO,7.37,False,110
2023,6,river,Pashur,Rampal Power Plant,DO,6.5,False,110
2023,7,river,Pashur,Rampal Power Plant,DO,6.8,False,110
2023,8,river,Pashur,Rampal Power Plant,DO,5.57,False,110
2023,9,river,Pashur,Rampal Power Plant,DO,6.5,False,110
2023,10,river,Pashur,Rampal Power Plant,DO,6.7,False,110
2023,11,river,Pashur,Rampal Power Plant,DO,7.26,False,110
2023,12,river,Pashur,Rampal Power Plant,DO,7.6,False,110
2023,1,river,Pashur,Rampal Power Plant,EC,1546.0,False,110
2023,2,river,Pashur,Rampal Power Plant,EC,1714.0,False,110
2023,3,river,Pashur,Rampal Power Plant,EC,9626.0,False,110
2023,6,river,Pashur,Rampal Power Plant,EC,12210.0,False,110
2023,7,river,Pashur,Rampal Power Plant,EC,1366.0,False,110
2023,8,river,Pashur,Rampal Power Plant,EC,2550.0,False,110
2023,9,river,Pashur,Rampal Power Plant,EC,342.0,False,110
2023,10,river,Pashur,Rampal Power Plant,EC,216.0,False,110
2023,11,river,Pashur,Rampal Power Plant,EC,1426.0,False,110
2023,12,river,Pashur,Rampal Power Plant,EC,480.0,False,110
2023,1,river,Pashur,Rampal Power Plant,SS,74.0,False,111
2023,2,river,Pashur,Rampal Power Plant,SS,67.0,False,111
2023,3,river,Pashur,Rampal Power Plant,SS,52.0,False,111
2023,6,river,Pashur,Rampal Power Plant,SS,72.0,False,111
2023,7,river,Pashur,Rampal Power Plant,SS,83.0,False,111
2023,8,river,Pashur,Rampal Power Plant,SS,63.0,False,111
2023,9,river,Pashur,Rampal Power Plant,SS,65.0,False,111
2023,10,river,Pashur,Rampal Power Plant,SS,52.0,False,111
2023,11,river,Pashur,Rampal Power Plant,SS,66.0,False,111
2023,12,river,Pashur,Rampal Power Plant,SS,62.0,False,111
2023,1,river,Pashur,Rampal Power Plant,TDS,773.0,False,110
2023,2,river,Pashur,Rampal Power Plant,TDS,857.0,False,110
2023,3,river,Pashur,Rampal Power Plant,TDS,4813.0,False,110
2023,6,river,Pashur,Rampal Power Plant,TDS,6105.0,False,110
2023,7,river,Pashur,Rampal Power Plant,TDS,683.0,False,110
2023,8,river,Pashur,Rampal Power Plant,TDS,1275.0,False,110
2023,9,river,Pashur,Rampal Power Plant,TDS,171.0,False,110
2023,10,river,Pashur,Rampal Power Plant,TDS,108.0,False,110
2023,11,river,Pashur,Rampal Power Plant,TDS,713.0,False,110
2023,12,river,Pashur,Rampal Power Plant,TDS,239.0,False,110
2023,1,river,Pashur,Rampal Power Plant,Turbidity,57.0,False,110
2023,2,river,Pashur,Rampal Power Plant,Turbidity,59.0,False,110
2023,3,river,Pashur,Rampal Power Plant,Turbidity,32.0,False,110
2023,6,river,Pashur,Rampal Power Plant,Turbidity,64.0,False,110
2023,7,river,Pashur,Rampal Power Plant,Turbidity,68.0,False,110
2023,8,river,Pashur,Rampal Power Plant,Turbidity,97.0,False,110
2023,9,river,Pashur,Rampal Power Plant,Turbidity,70.0,False,110
2023,10,river,Pashur,Rampal Power Plant,Turbidity,32.0,False,110
2023,11,river,Pashur,Rampal Power Plant,Turbidity,45.0,False,110
2023,12,river,Pashur,Rampal Power Plant,Turbidity,36.0,False,110
2023,1,river,Pashur,Rampal Power Plant,pH,6.75,False,110
2023,2,river,Pashur,Rampal Power Plant,pH,7.87,False,110
2023,3,river,Pashur,Rampal Power Plant,pH,6.47,False,110
2023,6,river,Pashur,Rampal Power Plant,pH,7.27,False,110
2023,7,river,Pashur,Rampal Power Plant,pH,7.47,False,110
2023,8,river,Pashur,Rampal Power Plant,pH,7.65,False,110
2023,9,river,Pashur,Rampal Power Plant,pH,7.58,False,110
2023,10,river,Pashur,Rampal Power Plant,pH,7.8,False,110
2023,11,river,Pashur,Rampal Power Plant,pH,7.43,False,110
2023,12,river,Pashur,Rampal Power Plant,pH,7.21,False,110
2023,1,river,Rupsa,"Charer Hat, Sulpur Aijgati",Chloride,216.0,False,108
2023,2,river,Rupsa,"Charer Hat, Sulpur Aijgati",Chloride,221.0,False,108
2023,3,river,Rupsa,"Charer Hat, Sulpur Aijgati",Chloride,1259.0,False,108
2023,5,river,Rupsa,"Charer Hat, Sulpur Aijgati",Chloride,332.0,False,108
2023,6,river,Rupsa,"Charer Hat, Sulpur Aijgati",Chloride,288.0,False,108
2023,7,river,Rupsa,"Charer Hat, Sulpur Aijgati",Chloride,130.0,False,108
2023,8,river,Rupsa,"Charer Hat, Sulpur Aijgati",Chloride,344.0,False,108
2023,9,river,Rupsa,"Charer Hat, Sulpur Aijgati",Chloride,286.0,False,108
2023,10,river,Rupsa,"Charer Hat, Sulpur Aijgati",Chloride,163.0,False,108
2023,11,river,Rupsa,"Charer Hat, Sulpur Aijgati",Chloride,232.0,False,108
2023,12,river,Rupsa,"Charer Hat, Sulpur Aijgati",Chloride,107.0,False,108
2023,1,river,Rupsa,"Charer Hat, Sulpur Aijgati (M)",BOD,3.4,False,108
2023,2,river,Rupsa,"Charer Hat, Sulpur Aijgati (M)",BOD,1.9,False,108
2023,3,river,Rupsa,"Charer Hat, Sulpur Aijgati (M)",BOD,3.4,False,108
2023,5,river,Rupsa,"Charer Hat, Sulpur Aijgati (M)",BOD,13.2,False,108
2023,6,river,Rupsa,"Charer Hat, Sulpur Aijgati (M)",BOD,13.2,False,108
2023,7,river,Rupsa,"Charer Hat, Sulpur Aijgati (M)",BOD,17.6,False,108
2023,8,river,Rupsa,"Charer Hat, Sulpur Aijgati (M)",BOD,19.8,False,108
2023,9,river,Rupsa,"Charer Hat, Sulpur Aijgati (M)",BOD,13.2,False,108
2023,10,river,Rupsa,"Charer Hat, Sulpur Aijgati (M)",BOD,9.2,False,108
2023,11,river,Rupsa,"Charer Hat, Sulpur Aijgati (M)",BOD,8.9,False,108
2023,12,river,Rupsa,"Charer Hat, Sulpur Aijgati (M)",BOD,9.17,False,108
2023,1,river,Rupsa,"Charer Hat, Sulpur Aijgati (M)",DO,5.43,False,107
2023,2,river,Rupsa,"Charer Hat, Sulpur Aijgati (M)",DO,6.75,False,107
2023,3,river,Rupsa,"Charer Hat, Sulpur Aijgati (M)",DO,6.54,False,107
2023,5,river,Rupsa,"Charer Hat, Sulpur Aijgati (M)",DO,6.58,False,107
2023,6,river,Rupsa,"Charer Hat, Sulpur Aijgati (M)",DO,6.3,False,107
2023,7,river,Rupsa,"Charer Hat, Sulpur Aijgati (M)",DO,6.78,False,107
2023,8,river,Rupsa,"Charer Hat, Sulpur Aijgati (M)",DO,6.67,False,107
2023,9,river,Rupsa,"Charer Hat, Sulpur Aijgati (M)",DO,6.3,False,107
2023,10,river,Rupsa,"Charer Hat, Sulpur Aijgati (M)",DO,6.35,False,107
2023,11,river,Rupsa,"Charer Hat, Sulpur Aijgati (M)",DO,6.74,False,107
2023,12,river,Rupsa,"Charer Hat, Sulpur Aijgati (M)",DO,5.11,False,107
2023,1,river,Rupsa,"Charer Hat, Sulpur Aijgati (M)",EC,864.0,False,108
2023,2,river,Rupsa,"Charer Hat, Sulpur Aijgati (M)",EC,884.0,False,108
2023,3,river,Rupsa,"Charer Hat, Sulpur Aijgati (M)",EC,5036.0,False,108
2023,5,river,Rupsa,"Charer Hat, Sulpur Aijgati (M)",EC,1328.0,False,108
2023,6,river,Rupsa,"Charer Hat, Sulpur Aijgati (M)",EC,1153.0,False,108
2023,7,river,Rupsa,"Charer Hat, Sulpur Aijgati (M)",EC,518.0,False,108
2023,8,river,Rupsa,"Charer Hat, Sulpur Aijgati (M)",EC,1376.0,False,108
2023,9,river,Rupsa,"Charer Hat, Sulpur Aijgati (M)",EC,1153.0,False,108
2023,10,river,Rupsa,"Charer Hat, Sulpur Aijgati (M)",EC,653.0,False,108
2023,11,river,Rupsa,"Charer Hat, Sulpur Aijgati (M)",EC,518.0,False,108
2023,12,river,Rupsa,"Charer Hat, Sulpur Aijgati (M)",EC,428.0,False,108
2023,1,river,Rupsa,"Charer Hat, Sulpur Aijgati (M)",SS,132.0,False,108
2023,2,river,Rupsa,"Charer Hat, Sulpur Aijgati (M)",SS,138.0,False,108
2023,3,river,Rupsa,"Charer Hat, Sulpur Aijgati (M)",SS,78.0,False,108
2023,5,river,Rupsa,"Charer Hat, Sulpur Aijgati (M)",SS,67.0,False,108
2023,6,river,Rupsa,"Charer Hat, Sulpur Aijgati (M)",SS,68.0,False,108
2023,7,river,Rupsa,"Charer Hat, Sulpur Aijgati (M)",SS,83.0,False,108
2023,8,river,Rupsa,"Charer Hat, Sulpur Aijgati (M)",SS,46.0,False,108
2023,9,river,Rupsa,"Charer Hat, Sulpur Aijgati (M)",SS,68.0,False,108
2023,10,river,Rupsa,"Charer Hat, Sulpur Aijgati (M)",SS,38.0,False,108
2023,11,river,Rupsa,"Charer Hat, Sulpur Aijgati (M)",SS,36.0,False,108
2023,12,river,Rupsa,"Charer Hat, Sulpur Aijgati (M)",SS,27.0,False,108
2023,1,river,Rupsa,"Charer Hat, Sulpur Aijgati (M)",Salinity,0.08,False,108
2023,2,river,Rupsa,"Charer Hat, Sulpur Aijgati (M)",Salinity,0.18,False,108
2023,3,river,Rupsa,"Charer Hat, Sulpur Aijgati (M)",Salinity,3.66,False,108
2023,5,river,Rupsa,"Charer Hat, Sulpur Aijgati (M)",Salinity,12.7,False,108
2023,6,river,Rupsa,"Charer Hat, Sulpur Aijgati (M)",Salinity,90.9,False,108
2023,7,river,Rupsa,"Charer Hat, Sulpur Aijgati (M)",Salinity,0.23,False,108
2023,8,river,Rupsa,"Charer Hat, Sulpur Aijgati (M)",Salinity,0.06,False,108
2023,9,river,Rupsa,"Charer Hat, Sulpur Aijgati (M)",Salinity,9.9,False,108
2023,10,river,Rupsa,"Charer Hat, Sulpur Aijgati (M)",Salinity,0.09,False,108
2023,11,river,Rupsa,"Charer Hat, Sulpur Aijgati (M)",Salinity,0.27,False,108
2023,12,river,Rupsa,"Charer Hat, Sulpur Aijgati (M)",Salinity,0.29,False,108
2023,1,river,Rupsa,"Charer Hat, Sulpur Aijgati (M)",Turbidity,47.0,False,108
2023,2,river,Rupsa,"Charer Hat, Sulpur Aijgati (M)",Turbidity,49.0,False,108
2023,3,river,Rupsa,"Charer Hat, Sulpur Aijgati (M)",Turbidity,51.0,False,108
2023,5,river,Rupsa,"Charer Hat, Sulpur Aijgati (M)",Turbidity,78.0,False,108
2023,6,river,Rupsa,"Charer Hat, Sulpur Aijgati (M)",Turbidity,87.0,False,108
2023,7,river,Rupsa,"Charer Hat, Sulpur Aijgati (M)",Turbidity,92.0,False,108
2023,8,river,Rupsa,"Charer Hat, Sulpur Aijgati (M)",Turbidity,66.0,False,108
2023,9,river,Rupsa,"Charer Hat, Sulpur Aijgati (M)",Turbidity,85.0,False,108
2023,10,river,Rupsa,"Charer Hat, Sulpur Aijgati (M)",Turbidity,65.0,False,108
2023,11,river,Rupsa,"Charer Hat, Sulpur Aijgati (M)",Turbidity,47.0,False,108
2023,12,river,Rupsa,"Charer Hat, Sulpur Aijgati (M)",Turbidity,47.0,False,108
2023,1,river,Rupsa,"Charer Hat, Sulpur Aijgati (M)",pH,7.68,False,107
2023,2,river,Rupsa,"Charer Hat, Sulpur Aijgati (M)",pH,8.72,False,107
2023,3,river,Rupsa,"Charer Hat, Sulpur Aijgati (M)",pH,6.24,False,107
2023,5,river,Rupsa,"Charer Hat, Sulpur Aijgati (M)",pH,7.21,False,107
2023,6,river,Rupsa,"Charer Hat, Sulpur Aijgati (M)",pH,6.93,False,107
2023,7,river,Rupsa,"Charer Hat, Sulpur Aijgati (M)",pH,7.89,False,107
2023,8,river,Rupsa,"Charer Hat, Sulpur Aijgati (M)",pH,7.54,False,107
2023,9,river,Rupsa,"Charer Hat, Sulpur Aijgati (M)",pH,6.55,False,107
2023,10,river,Rupsa,"Charer Hat, Sulpur Aijgati (M)",pH,6.59,False,107
2023,11,river,Rupsa,"Charer Hat, Sulpur Aijgati (M)",pH,7.39,False,107
2023,12,river,Rupsa,"Charer Hat, Sulpur Aijgati (M)",pH,7.44,False,107
2023,1,river,Rupsa,"Gilatola , Nadan Pratap (M)",BOD,3.7,False,108
2023,2,river,Rupsa,"Gilatola , Nadan Pratap (M)",BOD,2.4,False,108
2023,3,river,Rupsa,"Gilatola , Nadan Pratap (M)",BOD,4.02,False,108
2023,5,river,Rupsa,"Gilatola , Nadan Pratap (M)",BOD,9.2,False,108
2023,6,river,Rupsa,"Gilatola , Nadan Pratap (M)",BOD,9.2,False,108
2023,9,river,Rupsa,"Gilatola , Nadan Pratap (M)",BOD,9.2,False,108
2023,10,river,Rupsa,"Gilatola , Nadan Pratap (M)",BOD,8.2,False,108
2023,11,river,Rupsa,"Gilatola , Nadan Pratap (M)",BOD,5.24,False,108
2023,12,river,Rupsa,"Gilatola , Nadan Pratap (M)",BOD,6.65,False,108
2023,1,river,Rupsa,"Gilatola , Nadan Pratap (M)",Chloride,136.0,False,108
2023,2,river,Rupsa,"Gilatola , Nadan Pratap (M)",Chloride,182.0,False,108
2023,3,river,Rupsa,"Gilatola , Nadan Pratap (M)",Chloride,1000.0,False,108
2023,5,river,Rupsa,"Gilatola , Nadan Pratap (M)",Chloride,286.0,False,108
2023,6,river,Rupsa,"Gilatola , Nadan Pratap (M)",Chloride,298.0,False,108
2023,9,river,Rupsa,"Gilatola , Nadan Pratap (M)",Chloride,295.0,False,108
2023,10,river,Rupsa,"Gilatola , Nadan Pratap (M)",Chloride,74.0,False,108
2023,11,river,Rupsa,"Gilatola , Nadan Pratap (M)",Chloride,81.0,False,108
2023,12,river,Rupsa,"Gilatola , Nadan Pratap (M)",Chloride,79.0,False,108
2023,1,river,Rupsa,"Gilatola , Nadan Pratap (M)",DO,5.9,False,107
2023,2,river,Rupsa,"Gilatola , Nadan Pratap (M)",DO,6.8,False,107
2023,3,river,Rupsa,"Gilatola , Nadan Pratap (M)",DO,6.05,False,107
2023,5,river,Rupsa,"Gilatola , Nadan Pratap (M)",DO,6.8,False,107
2023,6,river,Rupsa,"Gilatola , Nadan Pratap (M)",DO,5.68,False,107
2023,9,river,Rupsa,"Gilatola , Nadan Pratap (M)",DO,5.68,False,107
2023,10,river,Rupsa,"Gilatola , Nadan Pratap (M)",DO,3.55,False,107
2023,11,river,Rupsa,"Gilatola , Nadan Pratap (M)",DO,5.19,False,107
2023,12,river,Rupsa,"Gilatola , Nadan Pratap (M)",DO,4.28,False,107
2023,1,river,Rupsa,"Gilatola , Nadan Pratap (M)",EC,542.0,False,108
2023,2,river,Rupsa,"Gilatola , Nadan Pratap (M)",EC,728.0,False,108
2023,3,river,Rupsa,"Gilatola , Nadan Pratap (M)",EC,4038.0,False,108
2023,5,river,Rupsa,"Gilatola , Nadan Pratap (M)",EC,1142.0,False,108
2023,6,river,Rupsa,"Gilatola , Nadan Pratap (M)",EC,1151.0,False,108
2023,9,river,Rupsa,"Gilatola , Nadan Pratap (M)",EC,1151.0,False,108
2023,10,river,Rupsa,"Gilatola , Nadan Pratap (M)",EC,295.0,False,108
2023,11,river,Rupsa,"Gilatola , Nadan Pratap (M)",EC,324.0,False,108
2023,12,river,Rupsa,"Gilatola , Nadan Pratap (M)",EC,316.0,False,108
2023,1,river,Rupsa,"Gilatola , Nadan Pratap (M)",SS,37.0,False,108
2023,2,river,Rupsa,"Gilatola , Nadan Pratap (M)",SS,42.0,False,108
2023,3,river,Rupsa,"Gilatola , Nadan Pratap (M)",SS,43.0,False,108
2023,5,river,Rupsa,"Gilatola , Nadan Pratap (M)",SS,47.0,False,108
2023,6,river,Rupsa,"Gilatola , Nadan Pratap (M)",SS,47.0,False,108
2023,9,river,Rupsa,"Gilatola , Nadan Pratap (M)",SS,17.0,False,108
2023,10,river,Rupsa,"Gilatola , Nadan Pratap (M)",SS,37.0,False,108
2023,11,river,Rupsa,"Gilatola , Nadan Pratap (M)",SS,28.0,False,108
2023,12,river,Rupsa,"Gilatola , Nadan Pratap (M)",SS,32.0,False,108
2023,1,river,Rupsa,"Gilatola , Nadan Pratap (M)",Salinity,0.08,False,108
2023,2,river,Rupsa,"Gilatola , Nadan Pratap (M)",Salinity,0.15,False,108
2023,3,river,Rupsa,"Gilatola , Nadan Pratap (M)",Salinity,2.89,False,108
2023,5,river,Rupsa,"Gilatola , Nadan Pratap (M)",Salinity,8.13,False,108
2023,6,river,Rupsa,"Gilatola , Nadan Pratap (M)",Salinity,79.7,False,108
2023,9,river,Rupsa,"Gilatola , Nadan Pratap (M)",Salinity,7.7,False,108
2023,10,river,Rupsa,"Gilatola , Nadan Pratap (M)",Salinity,0.13,False,108
2023,11,river,Rupsa,"Gilatola , Nadan Pratap (M)",Salinity,0.18,False,108
2023,12,river,Rupsa,"Gilatola , Nadan Pratap (M)",Salinity,0.24,False,108
2023,1,river,Rupsa,"Gilatola , Nadan Pratap (M)",Turbidity,27.0,False,108
2023,2,river,Rupsa,"Gilatola , Nadan Pratap (M)",Turbidity,36.0,False,108
2023,3,river,Rupsa,"Gilatola , Nadan Pratap (M)",Turbidity,28.0,False,108
2023,5,river,Rupsa,"Gilatola , Nadan Pratap (M)",Turbidity,42.0,False,108
2023,6,river,Rupsa,"Gilatola , Nadan Pratap (M)",Turbidity,42.0,False,108
2023,9,river,Rupsa,"Gilatola , Nadan Pratap (M)",Turbidity,40.0,False,108
2023,10,river,Rupsa,"Gilatola , Nadan Pratap (M)",Turbidity,10.0,False,108
2023,11,river,Rupsa,"Gilatola , Nadan Pratap (M)",Turbidity,13.0,False,108
2023,12,river,Rupsa,"Gilatola , Nadan Pratap (M)",Turbidity,10.0,False,108
2023,1,river,Rupsa,"Gilatola , Nadan Pratap (M)",pH,6.42,False,107
2023,2,river,Rupsa,"Gilatola , Nadan Pratap (M)",pH,7.82,False,107
2023,3,river,Rupsa,"Gilatola , Nadan Pratap (M)",pH,6.34,False,107
2023,5,river,Rupsa,"Gilatola , Nadan Pratap (M)",pH,7.75,False,107
2023,6,river,Rupsa,"Gilatola , Nadan Pratap (M)",pH,7.04,False,107
2023,9,river,Rupsa,"Gilatola , Nadan Pratap (M)",pH,6.04,False,107
2023,10,river,Rupsa,"Gilatola , Nadan Pratap (M)",pH,7.35,False,107
2023,11,river,Rupsa,"Gilatola , Nadan Pratap (M)",pH,7.64,False,107
2023,12,river,Rupsa,"Gilatola , Nadan Pratap (M)",pH,7.74,False,107
2023,1,river,Rupsa,Kalibari Ghat (M),BOD,2.2,False,108
2023,2,river,Rupsa,Kalibari Ghat (M),BOD,2.26,False,108
2023,3,river,Rupsa,Kalibari Ghat (M),BOD,2.28,False,108
2023,5,river,Rupsa,Kalibari Ghat (M),BOD,11.12,False,108
2023,6,river,Rupsa,Kalibari Ghat (M),BOD,35.2,False,108
2023,7,river,Rupsa,Kalibari Ghat (M),BOD,33.7,False,108
2023,8,river,Rupsa,Kalibari Ghat (M),BOD,26.9,False,108
2023,9,river,Rupsa,Kalibari Ghat (M),BOD,35.2,False,108
2023,10,river,Rupsa,Kalibari Ghat (M),BOD,32.2,False,108
2023,11,river,Rupsa,Kalibari Ghat (M),BOD,25.6,False,108
2023,12,river,Rupsa,Kalibari Ghat (M),BOD,18.2,False,108
2023,1,river,Rupsa,Kalibari Ghat (M),Chloride,246.0,False,108
2023,2,river,Rupsa,Kalibari Ghat (M),Chloride,246.0,False,108
2023,3,river,Rupsa,Kalibari Ghat (M),Chloride,1714.0,False,108
2023,5,river,Rupsa,Kalibari Ghat (M),Chloride,462.0,False,108
2023,6,river,Rupsa,Kalibari Ghat (M),Chloride,294.0,False,108
2023,7,river,Rupsa,Kalibari Ghat (M),Chloride,230.0,False,108
2023,8,river,Rupsa,Kalibari Ghat (M),Chloride,370.0,False,108
2023,9,river,Rupsa,Kalibari Ghat (M),Chloride,293.0,False,108
2023,10,river,Rupsa,Kalibari Ghat (M),Chloride,145.0,False,108
2023,11,river,Rupsa,Kalibari Ghat (M),Chloride,212.0,False,108
2023,12,river,Rupsa,Kalibari Ghat (M),Chloride,162.0,False,108
2023,1,river,Rupsa,Kalibari Ghat (M),DO,4.15,False,107
2023,2,river,Rupsa,Kalibari Ghat (M),DO,6.19,False,107
2023,3,river,Rupsa,Kalibari Ghat (M),DO,6.85,False,107
2023,5,river,Rupsa,Kalibari Ghat (M),DO,5.1,False,107
2023,6,river,Rupsa,Kalibari Ghat (M),DO,6.8,False,107
2023,7,river,Rupsa,Kalibari Ghat (M),DO,6.4,False,107
2023,8,river,Rupsa,Kalibari Ghat (M),DO,7.22,False,107
2023,9,river,Rupsa,Kalibari Ghat (M),DO,6.8,False,107
2023,10,river,Rupsa,Kalibari Ghat (M),DO,6.9,False,107
2023,11,river,Rupsa,Kalibari Ghat (M),DO,5.13,False,107
2023,12,river,Rupsa,Kalibari Ghat (M),DO,4.19,False,107
2023,1,river,Rupsa,Kalibari Ghat (M),EC,984.0,False,108
2023,2,river,Rupsa,Kalibari Ghat (M),EC,984.0,False,108
2023,3,river,Rupsa,Kalibari Ghat (M),EC,6854.0,False,108
2023,5,river,Rupsa,Kalibari Ghat (M),EC,1846.0,False,108
2023,6,river,Rupsa,Kalibari Ghat (M),EC,1174.0,False,108
2023,7,river,Rupsa,Kalibari Ghat (M),EC,918.0,False,108
2023,8,river,Rupsa,Kalibari Ghat (M),EC,1478.0,False,108
2023,9,river,Rupsa,Kalibari Ghat (M),EC,1174.0,False,108
2023,10,river,Rupsa,Kalibari Ghat (M),EC,574.0,False,108
2023,11,river,Rupsa,Kalibari Ghat (M),EC,846.0,False,108
2023,12,river,Rupsa,Kalibari Ghat (M),EC,648.0,False,108
2023,1,river,Rupsa,Kalibari Ghat (M),SS,125.0,False,108
2023,2,river,Rupsa,Kalibari Ghat (M),SS,128.0,False,108
2023,3,river,Rupsa,Kalibari Ghat (M),SS,68.0,False,108
2023,5,river,Rupsa,Kalibari Ghat (M),SS,74.0,False,108
2023,6,river,Rupsa,Kalibari Ghat (M),SS,64.0,False,108
2023,7,river,Rupsa,Kalibari Ghat (M),SS,67.0,False,108
2023,8,river,Rupsa,Kalibari Ghat (M),SS,55.0,False,108
2023,9,river,Rupsa,Kalibari Ghat (M),SS,64.0,False,108
2023,10,river,Rupsa,Kalibari Ghat (M),SS,44.0,False,108
2023,11,river,Rupsa,Kalibari Ghat (M),SS,36.0,False,108
2023,12,river,Rupsa,Kalibari Ghat (M),SS,24.0,False,108
2023,1,river,Rupsa,Kalibari Ghat (M),Salinity,0.12,False,108
2023,2,river,Rupsa,Kalibari Ghat (M),Salinity,0.14,False,108
2023,3,river,Rupsa,Kalibari Ghat (M),Salinity,3.75,False,108
2023,5,river,Rupsa,Kalibari Ghat (M),Salinity,11.45,False,108
2023,6,river,Rupsa,Kalibari Ghat (M),Salinity,36.5,False,108
2023,7,river,Rupsa,Kalibari Ghat (M),Salinity,0.3,False,108
2023,8,river,Rupsa,Kalibari Ghat (M),Salinity,8.72,False,108
2023,9,river,Rupsa,Kalibari Ghat (M),Salinity,9.5,False,108
2023,10,river,Rupsa,Kalibari Ghat (M),Salinity,0.05,False,108
2023,11,river,Rupsa,Kalibari Ghat (M),Salinity,0.08,False,108
2023,12,river,Rupsa,Kalibari Ghat (M),Salinity,0.32,False,108
2023,1,river,Rupsa,Kalibari Ghat (M),Turbidity,52.0,False,108
2023,2,river,Rupsa,Kalibari Ghat (M),Turbidity,64.0,False,108
2023,3,river,Rupsa,Kalibari Ghat (M),Turbidity,48.0,False,108
2023,5,river,Rupsa,Kalibari Ghat (M),Turbidity,58.0,False,108
2023,6,river,Rupsa,Kalibari Ghat (M),Turbidity,78.0,False,108
2023,7,river,Rupsa,Kalibari Ghat (M),Turbidity,85.0,False,108
2023,8,river,Rupsa,Kalibari Ghat (M),Turbidity,74.0,False,108
2023,9,river,Rupsa,Kalibari Ghat (M),Turbidity,75.0,False,108
2023,10,river,Rupsa,Kalibari Ghat (M),Turbidity,55.0,False,108
2023,11,river,Rupsa,Kalibari Ghat (M),Turbidity,27.0,False,108
2023,12,river,Rupsa,Kalibari Ghat (M),Turbidity,14.0,False,108
2023,1,river,Rupsa,Kalibari Ghat (M),pH,7.61,False,107
2023,2,river,Rupsa,Kalibari Ghat (M),pH,8.04,False,107
2023,3,river,Rupsa,Kalibari Ghat (M),pH,6.62,False,107
2023,5,river,Rupsa,Kalibari Ghat (M),pH,7.55,False,107
2023,6,river,Rupsa,Kalibari Ghat (M),pH,6.47,False,107
2023,7,river,Rupsa,Kalibari Ghat (M),pH,7.55,False,107
2023,8,river,Rupsa,Kalibari Ghat (M),pH,6.87,False,107
2023,9,river,Rupsa,Kalibari Ghat (M),pH,6.45,False,107
2023,10,river,Rupsa,Kalibari Ghat (M),pH,6.74,False,107
2023,11,river,Rupsa,Kalibari Ghat (M),pH,7.18,False,107
2023,12,river,Rupsa,Kalibari Ghat (M),pH,7.26,False,107
2023,1,river,Rupsa,Rupsa Ghat (M),BOD,2.4,False,108
2023,2,river,Rupsa,Rupsa Ghat (M),BOD,4.8,False,108
2023,3,river,Rupsa,Rupsa Ghat (M),BOD,4.07,False,108
2023,5,river,Rupsa,Rupsa Ghat (M),BOD,32.5,False,108
2023,6,river,Rupsa,Rupsa Ghat (M),BOD,37.8,False,108
2023,7,river,Rupsa,Rupsa Ghat (M),BOD,37.8,False,108
2023,8,river,Rupsa,Rupsa Ghat (M),BOD,42.8,False,108
2023,9,river,Rupsa,Rupsa Ghat (M),BOD,37.8,False,108
2023,10,river,Rupsa,Rupsa Ghat (M),BOD,37.8,False,108
2023,11,river,Rupsa,Rupsa Ghat (M),BOD,27.3,False,108
2023,12,river,Rupsa,Rupsa Ghat (M),BOD,29.7,False,108
2023,1,river,Rupsa,Rupsa Ghat (M),Chloride,208.0,False,108
2023,2,river,Rupsa,Rupsa Ghat (M),Chloride,305.0,False,108
2023,3,river,Rupsa,Rupsa Ghat (M),Chloride,1755.0,False,108
2023,5,river,Rupsa,Rupsa Ghat (M),Chloride,406.0,False,108
2023,6,river,Rupsa,Rupsa Ghat (M),Chloride,287.0,False,108
2023,7,river,Rupsa,Rupsa Ghat (M),Chloride,80.0,False,108
2023,8,river,Rupsa,Rupsa Ghat (M),Chloride,437.0,False,108
2023,9,river,Rupsa,Rupsa Ghat (M),Chloride,282.0,False,108
2023,10,river,Rupsa,Rupsa Ghat (M),Chloride,282.0,False,108
2023,11,river,Rupsa,Rupsa Ghat (M),Chloride,87.0,False,108
2023,12,river,Rupsa,Rupsa Ghat (M),Chloride,130.0,False,108
2023,1,river,Rupsa,Rupsa Ghat (M),DO,5.35,False,107
2023,2,river,Rupsa,Rupsa Ghat (M),DO,6.48,False,107
2023,3,river,Rupsa,Rupsa Ghat (M),DO,6.9,False,107
2023,5,river,Rupsa,Rupsa Ghat (M),DO,7.66,False,107
2023,6,river,Rupsa,Rupsa Ghat (M),DO,6.6,False,107
2023,7,river,Rupsa,Rupsa Ghat (M),DO,6.65,False,107
2023,8,river,Rupsa,Rupsa Ghat (M),DO,7.32,False,107
2023,9,river,Rupsa,Rupsa Ghat (M),DO,6.6,False,107
2023,10,river,Rupsa,Rupsa Ghat (M),DO,6.61,False,107
2023,11,river,Rupsa,Rupsa Ghat (M),DO,6.52,False,107
2023,12,river,Rupsa,Rupsa Ghat (M),DO,5.23,False,107
2023,1,river,Rupsa,Rupsa Ghat (M),EC,832.0,False,108
2023,2,river,Rupsa,Rupsa Ghat (M),EC,1218.0,False,108
2023,3,river,Rupsa,Rupsa Ghat (M),EC,7020.0,False,108
2023,5,river,Rupsa,Rupsa Ghat (M),EC,1624.0,False,108
2023,6,river,Rupsa,Rupsa Ghat (M),EC,1148.0,False,108
2023,7,river,Rupsa,Rupsa Ghat (M),EC,319.0,False,108
2023,8,river,Rupsa,Rupsa Ghat (M),EC,1747.0,False,108
2023,9,river,Rupsa,Rupsa Ghat (M),EC,1148.0,False,108
2023,10,river,Rupsa,Rupsa Ghat (M),EC,127.0,False,108
2023,11,river,Rupsa,Rupsa Ghat (M),EC,348.0,False,108
2023,12,river,Rupsa,Rupsa Ghat (M),EC,518.0,False,108
2023,1,river,Rupsa,Rupsa Ghat (M),SS,136.0,False,108
2023,2,river,Rupsa,Rupsa Ghat (M),SS,144.0,False,108
2023,3,river,Rupsa,Rupsa Ghat (M),SS,82.0,False,108
2023,5,river,Rupsa,Rupsa Ghat (M),SS,105.0,False,108
2023,6,river,Rupsa,Rupsa Ghat (M),SS,125.0,False,108
2023,7,river,Rupsa,Rupsa Ghat (M),SS,138.0,False,108
2023,8,river,Rupsa,Rupsa Ghat (M),SS,54.0,False,108
2023,9,river,Rupsa,Rupsa Ghat (M),SS,125.0,False,108
2023,10,river,Rupsa,Rupsa Ghat (M),SS,125.0,False,108
2023,11,river,Rupsa,Rupsa Ghat (M),SS,125.0,False,108
2023,12,river,Rupsa,Rupsa Ghat (M),SS,57.0,False,108
2023,1,river,Rupsa,Rupsa Ghat (M),Salinity,0.13,False,108
2023,2,river,Rupsa,Rupsa Ghat (M),Salinity,0.22,False,108
2023,3,river,Rupsa,Rupsa Ghat (M),Salinity,3.69,False,108
2023,5,river,Rupsa,Rupsa Ghat (M),Salinity,15.7,False,108
2023,6,river,Rupsa,Rupsa Ghat (M),Salinity,38.5,False,108
2023,7,river,Rupsa,Rupsa Ghat (M),Salinity,0.4,False,108
2023,8,river,Rupsa,Rupsa Ghat (M),Salinity,0.08,False,108
2023,9,river,Rupsa,Rupsa Ghat (M),Salinity,8.5,False,108
2023,10,river,Rupsa,Rupsa Ghat (M),Salinity,0.05,False,108
2023,11,river,Rupsa,Rupsa Ghat (M),Salinity,0.29,False,108
2023,12,river,Rupsa,Rupsa Ghat (M),Salinity,0.45,False,108
2023,1,river,Rupsa,Rupsa Ghat (M),Turbidity,53.0,False,108
2023,2,river,Rupsa,Rupsa Ghat (M),Turbidity,87.0,False,108
2023,3,river,Rupsa,Rupsa Ghat (M),Turbidity,54.0,False,108
2023,5,river,Rupsa,Rupsa Ghat (M),Turbidity,74.0,False,108
2023,6,river,Rupsa,Rupsa Ghat (M),Turbidity,82.0,False,108
2023,7,river,Rupsa,Rupsa Ghat (M),Turbidity,97.0,False,108
2023,8,river,Rupsa,Rupsa Ghat (M),Turbidity,74.0,False,108
2023,9,river,Rupsa,Rupsa Ghat (M),Turbidity,80.0,False,108
2023,10,river,Rupsa,Rupsa Ghat (M),Turbidity,72.0,False,108
2023,11,river,Rupsa,Rupsa Ghat (M),Turbidity,64.0,False,108
2023,12,river,Rupsa,Rupsa Ghat (M),Turbidity,75.0,False,108
2023,1,river,Rupsa,Rupsa Ghat (M),pH,7.56,False,107
2023,2,river,Rupsa,Rupsa Ghat (M),pH,8.65,False,107
2023,3,river,Rupsa,Rupsa Ghat (M),pH,6.53,False,107
2023,5,river,Rupsa,Rupsa Ghat (M),pH,7.65,False,107
2023,6,river,Rupsa,Rupsa Ghat (M),pH,6.55,False,107
2023,7,river,Rupsa,Rupsa Ghat (M),pH,8.09,False,107
2023,8,river,Rupsa,Rupsa Ghat (M),pH,7.66,False,107
2023,9,river,Rupsa,Rupsa Ghat (M),pH,7.55,False,107
2023,10,river,Rupsa,Rupsa Ghat (M),pH,7.39,False,107
2023,11,river,Rupsa,Rupsa Ghat (M),pH,7.66,False,107
2023,12,river,Rupsa,Rupsa Ghat (M),pH,7.37,False,107
2023,1,river,Shitalakhya,Gorashal,BOD,5.0,False,90
2023,2,river,Shitalakhya,Gorashal,BOD,7.0,False,90
2023,7,river,Shitalakhya,Gorashal,BOD,7.0,False,90
2023,8,river,Shitalakhya,Gorashal,BOD,1.8,False,90
2023,10,river,Shitalakhya,Gorashal,BOD,7.0,False,90
2023,11,river,Shitalakhya,Gorashal,BOD,1.0,False,90
2023,12,river,Shitalakhya,Gorashal,BOD,2.0,False,90
2023,1,river,Shitalakhya,Gorashal,COD,18.0,False,91
2023,2,river,Shitalakhya,Gorashal,COD,20.0,False,91
2023,3,river,Shitalakhya,Gorashal,COD,22.0,False,91
2023,7,river,Shitalakhya,Gorashal,COD,15.0,False,91
2023,8,river,Shitalakhya,Gorashal,COD,18.0,False,91
2023,10,river,Shitalakhya,Gorashal,COD,39.0,False,91
2023,11,river,Shitalakhya,Gorashal,COD,4.0,False,91
2023,12,river,Shitalakhya,Gorashal,COD,6.0,False,91
2023,1,river,Shitalakhya,Gorashal,Chloride,16.0,False,91
2023,2,river,Shitalakhya,Gorashal,Chloride,17.0,False,91
2023,3,river,Shitalakhya,Gorashal,Chloride,18.0,False,91
2023,7,river,Shitalakhya,Gorashal,Chloride,9.0,False,91
2023,8,river,Shitalakhya,Gorashal,Chloride,11.0,False,91
2023,10,river,Shitalakhya,Gorashal,Chloride,8.5,False,91
2023,11,river,Shitalakhya,Gorashal,Chloride,22.0,False,91
2023,12,river,Shitalakhya,Gorashal,Chloride,13.0,False,91
2023,1,river,Shitalakhya,Gorashal,DO,3.4,False,90
2023,2,river,Shitalakhya,Gorashal,DO,3.2,False,90
2023,3,river,Shitalakhya,Gorashal,DO,3.1,False,90
2023,7,river,Shitalakhya,Gorashal,DO,5.1,False,90
2023,8,river,Shitalakhya,Gorashal,DO,4.5,False,90
2023,10,river,Shitalakhya,Gorashal,DO,3.2,False,90
2023,11,river,Shitalakhya,Gorashal,DO,4.7,False,90
2023,12,river,Shitalakhya,Gorashal,DO,6.4,False,90
2023,1,river,Shitalakhya,Gorashal,EC,367.0,False,91
2023,2,river,Shitalakhya,Gorashal,EC,380.0,False,91
2023,3,river,Shitalakhya,Gorashal,EC,370.0,False,91
2023,7,river,Shitalakhya,Gorashal,EC,144.0,False,91
2023,8,river,Shitalakhya,Gorashal,EC,186.0,False,91
2023,10,river,Shitalakhya,Gorashal,EC,120.0,False,91
2023,11,river,Shitalakhya,Gorashal,EC,298.0,False,91
2023,12,river,Shitalakhya,Gorashal,EC,306.0,False,91
2023,1,river,Shitalakhya,Gorashal,SS,38.0,False,91
2023,2,river,Shitalakhya,Gorashal,SS,38.0,False,91
2023,3,river,Shitalakhya,Gorashal,SS,33.0,False,91
2023,7,river,Shitalakhya,Gorashal,SS,50.0,False,91
2023,8,river,Shitalakhya,Gorashal,SS,70.0,False,91
2023,10,river,Shitalakhya,Gorashal,SS,22.0,False,91
2023,11,river,Shitalakhya,Gorashal,SS,35.0,False,91
2023,12,river,Shitalakhya,Gorashal,SS,37.0,False,91
2023,1,river,Shitalakhya,Gorashal,TDS,197.0,False,91
2023,2,river,Shitalakhya,Gorashal,TDS,200.0,False,91
2023,3,river,Shitalakhya,Gorashal,TDS,189.0,False,91
2023,7,river,Shitalakhya,Gorashal,TDS,64.0,False,91
2023,8,river,Shitalakhya,Gorashal,TDS,97.0,False,91
2023,10,river,Shitalakhya,Gorashal,TDS,63.0,False,91
2023,11,river,Shitalakhya,Gorashal,TDS,158.8,False,91
2023,12,river,Shitalakhya,Gorashal,TDS,159.0,False,91
2023,1,river,Shitalakhya,Gorashal,TotalAlkalinity,81.0,False,91
2023,2,river,Shitalakhya,Gorashal,TotalAlkalinity,85.0,False,91
2023,3,river,Shitalakhya,Gorashal,TotalAlkalinity,88.0,False,91
2023,7,river,Shitalakhya,Gorashal,TotalAlkalinity,29.0,False,91
2023,8,river,Shitalakhya,Gorashal,TotalAlkalinity,30.0,False,91
2023,10,river,Shitalakhya,Gorashal,TotalAlkalinity,10.0,False,91
2023,11,river,Shitalakhya,Gorashal,TotalAlkalinity,36.0,False,91
2023,12,river,Shitalakhya,Gorashal,TotalAlkalinity,21.0,False,91
2023,1,river,Shitalakhya,Gorashal,pH,7.16,False,90
2023,2,river,Shitalakhya,Gorashal,pH,7.1,False,90
2023,3,river,Shitalakhya,Gorashal,pH,7.34,False,90
2023,7,river,Shitalakhya,Gorashal,pH,7.69,False,90
2023,8,river,Shitalakhya,Gorashal,pH,8.38,False,90
2023,10,river,Shitalakhya,Gorashal,pH,7.05,False,90
2023,11,river,Shitalakhya,Gorashal,pH,7.96,False,90
2023,12,river,Shitalakhya,Gorashal,pH,7.96,False,90
2023,1,river,Shitalakhya,Majira Demra Ghat,BOD,12.0,False,90
2023,2,river,Shitalakhya,Majira Demra Ghat,BOD,37.0,False,90
2023,3,river,Shitalakhya,Majira Demra Ghat,BOD,36.0,False,90
2023,7,river,Shitalakhya,Majira Demra Ghat,BOD,4.0,False,90
2023,8,river,Shitalakhya,Majira Demra Ghat,BOD,3.0,False,90
2023,9,river,Shitalakhya,Majira Demra Ghat,BOD,3.0,False,90
2023,10,river,Shitalakhya,Majira Demra Ghat,BOD,6.0,False,90
2023,11,river,Shitalakhya,Majira Demra Ghat,BOD,11.0,False,90
2023,12,river,Shitalakhya,Majira Demra Ghat,BOD,19.0,False,90
2023,1,river,Shitalakhya,Majira Demra Ghat,COD,42.0,False,91
2023,2,river,Shitalakhya,Majira Demra Ghat,COD,59.0,False,91
2023,3,river,Shitalakhya,Majira Demra Ghat,COD,71.0,False,91
2023,7,river,Shitalakhya,Majira Demra Ghat,COD,24.0,False,91
2023,8,river,Shitalakhya,Majira Demra Ghat,COD,22.0,False,91
2023,9,river,Shitalakhya,Majira Demra Ghat,COD,31.0,False,91
2023,10,river,Shitalakhya,Majira Demra Ghat,COD,7.0,False,91
2023,11,river,Shitalakhya,Majira Demra Ghat,COD,30.0,False,91
2023,12,river,Shitalakhya,Majira Demra Ghat,COD,42.0,False,91
2023,1,river,Shitalakhya,Majira Demra Ghat,Chloride,48.0,False,91
2023,2,river,Shitalakhya,Majira Demra Ghat,Chloride,66.0,False,91
2023,3,river,Shitalakhya,Majira Demra Ghat,Chloride,68.0,False,91
2023,7,river,Shitalakhya,Majira Demra Ghat,Chloride,15.0,False,91
2023,8,river,Shitalakhya,Majira Demra Ghat,Chloride,18.0,False,91
2023,9,river,Shitalakhya,Majira Demra Ghat,Chloride,14.0,False,91
2023,10,river,Shitalakhya,Majira Demra Ghat,Chloride,44.5,False,91
2023,11,river,Shitalakhya,Majira Demra Ghat,Chloride,26.0,False,91
2023,12,river,Shitalakhya,Majira Demra Ghat,Chloride,77.0,False,91
2023,1,river,Shitalakhya,Majira Demra Ghat,DO,1.2,False,90
2023,2,river,Shitalakhya,Majira Demra Ghat,DO,0.1,False,90
2023,3,river,Shitalakhya,Majira Demra Ghat,DO,0.1,False,90
2023,7,river,Shitalakhya,Majira Demra Ghat,DO,3.4,False,90
2023,8,river,Shitalakhya,Majira Demra Ghat,DO,3.39,False,90
2023,9,river,Shitalakhya,Majira Demra Ghat,DO,1.8,False,90
2023,10,river,Shitalakhya,Majira Demra Ghat,DO,2.9,False,90
2023,11,river,Shitalakhya,Majira Demra Ghat,DO,3.54,False,90
2023,12,river,Shitalakhya,Majira Demra Ghat,DO,0.0,False,90
2023,1,river,Shitalakhya,Majira Demra Ghat,EC,643.0,False,91
2023,2,river,Shitalakhya,Majira Demra Ghat,EC,775.0,False,91
2023,3,river,Shitalakhya,Majira Demra Ghat,EC,879.0,False,91
2023,7,river,Shitalakhya,Majira Demra Ghat,EC,148.0,False,91
2023,8,river,Shitalakhya,Majira Demra Ghat,EC,189.0,False,91
2023,9,river,Shitalakhya,Majira Demra Ghat,EC,201.4,False,91
2023,10,river,Shitalakhya,Majira Demra Ghat,EC,112.4,False,91
2023,11,river,Shitalakhya,Majira Demra Ghat,EC,520.0,False,91
2023,12,river,Shitalakhya,Majira Demra Ghat,EC,628.0,False,91
2023,1,river,Shitalakhya,Majira Demra Ghat,SS,54.0,False,91
2023,2,river,Shitalakhya,Majira Demra Ghat,SS,94.0,False,91
2023,3,river,Shitalakhya,Majira Demra Ghat,SS,86.0,False,91
2023,7,river,Shitalakhya,Majira Demra Ghat,SS,40.0,False,91
2023,8,river,Shitalakhya,Majira Demra Ghat,SS,52.0,False,91
2023,9,river,Shitalakhya,Majira Demra Ghat,SS,47.0,False,91
2023,10,river,Shitalakhya,Majira Demra Ghat,SS,37.0,False,91
2023,11,river,Shitalakhya,Majira Demra Ghat,SS,24.0,False,91
2023,12,river,Shitalakhya,Majira Demra Ghat,SS,63.0,False,91
2023,1,river,Shitalakhya,Majira Demra Ghat,TDS,345.0,False,91
2023,2,river,Shitalakhya,Majira Demra Ghat,TDS,440.0,False,91
2023,3,river,Shitalakhya,Majira Demra Ghat,TDS,478.0,False,91
2023,7,river,Shitalakhya,Majira Demra Ghat,TDS,80.0,False,91
2023,8,river,Shitalakhya,Majira Demra Ghat,TDS,104.0,False,91
2023,9,river,Shitalakhya,Majira Demra Ghat,TDS,108.7,False,91
2023,10,river,Shitalakhya,Majira Demra Ghat,TDS,59.1,False,91
2023,11,river,Shitalakhya,Majira Demra Ghat,TDS,242.0,False,91
2023,12,river,Shitalakhya,Majira Demra Ghat,TDS,345.0,False,91
2023,1,river,Shitalakhya,Majira Demra Ghat,TotalAlkalinity,32.0,False,91
2023,2,river,Shitalakhya,Majira Demra Ghat,TotalAlkalinity,212.0,False,91
2023,3,river,Shitalakhya,Majira Demra Ghat,TotalAlkalinity,234.0,False,91
2023,7,river,Shitalakhya,Majira Demra Ghat,TotalAlkalinity,35.0,False,91
2023,8,river,Shitalakhya,Majira Demra Ghat,TotalAlkalinity,41.0,False,91
2023,9,river,Shitalakhya,Majira Demra Ghat,TotalAlkalinity,23.0,False,91
2023,10,river,Shitalakhya,Majira Demra Ghat,TotalAlkalinity,8.0,False,91
2023,11,river,Shitalakhya,Majira Demra Ghat,TotalAlkalinity,26.0,False,91
2023,12,river,Shitalakhya,Majira Demra Ghat,TotalAlkalinity,60.0,False,91
2023,1,river,Shitalakhya,Majira Demra Ghat,pH,7.34,False,90
2023,2,river,Shitalakhya,Majira Demra Ghat,pH,7.18,False,90
2023,3,river,Shitalakhya,Majira Demra Ghat,pH,7.41,False,90
2023,7,river,Shitalakhya,Majira Demra Ghat,pH,6.94,False,90
2023,8,river,Shitalakhya,Majira Demra Ghat,pH,7.32,False,90
2023,9,river,Shitalakhya,Majira Demra Ghat,pH,6.57,False,90
2023,10,river,Shitalakhya,Majira Demra Ghat,pH,6.75,False,90
2023,11,river,Shitalakhya,Majira Demra Ghat,pH,7.0,False,90
2023,12,river,Shitalakhya,Majira Demra Ghat,pH,6.88,False,90
2023,1,river,Shitalakhya,Murapara (Rupgonj),BOD,11.0,False,90
2023,2,river,Shitalakhya,Murapara (Rupgonj),BOD,38.0,False,90
2023,3,river,Shitalakhya,Murapara (Rupgonj),BOD,287.0,False,90
2023,7,river,Shitalakhya,Murapara (Rupgonj),BOD,1.0,False,90
2023,8,river,Shitalakhya,Murapara (Rupgonj),BOD,2.3,False,90
2023,10,river,Shitalakhya,Murapara (Rupgonj),BOD,4.0,False,90
2023,11,river,Shitalakhya,Murapara (Rupgonj),BOD,5.0,False,90
2023,12,river,Shitalakhya,Murapara (Rupgonj),BOD,5.0,False,90
2023,1,river,Shitalakhya,Murapara (Rupgonj),COD,44.0,False,91
2023,2,river,Shitalakhya,Murapara (Rupgonj),COD,61.0,False,91
2023,3,river,Shitalakhya,Murapara (Rupgonj),COD,59.0,False,91
2023,7,river,Shitalakhya,Murapara (Rupgonj),COD,24.0,False,91
2023,8,river,Shitalakhya,Murapara (Rupgonj),COD,3.0,False,91
2023,10,river,Shitalakhya,Murapara (Rupgonj),COD,13.0,False,91
2023,11,river,Shitalakhya,Murapara (Rupgonj),COD,13.0,False,91
2023,12,river,Shitalakhya,Murapara (Rupgonj),COD,7.0,False,91
2023,1,river,Shitalakhya,Murapara (Rupgonj),Chloride,19.0,False,91
2023,2,river,Shitalakhya,Murapara (Rupgonj),Chloride,43.0,False,91
2023,3,river,Shitalakhya,Murapara (Rupgonj),Chloride,49.0,False,91
2023,7,river,Shitalakhya,Murapara (Rupgonj),Chloride,22.0,False,91
2023,8,river,Shitalakhya,Murapara (Rupgonj),Chloride,14.0,False,91
2023,10,river,Shitalakhya,Murapara (Rupgonj),Chloride,11.5,False,91
2023,11,river,Shitalakhya,Murapara (Rupgonj),Chloride,68.5,False,91
2023,12,river,Shitalakhya,Murapara (Rupgonj),Chloride,72.0,False,91
2023,1,river,Shitalakhya,Murapara (Rupgonj),DO,4.6,False,90
2023,2,river,Shitalakhya,Murapara (Rupgonj),DO,0.1,False,90
2023,3,river,Shitalakhya,Murapara (Rupgonj),DO,1.2,False,90
2023,7,river,Shitalakhya,Murapara (Rupgonj),DO,4.6,False,90
2023,8,river,Shitalakhya,Murapara (Rupgonj),DO,4.1,False,90
2023,10,river,Shitalakhya,Murapara (Rupgonj),DO,3.4,False,90
2023,11,river,Shitalakhya,Murapara (Rupgonj),DO,4.79,False,90
2023,12,river,Shitalakhya,Murapara (Rupgonj),DO,3.2,False,90
2023,1,river,Shitalakhya,Murapara (Rupgonj),EC,372.0,False,91
2023,2,river,Shitalakhya,Murapara (Rupgonj),EC,544.0,False,91
2023,3,river,Shitalakhya,Murapara (Rupgonj),EC,656.0,False,91
2023,7,river,Shitalakhya,Murapara (Rupgonj),EC,380.0,False,91
2023,8,river,Shitalakhya,Murapara (Rupgonj),EC,281.0,False,91
2023,10,river,Shitalakhya,Murapara (Rupgonj),EC,175.1,False,91
2023,11,river,Shitalakhya,Murapara (Rupgonj),EC,535.0,False,91
2023,12,river,Shitalakhya,Murapara (Rupgonj),EC,450.0,False,91
2023,1,river,Shitalakhya,Murapara (Rupgonj),SS,34.0,False,91
2023,2,river,Shitalakhya,Murapara (Rupgonj),SS,83.0,False,91
2023,3,river,Shitalakhya,Murapara (Rupgonj),SS,84.0,False,91
2023,7,river,Shitalakhya,Murapara (Rupgonj),SS,55.0,False,91
2023,8,river,Shitalakhya,Murapara (Rupgonj),SS,56.0,False,91
2023,10,river,Shitalakhya,Murapara (Rupgonj),SS,57.0,False,91
2023,11,river,Shitalakhya,Murapara (Rupgonj),SS,25.0,False,91
2023,12,river,Shitalakhya,Murapara (Rupgonj),SS,26.0,False,91
2023,1,river,Shitalakhya,Murapara (Rupgonj),TDS,214.0,False,91
2023,2,river,Shitalakhya,Murapara (Rupgonj),TDS,300.0,False,91
2023,3,river,Shitalakhya,Murapara (Rupgonj),TDS,359.0,False,91
2023,7,river,Shitalakhya,Murapara (Rupgonj),TDS,198.0,False,91
2023,8,river,Shitalakhya,Murapara (Rupgonj),TDS,123.0,False,91
2023,10,river,Shitalakhya,Murapara (Rupgonj),TDS,88.9,False,91
2023,11,river,Shitalakhya,Murapara (Rupgonj),TDS,243.0,False,91
2023,12,river,Shitalakhya,Murapara (Rupgonj),TDS,246.0,False,91
2023,1,river,Shitalakhya,Murapara (Rupgonj),TotalAlkalinity,50.0,False,91
2023,2,river,Shitalakhya,Murapara (Rupgonj),TotalAlkalinity,191.0,False,91
2023,3,river,Shitalakhya,Murapara (Rupgonj),TotalAlkalinity,212.0,False,91
2023,7,river,Shitalakhya,Murapara (Rupgonj),TotalAlkalinity,57.0,False,91
2023,8,river,Shitalakhya,Murapara (Rupgonj),TotalAlkalinity,49.0,False,91
2023,10,river,Shitalakhya,Murapara (Rupgonj),TotalAlkalinity,11.0,False,91
2023,11,river,Shitalakhya,Murapara (Rupgonj),TotalAlkalinity,28.0,False,91
2023,12,river,Shitalakhya,Murapara (Rupgonj),TotalAlkalinity,39.0,False,91
2023,1,river,Shitalakhya,Murapara (Rupgonj),pH,7.4,False,90
2023,2,river,Shitalakhya,Murapara (Rupgonj),pH,6.99,False,90
2023,3,river,Shitalakhya,Murapara (Rupgonj),pH,7.47,False,90
2023,7,river,Shitalakhya,Murapara (Rupgonj),pH,7.41,False,90
2023,8,river,Shitalakhya,Murapara (Rupgonj),pH,7.75,False,90
2023,10,river,Shitalakhya,Murapara (Rupgonj),pH,6.42,False,90
2023,11,river,Shitalakhya,Murapara (Rupgonj),pH,7.02,False,90
2023,12,river,Shitalakhya,Murapara (Rupgonj),pH,7.21,False,90
2023,1,river,Shitalakhya,Port Road,BOD,12.0,False,90
2023,2,river,Shitalakhya,Port Road,BOD,20.0,False,90
2023,3,river,Shitalakhya,Port Road,BOD,22.0,False,90
2023,7,river,Shitalakhya,Port Road,BOD,7.0,False,90
2023,8,river,Shitalakhya,Port Road,BOD,4.2,False,90
2023,9,river,Shitalakhya,Port Road,BOD,6.0,False,90
2023,10,river,Shitalakhya,Port Road,BOD,6.0,False,90
2023,11,river,Shitalakhya,Port Road,BOD,9.0,False,90
2023,12,river,Shitalakhya,Port Road,BOD,7.0,False,90
2023,1,river,Shitalakhya,Port Road,COD,48.0,False,91
2023,2,river,Shitalakhya,Port Road,COD,39.0,False,91
2023,3,river,Shitalakhya,Port Road,COD,61.0,False,91
2023,7,river,Shitalakhya,Port Road,COD,83.0,False,91
2023,8,river,Shitalakhya,Port Road,COD,24.0,False,91
2023,9,river,Shitalakhya,Port Road,COD,54.0,False,91
2023,10,river,Shitalakhya,Port Road,COD,22.0,False,91
2023,11,river,Shitalakhya,Port Road,COD,43.0,False,91
2023,12,river,Shitalakhya,Port Road,COD,10.0,False,91
2023,1,river,Shitalakhya,Port Road,Chloride,41.0,False,91
2023,2,river,Shitalakhya,Port Road,Chloride,80.0,False,91
2023,3,river,Shitalakhya,Port Road,Chloride,101.0,False,91
2023,7,river,Shitalakhya,Port Road,Chloride,21.0,False,91
2023,8,river,Shitalakhya,Port Road,Chloride,12.0,False,91
2023,9,river,Shitalakhya,Port Road,Chloride,12.0,False,91
2023,10,river,Shitalakhya,Port Road,Chloride,39.5,False,91
2023,11,river,Shitalakhya,Port Road,Chloride,38.0,False,91
2023,12,river,Shitalakhya,Port Road,Chloride,73.0,False,91
2023,1,river,Shitalakhya,Port Road,DO,1.8,False,90
2023,2,river,Shitalakhya,Port Road,DO,1.0,False,90
2023,3,river,Shitalakhya,Port Road,DO,0.2,False,90
2023,7,river,Shitalakhya,Port Road,DO,3.73,False,90
2023,8,river,Shitalakhya,Port Road,DO,2.6,False,90
2023,9,river,Shitalakhya,Port Road,DO,1.2,False,90
2023,10,river,Shitalakhya,Port Road,DO,0.2,False,90
2023,11,river,Shitalakhya,Port Road,DO,1.1,False,90
2023,12,river,Shitalakhya,Port Road,DO,4.0,False,90
2023,1,river,Shitalakhya,Port Road,EC,607.0,False,91
2023,2,river,Shitalakhya,Port Road,EC,667.0,False,91
2023,3,river,Shitalakhya,Port Road,EC,864.0,False,91
2023,7,river,Shitalakhya,Port Road,EC,216.0,False,91
2023,8,river,Shitalakhya,Port Road,EC,209.0,False,91
2023,9,river,Shitalakhya,Port Road,EC,230.0,False,91
2023,10,river,Shitalakhya,Port Road,EC,341.0,False,91
2023,11,river,Shitalakhya,Port Road,EC,503.0,False,91
2023,12,river,Shitalakhya,Port Road,EC,578.0,False,91
2023,1,river,Shitalakhya,Port Road,SS,42.0,False,91
2023,2,river,Shitalakhya,Port Road,SS,70.0,False,91
2023,3,river,Shitalakhya,Port Road,SS,96.0,False,91
2023,7,river,Shitalakhya,Port Road,SS,28.0,False,91
2023,8,river,Shitalakhya,Port Road,SS,69.0,False,91
2023,9,river,Shitalakhya,Port Road,SS,46.0,False,91
2023,10,river,Shitalakhya,Port Road,SS,29.0,False,91
2023,11,river,Shitalakhya,Port Road,SS,30.0,False,91
2023,12,river,Shitalakhya,Port Road,SS,15.0,False,91
2023,1,river,Shitalakhya,Port Road,TDS,349.0,False,91
2023,2,river,Shitalakhya,Port Road,TDS,352.0,False,91
2023,3,river,Shitalakhya,Port Road,TDS,437.0,False,91
2023,7,river,Shitalakhya,Port Road,TDS,114.0,False,91
2023,8,river,Shitalakhya,Port Road,TDS,108.0,False,91
2023,9,river,Shitalakhya,Port Road,TDS,123.3,False,91
2023,10,river,Shitalakhya,Port Road,TDS,180.6,False,91
2023,11,river,Shitalakhya,Port Road,TDS,225.0,False,91
2023,12,river,Shitalakhya,Port Road,TDS,325.0,False,91
2023,1,river,Shitalakhya,Port Road,TotalAlkalinity,94.0,False,91
2023,2,river,Shitalakhya,Port Road,TotalAlkalinity,240.0,False,91
2023,3,river,Shitalakhya,Port Road,TotalAlkalinity,276.0,False,91
2023,7,river,Shitalakhya,Port Road,TotalAlkalinity,57.0,False,91
2023,8,river,Shitalakhya,Port Road,TotalAlkalinity,9.0,False,91
2023,9,river,Shitalakhya,Port Road,TotalAlkalinity,11.0,False,91
2023,10,river,Shitalakhya,Port Road,TotalAlkalinity,14.0,False,91
2023,11,river,Shitalakhya,Port Road,TotalAlkalinity,24.0,False,91
2023,12,river,Shitalakhya,Port Road,TotalAlkalinity,57.0,False,91
2023,1,river,Shitalakhya,Port Road,pH,7.72,False,90
2023,2,river,Shitalakhya,Port Road,pH,7.36,False,90
2023,3,river,Shitalakhya,Port Road,pH,7.48,False,90
2023,7,river,Shitalakhya,Port Road,pH,6.81,False,90
2023,8,river,Shitalakhya,Port Road,pH,6.3,False,90
2023,9,river,Shitalakhya,Port Road,pH,7.41,False,90
2023,10,river,Shitalakhya,Port Road,pH,7.57,False,90
2023,11,river,Shitalakhya,Port Road,pH,7.03,False,90
2023,12,river,Shitalakhya,Port Road,pH,7.02,False,90
2023,3,river,Surma,Chhatak,BOD,2.9,False,118
2023,7,river,Surma,Chhatak,BOD,3.1,False,118
2023,3,river,Surma,Chhatak,DO,8.27,False,117
2023,7,river,Surma,Chhatak,DO,7.21,False,117
2023,3,river,Surma,Chhatak,EC,172.0,False,118
2023,7,river,Surma,Chhatak,EC,226.0,False,118
2023,3,river,Surma,Chhatak,SS,58.0,False,118
2023,7,river,Surma,Chhatak,SS,52.0,False,118
2023,3,river,Surma,Chhatak,TDS,85.0,False,118
2023,7,river,Surma,Chhatak,TDS,112.0,False,118
2023,3,river,Surma,Chhatak,pH,7.69,False,117
2023,7,river,Surma,Chhatak,pH,7.14,False,117
2023,3,river,Surma,Kin Bridge Point,BOD,3.1,False,118
2023,7,river,Surma,Kin Bridge Point,BOD,3.4,False,118
2023,3,river,Surma,Kin Bridge Point,DO,7.27,False,117
2023,7,river,Surma,Kin Bridge Point,DO,7.19,False,117
2023,3,river,Surma,Kin Bridge Point,EC,302.0,False,118
2023,7,river,Surma,Kin Bridge Point,EC,222.0,False,118
2023,3,river,Surma,Kin Bridge Point,SS,66.0,False,118
2023,7,river,Surma,Kin Bridge Point,SS,67.0,False,118
2023,3,river,Surma,Kin Bridge Point,TDS,151.0,False,118
2023,7,river,Surma,Kin Bridge Point,TDS,113.0,False,118
2023,3,river,Surma,Kin Bridge Point,pH,7.36,False,117
2023,7,river,Surma,Kin Bridge Point,pH,7.17,False,117
2023,3,river,Surma,Mendibag Point,BOD,2.6,False,118
2023,7,river,Surma,Mendibag Point,BOD,2.3,False,118
2023,3,river,Surma,Mendibag Point,DO,7.24,False,117
2023,7,river,Surma,Mendibag Point,DO,7.13,False,117
2023,3,river,Surma,Mendibag Point,EC,296.0,False,118
2023,7,river,Surma,Mendibag Point,EC,218.0,False,118
2023,3,river,Surma,Mendibag Point,SS,64.0,False,118
2023,7,river,Surma,Mendibag Point,SS,64.0,False,118
2023,3,river,Surma,Mendibag Point,TDS,144.0,False,118
2023,7,river,Surma,Mendibag Point,TDS,108.0,False,118
2023,3,river,Surma,Mendibag Point,pH,7.33,False,117
2023,7,river,Surma,Mendibag Point,pH,7.12,False,117
2023,3,river,Surma,Sheaik Ghat,BOD,3.6,False,118
2023,7,river,Surma,Sheaik Ghat,BOD,3.2,False,118
2023,3,river,Surma,Sheaik Ghat,DO,7.3,False,117
2023,7,river,Surma,Sheaik Ghat,DO,7.18,False,117
2023,3,river,Surma,Sheaik Ghat,EC,306.0,False,118
2023,7,river,Surma,Sheaik Ghat,EC,234.0,False,118
2023,3,river,Surma,Sheaik Ghat,SS,69.0,False,118
2023,7,river,Surma,Sheaik Ghat,SS,72.0,False,118
2023,3,river,Surma,Sheaik Ghat,TDS,149.0,False,118
2023,7,river,Surma,Sheaik Ghat,TDS,118.0,False,118
2023,3,river,Surma,Sheaik Ghat,pH,7.41,False,117
2023,7,river,Surma,Sheaik Ghat,pH,7.19,False,117
2023,1,river,Teesta,Kanchan Park (Down),BOD,2.3,False,102
2023,2,river,Teesta,Kanchan Park (Down),BOD,2.3,False,102
2023,4,river,Teesta,Kanchan Park (Down),BOD,2.3,False,102
2023,5,river,Teesta,Kanchan Park (Down),BOD,2.4,False,102
2023,6,river,Teesta,Kanchan Park (Down),BOD,2.3,False,102
2023,7,river,Teesta,Kanchan Park (Down),BOD,2.3,False,102
2023,8,river,Teesta,Kanchan Park (Down),BOD,2.3,False,102
2023,9,river,Teesta,Kanchan Park (Down),BOD,2.4,False,102
2023,10,river,Teesta,Kanchan Park (Down),BOD,2.3,False,102
2023,11,river,Teesta,Kanchan Park (Down),BOD,2.4,False,102
2023,12,river,Teesta,Kanchan Park (Down),BOD,2.3,False,102
2023,1,river,Teesta,Kanchan Park (Down),Chloride,10.0,False,102
2023,2,river,Teesta,Kanchan Park (Down),Chloride,10.0,False,102
2023,4,river,Teesta,Kanchan Park (Down),Chloride,10.0,False,102
2023,5,river,Teesta,Kanchan Park (Down),Chloride,10.0,False,102
2023,6,river,Teesta,Kanchan Park (Down),Chloride,12.0,False,102
2023,7,river,Teesta,Kanchan Park (Down),Chloride,12.0,False,102
2023,8,river,Teesta,Kanchan Park (Down),Chloride,12.0,False,102
2023,9,river,Teesta,Kanchan Park (Down),Chloride,12.0,False,102
2023,10,river,Teesta,Kanchan Park (Down),Chloride,12.0,False,102
2023,11,river,Teesta,Kanchan Park (Down),Chloride,12.0,False,102
2023,12,river,Teesta,Kanchan Park (Down),Chloride,12.0,False,102
2023,1,river,Teesta,Kanchan Park (Down),DO,7.6,False,101
2023,2,river,Teesta,Kanchan Park (Down),DO,7.6,False,101
2023,4,river,Teesta,Kanchan Park (Down),DO,7.4,False,101
2023,5,river,Teesta,Kanchan Park (Down),DO,7.42,False,101
2023,6,river,Teesta,Kanchan Park (Down),DO,7.4,False,101
2023,7,river,Teesta,Kanchan Park (Down),DO,7.46,False,101
2023,8,river,Teesta,Kanchan Park (Down),DO,7.44,False,101
2023,9,river,Teesta,Kanchan Park (Down),DO,7.44,False,101
2023,10,river,Teesta,Kanchan Park (Down),DO,7.4,False,101
2023,11,river,Teesta,Kanchan Park (Down),DO,7.42,False,101
2023,12,river,Teesta,Kanchan Park (Down),DO,7.4,False,101
2023,1,river,Teesta,Kanchan Park (Down),SS,42.0,False,102
2023,2,river,Teesta,Kanchan Park (Down),SS,42.0,False,102
2023,4,river,Teesta,Kanchan Park (Down),SS,42.0,False,102
2023,5,river,Teesta,Kanchan Park (Down),SS,42.0,False,102
2023,6,river,Teesta,Kanchan Park (Down),SS,42.0,False,102
2023,7,river,Teesta,Kanchan Park (Down),SS,45.0,False,102
2023,8,river,Teesta,Kanchan Park (Down),SS,45.0,False,102
2023,9,river,Teesta,Kanchan Park (Down),SS,45.0,False,102
2023,10,river,Teesta,Kanchan Park (Down),SS,45.0,False,102
2023,11,river,Teesta,Kanchan Park (Down),SS,45.0,False,102
2023,12,river,Teesta,Kanchan Park (Down),SS,45.0,False,102
2023,1,river,Teesta,Kanchan Park (Down),TDS,130.0,False,102
2023,2,river,Teesta,Kanchan Park (Down),TDS,130.0,False,102
2023,4,river,Teesta,Kanchan Park (Down),TDS,133.0,False,102
2023,5,river,Teesta,Kanchan Park (Down),TDS,135.0,False,102
2023,6,river,Teesta,Kanchan Park (Down),TDS,135.0,False,102
2023,7,river,Teesta,Kanchan Park (Down),TDS,135.0,False,102
2023,8,river,Teesta,Kanchan Park (Down),TDS,136.0,False,102
2023,9,river,Teesta,Kanchan Park (Down),TDS,170.0,False,102
2023,10,river,Teesta,Kanchan Park (Down),TDS,140.0,False,102
2023,11,river,Teesta,Kanchan Park (Down),TDS,155.0,False,102
2023,12,river,Teesta,Kanchan Park (Down),TDS,155.0,False,102
2023,1,river,Teesta,Kanchan Park (Down),pH,7.62,False,101
2023,2,river,Teesta,Kanchan Park (Down),pH,7.6,False,101
2023,4,river,Teesta,Kanchan Park (Down),pH,7.55,False,101
2023,5,river,Teesta,Kanchan Park (Down),pH,7.56,False,101
2023,6,river,Teesta,Kanchan Park (Down),pH,7.5,False,101
2023,7,river,Teesta,Kanchan Park (Down),pH,7.42,False,101
2023,8,river,Teesta,Kanchan Park (Down),pH,7.44,False,101
2023,9,river,Teesta,Kanchan Park (Down),pH,7.46,False,101
2023,10,river,Teesta,Kanchan Park (Down),pH,7.45,False,101
2023,11,river,Teesta,Kanchan Park (Down),pH,7.46,False,101
2023,12,river,Teesta,Kanchan Park (Down),pH,7.48,False,101
2023,1,river,Teesta,Kanchan Park (Up),BOD,2.3,False,102
2023,2,river,Teesta,Kanchan Park (Up),BOD,2.3,False,102
2023,4,river,Teesta,Kanchan Park (Up),BOD,2.3,False,102
2023,5,river,Teesta,Kanchan Park (Up),BOD,2.4,False,102
2023,6,river,Teesta,Kanchan Park (Up),BOD,2.3,False,102
2023,7,river,Teesta,Kanchan Park (Up),BOD,2.3,False,102
2023,8,river,Teesta,Kanchan Park (Up),BOD,2.3,False,102
2023,9,river,Teesta,Kanchan Park (Up),BOD,2.4,False,102
2023,10,river,Teesta,Kanchan Park (Up),BOD,2.3,False,102
2023,11,river,Teesta,Kanchan Park (Up),BOD,2.4,False,102
2023,12,river,Teesta,Kanchan Park (Up),BOD,2.3,False,102
2023,1,river,Teesta,Kanchan Park (Up),Chloride,10.0,False,102
2023,2,river,Teesta,Kanchan Park (Up),Chloride,10.0,False,102
2023,4,river,Teesta,Kanchan Park (Up),Chloride,10.0,False,102
2023,5,river,Teesta,Kanchan Park (Up),Chloride,10.0,False,102
2023,6,river,Teesta,Kanchan Park (Up),Chloride,12.0,False,102
2023,7,river,Teesta,Kanchan Park (Up),Chloride,12.0,False,102
2023,8,river,Teesta,Kanchan Park (Up),Chloride,12.0,False,102
2023,9,river,Teesta,Kanchan Park (Up),Chloride,12.0,False,102
2023,10,river,Teesta,Kanchan Park (Up),Chloride,12.0,False,102
2023,11,river,Teesta,Kanchan Park (Up),Chloride,12.0,False,102
2023,12,river,Teesta,Kanchan Park (Up),Chloride,12.0,False,102
2023,1,river,Teesta,Kanchan Park (Up),DO,7.6,False,101
2023,2,river,Teesta,Kanchan Park (Up),DO,7.6,False,101
2023,4,river,Teesta,Kanchan Park (Up),DO,7.4,False,101
2023,5,river,Teesta,Kanchan Park (Up),DO,7.42,False,101
2023,6,river,Teesta,Kanchan Park (Up),DO,7.4,False,101
2023,7,river,Teesta,Kanchan Park (Up),DO,7.46,False,101
2023,8,river,Teesta,Kanchan Park (Up),DO,7.44,False,101
2023,9,river,Teesta,Kanchan Park (Up),DO,7.44,False,101
2023,10,river,Teesta,Kanchan Park (Up),DO,7.4,False,101
2023,11,river,Teesta,Kanchan Park (Up),DO,7.42,False,101
2023,12,river,Teesta,Kanchan Park (Up),DO,7.4,False,101
2023,1,river,Teesta,Kanchan Park (Up),SS,42.0,False,102
2023,2,river,Teesta,Kanchan Park (Up),SS,42.0,False,102
2023,4,river,Teesta,Kanchan Park (Up),SS,42.0,False,102
2023,5,river,Teesta,Kanchan Park (Up),SS,42.0,False,102
2023,6,river,Teesta,Kanchan Park (Up),SS,42.0,False,102
2023,7,river,Teesta,Kanchan Park (Up),SS,45.0,False,102
2023,8,river,Teesta,Kanchan Park (Up),SS,45.0,False,102
2023,9,river,Teesta,Kanchan Park (Up),SS,45.0,False,102
2023,10,river,Teesta,Kanchan Park (Up),SS,45.0,False,102
2023,11,river,Teesta,Kanchan Park (Up),SS,45.0,False,102
2023,12,river,Teesta,Kanchan Park (Up),SS,45.0,False,102
2023,1,river,Teesta,Kanchan Park (Up),TDS,130.0,False,102
2023,2,river,Teesta,Kanchan Park (Up),TDS,130.0,False,102
2023,4,river,Teesta,Kanchan Park (Up),TDS,133.0,False,102
2023,5,river,Teesta,Kanchan Park (Up),TDS,135.0,False,102
2023,6,river,Teesta,Kanchan Park (Up),TDS,135.0,False,102
2023,7,river,Teesta,Kanchan Park (Up),TDS,135.0,False,102
2023,8,river,Teesta,Kanchan Park (Up),TDS,136.0,False,102
2023,9,river,Teesta,Kanchan Park (Up),TDS,170.0,False,102
2023,10,river,Teesta,Kanchan Park (Up),TDS,140.0,False,102
2023,11,river,Teesta,Kanchan Park (Up),TDS,155.0,False,102
2023,12,river,Teesta,Kanchan Park (Up),TDS,155.0,False,102
2023,1,river,Teesta,Kanchan Park (Up),pH,7.62,False,101
2023,2,river,Teesta,Kanchan Park (Up),pH,7.6,False,101
2023,4,river,Teesta,Kanchan Park (Up),pH,7.55,False,101
2023,5,river,Teesta,Kanchan Park (Up),pH,7.56,False,101
2023,6,river,Teesta,Kanchan Park (Up),pH,7.5,False,101
2023,7,river,Teesta,Kanchan Park (Up),pH,7.42,False,101
2023,8,river,Teesta,Kanchan Park (Up),pH,7.44,False,101
2023,9,river,Teesta,Kanchan Park (Up),pH,7.46,False,101
2023,10,river,Teesta,Kanchan Park (Up),pH,7.45,False,101
2023,11,river,Teesta,Kanchan Park (Up),pH,7.46,False,101
2023,12,river,Teesta,Kanchan Park (Up),pH,7.48,False,101
2023,1,river,Teesta,Nurullapur (Down),BOD,2.4,False,102
2023,2,river,Teesta,Nurullapur (Down),BOD,2.4,False,102
2023,4,river,Teesta,Nurullapur (Down),BOD,2.2,False,102
2023,5,river,Teesta,Nurullapur (Down),BOD,2.1,False,102
2023,6,river,Teesta,Nurullapur (Down),BOD,2.2,False,102
2023,7,river,Teesta,Nurullapur (Down),BOD,2.1,False,102
2023,8,river,Teesta,Nurullapur (Down),BOD,2.2,False,102
2023,9,river,Teesta,Nurullapur (Down),BOD,2.2,False,102
2023,10,river,Teesta,Nurullapur (Down),BOD,2.4,False,102
2023,11,river,Teesta,Nurullapur (Down),BOD,2.5,False,102
2023,12,river,Teesta,Nurullapur (Down),BOD,2.5,False,102
2023,1,river,Teesta,Nurullapur (Down),Chloride,10.0,False,102
2023,2,river,Teesta,Nurullapur (Down),Chloride,10.0,False,102
2023,4,river,Teesta,Nurullapur (Down),Chloride,10.0,False,102
2023,5,river,Teesta,Nurullapur (Down),Chloride,10.0,False,102
2023,6,river,Teesta,Nurullapur (Down),Chloride,13.0,False,102
2023,7,river,Teesta,Nurullapur (Down),Chloride,13.0,False,102
2023,8,river,Teesta,Nurullapur (Down),Chloride,14.0,False,102
2023,9,river,Teesta,Nurullapur (Down),Chloride,14.0,False,102
2023,10,river,Teesta,Nurullapur (Down),Chloride,14.0,False,102
2023,11,river,Teesta,Nurullapur (Down),Chloride,14.0,False,102
2023,12,river,Teesta,Nurullapur (Down),Chloride,14.0,False,102
2023,1,river,Teesta,Nurullapur (Down),DO,7.62,False,101
2023,2,river,Teesta,Nurullapur (Down),DO,7.62,False,101
2023,4,river,Teesta,Nurullapur (Down),DO,7.62,False,101
2023,5,river,Teesta,Nurullapur (Down),DO,7.6,False,101
2023,6,river,Teesta,Nurullapur (Down),DO,7.62,False,101
2023,7,river,Teesta,Nurullapur (Down),DO,7.6,False,101
2023,8,river,Teesta,Nurullapur (Down),DO,7.62,False,101
2023,9,river,Teesta,Nurullapur (Down),DO,7.62,False,101
2023,10,river,Teesta,Nurullapur (Down),DO,7.6,False,101
2023,11,river,Teesta,Nurullapur (Down),DO,7.5,False,101
2023,12,river,Teesta,Nurullapur (Down),DO,7.45,False,101
2023,1,river,Teesta,Nurullapur (Down),SS,37.0,False,102
2023,2,river,Teesta,Nurullapur (Down),SS,37.0,False,102
2023,4,river,Teesta,Nurullapur (Down),SS,37.0,False,102
2023,5,river,Teesta,Nurullapur (Down),SS,37.0,False,102
2023,6,river,Teesta,Nurullapur (Down),SS,37.0,False,102
2023,7,river,Teesta,Nurullapur (Down),SS,38.0,False,102
2023,8,river,Teesta,Nurullapur (Down),SS,38.0,False,102
2023,9,river,Teesta,Nurullapur (Down),SS,38.0,False,102
2023,10,river,Teesta,Nurullapur (Down),SS,38.0,False,102
2023,11,river,Teesta,Nurullapur (Down),SS,38.0,False,102
2023,12,river,Teesta,Nurullapur (Down),SS,38.0,False,102
2023,1,river,Teesta,Nurullapur (Down),TDS,127.0,False,102
2023,2,river,Teesta,Nurullapur (Down),TDS,131.0,False,102
2023,4,river,Teesta,Nurullapur (Down),TDS,130.0,False,102
2023,5,river,Teesta,Nurullapur (Down),TDS,135.0,False,102
2023,6,river,Teesta,Nurullapur (Down),TDS,138.0,False,102
2023,7,river,Teesta,Nurullapur (Down),TDS,138.0,False,102
2023,8,river,Teesta,Nurullapur (Down),TDS,138.0,False,102
2023,9,river,Teesta,Nurullapur (Down),TDS,160.0,False,102
2023,10,river,Teesta,Nurullapur (Down),TDS,145.0,False,102
2023,11,river,Teesta,Nurullapur (Down),TDS,145.0,False,102
2023,12,river,Teesta,Nurullapur (Down),TDS,140.0,False,102
2023,1,river,Teesta,Nurullapur (Down),pH,7.56,False,101
2023,2,river,Teesta,Nurullapur (Down),pH,7.56,False,101
2023,4,river,Teesta,Nurullapur (Down),pH,7.52,False,101
2023,5,river,Teesta,Nurullapur (Down),pH,7.5,False,101
2023,6,river,Teesta,Nurullapur (Down),pH,7.4,False,101
2023,7,river,Teesta,Nurullapur (Down),pH,7.42,False,101
2023,8,river,Teesta,Nurullapur (Down),pH,7.4,False,101
2023,9,river,Teesta,Nurullapur (Down),pH,7.42,False,101
2023,10,river,Teesta,Nurullapur (Down),pH,7.38,False,101
2023,11,river,Teesta,Nurullapur (Down),pH,7.44,False,101
2023,12,river,Teesta,Nurullapur (Down),pH,7.45,False,101
2023,1,river,Teesta,Nurullapur (Up),BOD,2.4,False,102
2023,2,river,Teesta,Nurullapur (Up),BOD,2.4,False,102
2023,4,river,Teesta,Nurullapur (Up),BOD,2.2,False,102
2023,5,river,Teesta,Nurullapur (Up),BOD,2.1,False,102
2023,6,river,Teesta,Nurullapur (Up),BOD,2.2,False,102
2023,7,river,Teesta,Nurullapur (Up),BOD,2.1,False,102
2023,8,river,Teesta,Nurullapur (Up),BOD,2.2,False,102
2023,9,river,Teesta,Nurullapur (Up),BOD,2.2,False,102
2023,10,river,Teesta,Nurullapur (Up),BOD,2.4,False,102
2023,11,river,Teesta,Nurullapur (Up),BOD,2.5,False,102
2023,12,river,Teesta,Nurullapur (Up),BOD,2.5,False,102
2023,1,river,Teesta,Nurullapur (Up),Chloride,10.0,False,102
2023,2,river,Teesta,Nurullapur (Up),Chloride,10.0,False,102
2023,4,river,Teesta,Nurullapur (Up),Chloride,10.0,False,102
2023,5,river,Teesta,Nurullapur (Up),Chloride,10.0,False,102
2023,6,river,Teesta,Nurullapur (Up),Chloride,13.0,False,102
2023,7,river,Teesta,Nurullapur (Up),Chloride,13.0,False,102
2023,8,river,Teesta,Nurullapur (Up),Chloride,14.0,False,102
2023,9,river,Teesta,Nurullapur (Up),Chloride,14.0,False,102
2023,10,river,Teesta,Nurullapur (Up),Chloride,14.0,False,102
2023,11,river,Teesta,Nurullapur (Up),Chloride,14.0,False,102
2023,12,river,Teesta,Nurullapur (Up),Chloride,14.0,False,102
2023,1,river,Teesta,Nurullapur (Up),DO,7.62,False,101
2023,2,river,Teesta,Nurullapur (Up),DO,7.62,False,101
2023,4,river,Teesta,Nurullapur (Up),DO,7.62,False,101
2023,5,river,Teesta,Nurullapur (Up),DO,7.6,False,101
2023,6,river,Teesta,Nurullapur (Up),DO,7.62,False,101
2023,7,river,Teesta,Nurullapur (Up),DO,7.6,False,101
2023,8,river,Teesta,Nurullapur (Up),DO,7.62,False,101
2023,9,river,Teesta,Nurullapur (Up),DO,7.62,False,101
2023,10,river,Teesta,Nurullapur (Up),DO,7.6,False,101
2023,11,river,Teesta,Nurullapur (Up),DO,7.5,False,101
2023,12,river,Teesta,Nurullapur (Up),DO,7.45,False,101
2023,1,river,Teesta,Nurullapur (Up),SS,37.0,False,102
2023,2,river,Teesta,Nurullapur (Up),SS,37.0,False,102
2023,4,river,Teesta,Nurullapur (Up),SS,37.0,False,102
2023,5,river,Teesta,Nurullapur (Up),SS,37.0,False,102
2023,6,river,Teesta,Nurullapur (Up),SS,37.0,False,102
2023,7,river,Teesta,Nurullapur (Up),SS,38.0,False,102
2023,8,river,Teesta,Nurullapur (Up),SS,38.0,False,102
2023,9,river,Teesta,Nurullapur (Up),SS,38.0,False,102
2023,10,river,Teesta,Nurullapur (Up),SS,38.0,False,102
2023,11,river,Teesta,Nurullapur (Up),SS,38.0,False,102
2023,12,river,Teesta,Nurullapur (Up),SS,38.0,False,102
2023,1,river,Teesta,Nurullapur (Up),TDS,127.0,False,102
2023,2,river,Teesta,Nurullapur (Up),TDS,131.0,False,102
2023,4,river,Teesta,Nurullapur (Up),TDS,130.0,False,102
2023,5,river,Teesta,Nurullapur (Up),TDS,135.0,False,102
2023,6,river,Teesta,Nurullapur (Up),TDS,138.0,False,102
2023,7,river,Teesta,Nurullapur (Up),TDS,138.0,False,102
2023,8,river,Teesta,Nurullapur (Up),TDS,138.0,False,102
2023,9,river,Teesta,Nurullapur (Up),TDS,160.0,False,102
2023,10,river,Teesta,Nurullapur (Up),TDS,145.0,False,102
2023,11,river,Teesta,Nurullapur (Up),TDS,145.0,False,102
2023,12,river,Teesta,Nurullapur (Up),TDS,140.0,False,102
2023,1,river,Teesta,Nurullapur (Up),pH,7.56,False,101
2023,2,river,Teesta,Nurullapur (Up),pH,7.56,False,101
2023,4,river,Teesta,Nurullapur (Up),pH,7.52,False,101
2023,5,river,Teesta,Nurullapur (Up),pH,7.5,False,101
2023,6,river,Teesta,Nurullapur (Up),pH,7.4,False,101
2023,7,river,Teesta,Nurullapur (Up),pH,7.42,False,101
2023,8,river,Teesta,Nurullapur (Up),pH,7.4,False,101
2023,9,river,Teesta,Nurullapur (Up),pH,7.42,False,101
2023,10,river,Teesta,Nurullapur (Up),pH,7.38,False,101
2023,11,river,Teesta,Nurullapur (Up),pH,7.44,False,101
2023,12,river,Teesta,Nurullapur (Up),pH,7.45,False,101
2023,1,river,Teesta,Sardah (Down),BOD,2.4,False,102
2023,2,river,Teesta,Sardah (Down),BOD,2.5,False,102
2023,4,river,Teesta,Sardah (Down),BOD,2.4,False,102
2023,5,river,Teesta,Sardah (Down),BOD,2.5,False,102
2023,6,river,Teesta,Sardah (Down),BOD,2.2,False,102
2023,7,river,Teesta,Sardah (Down),BOD,2.4,False,102
2023,8,river,Teesta,Sardah (Down),BOD,2.3,False,102
2023,9,river,Teesta,Sardah (Down),BOD,2.4,False,102
2023,10,river,Teesta,Sardah (Down),BOD,2.3,False,102
2023,11,river,Teesta,Sardah (Down),BOD,2.3,False,102
2023,12,river,Teesta,Sardah (Down),BOD,2.4,False,102
2023,1,river,Teesta,Sardah (Down),Chloride,10.0,False,102
2023,2,river,Teesta,Sardah (Down),Chloride,10.0,False,102
2023,4,river,Teesta,Sardah (Down),Chloride,10.0,False,102
2023,5,river,Teesta,Sardah (Down),Chloride,10.0,False,102
2023,6,river,Teesta,Sardah (Down),Chloride,12.0,False,102
2023,7,river,Teesta,Sardah (Down),Chloride,12.0,False,102
2023,8,river,Teesta,Sardah (Down),Chloride,11.0,False,102
2023,9,river,Teesta,Sardah (Down),Chloride,11.0,False,102
2023,10,river,Teesta,Sardah (Down),Chloride,11.0,False,102
2023,11,river,Teesta,Sardah (Down),Chloride,11.0,False,102
2023,12,river,Teesta,Sardah (Down),Chloride,11.0,False,102
2023,1,river,Teesta,Sardah (Down),DO,7.6,False,101
2023,2,river,Teesta,Sardah (Down),DO,7.6,False,101
2023,4,river,Teesta,Sardah (Down),DO,7.58,False,101
2023,5,river,Teesta,Sardah (Down),DO,7.56,False,101
2023,6,river,Teesta,Sardah (Down),DO,7.52,False,101
2023,7,river,Teesta,Sardah (Down),DO,7.5,False,101
2023,8,river,Teesta,Sardah (Down),DO,7.52,False,101
2023,9,river,Teesta,Sardah (Down),DO,7.52,False,101
2023,10,river,Teesta,Sardah (Down),DO,7.4,False,101
2023,11,river,Teesta,Sardah (Down),DO,7.4,False,101
2023,12,river,Teesta,Sardah (Down),DO,7.4,False,101
2023,1,river,Teesta,Sardah (Down),SS,44.0,False,102
2023,2,river,Teesta,Sardah (Down),SS,44.0,False,102
2023,4,river,Teesta,Sardah (Down),SS,44.0,False,102
2023,5,river,Teesta,Sardah (Down),SS,44.0,False,102
2023,6,river,Teesta,Sardah (Down),SS,44.0,False,102
2023,7,river,Teesta,Sardah (Down),SS,45.0,False,102
2023,8,river,Teesta,Sardah (Down),SS,45.0,False,102
2023,9,river,Teesta,Sardah (Down),SS,45.0,False,102
2023,10,river,Teesta,Sardah (Down),SS,45.0,False,102
2023,11,river,Teesta,Sardah (Down),SS,45.0,False,102
2023,12,river,Teesta,Sardah (Down),SS,45.0,False,102
2023,1,river,Teesta,Sardah (Down),TDS,130.0,False,102
2023,2,river,Teesta,Sardah (Down),TDS,130.0,False,102
2023,4,river,Teesta,Sardah (Down),TDS,135.0,False,102
2023,5,river,Teesta,Sardah (Down),TDS,140.0,False,102
2023,6,river,Teesta,Sardah (Down),TDS,145.0,False,102
2023,7,river,Teesta,Sardah (Down),TDS,141.0,False,102
2023,8,river,Teesta,Sardah (Down),TDS,141.0,False,102
2023,9,river,Teesta,Sardah (Down),TDS,175.0,False,102
2023,10,river,Teesta,Sardah (Down),TDS,143.0,False,102
2023,11,river,Teesta,Sardah (Down),TDS,150.0,False,102
2023,12,river,Teesta,Sardah (Down),TDS,150.0,False,102
2023,1,river,Teesta,Sardah (Down),pH,7.56,False,101
2023,2,river,Teesta,Sardah (Down),pH,7.54,False,101
2023,4,river,Teesta,Sardah (Down),pH,7.45,False,101
2023,5,river,Teesta,Sardah (Down),pH,7.4,False,101
2023,6,river,Teesta,Sardah (Down),pH,7.42,False,101
2023,7,river,Teesta,Sardah (Down),pH,7.4,False,101
2023,8,river,Teesta,Sardah (Down),pH,7.38,False,101
2023,9,river,Teesta,Sardah (Down),pH,7.39,False,101
2023,10,river,Teesta,Sardah (Down),pH,7.42,False,101
2023,11,river,Teesta,Sardah (Down),pH,7.52,False,101
2023,12,river,Teesta,Sardah (Down),pH,7.5,False,101
2023,1,river,Teesta,Sardah (Up),BOD,2.4,False,102
2023,2,river,Teesta,Sardah (Up),BOD,2.5,False,102
2023,4,river,Teesta,Sardah (Up),BOD,2.4,False,102
2023,5,river,Teesta,Sardah (Up),BOD,2.5,False,102
2023,6,river,Teesta,Sardah (Up),BOD,2.2,False,102
2023,7,river,Teesta,Sardah (Up),BOD,2.4,False,102
2023,8,river,Teesta,Sardah (Up),BOD,2.3,False,102
2023,9,river,Teesta,Sardah (Up),BOD,2.4,False,102
2023,10,river,Teesta,Sardah (Up),BOD,2.3,False,102
2023,11,river,Teesta,Sardah (Up),BOD,2.3,False,102
2023,12,river,Teesta,Sardah (Up),BOD,2.4,False,102
2023,1,river,Teesta,Sardah (Up),Chloride,10.0,False,102
2023,2,river,Teesta,Sardah (Up),Chloride,10.0,False,102
2023,4,river,Teesta,Sardah (Up),Chloride,10.0,False,102
2023,5,river,Teesta,Sardah (Up),Chloride,10.0,False,102
2023,6,river,Teesta,Sardah (Up),Chloride,12.0,False,102
2023,7,river,Teesta,Sardah (Up),Chloride,12.0,False,102
2023,8,river,Teesta,Sardah (Up),Chloride,11.0,False,102
2023,9,river,Teesta,Sardah (Up),Chloride,11.0,False,102
2023,10,river,Teesta,Sardah (Up),Chloride,11.0,False,102
2023,11,river,Teesta,Sardah (Up),Chloride,11.0,False,102
2023,12,river,Teesta,Sardah (Up),Chloride,11.0,False,102
2023,1,river,Teesta,Sardah (Up),DO,7.6,False,101
2023,2,river,Teesta,Sardah (Up),DO,7.6,False,101
2023,4,river,Teesta,Sardah (Up),DO,7.58,False,101
2023,5,river,Teesta,Sardah (Up),DO,7.56,False,101
2023,6,river,Teesta,Sardah (Up),DO,7.52,False,101
2023,7,river,Teesta,Sardah (Up),DO,7.5,False,101
2023,8,river,Teesta,Sardah (Up),DO,7.52,False,101
2023,9,river,Teesta,Sardah (Up),DO,7.52,False,101
2023,10,river,Teesta,Sardah (Up),DO,7.4,False,101
2023,11,river,Teesta,Sardah (Up),DO,7.4,False,101
2023,12,river,Teesta,Sardah (Up),DO,7.4,False,101
2023,1,river,Teesta,Sardah (Up),SS,44.0,False,102
2023,2,river,Teesta,Sardah (Up),SS,44.0,False,102
2023,4,river,Teesta,Sardah (Up),SS,44.0,False,102
2023,5,river,Teesta,Sardah (Up),SS,44.0,False,102
2023,6,river,Teesta,Sardah (Up),SS,44.0,False,102
2023,7,river,Teesta,Sardah (Up),SS,45.0,False,102
2023,8,river,Teesta,Sardah (Up),SS,45.0,False,102
2023,9,river,Teesta,Sardah (Up),SS,45.0,False,102
2023,10,river,Teesta,Sardah (Up),SS,45.0,False,102
2023,11,river,Teesta,Sardah (Up),SS,45.0,False,102
2023,12,river,Teesta,Sardah (Up),SS,45.0,False,102
2023,1,river,Teesta,Sardah (Up),TDS,130.0,False,102
2023,2,river,Teesta,Sardah (Up),TDS,130.0,False,102
2023,4,river,Teesta,Sardah (Up),TDS,135.0,False,102
2023,5,river,Teesta,Sardah (Up),TDS,140.0,False,102
2023,6,river,Teesta,Sardah (Up),TDS,145.0,False,102
2023,7,river,Teesta,Sardah (Up),TDS,141.0,False,102
2023,8,river,Teesta,Sardah (Up),TDS,141.0,False,102
2023,9,river,Teesta,Sardah (Up),TDS,175.0,False,102
2023,10,river,Teesta,Sardah (Up),TDS,143.0,False,102
2023,11,river,Teesta,Sardah (Up),TDS,150.0,False,102
2023,12,river,Teesta,Sardah (Up),TDS,150.0,False,102
2023,1,river,Teesta,Sardah (Up),pH,7.56,False,101
2023,2,river,Teesta,Sardah (Up),pH,7.54,False,101
2023,4,river,Teesta,Sardah (Up),pH,7.45,False,101
2023,5,river,Teesta,Sardah (Up),pH,7.4,False,101
2023,6,river,Teesta,Sardah (Up),pH,7.42,False,101
2023,7,river,Teesta,Sardah (Up),pH,7.4,False,101
2023,8,river,Teesta,Sardah (Up),pH,7.38,False,101
2023,9,river,Teesta,Sardah (Up),pH,7.39,False,101
2023,10,river,Teesta,Sardah (Up),pH,7.42,False,101
2023,11,river,Teesta,Sardah (Up),pH,7.52,False,101
2023,12,river,Teesta,Sardah (Up),pH,7.5,False,101
2023,1,river,Tetulia,Vadura Launch Ghat (M),DO,6.05,False,116
2023,12,river,Tetulia,Vadura Launch Ghat (M),DO,6.02,False,116
2023,1,river,Tetulia,Vadura Launch Ghat (M),EC,155.4,False,116
2023,12,river,Tetulia,Vadura Launch Ghat (M),EC,241.0,False,116
2023,1,river,Tetulia,Vadura Launch Ghat (M),TDS,67.3,False,116
2023,12,river,Tetulia,Vadura Launch Ghat (M),TDS,229.0,False,116
2023,1,river,Tetulia,Vadura Launch Ghat (M),pH,8.16,False,116
2023,12,river,Tetulia,Vadura Launch Ghat (M),pH,8.49,False,116
2023,1,river,Tetulia,Vadura Launch Ghat (S),DO,6.1,False,116
2023,12,river,Tetulia,Vadura Launch Ghat (S),DO,7.87,False,116
2023,1,river,Tetulia,Vadura Launch Ghat (S),EC,165.5,False,116
2023,12,river,Tetulia,Vadura Launch Ghat (S),EC,257.0,False,116
2023,1,river,Tetulia,Vadura Launch Ghat (S),TDS,70.3,False,116
2023,12,river,Tetulia,Vadura Launch Ghat (S),TDS,123.0,False,116
2023,1,river,Tetulia,Vadura Launch Ghat (S),pH,8.52,False,116
2023,12,river,Tetulia,Vadura Launch Ghat (S),pH,8.38,False,116
2023,1,river,Turag,Ashulia,BOD,24.0,False,92
2023,2,river,Turag,Ashulia,BOD,26.0,False,92
2023,3,river,Turag,Ashulia,BOD,28.0,False,92
2023,7,river,Turag,Ashulia,BOD,5.0,False,92
2023,8,river,Turag,Ashulia,BOD,1.8,False,92
2023,10,river,Turag,Ashulia,BOD,5.0,False,92
2023,11,river,Turag,Ashulia,BOD,6.0,False,92
2023,12,river,Turag,Ashulia,BOD,3.0,False,92
2023,1,river,Turag,Ashulia,COD,38.0,False,92
2023,2,river,Turag,Ashulia,COD,41.0,False,92
2023,3,river,Turag,Ashulia,COD,46.0,False,92
2023,7,river,Turag,Ashulia,COD,32.0,False,92
2023,8,river,Turag,Ashulia,COD,0.87,False,92
2023,10,river,Turag,Ashulia,COD,10.0,False,92
2023,11,river,Turag,Ashulia,COD,21.0,False,92
2023,12,river,Turag,Ashulia,COD,20.0,False,92
2023,1,river,Turag,Ashulia,Chloride,34.0,False,93
2023,2,river,Turag,Ashulia,Chloride,50.0,False,93
2023,3,river,Turag,Ashulia,Chloride,64.0,False,93
2023,7,river,Turag,Ashulia,Chloride,11.0,False,93
2023,8,river,Turag,Ashulia,Chloride,11.0,False,93
2023,10,river,Turag,Ashulia,Chloride,6.0,False,93
2023,11,river,Turag,Ashulia,Chloride,16.5,False,93
2023,12,river,Turag,Ashulia,Chloride,29.0,False,93
2023,1,river,Turag,Ashulia,DO,0.6,False,92
2023,2,river,Turag,Ashulia,DO,0.2,False,92
2023,3,river,Turag,Ashulia,DO,0.2,False,92
2023,7,river,Turag,Ashulia,DO,5.71,False,92
2023,8,river,Turag,Ashulia,DO,6.17,False,92
2023,10,river,Turag,Ashulia,DO,5.2,False,92
2023,11,river,Turag,Ashulia,DO,2.5,False,92
2023,12,river,Turag,Ashulia,DO,1.69,False,92
2023,1,river,Turag,Ashulia,EC,599.0,False,93
2023,2,river,Turag,Ashulia,EC,731.0,False,93
2023,3,river,Turag,Ashulia,EC,703.0,False,93
2023,7,river,Turag,Ashulia,EC,183.0,False,93
2023,8,river,Turag,Ashulia,EC,158.0,False,93
2023,10,river,Turag,Ashulia,EC,171.2,False,93
2023,11,river,Turag,Ashulia,EC,353.0,False,93
2023,12,river,Turag,Ashulia,EC,446.0,False,93
2023,1,river,Turag,Ashulia,SS,42.0,False,93
2023,2,river,Turag,Ashulia,SS,54.0,False,93
2023,3,river,Turag,Ashulia,SS,73.0,False,93
2023,7,river,Turag,Ashulia,SS,86.0,False,93
2023,8,river,Turag,Ashulia,SS,65.0,False,93
2023,10,river,Turag,Ashulia,SS,58.0,False,93
2023,11,river,Turag,Ashulia,SS,19.0,False,93
2023,12,river,Turag,Ashulia,SS,24.0,False,93
2023,1,river,Turag,Ashulia,TDS,395.0,False,92
2023,2,river,Turag,Ashulia,TDS,413.0,False,92
2023,3,river,Turag,Ashulia,TDS,381.0,False,92
2023,7,river,Turag,Ashulia,TDS,97.0,False,92
2023,8,river,Turag,Ashulia,TDS,81.5,False,92
2023,10,river,Turag,Ashulia,TDS,87.0,False,92
2023,11,river,Turag,Ashulia,TDS,189.6,False,92
2023,12,river,Turag,Ashulia,TDS,245.0,False,92
2023,1,river,Turag,Ashulia,TotalAlkalinity,194.0,False,93
2023,2,river,Turag,Ashulia,TotalAlkalinity,232.0,False,93
2023,3,river,Turag,Ashulia,TotalAlkalinity,194.0,False,93
2023,7,river,Turag,Ashulia,TotalAlkalinity,31.0,False,93
2023,8,river,Turag,Ashulia,TotalAlkalinity,32.0,False,93
2023,10,river,Turag,Ashulia,TotalAlkalinity,10.0,False,93
2023,11,river,Turag,Ashulia,TotalAlkalinity,30.0,False,93
2023,12,river,Turag,Ashulia,TotalAlkalinity,49.0,False,93
2023,1,river,Turag,Ashulia,pH,7.34,False,92
2023,2,river,Turag,Ashulia,pH,7.41,False,92
2023,3,river,Turag,Ashulia,pH,7.44,False,92
2023,7,river,Turag,Ashulia,pH,6.83,False,92
2023,8,river,Turag,Ashulia,pH,7.58,False,92
2023,10,river,Turag,Ashulia,pH,7.03,False,92
2023,11,river,Turag,Ashulia,pH,8.1,False,92
2023,12,river,Turag,Ashulia,pH,7.3,False,92
2023,1,river,Turag,Kaliakoir,BOD,10.0,False,92
2023,2,river,Turag,Kaliakoir,BOD,19.0,False,92
2023,3,river,Turag,Kaliakoir,BOD,4.0,False,92
2023,7,river,Turag,Kaliakoir,BOD,2.0,False,92
2023,8,river,Turag,Kaliakoir,BOD,2.1,False,92
2023,9,river,Turag,Kaliakoir,BOD,0.9,False,92
2023,10,river,Turag,Kaliakoir,BOD,1.5,False,92
2023,11,river,Turag,Kaliakoir,BOD,1.0,False,92
2023,12,river,Turag,Kaliakoir,BOD,6.0,False,92
2023,1,river,Turag,Kaliakoir,COD,28.0,False,92
2023,2,river,Turag,Kaliakoir,COD,7.0,False,92
2023,3,river,Turag,Kaliakoir,COD,10.0,False,92
2023,7,river,Turag,Kaliakoir,COD,46.0,False,92
2023,8,river,Turag,Kaliakoir,COD,11.0,False,92
2023,9,river,Turag,Kaliakoir,COD,31.0,False,92
2023,10,river,Turag,Kaliakoir,COD,20.0,False,92
2023,11,river,Turag,Kaliakoir,COD,4.0,False,92
2023,12,river,Turag,Kaliakoir,COD,27.0,False,92
2023,1,river,Turag,Kaliakoir,Chloride,10.0,False,93
2023,2,river,Turag,Kaliakoir,Chloride,31.0,False,93
2023,3,river,Turag,Kaliakoir,Chloride,32.0,False,93
2023,7,river,Turag,Kaliakoir,Chloride,9.0,False,93
2023,8,river,Turag,Kaliakoir,Chloride,8.0,False,93
2023,9,river,Turag,Kaliakoir,Chloride,7.0,False,93
2023,10,river,Turag,Kaliakoir,Chloride,9.0,False,93
2023,11,river,Turag,Kaliakoir,Chloride,10.0,False,93
2023,12,river,Turag,Kaliakoir,Chloride,18.0,False,93
2023,1,river,Turag,Kaliakoir,DO,4.7,False,92
2023,2,river,Turag,Kaliakoir,DO,3.68,False,92
2023,3,river,Turag,Kaliakoir,DO,3.5,False,92
2023,7,river,Turag,Kaliakoir,DO,6.64,False,92
2023,8,river,Turag,Kaliakoir,DO,6.0,False,92
2023,9,river,Turag,Kaliakoir,DO,5.7,False,92
2023,10,river,Turag,Kaliakoir,DO,5.9,False,92
2023,11,river,Turag,Kaliakoir,DO,6.4,False,92
2023,12,river,Turag,Kaliakoir,DO,8.12,False,92
2023,1,river,Turag,Kaliakoir,EC,280.0,False,93
2023,2,river,Turag,Kaliakoir,EC,464.0,False,93
2023,3,river,Turag,Kaliakoir,EC,470.0,False,93
2023,7,river,Turag,Kaliakoir,EC,143.0,False,93
2023,8,river,Turag,Kaliakoir,EC,180.0,False,93
2023,9,river,Turag,Kaliakoir,EC,141.3,False,93
2023,10,river,Turag,Kaliakoir,EC,131.2,False,93
2023,11,river,Turag,Kaliakoir,EC,221.0,False,93
2023,12,river,Turag,Kaliakoir,EC,298.0,False,93
2023,1,river,Turag,Kaliakoir,SS,10.0,False,93
2023,2,river,Turag,Kaliakoir,SS,9.0,False,93
2023,3,river,Turag,Kaliakoir,SS,18.0,False,93
2023,7,river,Turag,Kaliakoir,SS,141.0,False,93
2023,8,river,Turag,Kaliakoir,SS,183.0,False,93
2023,9,river,Turag,Kaliakoir,SS,82.0,False,93
2023,10,river,Turag,Kaliakoir,SS,120.0,False,93
2023,11,river,Turag,Kaliakoir,SS,30.0,False,93
2023,12,river,Turag,Kaliakoir,SS,33.0,False,93
2023,1,river,Turag,Kaliakoir,TDS,127.0,False,92
2023,2,river,Turag,Kaliakoir,TDS,257.0,False,92
2023,3,river,Turag,Kaliakoir,TDS,244.0,False,92
2023,7,river,Turag,Kaliakoir,TDS,80.0,False,92
2023,8,river,Turag,Kaliakoir,TDS,72.0,False,92
2023,9,river,Turag,Kaliakoir,TDS,74.7,False,92
2023,10,river,Turag,Kaliakoir,TDS,66.5,False,92
2023,11,river,Turag,Kaliakoir,TDS,118.2,False,92
2023,12,river,Turag,Kaliakoir,TDS,146.0,False,92
2023,1,river,Turag,Kaliakoir,TotalAlkalinity,90.0,False,93
2023,2,river,Turag,Kaliakoir,TotalAlkalinity,169.0,False,93
2023,3,river,Turag,Kaliakoir,TotalAlkalinity,170.0,False,93
2023,7,river,Turag,Kaliakoir,TotalAlkalinity,21.0,False,93
2023,8,river,Turag,Kaliakoir,TotalAlkalinity,19.0,False,93
2023,9,river,Turag,Kaliakoir,TotalAlkalinity,21.0,False,93
2023,10,river,Turag,Kaliakoir,TotalAlkalinity,11.0,False,93
2023,11,river,Turag,Kaliakoir,TotalAlkalinity,18.0,False,93
2023,12,river,Turag,Kaliakoir,TotalAlkalinity,39.0,False,93
2023,1,river,Turag,Kaliakoir,pH,7.45,False,92
2023,2,river,Turag,Kaliakoir,pH,7.62,False,92
2023,3,river,Turag,Kaliakoir,pH,7.38,False,92
2023,7,river,Turag,Kaliakoir,pH,7.56,False,92
2023,8,river,Turag,Kaliakoir,pH,8.27,False,92
2023,9,river,Turag,Kaliakoir,pH,7.61,False,92
2023,10,river,Turag,Kaliakoir,pH,7.11,False,92
2023,11,river,Turag,Kaliakoir,pH,8.08,False,92
2023,12,river,Turag,Kaliakoir,pH,7.67,False,92
2023,1,river,Turag,Nama Bazar,BOD,12.0,False,92
2023,2,river,Turag,Nama Bazar,BOD,21.0,False,92
2023,3,river,Turag,Nama Bazar,BOD,22.0,False,92
2023,7,river,Turag,Nama Bazar,BOD,4.0,False,92
2023,8,river,Turag,Nama Bazar,BOD,1.8,False,92
2023,9,river,Turag,Nama Bazar,BOD,2.9,False,92
2023,10,river,Turag,Nama Bazar,BOD,8.0,False,92
2023,11,river,Turag,Nama Bazar,BOD,10.0,False,92
2023,12,river,Turag,Nama Bazar,BOD,3.0,False,92
2023,1,river,Turag,Nama Bazar,COD,51.0,False,92
2023,2,river,Turag,Nama Bazar,COD,65.0,False,92
2023,3,river,Turag,Nama Bazar,COD,64.0,False,92
2023,7,river,Turag,Nama Bazar,COD,41.0,False,92
2023,8,river,Turag,Nama Bazar,COD,16.0,False,92
2023,9,river,Turag,Nama Bazar,COD,7.5,False,92
2023,10,river,Turag,Nama Bazar,COD,8.0,False,92
2023,11,river,Turag,Nama Bazar,COD,13.0,False,92
2023,12,river,Turag,Nama Bazar,COD,17.0,False,92
2023,1,river,Turag,Nama Bazar,Chloride,21.0,False,93
2023,2,river,Turag,Nama Bazar,Chloride,42.0,False,93
2023,3,river,Turag,Nama Bazar,Chloride,32.0,False,93
2023,7,river,Turag,Nama Bazar,Chloride,16.0,False,93
2023,8,river,Turag,Nama Bazar,Chloride,10.0,False,93
2023,9,river,Turag,Nama Bazar,Chloride,10.0,False,93
2023,10,river,Turag,Nama Bazar,Chloride,7.0,False,93
2023,11,river,Turag,Nama Bazar,Chloride,16.0,False,93
2023,12,river,Turag,Nama Bazar,Chloride,32.0,False,93
2023,1,river,Turag,Nama Bazar,DO,0.4,False,92
2023,2,river,Turag,Nama Bazar,DO,0.2,False,92
2023,3,river,Turag,Nama Bazar,DO,0.2,False,92
2023,7,river,Turag,Nama Bazar,DO,7.2,False,92
2023,8,river,Turag,Nama Bazar,DO,6.0,False,92
2023,9,river,Turag,Nama Bazar,DO,5.2,False,92
2023,10,river,Turag,Nama Bazar,DO,5.6,False,92
2023,11,river,Turag,Nama Bazar,DO,3.5,False,92
2023,12,river,Turag,Nama Bazar,DO,1.31,False,92
2023,1,river,Turag,Nama Bazar,EC,633.0,False,93
2023,2,river,Turag,Nama Bazar,EC,688.0,False,93
2023,3,river,Turag,Nama Bazar,EC,688.0,False,93
2023,7,river,Turag,Nama Bazar,EC,168.0,False,93
2023,8,river,Turag,Nama Bazar,EC,183.0,False,93
2023,9,river,Turag,Nama Bazar,EC,163.0,False,93
2023,10,river,Turag,Nama Bazar,EC,155.0,False,93
2023,11,river,Turag,Nama Bazar,EC,335.0,False,93
2023,12,river,Turag,Nama Bazar,EC,442.0,False,93
2023,1,river,Turag,Nama Bazar,SS,24.0,False,93
2023,2,river,Turag,Nama Bazar,SS,15.0,False,93
2023,3,river,Turag,Nama Bazar,SS,20.0,False,93
2023,7,river,Turag,Nama Bazar,SS,195.0,False,93
2023,8,river,Turag,Nama Bazar,SS,133.0,False,93
2023,9,river,Turag,Nama Bazar,SS,90.0,False,93
2023,10,river,Turag,Nama Bazar,SS,48.0,False,93
2023,11,river,Turag,Nama Bazar,SS,21.0,False,93
2023,12,river,Turag,Nama Bazar,SS,25.0,False,93
2023,1,river,Turag,Nama Bazar,TDS,370.0,False,92
2023,2,river,Turag,Nama Bazar,TDS,377.0,False,92
2023,3,river,Turag,Nama Bazar,TDS,377.0,False,92
2023,7,river,Turag,Nama Bazar,TDS,91.0,False,92
2023,8,river,Turag,Nama Bazar,TDS,95.0,False,92
2023,9,river,Turag,Nama Bazar,TDS,84.2,False,92
2023,10,river,Turag,Nama Bazar,TDS,79.0,False,92
2023,11,river,Turag,Nama Bazar,TDS,180.0,False,92
2023,12,river,Turag,Nama Bazar,TDS,242.0,False,92
2023,1,river,Turag,Nama Bazar,TotalAlkalinity,84.0,False,93
2023,2,river,Turag,Nama Bazar,TotalAlkalinity,78.0,False,93
2023,3,river,Turag,Nama Bazar,TotalAlkalinity,78.0,False,93
2023,7,river,Turag,Nama Bazar,TotalAlkalinity,28.0,False,93
2023,8,river,Turag,Nama Bazar,TotalAlkalinity,21.0,False,93
2023,9,river,Turag,Nama Bazar,TotalAlkalinity,21.0,False,93
2023,10,river,Turag,Nama Bazar,TotalAlkalinity,9.0,False,93
2023,11,river,Turag,Nama Bazar,TotalAlkalinity,24.0,False,93
2023,12,river,Turag,Nama Bazar,TotalAlkalinity,30.0,False,93
2023,1,river,Turag,Nama Bazar,pH,7.4,False,92
2023,2,river,Turag,Nama Bazar,pH,7.34,False,92
2023,3,river,Turag,Nama Bazar,pH,7.34,False,92
2023,7,river,Turag,Nama Bazar,pH,6.75,False,92
2023,8,river,Turag,Nama Bazar,pH,7.81,False,92
2023,9,river,Turag,Nama Bazar,pH,6.87,False,92
2023,10,river,Turag,Nama Bazar,pH,7.57,False,92
2023,11,river,Turag,Nama Bazar,pH,7.91,False,92
2023,12,river,Turag,Nama Bazar,pH,7.2,False,92
2023,1,river,Turag,Turag Bridge,BOD,22.0,False,92
2023,2,river,Turag,Turag Bridge,BOD,27.0,False,92
2023,3,river,Turag,Turag Bridge,BOD,29.0,False,92
2023,8,river,Turag,Turag Bridge,BOD,1.5,False,92
2023,10,river,Turag,Turag Bridge,BOD,4.0,False,92
2023,11,river,Turag,Turag Bridge,BOD,7.0,False,92
2023,12,river,Turag,Turag Bridge,BOD,8.0,False,92
2023,1,river,Turag,Turag Bridge,COD,48.0,False,92
2023,2,river,Turag,Turag Bridge,COD,61.0,False,92
2023,3,river,Turag,Turag Bridge,COD,75.0,False,92
2023,8,river,Turag,Turag Bridge,COD,1.74,False,92
2023,10,river,Turag,Turag Bridge,COD,8.0,False,92
2023,11,river,Turag,Turag Bridge,COD,17.0,False,92
2023,12,river,Turag,Turag Bridge,COD,22.0,False,92
2023,1,river,Turag,Turag Bridge,Chloride,20.0,False,93
2023,2,river,Turag,Turag Bridge,Chloride,48.0,False,93
2023,3,river,Turag,Turag Bridge,Chloride,56.0,False,93
2023,8,river,Turag,Turag Bridge,Chloride,14.0,False,93
2023,10,river,Turag,Turag Bridge,Chloride,7.5,False,93
2023,11,river,Turag,Turag Bridge,Chloride,15.0,False,93
2023,12,river,Turag,Turag Bridge,Chloride,33.0,False,93
2023,1,river,Turag,Turag Bridge,DO,2.9,False,92
2023,2,river,Turag,Turag Bridge,DO,0.1,False,92
2023,3,river,Turag,Turag Bridge,DO,0.3,False,92
2023,8,river,Turag,Turag Bridge,DO,6.29,False,92
2023,10,river,Turag,Turag Bridge,DO,5.7,False,92
2023,11,river,Turag,Turag Bridge,DO,2.9,False,92
2023,12,river,Turag,Turag Bridge,DO,1.38,False,92
2023,1,river,Turag,Turag Bridge,EC,449.0,False,93
2023,2,river,Turag,Turag Bridge,EC,697.0,False,93
2023,3,river,Turag,Turag Bridge,EC,788.0,False,93
2023,8,river,Turag,Turag Bridge,EC,148.0,False,93
2023,10,river,Turag,Turag Bridge,EC,168.4,False,93
2023,11,river,Turag,Turag Bridge,EC,346.0,False,93
2023,12,river,Turag,Turag Bridge,EC,460.0,False,93
2023,1,river,Turag,Turag Bridge,SS,15.0,False,93
2023,2,river,Turag,Turag Bridge,SS,154.0,False,93
2023,3,river,Turag,Turag Bridge,SS,105.0,False,93
2023,8,river,Turag,Turag Bridge,SS,59.0,False,93
2023,10,river,Turag,Turag Bridge,SS,149.0,False,93
2023,11,river,Turag,Turag Bridge,SS,23.0,False,93
2023,12,river,Turag,Turag Bridge,SS,40.0,False,93
2023,1,river,Turag,Turag Bridge,TDS,260.0,False,92
2023,2,river,Turag,Turag Bridge,TDS,391.0,False,92
2023,3,river,Turag,Turag Bridge,TDS,433.0,False,92
2023,8,river,Turag,Turag Bridge,TDS,76.8,False,92
2023,10,river,Turag,Turag Bridge,TDS,85.0,False,92
2023,11,river,Turag,Turag Bridge,TDS,185.6,False,92
2023,12,river,Turag,Turag Bridge,TDS,250.0,False,92
2023,1,river,Turag,Turag Bridge,TotalAlkalinity,110.0,False,93
2023,2,river,Turag,Turag Bridge,TotalAlkalinity,264.0,False,93
2023,3,river,Turag,Turag Bridge,TotalAlkalinity,168.0,False,93
2023,8,river,Turag,Turag Bridge,TotalAlkalinity,41.0,False,93
2023,10,river,Turag,Turag Bridge,TotalAlkalinity,12.0,False,93
2023,11,river,Turag,Turag Bridge,TotalAlkalinity,26.0,False,93
2023,12,river,Turag,Turag Bridge,TotalAlkalinity,40.0,False,93
2023,1,river,Turag,Turag Bridge,pH,7.52,False,92
2023,2,river,Turag,Turag Bridge,pH,7.33,False,92
2023,3,river,Turag,Turag Bridge,pH,7.5,False,92
2023,8,river,Turag,Turag Bridge,pH,7.7,False,92
2023,10,river,Turag,Turag Bridge,pH,7.12,False,92
2023,11,river,Turag,Turag Bridge,pH,8.16,False,92
2023,12,river,Turag,Turag Bridge,pH,7.35,False,92
2023,1,river,Turag,Vawal,BOD,9.0,False,92
2023,2,river,Turag,Vawal,BOD,14.0,False,92
2023,3,river,Turag,Vawal,BOD,15.0,False,92
2023,7,river,Turag,Vawal,BOD,1.0,False,92
2023,8,river,Turag,Vawal,BOD,2.4,False,92
2023,9,river,Turag,Vawal,BOD,4.0,False,92
2023,10,river,Turag,Vawal,BOD,1.4,False,92
2023,11,river,Turag,Vawal,BOD,3.7,False,92
2023,12,river,Turag,Vawal,BOD,5.0,False,92
2023,1,river,Turag,Vawal,COD,29.0,False,92
2023,2,river,Turag,Vawal,COD,27.0,False,92
2023,3,river,Turag,Vawal,COD,44.0,False,92
2023,7,river,Turag,Vawal,COD,17.0,False,92
2023,8,river,Turag,Vawal,COD,13.0,False,92
2023,9,river,Turag,Vawal,COD,27.0,False,92
2023,10,river,Turag,Vawal,COD,12.0,False,92
2023,11,river,Turag,Vawal,COD,13.0,False,92
2023,12,river,Turag,Vawal,COD,14.0,False,92
2023,1,river,Turag,Vawal,Chloride,20.0,False,93
2023,2,river,Turag,Vawal,Chloride,16.0,False,93
2023,3,river,Turag,Vawal,Chloride,16.0,False,93
2023,7,river,Turag,Vawal,Chloride,8.0,False,93
2023,8,river,Turag,Vawal,Chloride,11.0,False,93
2023,9,river,Turag,Vawal,Chloride,10.0,False,93
2023,10,river,Turag,Vawal,Chloride,11.0,False,93
2023,11,river,Turag,Vawal,Chloride,18.5,False,93
2023,12,river,Turag,Vawal,Chloride,21.0,False,93
2023,1,river,Turag,Vawal,DO,3.0,False,92
2023,2,river,Turag,Vawal,DO,3.7,False,92
2023,3,river,Turag,Vawal,DO,1.1,False,92
2023,7,river,Turag,Vawal,DO,7.0,False,92
2023,8,river,Turag,Vawal,DO,5.0,False,92
2023,9,river,Turag,Vawal,DO,5.3,False,92
2023,10,river,Turag,Vawal,DO,5.5,False,92
2023,11,river,Turag,Vawal,DO,5.1,False,92
2023,12,river,Turag,Vawal,DO,7.73,False,92
2023,1,river,Turag,Vawal,EC,432.0,False,93
2023,2,river,Turag,Vawal,EC,476.0,False,93
2023,3,river,Turag,Vawal,EC,538.0,False,93
2023,7,river,Turag,Vawal,EC,147.0,False,93
2023,8,river,Turag,Vawal,EC,209.0,False,93
2023,9,river,Turag,Vawal,EC,184.0,False,93
2023,10,river,Turag,Vawal,EC,200.7,False,93
2023,11,river,Turag,Vawal,EC,349.0,False,93
2023,12,river,Turag,Vawal,EC,277.0,False,93
2023,1,river,Turag,Vawal,SS,28.0,False,93
2023,2,river,Turag,Vawal,SS,13.0,False,93
2023,3,river,Turag,Vawal,SS,23.0,False,93
2023,7,river,Turag,Vawal,SS,186.0,False,93
2023,8,river,Turag,Vawal,SS,83.0,False,93
2023,9,river,Turag,Vawal,SS,78.0,False,93
2023,10,river,Turag,Vawal,SS,69.0,False,93
2023,11,river,Turag,Vawal,SS,28.0,False,93
2023,12,river,Turag,Vawal,SS,31.0,False,93
2023,1,river,Turag,Vawal,TDS,270.0,False,92
2023,2,river,Turag,Vawal,TDS,285.0,False,92
2023,3,river,Turag,Vawal,TDS,293.0,False,92
2023,7,river,Turag,Vawal,TDS,76.0,False,92
2023,8,river,Turag,Vawal,TDS,109.0,False,92
2023,9,river,Turag,Vawal,TDS,99.3,False,92
2023,10,river,Turag,Vawal,TDS,107.6,False,92
2023,11,river,Turag,Vawal,TDS,187.6,False,92
2023,12,river,Turag,Vawal,TDS,150.0,False,92
2023,1,river,Turag,Vawal,TotalAlkalinity,70.0,False,93
2023,2,river,Turag,Vawal,TotalAlkalinity,57.0,False,93
2023,3,river,Turag,Vawal,TotalAlkalinity,59.0,False,93
2023,7,river,Turag,Vawal,TotalAlkalinity,28.0,False,93
2023,8,river,Turag,Vawal,TotalAlkalinity,27.0,False,93
2023,9,river,Turag,Vawal,TotalAlkalinity,19.0,False,93
2023,10,river,Turag,Vawal,TotalAlkalinity,12.0,False,93
2023,11,river,Turag,Vawal,TotalAlkalinity,21.0,False,93
2023,12,river,Turag,Vawal,TotalAlkalinity,49.0,False,93
2023,1,river,Turag,Vawal,pH,7.4,False,92
2023,2,river,Turag,Vawal,pH,7.34,False,92
2023,3,river,Turag,Vawal,pH,7.33,False,92
2023,7,river,Turag,Vawal,pH,6.5,False,92
2023,8,river,Turag,Vawal,pH,7.93,False,92
2023,9,river,Turag,Vawal,pH,6.58,False,92
2023,10,river,Turag,Vawal,pH,6.34,False,92
2023,11,river,Turag,Vawal,pH,7.96,False,92
2023,12,river,Turag,Vawal,pH,7.57,False,92
