Date,river_raw,location,loc_code,lat,lon,temp_c,pH,EC,TDS,DO,turbidity,SS,alkalinity,NH4_N,NO3,PO4,chloride,COD,TOC,TC,Ecoli,project,year,month,river,PO4_P,season
2017-01-25,Turag,u/s of Konabari,1,24.01945,90.34443,21.9,6.63,848.0,439.0,0.27,21.0,23.0,140,3.21,2.8,0.35,,86.0,,23000.0,6000.0,REACH,2017,1,Turag,0.11414958250413283,dry
2017-01-25,Turag,Konabari Powerplant,2,23.9948,90.34186,24.8,7.95,915.0,450.0,0.29,19.61,32.0,180,3.59,2.8,1.35,,58.0,,15000.0,4000.0,REACH,2017,1,Turag,0.44029124680165527,dry
2017-01-25,Turag,d/s of Konabari,3,23.98681,90.32572,23.9,8.02,841.0,426.0,0.42,45.6,35.0,215,3.01,5.1,0.84,,76.0,,85000.0,48000.0,REACH,2017,1,Turag,0.2739589980099188,dry
2017-01-25,Turag,d/s of Kashimpur,4,23.98042,90.33772,24.1,7.94,875.0,434.0,0.23,30.5,29.0,190,3.56,4.0,1.05,,108.0,,43000.0,18000.0,REACH,2017,1,Turag,0.3424487475123985,dry
2017-02-27,Tongi Khal,d/s Ashulia Landing station,20,23.89441022,90.36477688,25.8,8.29,1550.0,736.0,0.22,179.0,228.0,290,7.0,0.9,0.21,260.0,80.0,17.15,1300000.0,80000.0,JICA-JST,2017,2,Tongi Khal,0.0684897495024797,dry
2017-02-27,Tongi Khal,u/s Ijtema Field,21,23.8917228,90.38988667,25.6,7.59,1116.0,543.0,0.43,106.0,146.0,270,11.15,0.9,1.68,240.0,85.0,12.7,1520000.0,420000.0,JICA-JST,2017,2,Tongi Khal,0.5479179960198376,dry
2017-02-27,Tongi Khal,d/s Railway Bridge,22,23.88178903,90.40636019,27.4,7.44,1099.0,516.0,0.23,62.1,142.0,325,21.0,3.1,7.62,210.0,138.0,30.1,2120000.0,1020000.0,JICA-JST,2017,2,Tongi Khal,2.4851994819471206,dry
2017-02-27,Tongi Khal,d/s of Hussein Dyeing,23,23.88925303,90.42315448,26.3,8.09,1448.0,696.0,0.4,55.1,135.0,350,24.45,0.4,7.56,180.0,152.0,32.6,3240000.0,980000.0,JICA-JST,2017,2,Tongi Khal,2.465630982089269,dry
2017-02-27,Tongi Khal,Mausaid (d/s Pagar Canal),24,23.89918269,90.43655294,21.3,8.02,1588.0,712.0,0.36,59.5,155.0,420,21.35,3.5,7.9,220.0,135.0,31.0,2320000.0,520000.0,JICA-JST,2017,2,Tongi Khal,2.576519147950427,dry
2017-02-27,Balu,u/s of Purbachal,26,23.86217843,90.47498149,25.2,7.82,1268.0,621.0,0.28,82.5,157.0,400,20.15,1.3,10.26,260.0,93.0,8.65,3820000.0,840000.0,JICA-JST,2017,2,Balu,3.346213475692579,dry
2017-02-27,Balu,d/s of Purbachal (Ichhapur bridge),27,23.82717834,90.48729817,24.3,7.61,1093.0,525.0,0.01,87.8,180.0,345,21.35,0.9,6.82,250.0,85.0,21.7,3220000.0,1120000.0,JICA-JST,2017,2,Balu,2.2242861505091027,dry
2017-02-27,Balu,Beraid,28,23.77769711,90.47789881,27.7,7.32,1040.0,501.0,0.63,63.7,157.0,270,25.4,3.1,7.02,170.0,108.0,16.7,3760000.0,2300000.0,JICA-JST,2017,2,Balu,2.289514483368607,dry
2017-02-27,Balu,d/s of Begunbari Canal,29,23.75971159,90.48346853,26.8,7.51,925.0,447.0,0.32,79.5,191.0,305,18.0,2.7,5.76,230.0,89.0,18.3,4280000.0,1280000.0,JICA-JST,2017,2,Balu,1.8785759863537288,dry
2017-02-27,Balu,Demra (u/s of confluence),30,23.7279083,90.50095276,27.8,7.54,1063.0,503.0,0.2,146.0,163.0,305,16.4,1.3,3.3,220.0,74.0,13.7,2700000.0,220000.0,JICA-JST,2017,2,Balu,1.0762674921818238,dry
2017-03-08,Tongi Khal,d/s Ashulia Landing station,20,23.89441022,90.36477688,25.9,7.93,1496.0,730.0,0.31,137.0,196.0,240,6.65,4.9,0.79,,67.0,22.7,,,JICA-JST,2017,3,Tongi Khal,0.2576519147950427,dry
2017-03-08,Tongi Khal,u/s Ijtema Field,21,23.8917228,90.38988667,26.1,8.54,1690.0,825.0,0.27,81.2,99.0,285,4.25,35.4,3.06,,63.0,17.9,,,JICA-JST,2017,3,Tongi Khal,0.9979934927504185,dry
2017-03-08,Tongi Khal,d/s Railway Bridge,22,23.88178903,90.40636019,25.5,7.61,1205.0,582.0,0.21,34.0,42.0,335,9.45,4.0,3.57,,8.0,16.0,,,JICA-JST,2017,3,Tongi Khal,1.1643257415421548,dry
2017-03-08,Tongi Khal,d/s of Hussein Dyeing,23,23.88925303,90.42315448,25.4,7.53,1122.0,527.0,0.19,14.76,17.0,140,7.25,7.1,4.67,,38.0,9.81,,,JICA-JST,2017,3,Tongi Khal,1.5230815722694298,dry
2017-03-08,Tongi Khal,Mausaid (d/s Pagar Canal),24,23.89918269,90.43655294,26.0,7.61,1194.0,572.0,0.24,52.9,125.0,275,19.0,3.1,5.07,,115.0,0.8,,,JICA-JST,2017,3,Tongi Khal,1.6535382379884387,dry
2017-03-08,Balu,u/s of Purbachal,26,23.86217843,90.47498149,26.4,7.73,1298.0,617.0,0.25,65.4,152.0,320,21.2,5.3,7.6,,106.0,29.6,,,JICA-JST,2017,3,Balu,2.47867664866117,dry
2017-03-08,Balu,d/s of Purbachal (Ichhapur bridge),27,23.82717834,90.48729817,26.6,7.41,1095.0,522.0,0.35,73.5,144.0,365,23.6,57.6,6.98,,188.0,0.99,,,JICA-JST,2017,3,Balu,2.276468816796706,dry
2017-03-08,Balu,Demra (u/s of confluence),30,23.7279083,90.50095276,26.1,7.45,1098.0,520.0,0.23,146.0,138.0,230,20.9,4.9,1.05,,55.0,23.9,,,JICA-JST,2017,3,Balu,0.3424487475123985,dry
2017-03-18,Tongi Khal,d/s Ashulia Landing station,20,23.89441022,90.36477688,25.7,7.9,1563.0,770.0,0.25,102.0,169.0,289,8.2,5.8,9.1,370.0,110.0,18.0,610000.0,105000.0,JICA-JST,2017,3,Tongi Khal,2.967889145107454,dry
2017-03-18,Tongi Khal,u/s Ijtema Field,21,23.8917228,90.38988667,26.7,7.5,1130.0,539.0,0.28,66.0,97.0,259,14.15,3.5,7.8,320.0,85.0,6.39,20000.0,0.0,JICA-JST,2017,3,Tongi Khal,2.5439049815206745,dry
2017-03-18,Tongi Khal,d/s Railway Bridge,22,23.88178903,90.40636019,25.2,7.28,913.0,446.0,0.26,43.4,92.0,224,18.799999999999997,11.1,11.3,260.0,99.0,9.62,1600000.0,1040000.0,JICA-JST,2017,3,Tongi Khal,3.6854008065620034,dry
2017-03-18,Tongi Khal,d/s of Hussein Dyeing,23,23.88925303,90.42315448,26.0,9.12,2016.0,912.0,0.3,68.2,164.0,369,23.650000000000002,15.6,17.9,250.0,224.0,9.58,695000.0,415000.0,JICA-JST,2017,3,Tongi Khal,5.83793579092565,dry
2017-03-18,Tongi Khal,Mausaid (d/s Pagar Canal),24,23.89918269,90.43655294,25.5,7.79,1501.0,738.0,0.21,51.8,200.0,369,27.0,6.2,14.0,240.0,209.0,6.1,1520000.0,1240000.0,JICA-JST,2017,3,Tongi Khal,4.565983300165314,dry
2017-03-18,Balu,u/s of Purbachal,26,23.86217843,90.47498149,25.3,7.7,1072.0,526.0,0.21,70.1,182.0,289,19.2,9.8,8.6,260.0,114.0,8.15,335000.0,15000.0,JICA-JST,2017,3,Balu,2.8048183129586923,dry
2017-03-18,Balu,d/s of Purbachal (Ichhapur bridge),27,23.82717834,90.48729817,25.5,7.63,1093.0,533.0,0.23,82.0,124.0,294,22.200000000000003,6.2,9.6,320.0,82.0,6.7,1500000.0,460000.0,JICA-JST,2017,3,Balu,3.130959977256215,dry
2017-03-18,Balu,Beraid,28,23.77769711,90.47789881,26.8,7.61,1107.0,525.0,0.22,180.0,544.0,379,27.0,7.5,5.7,290.0,146.0,1.89,2660000.0,1660000.0,JICA-JST,2017,3,Balu,1.8590074864958777,dry
2017-03-18,Balu,d/s of Begunbari Canal,29,23.75971159,90.48346853,26.7,7.52,1016.0,483.0,0.23,129.0,126.0,279,21.349999999999998,0.4,8.3,250.0,77.0,1.49,1660000.0,840000.0,JICA-JST,2017,3,Balu,2.7069758136694357,dry
2017-03-18,Balu,Demra (u/s of confluence),30,23.7279083,90.50095276,26.7,7.54,1057.0,502.0,0.25,147.0,93.0,314,18.35,3.5,8.5,340.0,61.0,3.0,125000.0,0.0,JICA-JST,2017,3,Balu,2.7722041465289404,dry
2017-03-20,Turag,u/s of Konabari,1,24.01945,90.34443,24.7,7.28,1055.0,520.0,0.27,37.4,51.0,185,3.78,5.6,1.43,,147.0,12.3,,,REACH,2017,3,Turag,0.466382579945457,dry
2017-03-20,Turag,Konabari Powerplant,2,23.9948,90.34186,24.9,7.47,1140.0,562.0,0.2,45.3,61.0,240,4.06,7.0,0.82,,85.0,16.0,,,REACH,2017,3,Turag,0.26743616472396836,dry
2017-03-20,Turag,d/s of Konabari,3,23.98681,90.32572,24.6,7.63,1163.0,577.0,0.26,51.3,73.0,210,4.1,5.2,0.62,,90.0,11.6,,,REACH,2017,3,Turag,0.2022078318644639,dry
2017-03-20,Turag,d/s of Kashimpur,4,23.98042,90.33772,24.8,7.54,1197.0,590.0,0.26,49.1,79.0,245,4.14,14.9,0.27,,104.0,16.4,,,REACH,2017,3,Turag,0.08805824936033105,dry
2017-03-20,Turag,Yearpur (u/s of Ashulia Lake),5,23.92568,90.34812,25.0,7.76,1239.0,610.0,0.25,50.2,87.0,225,4.55,2.0,0.39,,136.0,30.5,,,REACH,2017,3,Turag,0.12719524907603375,dry
2017-03-20,Turag,Ashulia Bridge (d/s of Ashulia Lake),6,23.89519,90.33463,25.4,7.52,1868.0,835.0,0.19,169.0,219.0,265,4.92,22.7,3.22,,111.0,15.3,,,REACH,2017,3,Turag,1.050176159038022,dry
2017-03-29,Tongi Khal,d/s Ashulia Landing station,20,23.89441022,90.36477688,27.1,7.6,1120.0,575.0,0.22,63.5,107.0,395,,,,260.0,111.0,7.26,,,JICA-JST,2017,3,Tongi Khal,,dry
2017-03-29,Tongi Khal,u/s Ijtema Field,21,23.8917228,90.38988667,26.7,7.29,1006.0,477.0,0.17,37.0,59.0,140,,,,220.0,108.0,7.82,,,JICA-JST,2017,3,Tongi Khal,,dry
2017-03-29,Tongi Khal,d/s Railway Bridge,22,23.88178903,90.40636019,27.2,7.5,1359.0,643.0,0.21,34.2,90.0,410,,,,260.0,192.0,16.9,,,JICA-JST,2017,3,Tongi Khal,,dry
2017-03-29,Tongi Khal,d/s of Hussein Dyeing,23,23.88925303,90.42315448,29.0,8.74,1985.0,923.0,0.16,58.5,134.0,550,,,,240.0,205.0,18.2,,,JICA-JST,2017,3,Tongi Khal,,dry
2017-03-29,Tongi Khal,Mausaid (d/s Pagar Canal),24,23.89918269,90.43655294,27.4,7.6,1519.0,721.0,0.23,92.0,94.0,555,,,,220.0,155.0,15.0,,,JICA-JST,2017,3,Tongi Khal,,dry
2017-03-29,Balu,u/s of Purbachal,26,23.86217843,90.47498149,27.3,7.61,1071.0,504.0,0.18,63.8,89.0,340,,,,160.0,75.0,6.6,,,JICA-JST,2017,3,Balu,,dry
2017-03-29,Balu,d/s of Purbachal (Ichhapur bridge),27,23.82717834,90.48729817,27.2,7.49,1046.0,493.0,0.16,41.6,84.0,395,,,,130.0,120.0,9.85,,,JICA-JST,2017,3,Balu,,dry
2017-03-29,Balu,Beraid,28,23.77769711,90.47789881,27.7,7.48,1125.0,525.0,0.27,49.7,51.0,240,,,,210.0,152.0,4.06,,,JICA-JST,2017,3,Balu,,dry
2017-03-29,Balu,d/s of Begunbari Canal,29,23.75971159,90.48346853,28.9,7.66,1225.0,560.0,0.22,34.1,41.0,325,,,,140.0,152.0,5.38,,,JICA-JST,2017,3,Balu,,dry
2017-03-29,Balu,Demra (u/s of confluence),30,23.7279083,90.50095276,29.9,7.71,1205.0,547.0,0.31,28.5,35.0,375,,,,160.0,123.0,4.24,,,JICA-JST,2017,3,Balu,,dry
2017-04-18,Tongi Khal,d/s Ashulia Landing station,20,23.89441022,90.36477688,29.6,7.66,1421.0,643.0,0.19,130.0,158.0,295,,14.2,4.9,170.0,80.0,5.51,805000.0,75000.0,JICA-JST,2017,4,Tongi Khal,1.5980941550578598,dry
2017-04-18,Tongi Khal,u/s Ijtema Field,21,23.8917228,90.38988667,32.9,8.03,1400.0,595.0,0.28,50.6,69.0,295,,2.2,5.4,200.0,67.0,6.57,1150000.0,170000.0,JICA-JST,2017,4,Tongi Khal,1.761164987206621,dry
2017-04-18,Tongi Khal,d/s Railway Bridge,22,23.88178903,90.40636019,30.3,7.88,1200.0,530.0,0.2,82.9,79.0,270,,4.4,5.8,210.0,83.0,17.5,1590000.0,530000.0,JICA-JST,2017,4,Tongi Khal,1.89162165292563,dry
2017-04-18,Tongi Khal,d/s of Hussein Dyeing,23,23.88925303,90.42315448,30.9,8.41,1292.0,570.0,0.18,73.0,103.0,295,,5.8,10.6,170.0,134.0,3.61,1900000.0,1000000.0,JICA-JST,2017,4,Tongi Khal,3.457101641553737,dry
2017-04-18,Tongi Khal,Mausaid (d/s Pagar Canal),24,23.89918269,90.43655294,30.4,7.59,1383.0,617.0,0.19,120.0,99.0,350,,7.5,12.5,160.0,152.0,4.2,2420000.0,1360000.0,JICA-JST,2017,4,Tongi Khal,4.07677080371903,dry
2017-04-18,Balu,u/s of Purbachal,26,23.86217843,90.47498149,30.5,7.7,1318.0,584.0,0.26,82.8,121.0,405,,5.3,10.6,180.0,112.0,27.9,835000.0,195000.0,JICA-JST,2017,4,Balu,3.457101641553737,dry
2017-04-18,Balu,d/s of Purbachal (Ichhapur bridge),27,23.82717834,90.48729817,30.5,7.69,1246.0,548.0,0.21,71.8,92.0,345,,4.0,9.1,120.0,56.0,14.2,665000.0,85000.0,JICA-JST,2017,4,Balu,2.967889145107454,dry
2017-04-18,Balu,Beraid,28,23.77769711,90.47789881,30.0,7.54,976.0,432.0,0.17,70.7,82.0,320,,3.1,7.6,100.0,67.0,2.91,1930000.0,1400000.0,JICA-JST,2017,4,Balu,2.47867664866117,dry
2017-04-18,Balu,d/s of Begunbari Canal,29,23.75971159,90.48346853,30.2,7.35,888.0,391.0,0.2,70.0,85.0,280,,4.4,8.8,130.0,69.0,5.33,2520000.0,1580000.0,JICA-JST,2017,4,Balu,2.8700466458181975,dry
2017-04-18,Balu,Demra (u/s of confluence),30,23.7279083,90.50095276,30.0,7.58,691.0,303.0,0.2,29.3,35.0,155,,16.8,3.8,130.0,32.0,0.86,2380000.0,1380000.0,JICA-JST,2017,4,Balu,1.239338324330585,dry
2017-04-29,Tongi Khal,d/s Ashulia Landing station,20,23.89441022,90.36477688,29.5,7.37,1022.0,458.0,0.25,43.9,37.0,175,1.85,,,110.0,61.0,7.07,,,JICA-JST,2017,4,Tongi Khal,,dry
2017-04-29,Tongi Khal,u/s Ijtema Field,21,23.8917228,90.38988667,29.2,7.66,1085.0,491.0,0.23,37.7,32.0,200,3.3,,,190.0,39.0,8.28,,,JICA-JST,2017,4,Tongi Khal,,dry
2017-04-29,Tongi Khal,d/s Railway Bridge,22,23.88178903,90.40636019,29.0,7.87,1038.0,466.0,0.18,422.0,400.0,245,8.05,,,180.0,108.0,0.53,,,JICA-JST,2017,4,Tongi Khal,,dry
2017-04-29,Tongi Khal,d/s of Hussein Dyeing,23,23.88925303,90.42315448,29.0,7.87,1224.0,553.0,0.17,62.2,51.0,275,8.05,,,180.0,80.0,10.4,,,JICA-JST,2017,4,Tongi Khal,,dry
2017-04-29,Tongi Khal,Mausaid (d/s Pagar Canal),24,23.89918269,90.43655294,29.2,7.9,1149.0,520.0,0.17,60.6,41.0,285,17.9,,,180.0,174.0,26.6,,,JICA-JST,2017,4,Tongi Khal,,dry
2017-04-29,Balu,u/s of Purbachal,26,23.86217843,90.47498149,29.7,7.74,973.0,431.0,0.18,9.14,63.0,245,9.35,,,200.0,57.0,7.55,,,JICA-JST,2017,4,Balu,,dry
2017-04-29,Balu,d/s of Purbachal (Ichhapur bridge),27,23.82717834,90.48729817,30.0,7.74,715.0,316.0,0.49,48.8,51.0,145,9.85,,,170.0,55.0,8.18,,,JICA-JST,2017,4,Balu,,dry
2017-04-29,Balu,Beraid,28,23.77769711,90.47789881,30.1,7.6,589.0,259.0,0.18,23.6,38.0,170,10.55,,,220.0,71.0,6.38,,,JICA-JST,2017,4,Balu,,dry
2017-04-29,Balu,d/s of Begunbari Canal,29,23.75971159,90.48346853,29.6,7.66,439.0,193.2,0.17,54.2,33.0,145,6.6,,,240.0,37.0,7.65,,,JICA-JST,2017,4,Balu,,dry
2017-04-29,Balu,Demra (u/s of confluence),30,23.7279083,90.50095276,29.2,7.63,319.0,140.3,0.59,0.71,16.0,90,2.75,,,180.0,50.0,6.09,,,JICA-JST,2017,4,Balu,,dry
2017-05-02,Turag,u/s of Konabari,1,24.01945,90.34443,29.7,6.9,402.0,167.5,0.36,21.1,22.0,55,0.29,4.9,2.3,,17.0,4.31,550.0,50.0,REACH,2017,5,Turag,0.7501258278843015,wet
2017-05-02,Turag,Konabari Powerplant,2,23.9948,90.34186,28.6,7.45,450.0,197.4,0.26,16.27,20.0,70,0.36,6.6,3.8,,15.0,3.63,20250.0,1850.0,REACH,2017,5,Turag,1.239338324330585,wet
2017-05-02,Turag,d/s of Konabari,3,23.98681,90.32572,29.4,7.61,436.0,190.6,1.33,15.68,17.0,140,0.09,3.4,0.5,,20.0,11.5,3200.0,50.0,REACH,2017,5,Turag,0.1630708321487612,wet
2017-05-02,Turag,d/s of Kashimpur,4,23.98042,90.33772,29.5,7.6,406.0,178.3,1.09,17.41,13.0,75,0.45,13.3,3.7,,12.0,5.82,2950.0,100.0,REACH,2017,5,Turag,1.206724157900833,wet
2017-05-02,Turag,Yearpur (u/s of Ashulia Lake),5,23.92568,90.34812,29.4,7.67,411.0,180.2,0.9,17.18,16.0,105,0.57,4.0,3.3,,11.0,8.81,100.0,100.0,REACH,2017,5,Turag,1.0762674921818238,wet
2017-05-02,Turag,Ashulia Bridge (d/s of Ashulia Lake),6,23.89519,90.33463,30.1,7.89,717.0,303.0,3.79,42.9,58.0,160,3.7,18.4,3.7,,47.0,12.8,14200.0,4800.0,REACH,2017,5,Turag,1.206724157900833,wet
2017-05-02,Turag,Rustampur (u/s of confluence),7,23.8795,90.3503,29.7,7.89,934.0,414.0,0.21,54.9,72.0,220,4.9,2.9,9.4,,78.0,7.66,15800.0,5400.0,REACH,2017,5,Turag,3.06573164439671,wet
2017-05-13,Tongi Khal,d/s Ashulia Landing station,20,23.89441022,90.36477688,30.3,7.21,822.0,361.0,0.22,19.12,58.0,255,12.15,4.0,9.8,160.0,110.0,6.93,12000.0,6000.0,JICA-JST,2017,5,Tongi Khal,3.1961883101157196,wet
2017-05-13,Tongi Khal,u/s Ijtema Field,21,23.8917228,90.38988667,30.2,7.35,898.0,394.0,0.12,26.1,90.0,225,17.85,0.4,18.2,260.0,78.0,9.23,35000.0,15000.0,JICA-JST,2017,5,Tongi Khal,5.935778290214908,wet
2017-05-13,Tongi Khal,d/s Railway Bridge,22,23.88178903,90.40636019,30.7,7.71,1331.0,584.0,0.26,29.6,97.0,370,19.1,7.1,23.7,220.0,121.0,34.3,131000.0,64000.0,JICA-JST,2017,5,Tongi Khal,7.729557443851281,wet
2017-05-13,Tongi Khal,d/s of Hussein Dyeing,23,23.88925303,90.42315448,30.9,8.28,1700.0,723.0,0.19,24.9,85.0,420,18.15,9.3,19.3,230.0,156.0,9.03,144000.0,54000.0,JICA-JST,2017,5,Tongi Khal,6.294534120942183,wet
2017-05-13,Tongi Khal,Mausaid (d/s Pagar Canal),24,23.89918269,90.43655294,31.2,7.76,1297.0,568.0,0.28,18.7,89.0,330,16.0,21.3,12.6,210.0,75.0,23.4,72000.0,36000.0,JICA-JST,2017,5,Tongi Khal,4.109384970148782,wet
2017-05-13,Balu,u/s of Purbachal,26,23.86217843,90.47498149,30.8,7.79,685.0,295.0,0.21,30.5,31.0,170,5.15,4.9,6.6,200.0,47.0,8.8,20000.0,2000.0,JICA-JST,2017,5,Balu,2.1525349843636477,wet
2017-05-13,Balu,d/s of Purbachal (Ichhapur bridge),27,23.82717834,90.48729817,31.2,7.69,749.0,324.0,0.17,37.4,43.0,250,5.35,0.9,5.6,230.0,47.0,9.47,10000.0,0.0,JICA-JST,2017,5,Balu,1.8263933200661253,wet
2017-05-13,Balu,Beraid,28,23.77769711,90.47789881,31.2,7.55,779.0,335.0,0.16,45.3,52.0,235,7.7,4.0,6.0,180.0,52.0,8.81,122000.0,48000.0,JICA-JST,2017,5,Balu,1.9568499857851342,wet
2017-05-13,Balu,d/s of Begunbari Canal,29,23.75971159,90.48346853,31.4,7.51,597.0,254.0,0.25,43.7,43.0,170,7.65,23.0,4.9,200.0,42.0,12.1,125000.0,55000.0,JICA-JST,2017,5,Balu,1.5980941550578598,wet
2017-05-13,Balu,Demra (u/s of confluence),30,23.7279083,90.50095276,30.4,7.52,266.0,122.2,0.25,57.6,24.0,85,1.9,3.1,1.7,210.0,21.0,5.74,47000.0,15000.0,JICA-JST,2017,5,Balu,0.5544408293057881,wet
2017-05-27,Tongi Khal,d/s Ashulia Landing station,20,23.89441022,90.36477688,31.5,7.22,417.0,176.0,0.8,21.3,27.0,90,0.75,7.5,4.5,200.0,78.0,7.04,,,JICA-JST,2017,5,Tongi Khal,1.4676374893388509,wet
2017-05-27,Tongi Khal,u/s Ijtema Field,21,23.8917228,90.38988667,32.0,6.85,528.0,222.0,0.51,35.6,43.0,75,1.6,5.8,3.6,220.0,43.0,5.36,,,JICA-JST,2017,5,Tongi Khal,1.1741099914710806,wet
2017-05-27,Tongi Khal,d/s Railway Bridge,22,23.88178903,90.40636019,32.1,7.38,538.0,226.0,0.18,41.3,32.0,110,2.45,10.2,4.1,190.0,41.0,6.86,,,JICA-JST,2017,5,Tongi Khal,1.3371808236198417,wet
2017-05-27,Tongi Khal,d/s of Hussein Dyeing,23,23.88925303,90.42315448,32.2,8.44,715.0,336.0,0.18,23.1,40.0,165,6.25,5.8,4.1,180.0,84.0,6.14,,,JICA-JST,2017,5,Tongi Khal,1.3371808236198417,wet
2017-05-27,Tongi Khal,Mausaid (d/s Pagar Canal),24,23.89918269,90.43655294,32.2,7.65,790.0,268.0,0.2,19.29,53.0,160,8.75,3.5,8.7,190.0,217.0,8.32,,,JICA-JST,2017,5,Tongi Khal,2.8374324793884447,wet
2017-05-27,Balu,u/s of Purbachal,26,23.86217843,90.47498149,31.7,7.57,634.0,297.0,0.18,46.0,51.0,175,6.3,4.4,10.4,230.0,106.0,7.45,,,JICA-JST,2017,5,Balu,3.391873308694233,wet
2017-05-27,Balu,d/s of Purbachal (Ichhapur bridge),27,23.82717834,90.48729817,32.2,7.49,484.0,241.0,0.31,33.4,51.0,105,3.9,8.9,5.4,200.0,59.0,7.87,,,JICA-JST,2017,5,Balu,1.761164987206621,wet
2017-05-27,Balu,Beraid,28,23.77769711,90.47789881,32.1,7.27,573.0,89.2,0.16,26.1,44.0,130,9.05,11.1,5.2,230.0,69.0,11.7,,,JICA-JST,2017,5,Balu,1.6959366543471166,wet
2017-05-27,Balu,d/s of Begunbari Canal,29,23.75971159,90.48346853,32.5,7.33,218.1,81.2,0.19,25.0,29.0,80,2.8,9.7,4.7,170.0,42.0,5.2,,,JICA-JST,2017,5,Balu,1.532865822198355,wet
2017-05-27,Balu,Demra (u/s of confluence),30,23.7279083,90.50095276,32.4,7.39,198.7,79.0,0.68,22.5,22.0,45,0.45,7.5,4.6,240.0,31.0,5.34,,,JICA-JST,2017,5,Balu,1.500251655768603,wet
2017-06-17,Turag,u/s of Konabari,1,24.01945,90.34443,31.1,7.8,132.6,57.0,5.61,109.0,104.0,85,1.75,7.6,3.6,90.0,8.0,27.1,45000.0,35000.0,REACH,2017,6,Turag,1.1741099914710806,wet
2017-06-17,Turag,Konabari Powerplant,2,23.9948,90.34186,29.4,7.54,137.0,59.2,5.71,101.0,101.0,45,2.0,4.5,3.3,80.0,51.0,16.0,20000.0,1000.0,REACH,2017,6,Turag,1.0762674921818238,wet
2017-06-17,Turag,d/s of Konabari,3,23.98681,90.32572,29.4,7.5,151.7,65.7,5.3,101.0,92.0,45,2.25,3.5,4.6,90.0,44.0,15.4,13000.0,1000.0,REACH,2017,6,Turag,1.500251655768603,wet
2017-06-17,Turag,d/s of Kashimpur,4,23.98042,90.33772,29.3,7.49,152.6,66.1,5.29,99.6,97.0,55,2.5,5.7,4.4,120.0,70.0,15.4,39000.0,5000.0,REACH,2017,6,Turag,1.4350233229090987,wet
2017-06-17,Turag,Yearpur (u/s of Ashulia Lake),5,23.92568,90.34812,29.5,7.44,155.1,67.1,5.02,79.3,68.0,40,3.25,11.0,3.0,140.0,84.0,15.9,16000.0,4000.0,REACH,2017,6,Turag,0.9784249928925671,wet
2017-06-17,Turag,Ashulia Bridge (d/s of Ashulia Lake),6,23.89519,90.33463,29.1,7.46,154.9,67.1,5.11,65.1,71.0,65,1.7500000000000002,3.7,3.2,80.0,71.0,15.4,50000.0,6000.0,REACH,2017,6,Turag,1.0436533257520717,wet
2017-06-17,Turag,Rustampur (u/s of confluence),7,23.8795,90.3503,29.5,7.26,155.1,67.2,4.0,43.9,42.0,60,1.5,4.1,3.2,70.0,43.0,15.4,10000.0,1000.0,REACH,2017,6,Turag,1.0436533257520717,wet
2017-06-18,Tongi Khal,d/s Ashulia Landing station,20,23.89441022,90.36477688,29.3,7.44,170.0,74.2,3.27,44.3,49.0,35,0.43,4.9,2.8,130.0,-59.0,5.15,0.0,0.0,JICA-JST,2017,6,Tongi Khal,0.9131966600330627,wet
2017-06-18,Tongi Khal,u/s Ijtema Field,21,23.8917228,90.38988667,29.3,7.19,179.4,78.1,2.79,34.0,42.0,15,0.8,1.8,1.8,90.0,-22.0,2.75,14000.0,4000.0,JICA-JST,2017,6,Tongi Khal,0.5870549957355403,wet
2017-06-18,Tongi Khal,d/s Railway Bridge,22,23.88178903,90.40636019,29.4,7.15,206.8,90.1,1.4,30.2,31.0,25,0.9,4.9,1.4,90.0,-16.0,3.04,37000.0,21000.0,JICA-JST,2017,6,Tongi Khal,0.45659833001653133,wet
2017-06-18,Tongi Khal,d/s of Hussein Dyeing,23,23.88925303,90.42315448,29.3,7.1,238.0,103.8,0.15,28.7,34.0,85,2.9,2.7,2.2,70.0,5.0,3.26,56000.0,39000.0,JICA-JST,2017,6,Tongi Khal,0.7175116614545494,wet
2017-06-18,Tongi Khal,Mausaid (d/s Pagar Canal),24,23.89918269,90.43655294,29.3,7.14,302.0,133.2,0.22,31.3,35.0,70,3.5,3.1,2.0,70.0,-44.0,3.76,26000.0,20000.0,JICA-JST,2017,6,Tongi Khal,0.6522833285950448,wet
2017-06-18,Balu,u/s of Purbachal,26,23.86217843,90.47498149,29.3,7.19,396.0,129.9,0.38,16.18,20.0,100,2.3,1.8,2.0,120.0,1.0,3.43,44000.0,16000.0,JICA-JST,2017,6,Balu,0.6522833285950448,wet
2017-06-18,Balu,d/s of Purbachal (Ichhapur bridge),27,23.82717834,90.48729817,29.1,7.19,282.0,124.2,0.34,18.66,21.0,150,0.4,14.2,1.7,100.0,-7.0,4.82,81000.0,17000.0,JICA-JST,2017,6,Balu,0.5544408293057881,wet
2017-06-18,Balu,Beraid,28,23.77769711,90.47789881,29.4,7.28,288.0,125.4,0.58,16.47,22.0,50,3.65,0.9,1.7,150.0,0.0,3.82,30000.0,20000.0,JICA-JST,2017,6,Balu,0.5544408293057881,wet
2017-06-18,Balu,d/s of Begunbari Canal,29,23.75971159,90.48346853,29.6,7.19,337.0,147.7,0.18,25.3,31.0,90,3.35,0.4,2.6,130.0,3.0,4.47,64000.0,22000.0,JICA-JST,2017,6,Balu,0.8479683271735583,wet
2017-06-18,Balu,Demra (u/s of confluence),30,23.7279083,90.50095276,29.4,7.17,340.0,149.0,0.24,24.3,30.0,120,3.5,0.9,2.3,90.0,-8.0,7.12,24000.0,4000.0,JICA-JST,2017,6,Balu,0.7501258278843015,wet
2017-07-14,Turag,u/s of Konabari,1,24.01945,90.34443,28.7,8.36,117.4,51.7,5.9,195.0,237.0,30,0.34,0.2,1.0,110.0,260.0,20.6,,,REACH,2017,7,Turag,0.3261416642975224,wet
2017-07-14,Turag,Konabari Powerplant,2,23.9948,90.34186,28.2,8.14,118.5,52.4,6.0,221.0,245.0,30,0.38,0.6,2.7,100.0,200.0,13.3,,,REACH,2017,7,Turag,0.8805824936033105,wet
2017-07-14,Turag,d/s of Konabari,3,23.98681,90.32572,28.4,8.08,129.8,57.3,5.66,212.0,215.0,45,1.04,0.2,0.7,70.0,220.0,14.7,,,REACH,2017,7,Turag,0.22829916500826566,wet
2017-07-14,Turag,d/s of Kashimpur,4,23.98042,90.33772,28.3,8.12,129.8,57.3,5.66,194.0,216.0,45,4.19,0.9,4.2,110.0,190.0,13.6,,,REACH,2017,7,Turag,1.369794990049594,wet
2017-07-14,Turag,Yearpur (u/s of Ashulia Lake),5,23.92568,90.34812,28.7,8.05,129.7,56.9,5.76,139.0,166.0,60,5.25,4.7,20.8,60.0,170.0,14.3,,,REACH,2017,7,Turag,6.783746617388466,wet
2017-07-14,Turag,Ashulia Bridge (d/s of Ashulia Lake),6,23.89519,90.33463,28.7,7.8,131.6,57.7,5.77,138.0,80.0,50,4.88,0.3,1.2,130.0,170.0,15.3,,,REACH,2017,7,Turag,0.39136999715702686,wet
2017-07-14,Turag,Rustampur (u/s of confluence),7,23.8795,90.3503,29.2,7.94,131.1,56.9,5.6,130.0,103.0,95,5.18,1.1,4.9,80.0,160.0,15.0,,,REACH,2017,7,Turag,1.5980941550578598,wet
2017-07-15,Tongi Khal,d/s Ashulia Landing station,20,23.89441022,90.36477688,28.8,8.01,133.0,58.1,5.42,85.7,159.0,85,1.2,6.6,3.0,120.0,,2.42,0.0,0.0,JICA-JST,2017,7,Tongi Khal,0.9784249928925671,wet
2017-07-15,Tongi Khal,u/s Ijtema Field,21,23.8917228,90.38988667,28.8,7.66,135.1,58.5,5.08,86.6,119.0,95,0.82,0.9,3.6,110.0,,1.84,10000.0,4000.0,JICA-JST,2017,7,Tongi Khal,1.1741099914710806,wet
2017-07-15,Tongi Khal,d/s Railway Bridge,22,23.88178903,90.40636019,29.2,7.67,141.5,59.4,5.01,86.4,117.0,65,0.67,13.7,3.2,110.0,,1.58,20000.0,12000.0,JICA-JST,2017,7,Tongi Khal,1.0436533257520717,wet
2017-07-15,Tongi Khal,d/s of Hussein Dyeing,23,23.88925303,90.42315448,29.3,7.59,141.5,61.5,4.46,85.2,94.0,110,0.71,8.0,3.1,140.0,,1.58,40000.0,8000.0,JICA-JST,2017,7,Tongi Khal,1.0110391593223194,wet
2017-07-15,Tongi Khal,Mausaid (d/s Pagar Canal),24,23.89918269,90.43655294,29.2,7.61,146.0,63.4,4.26,76.7,96.0,60,0.6,5.8,2.4,100.0,,1.67,12000.0,9000.0,JICA-JST,2017,7,Tongi Khal,0.7827399943140537,wet
2017-07-15,Balu,u/s of Purbachal,26,23.86217843,90.47498149,30.2,7.5,167.3,71.3,2.73,28.3,82.0,60,0.35,3.5,2.2,100.0,,1.97,40000.0,7000.0,JICA-JST,2017,7,Balu,0.7175116614545494,wet
2017-07-15,Balu,d/s of Purbachal (Ichhapur bridge),27,23.82717834,90.48729817,29.9,7.34,169.9,73.1,2.34,22.6,67.0,55,1.01,4.4,2.4,50.0,,2.07,83000.0,12000.0,JICA-JST,2017,7,Balu,0.7827399943140537,wet
2017-07-15,Balu,Beraid,28,23.77769711,90.47789881,30.6,7.58,171.9,73.6,4.5,11.8,38.0,60,1.07,3.5,2.2,60.0,,3.36,20000.0,6000.0,JICA-JST,2017,7,Balu,0.7175116614545494,wet
2017-07-15,Balu,d/s of Begunbari Canal,29,23.75971159,90.48346853,30.1,7.43,219.5,94.5,0.75,12.18,56.0,70,1.44,4.0,1.5,60.0,,2.15,45000.0,12000.0,JICA-JST,2017,7,Balu,0.48921249644628356,wet
2017-07-15,Balu,Demra (u/s of confluence),30,23.7279083,90.50095276,30.5,7.26,215.5,92.0,1.29,10.15,72.0,45,2.34,5.3,5.2,60.0,,2.63,16000.0,4000.0,JICA-JST,2017,7,Balu,1.6959366543471166,wet
2017-07-29,Tongi Khal,d/s Ashulia Landing station,20,23.89441022,90.36477688,29.6,8.13,147.8,63.9,5.08,47.5,49.0,30,0.53,5.8,5.0,70.0,190.0,16.6,,,JICA-JST,2017,7,Tongi Khal,1.630708321487612,wet
2017-07-29,Tongi Khal,u/s Ijtema Field,21,23.8917228,90.38988667,29.3,7.68,148.6,64.3,4.82,37.7,37.0,65,0.53,4.0,1.5,80.0,180.0,3.4,,,JICA-JST,2017,7,Tongi Khal,0.48921249644628356,wet
2017-07-29,Tongi Khal,d/s Railway Bridge,22,23.88178903,90.40636019,29.5,7.6,144.2,64.5,4.62,38.2,27.0,55,0.54,8.4,6.9,70.0,180.0,3.77,,,JICA-JST,2017,7,Tongi Khal,2.2503774836529047,wet
2017-07-29,Tongi Khal,d/s of Hussein Dyeing,23,23.88925303,90.42315448,29.6,7.49,154.4,67.0,4.25,36.1,37.0,60,0.71,10.6,10.1,60.0,220.0,3.44,,,JICA-JST,2017,7,Tongi Khal,3.294030809404976,wet
2017-07-29,Tongi Khal,Mausaid (d/s Pagar Canal),24,23.89918269,90.43655294,29.7,7.47,158.1,68.1,3.84,37.8,28.0,55,0.53,28.8,21.2,50.0,180.0,3.77,,,JICA-JST,2017,7,Tongi Khal,6.914203283107474,wet
2017-07-29,Balu,u/s of Purbachal,26,23.86217843,90.47498149,29.6,7.41,190.6,82.6,3.3,21.0,19.0,75,0.96,8.0,4.9,40.0,160.0,4.4,,,JICA-JST,2017,7,Balu,1.5980941550578598,wet
2017-07-29,Balu,d/s of Purbachal (Ichhapur bridge),27,23.82717834,90.48729817,29.6,7.38,227.0,98.6,1.38,15.87,16.0,85,2.21,2.2,0.9,70.0,220.0,4.66,,,JICA-JST,2017,7,Balu,0.29352749786777016,wet
2017-07-29,Balu,Demra (u/s of confluence),30,23.7279083,90.50095276,29.4,7.16,234.0,101.7,1.0,20.8,21.0,95,2.34,4.9,3.5,60.0,210.0,4.39,,,JICA-JST,2017,7,Balu,1.1414958250413285,wet
2017-08-11,Turag,u/s of Konabari,1,24.01945,90.34443,29.8,8.17,119.1,50.9,6.67,104.0,29.0,35,0.53,4.0,17.9,120.0,130.0,14.1,31800.0,13200.0,REACH,2017,8,Turag,5.83793579092565,wet
2017-08-11,Turag,Konabari Powerplant,2,23.9948,90.34186,29.4,7.98,121.5,52.0,6.61,134.0,29.0,20,0.4,3.3,14.4,130.0,200.0,1.74,11900.0,4300.0,REACH,2017,8,Turag,4.6964399658843226,wet
2017-08-11,Turag,d/s of Konabari,3,23.98681,90.32572,29.8,7.93,123.6,55.9,6.31,131.0,31.0,40,0.4,2.0,8.8,110.0,220.0,2.28,34700.0,14200.0,REACH,2017,8,Turag,2.8700466458181975,wet
2017-08-11,Turag,d/s of Kashimpur,4,23.98042,90.33772,29.5,7.81,129.4,55.4,6.31,127.0,24.0,65,0.61,3.8,17.0,100.0,380.0,2.91,42100.0,15800.0,REACH,2017,8,Turag,5.544408293057881,wet
2017-08-11,Turag,Yearpur (u/s of Ashulia Lake),5,23.92568,90.34812,29.8,7.91,131.2,56.2,6.27,94.1,26.0,70,0.52,1.7,7.3,130.0,330.0,3.03,31000.0,12600.0,REACH,2017,8,Turag,2.380834149371913,wet
2017-08-11,Turag,Ashulia Bridge (d/s of Ashulia Lake),6,23.89519,90.33463,29.3,7.99,129.2,55.4,6.38,69.3,42.0,85,0.46,2.8,12.2,100.0,130.0,2.48,26700.0,11300.0,REACH,2017,8,Turag,3.9789283044297727,wet
2017-08-11,Turag,Rustampur (u/s of confluence),7,23.8795,90.3503,29.6,7.81,129.3,55.6,6.62,59.0,46.0,90,0.36,1.1,4.7,100.0,110.0,2.4,14100.0,6500.0,REACH,2017,8,Turag,1.532865822198355,wet
2017-08-12,Tongi Khal,d/s Ashulia Landing station,20,23.89441022,90.36477688,29.0,8.3,128.4,56.1,6.25,61.8,62.0,70,0.38,3.3,5.0,200.0,,4.26,22700.0,6300.0,JICA-JST,2017,8,Tongi Khal,1.630708321487612,wet
2017-08-12,Tongi Khal,u/s Ijtema Field,21,23.8917228,90.38988667,29.1,8.04,133.4,57.4,5.66,54.5,41.0,120,0.48,16.4,0.5,180.0,,2.87,63800.0,11900.0,JICA-JST,2017,8,Tongi Khal,0.1630708321487612,wet
2017-08-12,Tongi Khal,d/s Railway Bridge,22,23.88178903,90.40636019,29.0,7.92,132.8,57.7,5.73,53.6,30.0,100,0.35,4.6,2.1,230.0,,3.2,137300.0,34000.0,JICA-JST,2017,8,Tongi Khal,0.684897495024797,wet
2017-08-12,Tongi Khal,d/s of Hussein Dyeing,23,23.88925303,90.42315448,29.0,7.81,148.2,64.6,5.21,53.6,43.0,105,0.33,7.2,0.8,150.0,,3.68,167700.0,52300.0,JICA-JST,2017,8,Tongi Khal,0.2609133314380179,wet
2017-08-12,Tongi Khal,Mausaid (d/s Pagar Canal),24,23.89918269,90.43655294,29.3,7.76,148.1,63.8,4.82,49.7,37.0,90,0.37,5.6,0.8,210.0,,3.38,114600.0,30100.0,JICA-JST,2017,8,Tongi Khal,0.2609133314380179,wet
2017-08-12,Balu,u/s of Purbachal,26,23.86217843,90.47498149,28.9,7.63,185.5,81.0,3.11,20.1,48.0,130,0.8,5.2,1.0,250.0,,3.54,54900.0,14800.0,JICA-JST,2017,8,Balu,0.3261416642975224,wet
2017-08-12,Balu,d/s of Purbachal (Ichhapur bridge),27,23.82717834,90.48729817,28.9,7.53,179.6,78.6,3.13,14.82,36.0,100,0.85,4.3,1.2,180.0,,4.57,61400.0,18700.0,JICA-JST,2017,8,Balu,0.39136999715702686,wet
2017-08-12,Balu,Beraid,28,23.77769711,90.47789881,29.0,7.71,170.7,74.5,3.15,14.49,46.0,100,0.46,6.0,1.3,250.0,,3.63,80800.0,24500.0,JICA-JST,2017,8,Balu,0.42398416358677915,wet
2017-08-12,Balu,d/s of Begunbari Canal,29,23.75971159,90.48346853,29.0,7.44,207.3,90.9,1.12,9.81,42.0,35,1.48,5.1,1.3,180.0,,5.23,96500.0,23400.0,JICA-JST,2017,8,Balu,0.42398416358677915,wet
2017-08-12,Balu,Demra (u/s of confluence),30,23.7279083,90.50095276,28.3,7.45,202.7,88.6,7.69,9.59,32.0,140,1.47,10.0,1.3,210.0,,4.51,47900.0,10500.0,JICA-JST,2017,8,Balu,0.42398416358677915,wet
2017-08-25,Tongi Khal,d/s Ashulia Landing station,20,23.89441022,90.36477688,31.4,7.94,155.4,65.0,4.87,25.2,10.0,55,0.29,34.7,0.9,310.0,,11.8,,,JICA-JST,2017,8,Tongi Khal,0.29352749786777016,wet
2017-08-25,Tongi Khal,u/s Ijtema Field,21,23.8917228,90.38988667,31.0,7.94,158.4,65.5,4.48,21.4,33.0,60,0.05,25.9,0.6,290.0,,3.47,,,JICA-JST,2017,8,Tongi Khal,0.19568499857851343,wet
2017-08-25,Tongi Khal,d/s Railway Bridge,22,23.88178903,90.40636019,31.0,7.76,160.3,67.3,4.45,25.7,40.0,50,0.99,42.1,1.7,310.0,,2.77,,,JICA-JST,2017,8,Tongi Khal,0.5544408293057881,wet
2017-08-25,Tongi Khal,d/s of Hussein Dyeing,23,23.88925303,90.42315448,31.1,7.81,165.1,69.1,4.17,27.9,34.0,70,0.09,63.3,0.7,270.0,,4.51,,,JICA-JST,2017,8,Tongi Khal,0.22829916500826566,wet
2017-08-25,Tongi Khal,Mausaid (d/s Pagar Canal),24,23.89918269,90.43655294,31.0,7.76,168.8,69.6,3.94,26.6,33.0,85,0.09,6.3,0.7,200.0,,3.56,,,JICA-JST,2017,8,Tongi Khal,0.22829916500826566,wet
2017-08-25,Balu,u/s of Purbachal,26,23.86217843,90.47498149,31.4,7.71,174.4,72.8,2.36,18.58,25.0,80,0.15,58.4,0.5,210.0,,4.08,,,JICA-JST,2017,8,Balu,0.1630708321487612,wet
2017-08-25,Balu,d/s of Purbachal (Ichhapur bridge),27,23.82717834,90.48729817,31.3,7.57,176.6,74.0,2.33,15.05,16.0,75,0.28,15.6,0.3,210.0,,3.74,,,JICA-JST,2017,8,Balu,0.09784249928925672,wet
2017-08-25,Balu,Beraid,28,23.77769711,90.47789881,31.1,7.66,176.9,74.1,2.66,15.67,22.0,60,0.24,9.1,0.5,200.0,,6.7,,,JICA-JST,2017,8,Balu,0.1630708321487612,wet
2017-08-25,Balu,d/s of Begunbari Canal,29,23.75971159,90.48346853,31.1,7.52,203.7,45.7,1.56,11.92,16.0,80,0.79,13.0,1.1,210.0,,4.74,,,JICA-JST,2017,8,Balu,0.3587558307272747,wet
2017-08-25,Balu,Demra (u/s of confluence),30,23.7279083,90.50095276,30.9,7.48,204.4,86.2,1.37,9.53,12.0,75,1.29,17.0,1.0,240.0,,6.47,,,JICA-JST,2017,8,Balu,0.3261416642975224,wet
2017-09-16,Tongi Khal,d/s Ashulia Landing station,20,23.89441022,90.36477688,30.1,8.07,146.1,62.1,4.99,36.1,18.0,40,0.4,6.6,1.5,250.0,,13.9,35000.0,20000.0,JICA-JST,2017,9,Tongi Khal,0.48921249644628356,wet
2017-09-16,Tongi Khal,u/s Ijtema Field,21,23.8917228,90.38988667,30.4,7.77,146.6,62.3,4.77,38.7,35.0,80,3.36,19.8,0.9,220.0,,2.59,72000.0,40000.0,JICA-JST,2017,9,Tongi Khal,0.29352749786777016,wet
2017-09-16,Tongi Khal,d/s Railway Bridge,22,23.88178903,90.40636019,30.4,7.81,149.2,63.4,4.6,34.0,27.0,45,0.46,9.1,1.1,170.0,,3.26,102000.0,60000.0,JICA-JST,2017,9,Tongi Khal,0.3587558307272747,wet
2017-09-16,Tongi Khal,d/s of Hussein Dyeing,23,23.88925303,90.42315448,30.4,7.89,166.6,70.6,4.01,39.2,26.0,30,0.85,2.6,1.0,200.0,,4.38,41000.0,22000.0,JICA-JST,2017,9,Tongi Khal,0.3261416642975224,wet
2017-09-16,Tongi Khal,Mausaid (d/s Pagar Canal),24,23.89918269,90.43655294,30.6,7.76,168.1,71.3,3.68,38.2,28.0,90,0.55,19.9,1.1,270.0,,3.24,108000.0,65000.0,JICA-JST,2017,9,Tongi Khal,0.3587558307272747,wet
2017-09-16,Balu,u/s of Purbachal,26,23.86217843,90.47498149,30.5,7.82,155.7,66.1,3.76,33.1,28.0,15,0.54,4.1,1.9,250.0,,3.42,60000.0,35000.0,JICA-JST,2017,9,Balu,0.6196691621652926,wet
2017-09-16,Balu,d/s of Purbachal (Ichhapur bridge),27,23.82717834,90.48729817,31.6,7.78,166.3,66.4,2.39,11.64,14.0,95,0.76,2.6,1.4,200.0,,3.07,49000.0,28000.0,JICA-JST,2017,9,Balu,0.45659833001653133,wet
2017-09-16,Balu,Beraid,28,23.77769711,90.47789881,31.7,7.8,184.9,78.1,2.48,11.7,12.0,70,1.15,4.3,1.3,230.0,,4.32,56000.0,33000.0,JICA-JST,2017,9,Balu,0.42398416358677915,wet
2017-09-16,Balu,d/s of Begunbari Canal,29,23.75971159,90.48346853,30.9,7.8,230.0,97.3,1.36,12.88,16.0,65,2.02,13.2,1.2,290.0,,3.87,125000.0,80000.0,JICA-JST,2017,9,Balu,0.39136999715702686,wet
2017-09-16,Balu,Demra (u/s of confluence),30,23.7279083,90.50095276,30.9,7.68,234.0,98.9,1.3,30.0,12.0,65,1.92,20.6,1.1,270.0,,5.19,21000.0,13000.0,JICA-JST,2017,9,Balu,0.3587558307272747,wet
2017-09-17,Turag,u/s of Konabari,1,24.01945,90.34443,31.6,8.41,178.7,74.8,5.2,57.3,80.0,150,3.59,0.9,4.1,80.0,220.0,,8000.0,3000.0,REACH,2017,9,Turag,1.3371808236198417,wet
2017-09-17,Turag,Konabari Powerplant,2,23.9948,90.34186,31.0,8.13,157.7,66.1,5.5,67.5,65.0,60,0.13,0.6,2.6,60.0,110.0,,12000.0,7000.0,REACH,2017,9,Turag,0.8479683271735583,wet
2017-09-17,Turag,d/s of Konabari,3,23.98681,90.32572,31.1,8.15,166.5,69.9,5.4,66.9,69.0,80,0.14,0.5,2.2,60.0,280.0,,18000.0,8000.0,REACH,2017,9,Turag,0.7175116614545494,wet
2017-09-17,Turag,d/s of Kashimpur,4,23.98042,90.33772,31.3,8.11,163.3,68.5,5.32,58.9,72.0,110,0.45,1.3,5.8,60.0,170.0,,28000.0,14000.0,REACH,2017,9,Turag,1.89162165292563,wet
2017-09-17,Turag,Yearpur (u/s of Ashulia Lake),5,23.92568,90.34812,29.6,8.04,161.1,67.6,5.41,53.4,35.0,140,0.19,0.3,1.3,70.0,240.0,,24600.0,13000.0,REACH,2017,9,Turag,0.42398416358677915,wet
2017-09-17,Turag,Ashulia Bridge (d/s of Ashulia Lake),6,23.89519,90.33463,31.0,8.07,160.3,67.5,5.47,59.9,63.0,40,1.86,0.7,3.3,80.0,160.0,,32600.0,11000.0,REACH,2017,9,Turag,1.0762674921818238,wet
2017-09-17,Turag,Rustampur (u/s of confluence),7,23.8795,90.3503,30.7,8.02,164.4,69.2,5.59,40.7,25.0,180,0.15,0.8,3.7,80.0,200.0,,43000.0,20000.0,REACH,2017,9,Turag,1.206724157900833,wet
2017-09-28,Tongi Khal,d/s Ashulia Landing station,20,23.89441022,90.36477688,30.7,6.52,176.9,74.6,5.17,28.5,3.0,50,2.31,4.9,1.2,100.0,,3.53,,,JICA-JST,2017,9,Tongi Khal,0.39136999715702686,wet
2017-09-28,Tongi Khal,u/s Ijtema Field,21,23.8917228,90.38988667,30.9,6.62,177.3,74.6,4.83,23.0,5.0,90,2.3,2.2,1.1,160.0,,1.71,,,JICA-JST,2017,9,Tongi Khal,0.3587558307272747,wet
2017-09-28,Tongi Khal,d/s Railway Bridge,22,23.88178903,90.40636019,30.8,6.56,178.2,75.1,4.56,24.5,6.0,105,0.51,1.5,1.5,160.0,,2.7,,,JICA-JST,2017,9,Tongi Khal,0.48921249644628356,wet
2017-09-28,Tongi Khal,d/s of Hussein Dyeing,23,23.88925303,90.42315448,30.9,6.88,187.2,79.0,3.9,26.0,3.0,90,2.75,1.4,1.7,180.0,,2.39,,,JICA-JST,2017,9,Tongi Khal,0.5544408293057881,wet
2017-09-28,Tongi Khal,Mausaid (d/s Pagar Canal),24,23.89918269,90.43655294,30.9,6.88,195.7,82.5,3.45,22.6,5.0,100,6.89,1.9,2.0,210.0,,3.28,,,JICA-JST,2017,9,Tongi Khal,0.6522833285950448,wet
2017-09-28,Balu,u/s of Purbachal,26,23.86217843,90.47498149,31.2,7.08,159.4,64.9,2.34,11.38,7.0,65,2.11,1.8,1.3,180.0,,2.85,,,JICA-JST,2017,9,Balu,0.42398416358677915,wet
2017-09-28,Balu,d/s of Purbachal (Ichhapur bridge),27,23.82717834,90.48729817,31.0,7.05,177.3,74.5,1.87,8.79,3.0,85,3.22,2.5,6.8,180.0,,2.5,,,JICA-JST,2017,9,Balu,2.2177633172231523,wet
2017-09-28,Balu,Beraid,28,23.77769711,90.47789881,31.3,7.09,191.1,80.1,1.87,13.1,4.0,90,3.05,1.7,4.6,240.0,,3.31,,,JICA-JST,2017,9,Balu,1.500251655768603,wet
2017-09-28,Balu,d/s of Begunbari Canal,29,23.75971159,90.48346853,31.3,7.1,232.0,97.2,0.72,14.31,5.0,110,2.98,1.8,2.9,200.0,,3.58,,,JICA-JST,2017,9,Balu,0.945810826462815,wet
2017-09-28,Balu,Demra (u/s of confluence),30,23.7279083,90.50095276,31.0,7.19,236.0,99.3,0.42,12.47,5.0,120,1.09,2.9,1.4,210.0,,2.58,,,JICA-JST,2017,9,Balu,0.45659833001653133,wet
2017-10-15,Tongi Khal,d/s Ashulia Landing station,20,23.89441022,90.36477688,30.2,6.66,157.6,67.3,5.38,37.3,28.0,105,0.3,24.5,1.5,200.0,,16.3,364000.0,206000.0,JICA-JST,2017,10,Tongi Khal,0.48921249644628356,wet
2017-10-15,Tongi Khal,u/s Ijtema Field,21,23.8917228,90.38988667,30.3,6.77,160.3,68.5,5.2,31.7,19.0,145,0.23,71.6,0.9,130.0,,2.18,276000.0,156000.0,JICA-JST,2017,10,Tongi Khal,0.29352749786777016,wet
2017-10-15,Tongi Khal,d/s Railway Bridge,22,23.88178903,90.40636019,30.4,6.84,163.6,69.8,4.91,30.6,38.0,95,0.17,30.1,1.6,160.0,,2.89,524000.0,259000.0,JICA-JST,2017,10,Tongi Khal,0.5218266628760359,wet
2017-10-15,Tongi Khal,d/s of Hussein Dyeing,23,23.88925303,90.42315448,30.2,6.94,190.2,85.1,4.15,33.3,14.0,130,0.33,4.6,2.0,100.0,,3.04,198000.0,90000.0,JICA-JST,2017,10,Tongi Khal,0.6522833285950448,wet
2017-10-15,Tongi Khal,Mausaid (d/s Pagar Canal),24,23.89918269,90.43655294,30.4,6.98,176.2,75.1,3.21,30.0,14.0,120,0.38,4.8,2.3,130.0,,4.45,310000.0,145000.0,JICA-JST,2017,10,Tongi Khal,0.7501258278843015,wet
2017-10-15,Balu,u/s of Purbachal,26,23.86217843,90.47498149,30.4,6.98,182.3,77.7,3.72,31.1,23.0,125,0.31,23.5,2.5,170.0,,3.42,345000.0,165000.0,JICA-JST,2017,10,Balu,0.815354160743806,wet
2017-10-15,Balu,d/s of Purbachal (Ichhapur bridge),27,23.82717834,90.48729817,30.3,7.15,164.4,69.9,3.1,10.84,29.0,175,0.52,4.6,1.8,180.0,,4.52,340000.0,195000.0,JICA-JST,2017,10,Balu,0.5870549957355403,wet
2017-10-15,Balu,Beraid,28,23.77769711,90.47789881,30.7,7.21,199.2,81.5,3.02,19.82,26.0,165,0.19,9.5,0.8,140.0,,4.43,466000.0,184000.0,JICA-JST,2017,10,Balu,0.2609133314380179,wet
2017-10-15,Balu,d/s of Begunbari Canal,29,23.75971159,90.48346853,30.4,7.19,254.0,108.7,2.17,30.3,36.0,165,1.14,86.7,1.3,170.0,,5.27,301000.0,136000.0,JICA-JST,2017,10,Balu,0.42398416358677915,wet
2017-10-15,Balu,Demra (u/s of confluence),30,23.7279083,90.50095276,30.3,7.23,260.0,111.1,0.63,27.3,39.0,185,1.16,10.0,1.5,160.0,,6.38,280000.0,152000.0,JICA-JST,2017,10,Balu,0.48921249644628356,wet
2017-10-16,Turag,u/s of Konabari,1,24.01945,90.34443,32.3,6.89,148.5,61.8,5.28,65.7,19.0,210,0.15,0.5,2.3,60.0,200.0,4.84,24000.0,16000.0,REACH,2017,10,Turag,0.7501258278843015,wet
2017-10-16,Turag,Konabari Powerplant,2,23.9948,90.34186,30.4,7.22,149.4,63.4,5.53,70.1,23.0,160,0.18,1.1,4.9,90.0,170.0,2.58,37000.0,31000.0,REACH,2017,10,Turag,1.5980941550578598,wet
2017-10-16,Turag,d/s of Konabari,3,23.98681,90.32572,30.2,7.29,156.5,66.5,5.37,63.7,22.0,195,0.47,0.4,1.6,50.0,50.0,2.87,12000.0,6000.0,REACH,2017,10,Turag,0.5218266628760359,wet
2017-10-16,Turag,d/s of Kashimpur,4,23.98042,90.33772,30.6,7.24,157.6,66.7,5.31,69.4,20.0,175,0.27,0.8,3.5,40.0,220.0,2.38,40000.0,14000.0,REACH,2017,10,Turag,1.1414958250413285,wet
2017-10-16,Turag,Yearpur (u/s of Ashulia Lake),5,23.92568,90.34812,30.8,7.43,158.0,66.8,5.33,58.4,27.0,190,0.51,1.4,6.2,70.0,150.0,3.09,19000.0,5000.0,REACH,2017,10,Turag,2.0220783186446387,wet
2017-10-16,Turag,Ashulia Bridge (d/s of Ashulia Lake),6,23.89519,90.33463,30.1,7.68,159.0,67.2,5.3,42.3,24.0,205,0.17,1.3,5.6,50.0,170.0,3.26,33000.0,16000.0,REACH,2017,10,Turag,1.8263933200661253,wet
2017-10-16,Turag,Rustampur (u/s of confluence),7,23.8795,90.3503,31.8,7.63,159.6,66.1,5.48,34.7,16.0,190,0.17,0.3,1.2,40.0,210.0,3.14,11000.0,7000.0,REACH,2017,10,Turag,0.39136999715702686,wet
2017-10-28,Tongi Khal,d/s Ashulia Landing station,20,23.89441022,90.36477688,27.5,7.08,141.5,63.4,5.32,31.1,21.0,15,0.29,17.1,2.9,100.0,,11.6,,,JICA-JST,2017,10,Tongi Khal,0.945810826462815,wet
2017-10-28,Tongi Khal,u/s Ijtema Field,21,23.8917228,90.38988667,27.3,7.06,154.0,69.1,4.48,24.9,16.0,20,0.29,4.4,3.6,110.0,,4.72,,,JICA-JST,2017,10,Tongi Khal,1.1741099914710806,wet
2017-10-28,Tongi Khal,d/s Railway Bridge,22,23.88178903,90.40636019,27.5,7.09,150.3,67.3,4.47,23.8,17.0,25,0.25,26.1,2.7,110.0,,3.35,,,JICA-JST,2017,10,Tongi Khal,0.8805824936033105,wet
2017-10-28,Tongi Khal,d/s of Hussein Dyeing,23,23.88925303,90.42315448,27.7,7.2,199.8,89.9,2.98,25.2,17.0,30,0.31,4.4,3.9,50.0,,5.35,,,JICA-JST,2017,10,Tongi Khal,1.2719524907603372,wet
2017-10-28,Tongi Khal,Mausaid (d/s Pagar Canal),24,23.89918269,90.43655294,27.8,7.15,196.3,88.1,3.1,25.1,17.0,20,0.32,7.6,3.7,60.0,,5.72,,,JICA-JST,2017,10,Tongi Khal,1.206724157900833,wet
2017-10-28,Balu,u/s of Purbachal,26,23.86217843,90.47498149,27.7,7.14,178.7,79.8,2.2,36.9,18.0,30,0.25,6.4,2.5,30.0,,5.66,,,JICA-JST,2017,10,Balu,0.815354160743806,wet
2017-10-28,Balu,d/s of Purbachal (Ichhapur bridge),27,23.82717834,90.48729817,28.2,7.17,131.1,58.5,4.8,11.5,9.0,10,0.3,2.1,1.2,40.0,,4.66,,,JICA-JST,2017,10,Balu,0.39136999715702686,wet
2017-10-28,Balu,Beraid,28,23.77769711,90.47789881,28.4,7.1,163.1,72.4,3.45,14.59,12.0,15,0.32,16.0,1.7,60.0,,4.72,,,JICA-JST,2017,10,Balu,0.5544408293057881,wet
2017-10-28,Balu,d/s of Begunbari Canal,29,23.75971159,90.48346853,28.1,7.12,203.9,91.1,2.16,20.2,16.0,25,1.41,34.3,3.0,40.0,,6.09,,,JICA-JST,2017,10,Balu,0.9784249928925671,wet
2017-10-28,Balu,Demra (u/s of confluence),30,23.7279083,90.50095276,28.2,7.15,206.0,91.8,1.56,17.6,16.0,40,1.61,32.3,2.8,60.0,,5.68,,,JICA-JST,2017,10,Balu,0.9131966600330627,wet
2017-11-11,Tongi Khal,d/s Ashulia Landing station,20,23.89441022,90.36477688,26.5,7.45,224.0,103.1,4.04,34.6,46.0,80,0.17,14.2,0.9,160.0,,10.0,8000.0,7000.0,JICA-JST,2017,11,Tongi Khal,0.29352749786777016,dry
2017-11-11,Tongi Khal,u/s Ijtema Field,21,23.8917228,90.38988667,27.3,7.32,233.0,104.2,4.31,24.1,38.0,5,0.21,10.8,0.9,130.0,,5.26,7000.0,6000.0,JICA-JST,2017,11,Tongi Khal,0.29352749786777016,dry
2017-11-11,Tongi Khal,d/s Railway Bridge,22,23.88178903,90.40636019,28.5,7.49,253.0,114.2,1.67,20.7,36.0,30,0.54,6.2,0.9,90.0,,4.83,24000.0,19000.0,JICA-JST,2017,11,Tongi Khal,0.29352749786777016,dry
2017-11-11,Tongi Khal,d/s of Hussein Dyeing,23,23.88925303,90.42315448,28.1,7.54,177.0,79.0,0.52,20.9,38.0,45,1.52,30.6,1.2,150.0,,4.77,69000.0,48000.0,JICA-JST,2017,11,Tongi Khal,0.39136999715702686,dry
2017-11-11,Tongi Khal,Mausaid (d/s Pagar Canal),24,23.89918269,90.43655294,28.2,7.4,345.0,155.0,0.33,20.9,30.0,75,1.95,1.9,1.1,160.0,,6.63,84000.0,45000.0,JICA-JST,2017,11,Tongi Khal,0.3587558307272747,dry
2017-11-11,Balu,u/s of Purbachal,26,23.86217843,90.47498149,28.3,7.69,376.0,170.8,0.4,22.8,46.0,55,2.33,6.1,1.7,340.0,,8.75,43000.0,23000.0,JICA-JST,2017,11,Balu,0.5544408293057881,dry
2017-11-11,Balu,d/s of Purbachal (Ichhapur bridge),27,23.82717834,90.48729817,27.8,7.11,144.4,87.3,2.29,27.6,48.0,30,0.9,15.6,0.8,160.0,,5.2,38000.0,26000.0,JICA-JST,2017,11,Balu,0.2609133314380179,dry
2017-11-11,Balu,Beraid,28,23.77769711,90.47789881,28.1,7.1,251.4,96.4,2.29,28.4,47.0,15,0.99,19.9,0.7,200.0,,6.92,69000.0,32000.0,JICA-JST,2017,11,Balu,0.22829916500826566,dry
2017-11-11,Balu,d/s of Begunbari Canal,29,23.75971159,90.48346853,27.2,7.06,258.0,115.8,0.52,31.3,45.0,35,1.89,15.2,0.9,110.0,,4.57,63000.0,27000.0,JICA-JST,2017,11,Balu,0.29352749786777016,dry
2017-11-11,Balu,Demra (u/s of confluence),30,23.7279083,90.50095276,28.0,7.04,258.0,115.9,0.52,30.5,55.0,30,2.05,17.8,0.9,370.0,,6.05,62000.0,34000.0,JICA-JST,2017,11,Balu,0.29352749786777016,dry
2017-11-12,Turag,u/s of Konabari,1,24.01945,90.34443,27.2,7.45,214.6,96.5,4.45,54.5,42.0,55,0.23,1.1,0.5,220.0,,4.27,13000.0,12000.0,REACH,2017,11,Turag,0.1630708321487612,dry
2017-11-12,Turag,Konabari Powerplant,2,23.9948,90.34186,27.4,7.42,212.8,93.6,4.28,56.5,41.0,75,0.18,1.1,0.7,140.0,,2.29,3000.0,3000.0,REACH,2017,11,Turag,0.22829916500826566,dry
2017-11-12,Turag,d/s of Konabari,3,23.98681,90.32572,27.5,7.48,241.0,109.2,3.88,49.5,28.0,60,0.25,1.4,0.9,100.0,,4.13,10000.0,10000.0,REACH,2017,11,Turag,0.29352749786777016,dry
2017-11-12,Turag,d/s of Kashimpur,4,23.98042,90.33772,27.4,7.39,241.0,109.3,3.86,51.1,67.0,55,0.28,1.4,0.6,210.0,,4.02,35000.0,33000.0,REACH,2017,11,Turag,0.19568499857851343,dry
2017-11-12,Turag,Yearpur (u/s of Ashulia Lake),5,23.92568,90.34812,27.3,7.37,221.0,106.9,3.53,56.8,68.0,65,0.26,0.9,0.5,150.0,,4.36,14000.0,0.0,REACH,2017,11,Turag,0.1630708321487612,dry
2017-11-12,Turag,Ashulia Bridge (d/s of Ashulia Lake),6,23.89519,90.33463,27.5,7.37,234.0,106.0,3.52,52.8,72.0,60,0.34,0.6,0.8,170.0,,4.52,52000.0,45000.0,REACH,2017,11,Turag,0.2609133314380179,dry
2017-11-12,Turag,Rustampur (u/s of confluence),7,23.8795,90.3503,27.3,7.36,225.0,101.2,4.2,34.6,47.0,30,0.21,0.2,0.6,120.0,,3.76,21000.0,17000.0,REACH,2017,11,Turag,0.19568499857851343,dry
2017-11-12,Buriganga,Aminbazar Bridge,11,23.78292,90.33538,28.3,7.49,248.0,111.6,2.72,49.1,73.0,40,0.74,0.2,0.4,140.0,,3.77,49000.0,33000.0,REACH,2017,11,Buriganga,0.13045666571900896,dry
2017-11-12,Buriganga,d/s of Hazaribagh,12,23.73496,90.35441,27.7,7.37,261.0,117.5,1.48,33.1,40.0,55,0.72,0.7,0.9,80.0,,4.39,140000.0,98000.0,REACH,2017,11,Buriganga,0.29352749786777016,dry
2017-11-12,Buriganga,d/s Kamrangirchar Launch Ghat,13,23.71671,90.35992,27.6,7.31,260.0,117.3,1.26,25.1,38.0,65,0.82,0.3,0.8,110.0,,3.59,84000.0,53000.0,REACH,2017,11,Buriganga,0.2609133314380179,dry
2017-11-12,Buriganga,Chandni Ghat,14,23.71022,90.39367,27.9,7.3,264.0,118.4,0.56,20.3,45.0,50,0.91,0.4,0.6,110.0,,4.78,35000.0,22000.0,REACH,2017,11,Buriganga,0.19568499857851343,dry
2017-11-12,Buriganga,Sadar Ghat,15,23.70409,90.40971,28.1,7.29,270.0,121.0,0.24,19.02,25.0,50,1.1,0.3,0.7,140.0,,1.61,14000.0,5000.0,REACH,2017,11,Buriganga,0.22829916500826566,dry
2017-11-12,Buriganga,d/s Pagla STP,18,23.6648,90.45238,27.8,7.24,263.0,118.3,0.25,15.05,22.0,150,1.16,0.8,0.6,210.0,,2.73,28000.0,27000.0,REACH,2017,11,Buriganga,0.19568499857851343,dry
2017-11-20,Tongi Khal,d/s Ashulia Landing station,20,23.89441022,90.36477688,26.7,7.68,344.0,183.4,1.31,30.8,14.0,10,0.35,13.3,1.5,110.0,,2.0,,,JICA-JST,2017,11,Tongi Khal,0.48921249644628356,dry
2017-11-20,Tongi Khal,u/s Ijtema Field,21,23.8917228,90.38988667,26.7,7.4,777.0,343.0,1.61,19.0,7.0,55,0.64,13.4,1.0,360.0,,7.2,,,JICA-JST,2017,11,Tongi Khal,0.3261416642975224,dry
2017-11-20,Tongi Khal,d/s Railway Bridge,22,23.88178903,90.40636019,26.7,7.38,344.0,184.7,0.35,20.8,11.0,35,1.67,12.8,1.4,230.0,,3.86,,,JICA-JST,2017,11,Tongi Khal,0.45659833001653133,dry
2017-11-20,Tongi Khal,d/s of Hussein Dyeing,23,23.88925303,90.42315448,27.6,7.49,472.0,216.6,0.3,20.7,20.0,85,2.31,8.2,2.9,180.0,,8.42,,,JICA-JST,2017,11,Tongi Khal,0.945810826462815,dry
2017-11-20,Tongi Khal,Mausaid (d/s Pagar Canal),24,23.89918269,90.43655294,28.1,7.41,645.0,295.0,0.35,19.1,28.0,80,2.67,12.3,4.4,300.0,,6.19,,,JICA-JST,2017,11,Tongi Khal,1.4350233229090987,dry
2017-11-20,Balu,u/s of Purbachal,26,23.86217843,90.47498149,27.7,8.23,589.0,269.0,0.35,20.1,31.0,60,3.59,46.8,4.4,220.0,,3.68,,,JICA-JST,2017,11,Balu,1.4350233229090987,dry
2017-11-20,Balu,d/s of Purbachal (Ichhapur bridge),27,23.82717834,90.48729817,26.9,7.26,317.0,146.2,0.33,21.4,15.0,35,2.99,1.2,1.5,220.0,,7.09,,,JICA-JST,2017,11,Balu,0.48921249644628356,dry
2017-11-20,Balu,Beraid,28,23.77769711,90.47789881,27.1,7.36,342.0,157.5,0.29,35.7,19.0,60,2.7,4.7,1.5,400.0,,4.4,,,JICA-JST,2017,11,Balu,0.48921249644628356,dry
2017-11-20,Balu,d/s of Begunbari Canal,29,23.75971159,90.48346853,26.9,7.21,349.0,160.2,0.34,22.8,17.0,50,3.51,25.6,2.3,230.0,,4.88,,,JICA-JST,2017,11,Balu,0.7501258278843015,dry
2017-11-20,Balu,Demra (u/s of confluence),30,23.7279083,90.50095276,27.8,7.3,314.0,142.2,0.5,17.75,7.0,80,1.8,10.7,0.9,210.0,,2.79,,,JICA-JST,2017,11,Balu,0.29352749786777016,dry
2017-12-17,Tongi Khal,d/s Ashulia Landing station,20,23.89441022,90.36477688,22.5,7.66,491.0,244.0,1.93,33.3,33.0,57,1.04,1.6,1.8,170.0,,4.03,160000.0,60000.0,JICA-JST,2017,12,Tongi Khal,0.5870549957355403,dry
2017-12-17,Tongi Khal,u/s Ijtema Field,21,23.8917228,90.38988667,22.6,7.7,679.0,327.0,0.84,37.0,34.0,115,0.17,36.8,1.8,200.0,,2.9,190000.0,120000.0,JICA-JST,2017,12,Tongi Khal,0.5870549957355403,dry
2017-12-17,Tongi Khal,d/s Railway Bridge,22,23.88178903,90.40636019,23.2,7.67,568.0,282.0,0.42,26.7,21.0,200,2.16,2.4,2.6,240.0,,2.95,450000.0,250000.0,JICA-JST,2017,12,Tongi Khal,0.8479683271735583,dry
2017-12-17,Tongi Khal,d/s of Hussein Dyeing,23,23.88925303,90.42315448,24.2,7.76,612.0,303.0,0.34,25.0,47.0,110,2.21,4.3,4.8,180.0,,4.23,840000.0,360000.0,JICA-JST,2017,12,Tongi Khal,1.5654799886281074,dry
2017-12-17,Tongi Khal,Mausaid (d/s Pagar Canal),24,23.89918269,90.43655294,23.8,7.56,650.0,321.0,0.33,22.7,24.0,100,8.4,0.8,6.4,250.0,,3.88,400000.0,120000.0,JICA-JST,2017,12,Tongi Khal,2.0873066515041434,dry
2017-12-17,Balu,u/s of Purbachal,26,23.86217843,90.47498149,24.4,7.73,623.0,307.0,0.35,24.9,41.0,155,4.41,48.0,4.7,200.0,,4.89,270000.0,90000.0,JICA-JST,2017,12,Balu,1.532865822198355,dry
2017-12-17,Balu,d/s of Purbachal (Ichhapur bridge),27,23.82717834,90.48729817,23.9,7.79,550.0,273.0,0.32,30.2,35.0,100,4.59,0.3,4.3,200.0,,4.32,670000.0,310000.0,JICA-JST,2017,12,Balu,1.4024091564793462,dry
2017-12-17,Balu,Beraid,28,23.77769711,90.47789881,24.1,7.54,604.0,298.0,0.3,34.4,42.0,145,6.5,1.3,4.8,190.0,,6.24,480000.0,200000.0,JICA-JST,2017,12,Balu,1.5654799886281074,dry
2017-12-17,Balu,d/s of Begunbari Canal,29,23.75971159,90.48346853,24.7,7.68,664.0,315.0,0.63,30.7,48.0,155,5.06,1.9,7.9,200.0,,6.46,310000.0,180000.0,JICA-JST,2017,12,Balu,2.576519147950427,dry
2017-12-17,Balu,Demra (u/s of confluence),30,23.7279083,90.50095276,24.1,7.63,457.0,222.0,0.29,16.83,23.0,110,1.93,16.6,2.9,120.0,,3.13,120000.0,60000.0,JICA-JST,2017,12,Balu,0.945810826462815,dry
2017-12-18,Turag,u/s of Konabari,1,24.01945,90.34443,23.1,7.54,277.0,184.1,2.36,38.0,18.0,120,0.35,53.1,1.2,200.0,68.0,2.51,180000.0,60000.0,REACH,2017,12,Turag,0.39136999715702686,dry
2017-12-18,Turag,Konabari Powerplant,2,23.9948,90.34186,23.2,7.67,432.0,249.0,1.67,29.4,17.0,145,0.47,59.1,1.4,140.0,,3.82,380000.0,120000.0,REACH,2017,12,Turag,0.45659833001653133,dry
2017-12-18,Turag,d/s of Konabari,3,23.98681,90.32572,23.0,7.62,465.0,230.0,1.11,27.4,7.0,145,0.47,5.7,1.7,220.0,8.0,1.24,670000.0,310000.0,REACH,2017,12,Turag,0.5544408293057881,dry
2017-12-18,Turag,d/s of Kashimpur,4,23.98042,90.33772,23.8,7.61,462.0,229.0,1.07,26.2,10.0,145,0.5,6.2,1.7,180.0,,0.99,240000.0,120000.0,REACH,2017,12,Turag,0.5544408293057881,dry
2017-12-18,Turag,Yearpur (u/s of Ashulia Lake),5,23.92568,90.34812,23.3,7.73,471.0,233.0,0.3,23.9,10.0,135,0.64,78.1,1.4,170.0,,2.9,200000.0,80000.0,REACH,2017,12,Turag,0.45659833001653133,dry
2017-12-18,Turag,Ashulia Bridge (d/s of Ashulia Lake),6,23.89519,90.33463,23.6,7.6,488.0,240.0,0.71,21.0,10.0,165,0.59,3.2,1.5,180.0,9.0,2.18,540000.0,210000.0,REACH,2017,12,Turag,0.48921249644628356,dry
2017-12-18,Turag,Rustampur (u/s of confluence),7,23.8795,90.3503,23.4,7.65,480.0,238.0,0.63,42.1,13.0,155,0.37,2.6,1.4,210.0,24.0,3.62,650000.0,260000.0,REACH,2017,12,Turag,0.45659833001653133,dry
2017-12-18,Buriganga,Aminbazar Bridge,11,23.78292,90.33538,24.0,8.01,553.0,273.0,0.25,35.5,9.0,165,1.24,1.3,1.9,200.0,23.0,4.22,870000.0,420000.0,REACH,2017,12,Buriganga,0.6196691621652926,dry
2017-12-18,Buriganga,d/s of Hazaribagh,12,23.73496,90.35441,24.4,7.84,581.0,280.0,0.5,16.08,12.0,190,2.31,8.8,2.2,240.0,13.0,3.77,710000.0,320000.0,REACH,2017,12,Buriganga,0.7175116614545494,dry
2017-12-18,Buriganga,d/s Kamrangirchar Launch Ghat,13,23.71671,90.35992,24.7,7.83,577.0,281.0,0.45,12.15,12.0,185,1.1,2.0,2.2,200.0,19.0,4.51,590000.0,190000.0,REACH,2017,12,Buriganga,0.7175116614545494,dry
2017-12-18,Buriganga,Chandni Ghat,14,23.71022,90.39367,24.7,7.63,600.0,292.0,0.27,13.06,14.0,205,2.59,2.7,2.2,240.0,11.0,4.89,780000.0,320000.0,REACH,2017,12,Buriganga,0.7175116614545494,dry
2017-12-18,Buriganga,Sadar Ghat,15,23.70409,90.40971,24.8,7.81,607.0,297.0,0.39,13.99,15.0,195,2.88,3.0,2.5,220.0,37.0,4.45,410000.0,200000.0,REACH,2017,12,Buriganga,0.815354160743806,dry
2017-12-18,Buriganga,Dholaikhal,16,23.69661,90.41836,24.8,7.58,609.0,298.0,0.22,14.39,15.0,215,3.76,3.9,2.6,240.0,26.0,4.44,260000.0,100000.0,REACH,2017,12,Buriganga,0.8479683271735583,dry
2017-12-18,Buriganga,BCF Bridge,17,23.68716,90.4278,25.0,7.5,624.0,300.0,0.21,15.08,16.0,175,3.16,4.0,2.8,200.0,10.0,4.59,140000.0,40000.0,REACH,2017,12,Buriganga,0.9131966600330627,dry
2017-12-18,Buriganga,d/s Pagla STP,18,23.6648,90.45238,24.8,7.65,630.0,309.0,0.25,16.56,17.0,45,4.07,7.1,1.8,250.0,,2.78,140000.0,50000.0,REACH,2017,12,Buriganga,0.5870549957355403,dry
2017-12-18,Buriganga,Jazira ,19,23.63233,90.46342,24.5,7.59,607.0,300.0,0.39,20.9,23.0,75,4.19,2.4,2.6,270.0,,4.97,90000.0,10000.0,REACH,2017,12,Buriganga,0.8479683271735583,dry
2017-12-18,Dhaleshwari,Baluchar Bridge  ,39,23.611361,90.422327,24.3,7.86,569.0,280.0,4.15,13.09,6.0,25,1.53,3.0,0.9,280.0,,1.36,70000.0,20000.0,REACH,2017,12,Dhaleshwari,0.29352749786777016,dry
2018-01-23,Turag,u/s of Konabari,1,24.01945,90.34443,21.1,7.21,748.0,397.0,0.27,20.0,11.0,28,1.94,2.2,1.9,103.896,,4.14,220000.0,80000.0,REACH,2018,1,Turag,0.6196691621652926,dry
2018-01-23,Turag,Konabari Powerplant,2,23.9948,90.34186,21.1,7.42,738.0,392.0,0.23,16.93,10.0,37,2.03,1.6,2.4,163.962,,3.82,490000.0,180000.0,REACH,2018,1,Turag,0.7827399943140537,dry
2018-01-23,Turag,d/s of Konabari,3,23.98681,90.32572,21.2,7.57,844.0,434.0,0.23,19.31,12.0,28,2.53,1.2,3.0,63.852,,0.21,650000.0,200000.0,REACH,2018,1,Turag,0.9784249928925671,dry
2018-01-23,Turag,d/s of Kashimpur,4,23.98042,90.33772,23.6,7.59,812.0,415.0,0.16,17.62,13.0,38,2.94,0.8,3.0,193.995,,1.12,260000.0,80000.0,REACH,2018,1,Turag,0.9784249928925671,dry
2018-01-23,Turag,Yearpur (u/s of Ashulia Lake),5,23.92568,90.34812,22.5,7.43,825.0,426.0,0.31,17.11,5.0,39,3.21,0.9,3.2,133.929,,4.73,370000.0,180000.0,REACH,2018,1,Turag,1.0436533257520717,dry
2018-01-23,Turag,Ashulia Bridge (d/s of Ashulia Lake),6,23.89519,90.33463,22.0,7.7,778.0,408.0,0.21,35.8,12.0,37,2.82,2.0,3.2,103.896,,7.09,620000.0,300000.0,REACH,2018,1,Turag,1.0436533257520717,dry
2018-01-23,Turag,Rustampur (u/s of confluence),7,23.8795,90.3503,22.4,7.7,808.0,418.0,0.25,42.3,20.0,39,3.24,2.1,3.1,274.083,,5.33,580000.0,150000.0,REACH,2018,1,Turag,1.0110391593223194,dry
2018-01-23,Turag,Birulia Bridge,8,23.85146,90.33932,23.0,7.68,823.0,427.0,0.21,52.8,15.0,39,3.44,2.6,3.1,143.94,,0.42,850000.0,340000.0,REACH,2018,1,Turag,1.0110391593223194,dry
2018-01-23,Turag,u/s of Aminbazar Bridge,10,23.78946,90.33922,22.8,7.84,817.0,428.0,0.23,51.6,38.0,54,5.04,0.8,3.5,244.05,,1.76,1040000.0,490000.0,REACH,2018,1,Turag,1.1414958250413285,dry
2018-01-23,Buriganga,Aminbazar Bridge,11,23.78292,90.33538,22.0,7.69,793.0,480.0,0.25,53.2,46.0,48,6.64,1.8,4.6,73.863,,6.75,840000.0,260000.0,REACH,2018,1,Buriganga,1.500251655768603,dry
2018-01-23,Buriganga,d/s of Hazaribagh,12,23.73496,90.35441,23.3,7.6,801.0,400.0,0.21,21.6,44.0,47,7.28,1.9,4.6,224.028,,7.29,470000.0,210000.0,REACH,2018,1,Buriganga,1.500251655768603,dry
2018-01-23,Buriganga,d/s Kamrangirchar Launch Ghat,13,23.71671,90.35992,23.0,7.56,795.0,417.0,0.24,18.37,13.0,79,8.8,1.4,4.6,224.028,,13.2,390000.0,180000.0,REACH,2018,1,Buriganga,1.500251655768603,dry
2018-01-23,Buriganga,Chandni Ghat,14,23.71022,90.39367,22.8,7.54,800.0,414.0,0.23,17.14,16.0,47,9.84,3.5,4.8,183.984,,3.9,230000.0,100000.0,REACH,2018,1,Buriganga,1.5654799886281074,dry
2018-01-23,Buriganga,Sadar Ghat,15,23.70409,90.40971,22.8,7.44,789.0,407.0,0.19,17.78,19.0,57,10.96,1.3,5.5,113.907,,1.33,260000.0,80000.0,REACH,2018,1,Buriganga,1.7937791536363732,dry
2018-01-23,Buriganga,Dholaikhal,16,23.69661,90.41836,22.3,7.47,781.0,406.0,0.19,17.59,17.0,49,10.08,1.4,5.9,133.929,,3.65,210000.0,60000.0,REACH,2018,1,Buriganga,1.9242358193553821,dry
2018-01-23,Buriganga,BCF Bridge,17,23.68716,90.4278,22.1,7.47,787.0,409.0,0.21,18.41,25.0,55,9.68,2.6,5.4,234.039,,1.44,120000.0,30000.0,REACH,2018,1,Buriganga,1.761164987206621,dry
2018-01-23,Buriganga,d/s Pagla STP,18,23.6648,90.45238,22.1,7.48,809.0,415.0,0.2,23.8,19.0,54,9.36,1.2,3.6,163.962,,5.92,100000.0,20000.0,REACH,2018,1,Buriganga,1.1741099914710806,dry
2018-01-23,Buriganga,Jazira ,19,23.63233,90.46342,22.2,7.61,735.0,380.0,0.23,27.3,11.0,39,6.0,2.5,2.0,183.984,,6.47,80000.0,20000.0,REACH,2018,1,Buriganga,0.6522833285950448,dry
2018-01-24,Tongi Khal,d/s Ashulia Landing station,20,23.89441022,90.36477688,20.3,7.68,857.0,450.0,0.23,85.9,24.0,250,2.76,1.3,2.8,184.0,,0.6,170000.0,50000.0,JICA-JST,2018,1,Tongi Khal,0.9131966600330627,dry
2018-01-24,Tongi Khal,u/s Ijtema Field,21,23.8917228,90.38988667,22.8,8.26,1109.0,540.0,0.19,58.9,53.0,205,3.6,0.6,4.4,174.0,,4.07,320000.0,120000.0,JICA-JST,2018,1,Tongi Khal,1.4350233229090987,dry
2018-01-24,Tongi Khal,d/s Railway Bridge,22,23.88178903,90.40636019,22.3,7.73,878.0,456.0,0.2,42.4,57.0,250,6.52,2.3,4.7,154.0,,0.19,310000.0,90000.0,JICA-JST,2018,1,Tongi Khal,1.532865822198355,dry
2018-01-24,Tongi Khal,d/s of Hussein Dyeing,23,23.88925303,90.42315448,23.4,7.78,972.0,499.0,0.19,34.3,76.0,335,12.88,0.9,9.7,204.0,,1.59,970000.0,450000.0,JICA-JST,2018,1,Tongi Khal,3.163574143685967,dry
2018-01-24,Tongi Khal,Mausaid (d/s Pagar Canal),24,23.89918269,90.43655294,23.5,7.7,1051.0,540.0,0.25,36.7,57.0,290,16.8,4.3,12.6,174.0,,3.41,740000.0,390000.0,JICA-JST,2018,1,Tongi Khal,4.109384970148782,dry
2018-01-24,Balu,u/s of Purbachal,26,23.86217843,90.47498149,24.0,8.18,1115.0,580.0,0.17,40.9,127.0,235,21.12,5.8,13.7,204.0,,1.5,440000.0,180000.0,JICA-JST,2018,1,Balu,4.468140800876057,dry
2018-01-24,Balu,d/s of Purbachal (Ichhapur bridge),27,23.82717834,90.48729817,24.1,7.7,1086.0,560.0,0.23,34.2,90.0,335,19.200000000000003,1.7,11.7,184.0,,0.82,450000.0,60000.0,JICA-JST,2018,1,Balu,3.815857472281012,dry
2018-01-24,Balu,Beraid,28,23.77769711,90.47789881,23.5,7.62,989.0,510.0,0.31,41.5,89.0,290,19.080000000000002,4.0,12.4,184.0,,1.38,610000.0,190000.0,JICA-JST,2018,1,Balu,4.044156637289277,dry
2018-01-24,Balu,d/s of Begunbari Canal,29,23.75971159,90.48346853,23.1,7.6,760.0,387.0,0.27,31.7,62.0,235,15.36,1.9,9.6,104.0,,2.12,470000.0,260000.0,JICA-JST,2018,1,Balu,3.130959977256215,dry
2018-01-24,Balu,Demra (u/s of confluence),30,23.7279083,90.50095276,22.8,7.69,593.0,301.0,0.45,29.6,39.0,205,7.68,1.5,5.4,164.0,,2.56,130000.0,50000.0,JICA-JST,2018,1,Balu,1.761164987206621,dry
2018-02-24,Turag,u/s of Konabari,1,24.01945,90.34443,25.2,7.01,775.0,370.0,0.11,30.8,14.0,125,2.78,30.0,2.2,49.0,,8.92,,,REACH,2018,2,Turag,0.7175116614545494,dry
2018-02-24,Turag,Konabari Powerplant,2,23.9948,90.34186,25.2,7.38,966.0,450.0,0.15,26.7,26.0,200,3.17,31.5,4.2,46.0,,13.1,,,REACH,2018,2,Turag,1.369794990049594,dry
2018-02-24,Turag,d/s of Konabari,3,23.98681,90.32572,26.1,7.45,1044.0,477.0,0.16,29.2,40.0,165,3.18,28.5,6.4,33.0,,6.28,,,REACH,2018,2,Turag,2.0873066515041434,dry
2018-02-24,Turag,d/s of Kashimpur,4,23.98042,90.33772,26.1,7.56,1017.0,479.0,0.17,30.1,27.0,200,4.5,11.0,6.5,43.0,,4.47,,,REACH,2018,2,Turag,2.1199208179338953,dry
2018-02-24,Turag,Yearpur (u/s of Ashulia Lake),5,23.92568,90.34812,26.4,7.57,1095.0,485.0,0.19,39.4,42.0,240,4.59,22.5,6.4,40.0,,10.5,,,REACH,2018,2,Turag,2.0873066515041434,dry
2018-02-24,Turag,Ashulia Bridge (d/s of Ashulia Lake),6,23.89519,90.33463,26.6,7.51,1061.0,506.0,0.25,28.2,46.0,235,4.99,33.5,10.8,37.0,,6.86,,,REACH,2018,2,Turag,3.522329974413242,dry
2018-02-24,Turag,Rustampur (u/s of confluence),7,23.8795,90.3503,27.3,7.57,1062.0,499.0,0.23,34.8,35.0,195,5.54,23.0,6.3,49.0,,7.67,,,REACH,2018,2,Turag,2.054692485074391,dry
2018-02-24,Turag,Birulia Bridge,8,23.85146,90.33932,26.9,7.65,1048.0,497.0,0.24,45.2,39.0,285,5.39,15.0,6.1,52.0,,5.55,,,REACH,2018,2,Turag,1.9894641522148864,dry
2018-02-24,Turag,Botanical Garden,9,23.81745,90.3405,27.0,7.7,1010.0,476.0,0.26,64.0,45.0,260,4.9,24.0,6.5,43.0,,2.95,,,REACH,2018,2,Turag,2.1199208179338953,dry
2018-02-24,Turag,u/s of Aminbazar Bridge,10,23.78946,90.33922,27.0,7.64,985.0,466.0,0.28,64.5,75.0,225,2.7,27.5,9.5,43.0,,8.43,,,REACH,2018,2,Turag,3.0983458108264625,dry
2018-02-24,Buriganga,Aminbazar Bridge,11,23.78292,90.33538,26.8,7.69,1016.0,482.0,0.24,63.4,43.0,330,7.3,24.0,7.1,49.0,,3.72,,,REACH,2018,2,Buriganga,2.315605816512409,dry
2018-02-24,Buriganga,d/s of Hazaribagh,12,23.73496,90.35441,26.8,7.74,882.0,419.0,0.25,33.5,29.0,250,11.2,20.0,9.9,47.0,,8.6,,,REACH,2018,2,Buriganga,3.228802476545472,dry
2018-02-24,Buriganga,d/s Kamrangirchar Launch Ghat,13,23.71671,90.35992,26.8,7.63,869.0,416.0,0.22,13.66,34.0,230,10.7,31.0,7.1,52.0,,3.83,,,REACH,2018,2,Buriganga,2.315605816512409,dry
2018-02-24,Buriganga,Chandni Ghat,14,23.71022,90.39367,26.8,7.76,886.0,423.0,0.12,11.39,83.0,285,9.1,29.0,9.0,45.0,,3.83,,,REACH,2018,2,Buriganga,2.9352749786777017,dry
2018-02-24,Buriganga,Sadar Ghat,15,23.70409,90.40971,26.6,7.61,893.0,431.0,0.19,12.89,87.0,315,12.6,22.0,8.4,40.0,,7.16,,,REACH,2018,2,Buriganga,2.739589980099188,dry
2018-02-24,Buriganga,Dholaikhal,16,23.69661,90.41836,26.4,7.64,901.0,430.0,0.75,12.9,84.0,285,12.1,17.5,8.2,45.0,,5.16,,,REACH,2018,2,Buriganga,2.6743616472396834,dry
2018-02-24,Buriganga,BCF Bridge,17,23.68716,90.4278,26.3,7.63,896.0,435.0,0.24,12.17,65.0,305,12.4,48.0,11.8,39.0,,5.6,,,REACH,2018,2,Buriganga,3.8484716387107643,dry
2018-02-24,Buriganga,d/s Pagla STP,18,23.6648,90.45238,26.0,7.82,892.0,431.0,0.38,17.35,55.0,300,13.5,15.5,6.1,51.0,,6.24,,,REACH,2018,2,Buriganga,1.9894641522148864,dry
2018-02-24,Buriganga,Jazira ,19,23.63233,90.46342,26.0,7.87,792.0,384.0,0.25,32.8,28.0,265,8.5,15.0,4.3,46.0,,5.56,,,REACH,2018,2,Buriganga,1.4024091564793462,dry
2018-02-25,Tongi Khal,d/s Ashulia Landing station,20,23.89441022,90.36477688,25.7,8.25,1129.0,535.0,0.22,140.0,304.0,270,5.35,15.5,4.8,254.06099999999998,,5.74,,,REACH,2018,2,Tongi Khal,1.5654799886281074,dry
2018-02-25,Tongi Khal,u/s Ijtema Field,21,23.8917228,90.38988667,26.0,8.15,1103.0,519.0,0.19,78.3,81.0,280,5.8,15.0,6.2,224.02799999999996,,8.49,,,REACH,2018,2,Tongi Khal,2.0220783186446387,dry
2018-02-25,Tongi Khal,d/s Railway Bridge,22,23.88178903,90.40636019,25.8,7.83,934.0,444.0,0.26,31.5,73.0,285,16.4,17.0,14.4,244.04999999999995,,6.99,,,REACH,2018,2,Tongi Khal,4.6964399658843226,dry
2018-02-25,Tongi Khal,d/s of Hussein Dyeing,23,23.88925303,90.42315448,26.1,7.6,1308.0,597.0,0.3,26.5,92.0,375,17.5,18.5,18.0,113.90699999999998,,9.63,,,REACH,2018,2,Tongi Khal,5.870549957355403,dry
2018-02-25,Tongi Khal,Mausaid (d/s Pagar Canal),24,23.89918269,90.43655294,26.8,7.67,1260.0,585.0,0.26,26.5,227.0,275,18.7,13.5,18.1,133.92899999999997,,13.6,,,REACH,2018,2,Tongi Khal,5.903164123785156,dry
2018-02-25,Tongi Khal,u/s of Balu Confluence,25,23.8872436,90.45994563,26.2,7.76,1227.0,578.0,0.29,22.3,97.0,380,24.0,25.5,18.4,163.962,,11.5,,,REACH,2018,2,Tongi Khal,6.001006623074412,dry
2018-02-25,Balu,u/s of Purbachal,26,23.86217843,90.47498149,26.0,7.74,1192.0,564.0,0.35,30.1,384.0,340,18.4,35.5,19.6,214.01699999999994,,5.06,,,REACH,2018,2,Balu,6.392376620231439,dry
2018-02-25,Balu,d/s of Purbachal (Ichhapur bridge),27,23.82717834,90.48729817,25.9,7.75,1121.0,533.0,0.42,32.9,257.0,325,23.6,20.0,17.9,224.02799999999996,,6.95,,,REACH,2018,2,Balu,5.83793579092565,dry
2018-02-25,Balu,Beraid,28,23.77769711,90.47789881,26.5,7.87,1113.0,528.0,0.26,48.8,172.0,360,15.8,23.0,22.9,234.039,,6.63,,,REACH,2018,2,Balu,7.468644112413262,dry
2018-02-25,Balu,d/s of Begunbari Canal,29,23.75971159,90.48346853,26.8,7.73,961.0,447.0,0.32,39.7,175.0,250,23.2,13.0,14.8,204.00599999999997,,3.32,,,REACH,2018,2,Balu,4.826896631603332,dry
2018-02-25,Balu,Demra (u/s of confluence),30,23.7279083,90.50095276,26.1,7.43,972.0,453.0,0.37,34.5,148.0,235,20.7,18.5,12.4,364.1819999999999,,8.85,,,REACH,2018,2,Balu,4.044156637289277,dry
2018-03-18,Tongi Khal,d/s Ashulia Landing station,20,23.89441022,90.36477688,28.5,7.03,1392.0,643.0,0.24,118.0,162.0,285,4.3,3.1,6.7,206.0,,0.62,720000.0,260000.0,REACH,2018,3,Tongi Khal,2.1851491507934,dry
2018-03-18,Tongi Khal,u/s Ijtema Field,21,23.8917228,90.38988667,29.3,7.13,1023.0,462.0,0.25,53.7,122.0,270,19.9,2.2142857142857144,7.2,120.0,,1.47,800000.0,240000.0,REACH,2018,3,Tongi Khal,2.3482199829421613,dry
2018-03-18,Tongi Khal,d/s Railway Bridge,22,23.88178903,90.40636019,27.3,7.23,873.0,405.0,0.26,31.7,74.0,290,26.9,3.985714285714286,16.9,196.0,,1.62,970000.0,320000.0,REACH,2018,3,Tongi Khal,5.5117941266281285,dry
2018-03-18,Tongi Khal,d/s of Hussein Dyeing,23,23.88925303,90.42315448,32.1,7.23,2012.0,885.0,0.4,53.1,145.0,260,21.0,18.6,24.5,294.0,,8.67,670000.0,240000.0,REACH,2018,3,Tongi Khal,7.990470775289299,dry
2018-03-18,Tongi Khal,Mausaid (d/s Pagar Canal),24,23.89918269,90.43655294,29.2,7.29,1419.0,653.0,0.27,34.8,95.0,420,28.0,5.314285714285714,24.2,152.0,,8.48,1200000.0,510000.0,REACH,2018,3,Tongi Khal,7.892628276000042,dry
2018-03-18,Tongi Khal,u/s of Balu Confluence,25,23.8872436,90.45994563,28.6,7.54,1430.0,639.0,0.34,34.1,78.0,415,22.8,8.857142857142858,13.6,192.0,,4.66,1190000.0,460000.0,REACH,2018,3,Tongi Khal,4.435526634446305,dry
2018-03-18,Balu,u/s of Purbachal,26,23.86217843,90.47498149,29.3,7.2,1093.0,510.0,0.24,51.1,98.0,350,19.2,7.971428571428572,10.6,172.0,,4.14,360000.0,100000.0,REACH,2018,3,Balu,3.457101641553737,dry
2018-03-18,Balu,d/s of Purbachal (Ichhapur bridge),27,23.82717834,90.48729817,28.0,7.53,981.0,452.0,0.25,61.6,47.0,340,21.8,7.085714285714286,10.0,158.0,,4.1,710000.0,260000.0,REACH,2018,3,Balu,3.261416642975224,dry
2018-03-18,Balu,Beraid,28,23.77769711,90.47789881,28.5,7.35,965.0,429.0,0.31,38.7,108.0,325,27.9,8.414285714285715,14.8,184.0,,1.82,470000.0,150000.0,REACH,2018,3,Balu,4.826896631603332,dry
2018-03-18,Balu,d/s of Begunbari Canal,29,23.75971159,90.48346853,28.9,7.21,943.0,427.0,0.26,41.5,131.0,460,22.0,9.3,14.6,118.0,,0.66,460000.0,100000.0,REACH,2018,3,Balu,4.761668298743826,dry
2018-03-18,Balu,Demra (u/s of confluence),30,23.7279083,90.50095276,29.0,7.43,977.0,432.0,0.35,31.4,70.0,290,14.7,3.542857142857143,8.4,166.0,,0.6,790000.0,630000.0,REACH,2018,3,Balu,2.739589980099188,dry
2018-03-19,Turag,u/s of Konabari,1,24.01945,90.34443,27.9,7.25,1170.0,539.0,0.24,35.2,23.0,305,2.9,6.2,6.7,174.0,,0.98,350000.0,150000.0,REACH,2018,3,Turag,2.1851491507934,dry
2018-03-19,Turag,Konabari Powerplant,2,23.9948,90.34186,28.3,7.49,1182.0,541.0,0.29,25.6,12.0,295,2.4,4.871428571428572,6.2,152.0,,2.82,390000.0,130000.0,REACH,2018,3,Turag,2.0220783186446387,dry
2018-03-19,Turag,d/s of Konabari,3,23.98681,90.32572,28.2,7.64,1344.0,608.0,0.23,25.7,19.0,290,5.0,3.1,7.8,174.0,,3.55,740000.0,310000.0,REACH,2018,3,Turag,2.5439049815206745,dry
2018-03-19,Turag,d/s of Kashimpur,4,23.98042,90.33772,29.7,7.53,1443.0,647.0,0.27,23.9,27.0,290,5.6,3.542857142857143,9.2,166.0,,4.93,1010000.0,530000.0,REACH,2018,3,Turag,3.000503311537206,dry
2018-03-19,Turag,Yearpur (u/s of Ashulia Lake),5,23.92568,90.34812,31.2,7.75,1361.0,589.0,0.28,45.2,18.0,275,3.7,3.1,5.7,184.0,,2.91,590000.0,280000.0,REACH,2018,3,Turag,1.8590074864958777,dry
2018-03-19,Turag,Ashulia Bridge (d/s of Ashulia Lake),6,23.89519,90.33463,29.3,7.55,1147.0,521.0,0.28,54.1,10.0,240,6.0,6.2,3.6,186.0,,0.3,670000.0,300000.0,REACH,2018,3,Turag,1.1741099914710806,dry
2018-03-19,Turag,Rustampur (u/s of confluence),7,23.8795,90.3503,29.4,7.54,1103.0,499.0,0.33,84.1,7.0,265,4.3,3.1,2.7,134.0,,2.31,900000.0,420000.0,REACH,2018,3,Turag,0.8805824936033105,dry
2018-03-19,Turag,Birulia Bridge,8,23.85146,90.33932,29.2,7.68,973.0,439.0,0.27,79.6,20.0,345,14.3,2.2142857142857144,3.7,146.0,,2.05,750000.0,190000.0,REACH,2018,3,Turag,1.206724157900833,dry
2018-03-19,Turag,Botanical Garden,9,23.81745,90.3405,29.2,7.46,969.0,438.0,0.36,59.7,37.0,315,15.3,4.428571428571429,6.6,184.0,,3.23,830000.0,180000.0,REACH,2018,3,Turag,2.1525349843636477,dry
2018-03-19,Turag,u/s of Aminbazar Bridge,10,23.78946,90.33922,29.3,7.33,964.0,435.0,0.27,40.5,35.0,290,11.5,3.985714285714286,8.2,236.0,,2.83,560000.0,200000.0,REACH,2018,3,Turag,2.6743616472396834,dry
2018-03-19,Buriganga,Aminbazar Bridge,11,23.78292,90.33538,29.3,7.26,966.0,437.0,0.19,41.7,42.0,285,8.7,6.642857142857143,8.2,174.0,,1.99,270000.0,90000.0,REACH,2018,3,Buriganga,2.6743616472396834,dry
2018-03-19,Buriganga,d/s of Hazaribagh,12,23.73496,90.35441,30.8,7.38,1051.0,458.0,0.29,17.02,42.0,320,13.5,6.642857142857143,7.1,140.0,,1.49,330000.0,80000.0,REACH,2018,3,Buriganga,2.315605816512409,dry
2018-03-19,Buriganga,d/s Kamrangirchar Launch Ghat,13,23.71671,90.35992,30.0,7.37,1003.0,455.0,0.28,12.63,36.0,290,11.3,4.428571428571429,7.1,180.0,,2.63,290000.0,60000.0,REACH,2018,3,Buriganga,2.315605816512409,dry
2018-03-19,Buriganga,Chandni Ghat,14,23.71022,90.39367,29.5,7.42,1021.0,460.0,0.28,13.14,65.0,340,13.7,5.757142857142858,8.2,168.0,,1.47,240000.0,60000.0,REACH,2018,3,Buriganga,2.6743616472396834,dry
2018-03-19,Buriganga,Sadar Ghat,15,23.70409,90.40971,29.6,7.41,1008.0,454.0,0.24,13.64,74.0,330,16.9,7.971428571428572,9.3,184.0,,0.98,200000.0,50000.0,REACH,2018,3,Buriganga,3.0331174779669583,dry
2018-03-19,Buriganga,Dholaikhal,16,23.69661,90.41836,30.0,7.35,960.0,451.0,0.29,15.6,81.0,360,20.1,12.842857142857142,10.1,166.0,,0.97,320000.0,100000.0,REACH,2018,3,Buriganga,3.294030809404976,dry
2018-03-19,Buriganga,BCF Bridge,17,23.68716,90.4278,30.1,7.38,1013.0,458.0,0.28,12.99,37.0,325,17.7,2.657142857142857,8.0,172.0,,0.26,440000.0,160000.0,REACH,2018,3,Buriganga,2.609133314380179,dry
2018-03-19,Buriganga,d/s Pagla STP,18,23.6648,90.45238,30.0,7.33,1002.0,456.0,0.28,18.62,27.0,335,23.7,3.542857142857143,6.7,188.0,,0.06,210000.0,50000.0,REACH,2018,3,Buriganga,2.1851491507934,dry
2018-03-19,Buriganga,Jazira ,19,23.63233,90.46342,29.7,7.52,910.0,415.0,0.29,29.6,15.0,290,10.4,1.3285714285714285,5.3,212.0,,0.7,160000.0,60000.0,REACH,2018,3,Buriganga,1.7285508207768685,dry
2018-04-21,Turag,u/s of Konabari,1,24.01945,90.34443,27.8,6.63,791.0,363.0,0.23,85.1,122.0,120,0.4,10.4,4.9,300.0,,3.71,850000.0,630000.0,REACH,2018,4,Turag,1.5980941550578598,dry
2018-04-21,Turag,Konabari Powerplant,2,23.9948,90.34186,28.7,6.76,866.0,394.0,0.28,93.0,128.0,90,0.1,12.1,4.5,350.0,,3.34,720000.0,530000.0,REACH,2018,4,Turag,1.4676374893388509,dry
2018-04-21,Turag,d/s of Konabari,3,23.98681,90.32572,28.8,7.06,918.0,418.0,0.14,60.7,91.0,170,0.7000000000000001,6.5,4.0,240.0,,2.39,210000.0,180000.0,REACH,2018,4,Turag,1.3045666571900896,dry
2018-04-21,Turag,d/s of Kashimpur,4,23.98042,90.33772,29.0,7.12,975.0,442.0,0.1,56.7,75.0,110,0.4,7.6,4.2,320.0,,4.64,900000.0,670000.0,REACH,2018,4,Turag,1.369794990049594,dry
2018-04-21,Turag,Yearpur (u/s of Ashulia Lake),5,23.92568,90.34812,29.1,7.38,1047.0,476.0,0.16,51.4,77.0,180,0.7000000000000001,9.6,4.5,370.0,,0.2,290000.0,210000.0,REACH,2018,4,Turag,1.4676374893388509,dry
2018-04-21,Turag,Ashulia Bridge (d/s of Ashulia Lake),6,23.89519,90.33463,29.3,7.32,1094.0,497.0,0.21,57.9,101.0,200,1.5,19.4,4.8,330.0,,1.7,250000.0,240000.0,REACH,2018,4,Turag,1.5654799886281074,dry
2018-04-21,Turag,Rustampur (u/s of confluence),7,23.8795,90.3503,29.2,7.42,1133.0,512.0,0.29,58.5,99.0,170,1.0,11.8,5.9,430.0,,1.56,270000.0,240000.0,REACH,2018,4,Turag,1.9242358193553821,dry
2018-04-21,Turag,Birulia Bridge,8,23.85146,90.33932,29.5,7.44,1080.0,531.0,0.19,48.0,66.0,205,3.2,11.0,5.3,340.0,,1.7,400000.0,330000.0,REACH,2018,4,Turag,1.7285508207768685,dry
2018-04-21,Turag,Botanical Garden,9,23.81745,90.3405,29.4,7.45,1033.0,466.0,0.24,44.7,81.0,190,1.4000000000000001,15.2,4.5,440.0,,5.52,400000.0,330000.0,REACH,2018,4,Turag,1.4676374893388509,dry
2018-04-21,Turag,u/s of Aminbazar Bridge,10,23.78946,90.33922,29.0,7.35,1043.0,472.0,0.31,38.7,72.0,155,4.0,14.3,6.8,380.0,,3.51,430000.0,330000.0,REACH,2018,4,Turag,2.2177633172231523,dry
2018-04-21,Buriganga,Aminbazar Bridge,11,23.78292,90.33538,28.9,7.44,1017.0,460.0,0.22,37.8,71.0,250,6.3,9.6,7.2,370.0,,0.43,1510000.0,950000.0,REACH,2018,4,Buriganga,2.3482199829421613,dry
2018-04-21,Buriganga,d/s of Hazaribagh,12,23.73496,90.35441,29.4,7.46,1049.0,473.0,0.39,18.0,57.0,210,8.0,11.7,8.2,360.0,,2.69,1550000.0,1190000.0,REACH,2018,4,Buriganga,2.6743616472396834,dry
2018-04-21,Buriganga,d/s Kamrangirchar Launch Ghat,13,23.71671,90.35992,29.7,7.57,1098.0,490.0,0.41,16.77,45.0,250,6.2,7.4,7.5,440.0,,1.99,550000.0,450000.0,REACH,2018,4,Buriganga,2.446062482231418,dry
2018-04-21,Buriganga,Chandni Ghat,14,23.71022,90.39367,29.4,7.52,1087.0,491.0,0.22,18.76,71.0,270,8.7,11.0,8.4,320.0,,1.88,910000.0,620000.0,REACH,2018,4,Buriganga,2.739589980099188,dry
2018-04-21,Buriganga,Sadar Ghat,15,23.70409,90.40971,29.2,7.77,1074.0,482.0,0.22,20.0,84.0,330,9.9,3.4,9.1,460.0,,1.33,780000.0,550000.0,REACH,2018,4,Buriganga,2.967889145107454,dry
2018-04-21,Buriganga,Dholaikhal,16,23.69661,90.41836,29.3,7.56,1077.0,485.0,0.21,21.7,98.0,210,10.1,13.0,9.1,350.0,,2.69,910000.0,500000.0,REACH,2018,4,Buriganga,2.967889145107454,dry
2018-04-21,Buriganga,BCF Bridge,17,23.68716,90.4278,29.2,7.55,1084.0,491.0,0.2,20.8,96.0,230,9.3,13.0,8.9,360.0,,6.984999999999999,540000.0,390000.0,REACH,2018,4,Buriganga,2.9026608122479494,dry
2018-04-21,Buriganga,d/s Pagla STP,18,23.6648,90.45238,29.4,7.64,1116.0,504.0,0.22,32.2,69.0,195,8.5,9.7,5.9,280.0,,5.640000000000001,60000.0,30000.0,REACH,2018,4,Buriganga,1.9242358193553821,dry
2018-04-21,Buriganga,Jazira ,19,23.63233,90.46342,29.2,7.65,1070.0,480.0,0.2,57.6,79.0,295,10.600000000000001,5.3,8.0,200.0,,7.890000000000001,50000.0,30000.0,REACH,2018,4,Buriganga,2.609133314380179,dry
2018-04-22,Tongi Khal,d/s Ashulia Landing station,20,23.89441022,90.36477688,28.7,7.77,1232.0,560.0,0.29,84.5,114.0,170,2.6,5.3,4.6,200.0,,1.97,50000.0,30000.0,REACH,2018,4,Tongi Khal,1.500251655768603,dry
2018-04-22,Tongi Khal,u/s Ijtema Field,21,23.8917228,90.38988667,29.8,7.54,1173.0,528.0,0.21,47.6,80.0,235,2.8000000000000003,6.7,7.0,260.0,,3.33,150000.0,90000.0,REACH,2018,4,Tongi Khal,2.282991650082657,dry
2018-04-22,Tongi Khal,d/s Railway Bridge,22,23.88178903,90.40636019,27.4,7.62,777.0,355.0,0.14,57.4,90.0,265,7.9,8.0,6.9,300.0,,0.5,1270000.0,740000.0,REACH,2018,4,Tongi Khal,2.2503774836529047,dry
2018-04-22,Tongi Khal,d/s of Hussein Dyeing,23,23.88925303,90.42315448,29.8,7.52,824.0,382.0,0.4,63.1,110.0,110,5.5,10.4,11.1,250.0,,2.79,350000.0,240000.0,REACH,2018,4,Tongi Khal,3.6201724737024983,dry
2018-04-22,Tongi Khal,Mausaid (d/s Pagar Canal),24,23.89918269,90.43655294,27.1,7.42,832.0,387.0,0.24,51.1,173.0,245,4.4,5.0,10.4,420.0,,2.06,730000.0,410000.0,REACH,2018,4,Tongi Khal,3.391873308694233,dry
2018-04-22,Tongi Khal,u/s of Balu Confluence,25,23.8872436,90.45994563,27.4,7.35,829.0,384.0,0.22,40.5,111.0,170,10.700000000000001,5.9,11.7,250.0,,1.49,620000.0,400000.0,REACH,2018,4,Tongi Khal,3.815857472281012,dry
2018-04-22,Balu,u/s of Purbachal,26,23.86217843,90.47498149,27.7,7.3,854.0,394.0,0.39,40.4,113.0,240,11.5,8.6,12.2,320.0,,3.5,400000.0,270000.0,REACH,2018,4,Balu,3.9789283044297727,dry
2018-04-22,Balu,d/s of Purbachal (Ichhapur bridge),27,23.82717834,90.48729817,28.4,7.31,943.0,432.0,0.2,32.4,115.0,245,15.2,10.2,15.2,290.0,,5.26,150000.0,100000.0,REACH,2018,4,Balu,4.95735329732234,dry
2018-04-22,Balu,Beraid,28,23.77769711,90.47789881,28.9,7.3,836.0,379.0,0.18,47.2,68.0,225,11.200000000000001,11.8,13.3,230.0,,3.04,1080000.0,750000.0,REACH,2018,4,Balu,4.337684135157048,dry
2018-04-22,Balu,d/s of Begunbari Canal,29,23.75971159,90.48346853,28.7,7.33,804.0,363.0,0.21,47.5,70.0,120,3.5999999999999996,12.6,8.7,290.0,,2.43,40000.0,10000.0,REACH,2018,4,Balu,2.8374324793884447,dry
2018-04-22,Balu,Demra (u/s of confluence),30,23.7279083,90.50095276,28.6,7.4,675.0,303.0,0.31,31.2,33.0,140,12.5,6.2,3.3,350.0,,1.55,1180000.0,770000.0,REACH,2018,4,Balu,1.0762674921818238,dry
2018-05-12,Turag,u/s of Konabari,1,24.01945,90.34443,27.5,6.62,267.0,118.1,3.86,21.8,23.0,30,1.0,4.873,2.2,290.0,0.136,6.279999999999999,8000.0,5000.0,REACH,2018,5,Turag,0.7175116614545494,wet
2018-05-12,Turag,Konabari Powerplant,2,23.9948,90.34186,27.6,6.61,275.0,121.4,3.71,25.5,28.0,30,0.35,7.531,1.8,260.0,0.23,6.385,21000.0,13000.0,REACH,2018,5,Turag,0.5870549957355403,wet
2018-05-12,Turag,d/s of Konabari,3,23.98681,90.32572,27.7,6.6,287.0,127.1,3.43,25.9,30.0,35,0.48,3.544,2.0,330.0,0.158,8.055,58000.0,45000.0,REACH,2018,5,Turag,0.6522833285950448,wet
2018-05-12,Turag,d/s of Kashimpur,4,23.98042,90.33772,27.2,6.6,285.0,126.9,3.41,23.7,22.0,65,0.45,5.316,2.4,370.0,0.148,7.600000000000001,52000.0,29000.0,REACH,2018,5,Turag,0.7827399943140537,wet
2018-05-12,Turag,Yearpur (u/s of Ashulia Lake),5,23.92568,90.34812,28.2,6.61,293.0,129.6,3.28,26.6,20.0,45,0.45,3.987,2.1,320.0,0.343,10.8,24000.0,6000.0,REACH,2018,5,Turag,0.684897495024797,wet
2018-05-12,Turag,Ashulia Bridge (d/s of Ashulia Lake),6,23.89519,90.33463,27.5,6.59,302.0,134.3,2.76,24.9,28.0,50,2.7,4.43,2.1,280.0,0.143,7.549999999999999,15000.0,9000.0,REACH,2018,5,Turag,0.684897495024797,wet
2018-05-12,Turag,Rustampur (u/s of confluence),7,23.8795,90.3503,27.2,6.59,306.0,136.2,2.62,24.8,25.0,80,4.2,6.645,1.9,370.0,0.151,7.75,35000.0,14000.0,REACH,2018,5,Turag,0.6196691621652926,wet
2018-05-12,Turag,Birulia Bridge,8,23.85146,90.33932,27.4,6.57,311.0,138.2,2.93,25.3,28.0,35,1.6,3.101,2.1,270.0,0.441,6.750000000000002,67000.0,51000.0,REACH,2018,5,Turag,0.684897495024797,wet
2018-05-12,Turag,Botanical Garden,9,23.81745,90.3405,28.9,6.52,330.0,143.9,2.53,27.2,29.0,55,0.9,4.43,4.5,310.0,0.138,14.95,89000.0,63000.0,REACH,2018,5,Turag,1.4676374893388509,wet
2018-05-12,Turag,u/s of Aminbazar Bridge,10,23.78946,90.33922,29.0,6.53,327.0,144.0,2.65,22.9,34.0,90,0.8,4.873,2.4,300.0,0.151,8.6,78000.0,46000.0,REACH,2018,5,Turag,0.7827399943140537,wet
2018-05-12,Buriganga,Aminbazar Bridge,11,23.78292,90.33538,29.2,6.52,326.0,143.4,2.73,26.3,34.0,55,5.5,5.759,2.0,480.0,0.153,7.75,70000.0,41000.0,REACH,2018,5,Buriganga,0.6522833285950448,wet
2018-05-12,Buriganga,d/s of Hazaribagh,12,23.73496,90.35441,29.1,6.46,416.0,183.8,1.01,20.2,19.0,110,13.9,6.202,2.8,380.0,0.419,8.65,29000.0,23000.0,REACH,2018,5,Buriganga,0.9131966600330627,wet
2018-05-12,Buriganga,d/s Kamrangirchar Launch Ghat,13,23.71671,90.35992,29.0,6.45,400.0,177.3,1.07,18.19,25.0,85,18.5,4.43,2.5,420.0,0.162,7.449999999999999,63000.0,35000.0,REACH,2018,5,Buriganga,0.815354160743806,wet
2018-05-12,Buriganga,Chandni Ghat,14,23.71022,90.39367,28.3,6.41,394.0,175.6,1.22,17.56,18.0,70,11.3,0.886,2.5,290.0,0.221,7.799999999999999,19000.0,18000.0,REACH,2018,5,Buriganga,0.815354160743806,wet
2018-05-12,Buriganga,Sadar Ghat,15,23.70409,90.40971,28.0,6.39,407.0,187.7,1.02,20.1,5.0,75,7.3,5.759,2.9,280.0,0.142,8.3,27000.0,24000.0,REACH,2018,5,Buriganga,0.945810826462815,wet
2018-05-12,Buriganga,Dholaikhal,16,23.69661,90.41836,28.0,6.38,415.0,185.5,0.95,19.89,19.0,105,5.3,2.215,3.4,320.0,0.241,14.5,34000.0,26000.0,REACH,2018,5,Buriganga,1.1088816586115762,wet
2018-05-12,Buriganga,BCF Bridge,17,23.68716,90.4278,27.3,6.42,412.0,184.3,1.09,19.12,16.0,105,8.6,6.645,4.1,250.0,0.213,9.05,12000.0,8000.0,REACH,2018,5,Buriganga,1.3371808236198417,wet
2018-05-12,Buriganga,d/s Pagla STP,18,23.6648,90.45238,28.1,6.98,416.0,185.5,1.15,18.12,18.0,115,6.8,5.759,2.4,350.0,0.229,11.6,22000.0,19000.0,REACH,2018,5,Buriganga,0.7827399943140537,wet
2018-05-12,Buriganga,Jazira ,19,23.63233,90.46342,27.3,6.87,507.0,224.0,1.23,19.44,18.0,65,7.1,7.088,3.8,320.0,0.502,6.849999999999998,11000.0,11000.0,REACH,2018,5,Buriganga,1.239338324330585,wet
2018-05-12,Turag,d/s Ashulia Landing station,20,23.89441022,90.36477688,28.8,6.62,332.0,145.5,4.27,15.7,16.0,85,0.27,2.658,16.9,340.0,0.046,5.299999999999997,28000.0,22000.0,REACH,2018,5,Turag,5.5117941266281285,wet
2018-05-12,Buriganga,u/s Ijtema Field,21,23.8917228,90.38988667,28.6,6.65,816.0,367.0,4.3,7.56,6.0,225,0.36,6.645,9.5,360.0,0.169,7.199999999999999,77000.0,56000.0,REACH,2018,5,Buriganga,3.0983458108264625,wet
2018-05-13,Tongi Khal,d/s Ashulia Landing station,20,23.89441022,90.36477688,28.7,6.37,326.0,136.4,0.43,22.5,30.0,50,5.0,6.645,1.7,360.0,0.286,9.25,27000.0,21000.0,REACH,2018,5,Tongi Khal,0.5544408293057881,wet
2018-05-13,Tongi Khal,u/s Ijtema Field,21,23.8917228,90.38988667,28.6,6.66,327.0,183.4,0.27,26.8,37.0,50,3.9,7.088,2.0,330.0,0.236,7.250000000000002,17000.0,14000.0,REACH,2018,5,Tongi Khal,0.6522833285950448,wet
2018-05-13,Tongi Khal,d/s Railway Bridge,22,23.88178903,90.40636019,28.9,6.8,411.0,186.0,0.1,25.0,34.0,70,6.9,7.088,2.8,350.0,0.278,8.3,102000.0,83000.0,REACH,2018,5,Tongi Khal,0.9131966600330627,wet
2018-05-13,Tongi Khal,d/s of Hussein Dyeing,23,23.88925303,90.42315448,29.6,7.01,603.0,259.0,0.28,21.8,29.0,120,7.5,1.772,4.5,350.0,0.291,12.199999999999996,440000.0,360000.0,REACH,2018,5,Tongi Khal,1.4676374893388509,wet
2018-05-13,Tongi Khal,Mausaid (d/s Pagar Canal),24,23.89918269,90.43655294,28.9,7.11,494.0,223.0,0.09,24.9,49.0,150,10.4,6.201999999999999,9.4,640.0,0.225,15.049999999999997,560000.0,440000.0,REACH,2018,5,Tongi Khal,3.06573164439671,wet
2018-05-13,Tongi Khal,u/s of Balu Confluence,25,23.8872436,90.45994563,29.6,7.12,478.0,227.0,0.19,20.1,49.0,165,11.3,6.645,9.5,340.0,0.162,13.55,192000.0,128000.0,REACH,2018,5,Tongi Khal,3.0983458108264625,wet
2018-05-13,Balu,u/s of Purbachal,26,23.86217843,90.47498149,29.4,7.18,463.0,200.3,0.14,13.98,17.0,65,3.2,7.088,3.5,310.0,0.264,13.75,167000.0,104000.0,REACH,2018,5,Balu,1.1414958250413285,wet
2018-05-13,Balu,d/s of Purbachal (Ichhapur bridge),27,23.82717834,90.48729817,29.8,7.05,448.0,194.8,0.14,14.69,19.0,90,2.2,3.9869999999999997,3.7,240.0,0.26,11.95,233000.0,154000.0,REACH,2018,5,Balu,1.206724157900833,wet
2018-05-13,Balu,Beraid,28,23.77769711,90.47789881,29.6,7.08,449.0,196.7,0.24,15.06,26.0,85,4.5,2.658,3.6,240.0,0.302,10.7,79000.0,45000.0,REACH,2018,5,Balu,1.1741099914710806,wet
2018-05-13,Balu,d/s of Begunbari Canal,29,23.75971159,90.48346853,28.3,7.06,519.0,224.0,0.07,17.47,30.0,95,5.2,5.7589999999999995,4.6,320.0,0.348,10.900000000000002,117000.0,64000.0,REACH,2018,5,Balu,1.500251655768603,wet
2018-05-13,Balu,Demra (u/s of confluence),30,23.7279083,90.50095276,28.4,7.04,518.0,228.0,0.16,20.9,26.0,125,6.3,3.544,5.7,220.0,0.344,30.950000000000003,39000.0,33000.0,REACH,2018,5,Balu,1.8590074864958777,wet
2018-05-13,Shitalakhya,Demra Ghat,43,23.613055,90.50694,27.4,7.22,180.0,81.0,3.19,19.48,15.0,40,9.3,4.43,4.0,270.0,0.531,6.349999999999999,29000.0,18000.0,REACH,2018,5,Shitalakhya,1.3045666571900896,wet
2018-05-13,Shitalakhya,d/s of Adamjee EPZ,44,23.66447,90.523193,27.3,7.24,248.0,109.0,1.96,20.1,24.0,40,1.5,3.544,1.4,270.0,0.099,7.299999999999999,110000.0,81000.0,REACH,2018,5,Shitalakhya,0.45659833001653133,wet
2018-05-13,Shitalakhya,d/s of Tanbazar Ghat,45,23.716944,90.502168,29.1,7.15,260.0,114.1,0.26,17.86,23.0,80,4.6,4.873,1.3,300.0,0.048,5.290000000000001,28000.0,22000.0,REACH,2018,5,Shitalakhya,0.42398416358677915,wet
2018-05-13,Dhaleshwari,Muktapur Ghat  ,40,23.567889,90.514812,28.5,7.24,555.0,245.0,0.22,9.71,16.0,90,4.0,2.215,1.0,250.0,0.227,7.75,77000.0,56000.0,REACH,2018,5,Dhaleshwari,0.3261416642975224,wet
2018-06-23,Turag,u/s of Konabari,1,24.01945,90.34443,29.4,6.38,116.2,50.1,6.66,126.0,127.0,60,0.5,55.375,9.5,420.0,,1.01,45000.0,15000.0,REACH,2018,6,Turag,3.0983458108264625,wet
2018-06-23,Turag,Konabari Powerplant,2,23.9948,90.34186,29.5,6.48,116.7,50.4,6.4,105.0,144.0,45,0.19,21.264,2.0,360.0,,0.55,20000.0,11000.0,REACH,2018,6,Turag,0.6522833285950448,wet
2018-06-23,Turag,d/s of Konabari,3,23.98681,90.32572,29.5,6.63,122.7,52.7,6.2,98.0,136.0,40,0.18,19.492,1.5,500.0,,0.53,12000.0,4000.0,REACH,2018,6,Turag,0.48921249644628356,wet
2018-06-23,Turag,d/s of Kashimpur,4,23.98042,90.33772,29.8,6.7,124.0,53.2,6.17,138.0,218.0,45,0.19,19.492,2.0,410.0,,0.3,26000.0,15000.0,REACH,2018,6,Turag,0.6522833285950448,wet
2018-06-23,Turag,Yearpur (u/s of Ashulia Lake),5,23.92568,90.34812,29.6,6.74,122.4,52.9,6.07,132.0,197.0,45,0.18,16.834,1.4,480.0,,0.17,19000.0,11000.0,REACH,2018,6,Turag,0.45659833001653133,wet
2018-06-23,Turag,Ashulia Bridge (d/s of Ashulia Lake),6,23.89519,90.33463,29.6,6.79,124.0,53.2,5.9,158.0,225.0,40,0.15,16.834,1.3,500.0,,1.39,57000.0,31000.0,REACH,2018,6,Turag,0.42398416358677915,wet
2018-06-23,Turag,Rustampur (u/s of confluence),7,23.8795,90.3503,29.3,6.89,127.4,54.5,5.63,184.0,209.0,50,0.16,14.619,1.6,600.0,,1.04,13000.0,4000.0,REACH,2018,6,Turag,0.5218266628760359,wet
2018-06-23,Turag,Birulia Bridge,8,23.85146,90.33932,29.6,7.0,127.9,54.2,5.2,155.0,169.0,55,0.15,17.277,1.9,490.0,,0.39,9000.0,6000.0,REACH,2018,6,Turag,0.6196691621652926,wet
2018-06-23,Turag,Botanical Garden,9,23.81745,90.3405,29.6,6.85,151.6,64.7,4.4,115.0,156.0,70,0.36,31.896,6.8,480.0,,0.77,43000.0,18000.0,REACH,2018,6,Turag,2.2177633172231523,wet
2018-06-23,Turag,u/s of Aminbazar Bridge,10,23.78946,90.33922,29.9,6.9,139.2,59.1,3.8,95.3,61.0,45,0.11,7.974,1.4,420.0,,0.86,23000.0,10000.0,REACH,2018,6,Turag,0.45659833001653133,wet
2018-06-23,Buriganga,Aminbazar Bridge,11,23.78292,90.33538,30.2,6.8,135.8,57.7,3.64,98.0,125.0,45,0.15,15.948,1.8,490.0,,1.54,19000.0,4000.0,REACH,2018,6,Buriganga,0.5870549957355403,wet
2018-06-23,Buriganga,d/s of Hazaribagh,12,23.73496,90.35441,30.1,7.0,185.2,78.6,2.31,48.6,82.0,45,0.46,35.883,8.3,350.0,,1.77,79000.0,43000.0,REACH,2018,6,Buriganga,2.7069758136694357,wet
2018-06-23,Buriganga,d/s Kamrangirchar Launch Ghat,13,23.71671,90.35992,30.6,7.05,194.7,82.5,1.4,52.0,63.0,75,0.3,21.707,5.6,500.0,,1.73,27000.0,18000.0,REACH,2018,6,Buriganga,1.8263933200661253,wet
2018-06-23,Buriganga,Chandni Ghat,14,23.71022,90.39367,30.6,7.06,201.2,84.8,1.01,46.0,27.0,40,0.15,9.303,2.5,420.0,,1.56,76000.0,24000.0,REACH,2018,6,Buriganga,0.815354160743806,wet
2018-06-24,Buriganga,Sadar Ghat,15,23.70409,90.40971,30.9,6.98,211.3,89.5,0.26,24.3,20.0,50,0.12,7.531,1.7,370.0,,1.38,71000.0,23000.0,REACH,2018,6,Buriganga,0.5544408293057881,wet
2018-06-24,Buriganga,Dholaikhal,16,23.69661,90.41836,31.0,6.99,207.0,87.5,0.56,24.0,22.0,55,0.14,8.86,3.0,380.0,,1.44,19000.0,7000.0,REACH,2018,6,Buriganga,0.9784249928925671,wet
2018-06-24,Buriganga,BCF Bridge,17,23.68716,90.4278,30.7,7.06,214.3,90.7,0.36,16.7,29.0,90,0.09,7.974,1.8,370.0,,1.57,51000.0,19000.0,REACH,2018,6,Buriganga,0.5870549957355403,wet
2018-06-24,Buriganga,d/s Pagla STP,18,23.6648,90.45238,31.2,7.07,228.0,91.7,0.45,10.7,26.0,75,0.12,5.759,1.3,380.0,,2.6,71000.0,45000.0,REACH,2018,6,Buriganga,0.42398416358677915,wet
2018-06-24,Buriganga,Jazira ,19,23.63233,90.46342,30.8,7.04,239.0,100.5,0.28,8.61,15.0,100,0.12,5.759,1.5,320.0,,1.14,49000.0,31000.0,REACH,2018,6,Buriganga,0.48921249644628356,wet
2018-06-24,Tongi Khal,d/s Ashulia Landing station,20,23.89441022,90.36477688,30.3,7.09,141.7,61.7,3.54,58.7,68.0,50,0.17,14.618999999999998,2.2,360.0,,0.73,27000.0,6000.0,REACH,2018,6,Tongi Khal,0.7175116614545494,wet
2018-06-24,Tongi Khal,u/s Ijtema Field,21,23.8917228,90.38988667,30.2,7.1,148.0,67.6,3.1,54.5,56.0,45,0.14,10.632,2.9,350.0,,0.87,39000.0,8000.0,REACH,2018,6,Tongi Khal,0.945810826462815,wet
2018-06-24,Tongi Khal,d/s Railway Bridge,22,23.88178903,90.40636019,32.2,7.11,149.5,66.7,2.85,49.9,78.0,50,0.16,12.403999999999998,2.4,260.0,,1.55,57000.0,6000.0,REACH,2018,6,Tongi Khal,0.7827399943140537,wet
2018-06-24,Tongi Khal,d/s of Hussein Dyeing,23,23.88925303,90.42315448,30.4,6.96,177.8,75.0,2.27,45.8,66.0,70,0.12,10.632,3.5,410.0,,1.65,101000.0,48000.0,REACH,2018,6,Tongi Khal,1.1414958250413285,wet
2018-06-24,Tongi Khal,Mausaid (d/s Pagar Canal),24,23.89918269,90.43655294,30.7,7.04,186.6,77.0,1.26,43.9,64.0,65,0.08,7.973999999999999,1.7,390.0,,1.41,83000.0,32000.0,REACH,2018,6,Tongi Khal,0.5544408293057881,wet
2018-06-24,Tongi Khal,u/s of Balu Confluence,25,23.8872436,90.45994563,30.1,7.0,208.7,88.7,0.59,28.2,58.0,65,0.08,6.201999999999999,1.6,350.0,,0.87,98000.0,52000.0,REACH,2018,6,Tongi Khal,0.5218266628760359,wet
2018-06-24,Balu,u/s of Purbachal,26,23.86217843,90.47498149,30.3,7.04,212.6,90.0,0.44,9.62,64.0,70,0.1,4.43,1.3,390.0,,1.12,59000.0,23000.0,REACH,2018,6,Balu,0.42398416358677915,wet
2018-06-24,Balu,d/s of Purbachal (Ichhapur bridge),27,23.82717834,90.48729817,30.0,7.11,219.3,89.0,0.4,5.59,19.0,60,0.09,7.531,1.7,380.0,,1.61,27000.0,19000.0,REACH,2018,6,Balu,0.5544408293057881,wet
2018-06-24,Balu,Beraid,28,23.77769711,90.47789881,30.5,7.09,196.5,82.0,2.56,8.65,20.0,45,0.09,7.531,2.1,360.0,,1.98,42000.0,24000.0,REACH,2018,6,Balu,0.684897495024797,wet
2018-06-24,Balu,d/s of Begunbari Canal,29,23.75971159,90.48346853,31.2,7.12,190.6,80.0,1.78,8.6,14.0,75,0.1,5.316,1.6,340.0,,1.98,77000.0,48000.0,REACH,2018,6,Balu,0.5218266628760359,wet
2018-06-24,Balu,Demra (u/s of confluence),30,23.7279083,90.50095276,30.9,7.06,259.0,110.1,0.34,12.45,16.0,90,0.18,4.873,2.8,330.0,,2.4,97000.0,56000.0,REACH,2018,6,Balu,0.9131966600330627,wet
2018-07-14,Turag,u/s of Konabari,1,24.01945,90.34443,29.6,6.68,131.2,55.8,6.38,221.0,31.0,35,0.18,5.316,0.7,300.0,,1.41,15000.0,9000.0,REACH,2018,7,Turag,0.22829916500826566,wet
2018-07-14,Turag,Konabari Powerplant,2,23.9948,90.34186,29.8,6.84,128.9,54.9,6.31,247.0,60.0,40,0.43,4.43,0.8,370.0,,0.77,18000.0,7000.0,REACH,2018,7,Turag,0.2609133314380179,wet
2018-07-14,Turag,d/s of Konabari,3,23.98681,90.32572,30.1,7.01,138.4,58.9,6.15,241.0,70.0,45,0.56,4.43,1.0,400.0,,1.09,4000.0,1000.0,REACH,2018,7,Turag,0.3261416642975224,wet
2018-07-14,Turag,d/s of Kashimpur,4,23.98042,90.33772,29.9,6.94,138.3,59.0,6.12,206.0,97.0,80,0.46,6.201999999999999,1.6,360.0,,0.79,83000.0,47000.0,REACH,2018,7,Turag,0.5218266628760359,wet
2018-07-14,Turag,Yearpur (u/s of Ashulia Lake),5,23.92568,90.34812,30.1,7.04,140.9,60.1,6.12,179.0,92.0,40,0.36,5.316,1.8,480.0,,1.65,84000.0,33000.0,REACH,2018,7,Turag,0.5870549957355403,wet
2018-07-14,Turag,Ashulia Bridge (d/s of Ashulia Lake),6,23.89519,90.33463,30.1,7.12,145.6,61.8,5.93,169.0,117.0,95,0.4,5.316,1.5,270.0,,1.46,139000.0,71000.0,REACH,2018,7,Turag,0.48921249644628356,wet
2018-07-14,Turag,Rustampur (u/s of confluence),7,23.8795,90.3503,30.3,7.22,181.7,76.8,5.49,146.0,91.0,60,0.52,4.873,1.8,280.0,,1.48,34000.0,21000.0,REACH,2018,7,Turag,0.5870549957355403,wet
2018-07-14,Turag,Birulia Bridge,8,23.85146,90.33932,30.3,7.02,186.5,78.3,5.6,141.0,90.0,20,0.28,4.873,1.3,290.0,,0.94,55000.0,29000.0,REACH,2018,7,Turag,0.42398416358677915,wet
2018-07-14,Turag,Botanical Garden,9,23.81745,90.3405,30.3,7.2,198.0,83.3,4.53,104.0,96.0,35,0.81,24.365,1.9,300.0,,1.35,103000.0,48000.0,REACH,2018,7,Turag,0.6196691621652926,wet
2018-07-14,Turag,u/s of Aminbazar Bridge,10,23.78946,90.33922,30.6,7.21,191.6,80.2,4.18,88.0,61.0,90,0.06,15.062,1.7,350.0,,1.55,53000.0,31000.0,REACH,2018,7,Turag,0.5544408293057881,wet
2018-07-14,Buriganga,Aminbazar Bridge,11,23.78292,90.33538,31.5,7.08,196.2,82.9,4.18,88.0,57.0,55,0.39,8.417,1.4,280.0,,1.2,126000.0,70000.0,REACH,2018,7,Buriganga,0.45659833001653133,wet
2018-07-14,Buriganga,d/s of Hazaribagh,12,23.73496,90.35441,31.3,7.18,202.9,85.3,3.44,77.8,44.0,85,0.58,7.973999999999999,3.4,340.0,,1.76,32000.0,19000.0,REACH,2018,7,Buriganga,1.1088816586115762,wet
2018-07-14,Buriganga,d/s Kamrangirchar Launch Ghat,13,23.71671,90.35992,31.2,7.17,210.2,88.5,3.01,70.7,64.0,95,0.47,13.29,1.0,410.0,,1.47,30000.0,22000.0,REACH,2018,7,Buriganga,0.3261416642975224,wet
2018-07-14,Buriganga,Chandni Ghat,14,23.71022,90.39367,31.3,7.16,212.8,89.0,2.47,69.3,41.0,80,0.34,6.645,1.1,320.0,,1.24,86000.0,51000.0,REACH,2018,7,Buriganga,0.3587558307272747,wet
2018-07-14,Buriganga,Sadar Ghat,15,23.70409,90.40971,31.2,7.08,208.6,88.9,2.28,68.7,43.0,90,0.55,7.531,1.3,430.0,,1.06,115000.0,62000.0,REACH,2018,7,Buriganga,0.42398416358677915,wet
2018-07-14,Buriganga,Dholaikhal,16,23.69661,90.41836,31.3,7.05,188.1,79.2,2.06,62.5,28.0,55,0.53,5.7589999999999995,1.0,350.0,,1.17,40000.0,26000.0,REACH,2018,7,Buriganga,0.3261416642975224,wet
2018-07-14,Buriganga,BCF Bridge,17,23.68716,90.4278,31.2,7.08,183.9,77.4,1.84,60.2,29.0,70,0.75,7.088,1.1,400.0,,1.25,58000.0,30000.0,REACH,2018,7,Buriganga,0.3587558307272747,wet
2018-07-14,Buriganga,d/s Pagla STP,18,23.6648,90.45238,31.0,7.1,181.7,76.7,1.93,51.5,41.0,70,0.45,7.088,1.0,420.0,,1.32,76000.0,45000.0,REACH,2018,7,Buriganga,0.3261416642975224,wet
2018-07-14,Buriganga,Jazira ,19,23.63233,90.46342,31.1,7.12,188.8,77.7,1.35,41.6,23.0,75,0.44,7.973999999999999,1.3,470.0,,0.85,44000.0,26000.0,REACH,2018,7,Buriganga,0.42398416358677915,wet
2018-07-14,Bangshi-Savar ,d/s of Turag branch outfall,32,23.796912,90.326466,30.3,7.03,184.2,77.3,4.21,82.9,47.0,85,0.02,6.645,1.1,380.0,,0.71,61000.0,35000.0,REACH,2018,7,Bangshi-Savar,0.3587558307272747,wet
2018-07-15,Tongi Khal,d/s Ashulia Landing station,20,23.89441022,90.36477688,30.1,7.03,150.4,63.1,4.99,81.5,50.0,50,0.08,1.0,1.8,350.0,,0.59,90000.0,56000.0,REACH,2018,7,Tongi Khal,0.5870549957355403,wet
2018-07-15,Tongi Khal,u/s Ijtema Field,21,23.8917228,90.38988667,30.2,7.14,155.0,65.6,4.68,80.8,66.0,20,0.01,1.1,1.4,330.0,,1.14,115000.0,64000.0,REACH,2018,7,Tongi Khal,0.45659833001653133,wet
2018-07-15,Tongi Khal,d/s Railway Bridge,22,23.88178903,90.40636019,30.1,7.13,157.3,66.4,4.34,81.9,55.0,20,0.1,15.7,1.4,340.0,,1.18,46000.0,21000.0,REACH,2018,7,Tongi Khal,0.45659833001653133,wet
2018-07-15,Tongi Khal,d/s of Hussein Dyeing,23,23.88925303,90.42315448,30.2,7.23,173.1,74.2,3.69,80.6,70.0,15,0.17,0.8,1.1,410.0,,1.41,74000.0,51000.0,REACH,2018,7,Tongi Khal,0.3587558307272747,wet
2018-07-15,Tongi Khal,Mausaid (d/s Pagar Canal),24,23.89918269,90.43655294,30.2,6.96,169.2,71.8,3.41,85.0,59.0,20,0.25,1.8,1.1,430.0,,1.21,24000.0,19000.0,REACH,2018,7,Tongi Khal,0.3587558307272747,wet
2018-07-15,Tongi Khal,u/s of Balu Confluence,25,23.8872436,90.45994563,30.3,7.05,175.3,74.0,2.31,61.1,62.0,20,0.15,1.4,0.8,430.0,,1.69,55000.0,31000.0,REACH,2018,7,Tongi Khal,0.2609133314380179,wet
2018-07-15,Balu,u/s of Purbachal,26,23.86217843,90.47498149,30.4,6.99,176.5,74.2,1.78,39.0,48.0,10,0.11,1.0,0.8,440.0,,1.81,85000.0,46000.0,REACH,2018,7,Balu,0.2609133314380179,wet
2018-07-15,Balu,d/s of Purbachal (Ichhapur bridge),27,23.82717834,90.48729817,30.5,7.08,179.9,75.8,1.55,20.3,30.0,10,0.24,2.7,0.9,490.0,,1.26,51000.0,32000.0,REACH,2018,7,Balu,0.29352749786777016,wet
2018-07-15,Balu,Beraid,28,23.77769711,90.47789881,31.5,7.12,187.4,77.8,3.06,11.65,34.0,35,0.24,1.5,1.1,500.0,,1.81,52000.0,36000.0,REACH,2018,7,Balu,0.3587558307272747,wet
2018-07-15,Balu,d/s of Begunbari Canal,29,23.75971159,90.48346853,31.2,7.08,232.0,96.5,0.33,13.3,45.0,55,1.56,0.9,1.6,560.0,,2.04,60000.0,36000.0,REACH,2018,7,Balu,0.5218266628760359,wet
2018-07-15,Balu,Demra (u/s of confluence),30,23.7279083,90.50095276,31.4,7.16,166.1,68.2,4.61,81.0,66.0,95,0.06,1.9,1.6,330.0,,1.35,39000.0,23000.0,REACH,2018,7,Balu,0.5218266628760359,wet
2018-07-15,Pagar Canal,Steel bridge at Pagar Canal,55,23.900657,90.432582,30.4,6.92,379.0,161.8,1.41,23.6,54.0,125,3.38,9.5,3.7,157.0,,1.16,55000.0,37000.0,REACH,2018,7,Pagar Canal,1.206724157900833,wet
2018-07-15,Bashundhara Canal,u/s (800m) of outfall in Balu,56,23.80975467,90.47701159,31.0,7.02,316.0,131.4,2.48,7.27,29.0,190,3.48,1.9,1.8,147.0,,2.06,104000.0,56000.0,REACH,2018,7,Bashundhara Canal,0.5870549957355403,wet
2018-07-15,Begunbari Canal,d/s of Dasherkandi WWTP,57,23.760385,90.479743,31.1,7.09,234.0,98.2,0.42,12.05,28.0,110,1.66,2.1,1.2,127.0,,2.08,,,REACH,2018,7,Begunbari Canal,0.39136999715702686,wet
2018-08-11,Turag,u/s of Konabari,1,24.01945,90.34443,30.5,6.56,137.0,58.1,6.5,307.0,131.0,10,0.06,6.201999999999999,1.2,290.0,,1.57,20000.0,8000.0,REACH,2018,8,Turag,0.39136999715702686,wet
2018-08-11,Turag,Konabari Powerplant,2,23.9948,90.34186,30.4,6.68,138.1,58.7,6.48,273.0,127.0,5,0.01,5.316,0.2,300.0,,1.14,46000.0,3000.0,REACH,2018,8,Turag,0.06522833285950448,wet
2018-08-11,Turag,d/s of Konabari,3,23.98681,90.32572,30.4,6.9,143.0,60.9,6.3,255.0,116.0,20,0.08,0.443,0.3,280.0,,1.24,45000.0,12000.0,REACH,2018,8,Turag,0.09784249928925672,wet
2018-08-11,Turag,d/s of Kashimpur,4,23.98042,90.33772,30.2,6.9,146.4,62.2,6.18,267.0,85.0,35,0.21,,0.4,330.0,,1.49,40000.0,10000.0,REACH,2018,8,Turag,0.13045666571900896,wet
2018-08-11,Turag,Yearpur (u/s of Ashulia Lake),5,23.92568,90.34812,30.1,6.93,146.1,62.2,6.17,229.0,167.0,10,0.24,0.886,0.4,320.0,,1.71,28000.0,5000.0,REACH,2018,8,Turag,0.13045666571900896,wet
2018-08-11,Turag,Ashulia Bridge (d/s of Ashulia Lake),6,23.89519,90.33463,30.3,7.05,149.0,63.7,6.04,213.0,138.0,5,0.28,1.329,0.5,250.0,,1.87,62000.0,4000.0,REACH,2018,8,Turag,0.1630708321487612,wet
2018-08-11,Turag,Rustampur (u/s of confluence),7,23.8795,90.3503,30.4,7.13,152.0,64.8,5.74,197.0,142.0,60,0.2,3.544,0.6,410.0,,1.22,41000.0,3000.0,REACH,2018,8,Turag,0.19568499857851343,wet
2018-08-11,Turag,Birulia Bridge,8,23.85146,90.33932,30.4,7.13,153.9,65.2,5.41,177.0,109.0,25,0.09,1.772,0.3,420.0,,2.09,43000.0,9000.0,REACH,2018,8,Turag,0.09784249928925672,wet
2018-08-11,Turag,Botanical Garden,9,23.81745,90.3405,30.5,7.3,156.5,66.2,5.09,145.0,91.0,60,0.18,2.658,0.5,450.0,,0.89,27000.0,1000.0,REACH,2018,8,Turag,0.1630708321487612,wet
2018-08-11,Turag,u/s of Aminbazar Bridge,10,23.78946,90.33922,30.5,7.1,158.2,66.9,4.89,152.0,91.0,20,0.19,1.772,0.4,350.0,,1.27,121000.0,43000.0,REACH,2018,8,Turag,0.13045666571900896,wet
2018-08-11,Buriganga,Aminbazar Bridge,11,23.78292,90.33538,30.6,7.29,160.2,67.7,4.54,135.0,71.0,45,0.11,8.417,1.0,320.0,,2.14,86000.0,18000.0,REACH,2018,8,Buriganga,0.3261416642975224,wet
2018-08-11,Buriganga,d/s of Hazaribagh,12,23.73496,90.35441,30.8,7.31,167.2,70.9,4.26,128.0,88.0,84,0.08,8.86,0.4,490.0,,1.56,128000.0,48000.0,REACH,2018,8,Buriganga,0.13045666571900896,wet
2018-08-11,Buriganga,d/s Kamrangirchar Launch Ghat,13,23.71671,90.35992,30.5,7.22,171.3,72.6,3.89,127.0,73.0,70,0.19,3.9869999999999997,0.5,340.0,,1.91,46000.0,1000.0,REACH,2018,8,Buriganga,0.1630708321487612,wet
2018-08-11,Buriganga,Chandni Ghat,14,23.71022,90.39367,30.7,7.18,168.9,71.3,3.95,112.0,74.0,80,0.03,3.1009999999999995,0.4,290.0,,1.47,84000.0,45000.0,REACH,2018,8,Buriganga,0.13045666571900896,wet
2018-08-11,Buriganga,Sadar Ghat,15,23.70409,90.40971,30.5,7.23,171.6,72.3,3.6,112.0,49.0,73,0.22,3.544,0.7,410.0,,1.9,77000.0,46000.0,REACH,2018,8,Buriganga,0.22829916500826566,wet
2018-08-11,Buriganga,Dholaikhal,16,23.69661,90.41836,30.6,7.12,174.7,73.9,3.28,103.0,68.0,87,0.3,4.43,0.5,400.0,,3.1,68000.0,42000.0,REACH,2018,8,Buriganga,0.1630708321487612,wet
2018-08-11,Buriganga,BCF Bridge,17,23.68716,90.4278,30.6,7.25,179.3,75.9,3.02,107.0,61.0,89,0.34,4.873,0.7,410.0,,1.38,6000.0,1000.0,REACH,2018,8,Buriganga,0.22829916500826566,wet
2018-08-11,Buriganga,d/s Pagla STP,18,23.6648,90.45238,30.6,7.27,181.3,76.6,2.37,84.0,39.0,89,0.51,2.658,1.1,400.0,,1.35,35000.0,10000.0,REACH,2018,8,Buriganga,0.3587558307272747,wet
2018-08-11,Buriganga,Jazira ,19,23.63233,90.46342,30.6,7.24,185.5,78.6,1.95,82.6,51.0,65,0.45,4.873,0.8,340.0,,2.14,52000.0,27000.0,REACH,2018,8,Buriganga,0.2609133314380179,wet
2018-08-11,Bangshi-Savar ,d/s of Turag branch outfall,32,23.796912,90.326466,30.7,7.33,158.5,66.6,5.47,188.0,153.0,86,0.01,0.886,0.6,270.0,,4.41,34000.0,5000.0,REACH,2018,8,Bangshi-Savar,0.19568499857851343,wet
2018-08-12,Tongi Khal,d/s Ashulia Landing station,20,23.89441022,90.36477688,30.5,7.56,151.5,64.0,5.04,137.0,81.0,45,0.06,0.443,0.7,330.0,,1.83,74000.0,47000.0,REACH,2018,8,Tongi Khal,0.22829916500826566,wet
2018-08-12,Tongi Khal,u/s Ijtema Field,21,23.8917228,90.38988667,30.3,7.43,154.8,65.4,4.89,126.0,94.0,60,0.04,0.443,0.8,290.0,,1.77,95000.0,11000.0,REACH,2018,8,Tongi Khal,0.2609133314380179,wet
2018-08-12,Tongi Khal,d/s Railway Bridge,22,23.88178903,90.40636019,30.2,7.48,160.0,67.9,4.58,124.0,76.0,55,0.09,3.1009999999999995,1.2,320.0,,3.23,74000.0,34000.0,REACH,2018,8,Tongi Khal,0.39136999715702686,wet
2018-08-12,Tongi Khal,d/s of Hussein Dyeing,23,23.88925303,90.42315448,30.7,7.69,168.9,71.3,4.15,129.0,59.0,50,0.11,1.329,0.6,270.0,,8.77,98000.0,80000.0,REACH,2018,8,Tongi Khal,0.19568499857851343,wet
2018-08-12,Tongi Khal,Mausaid (d/s Pagar Canal),24,23.89918269,90.43655294,30.8,7.73,177.6,75.0,3.78,128.0,58.0,75,0.11,3.1009999999999995,0.5,310.0,,1.54,192000.0,80000.0,REACH,2018,8,Tongi Khal,0.1630708321487612,wet
2018-08-12,Tongi Khal,u/s of Balu Confluence,25,23.8872436,90.45994563,30.6,7.81,172.9,73.0,2.73,84.8,28.0,40,0.13,2.215,0.4,340.0,,1.53,64000.0,37000.0,REACH,2018,8,Tongi Khal,0.13045666571900896,wet
2018-08-12,Balu,u/s of Purbachal,26,23.86217843,90.47498149,31.0,7.71,176.5,74.4,2.08,53.0,26.0,40,0.08,3.544,0.5,300.0,,1.26,77000.0,9000.0,REACH,2018,8,Balu,0.1630708321487612,wet
2018-08-12,Balu,d/s of Purbachal (Ichhapur bridge),27,23.82717834,90.48729817,31.1,7.36,184.2,77.6,1.91,34.3,12.0,55,0.31,3.544,0.6,330.0,,0.47,54000.0,10000.0,REACH,2018,8,Balu,0.19568499857851343,wet
2018-08-12,Balu,Beraid,28,23.77769711,90.47789881,31.0,7.56,187.3,78.6,2.34,18.4,15.0,40,0.26,3.9869999999999997,0.6,380.0,,1.45,36000.0,4000.0,REACH,2018,8,Balu,0.19568499857851343,wet
2018-08-12,Balu,d/s of Begunbari Canal,29,23.75971159,90.48346853,30.7,7.35,210.2,85.6,2.35,16.1,9.0,101,0.37,4.43,0.6,340.0,,1.58,40000.0,3000.0,REACH,2018,8,Balu,0.19568499857851343,wet
2018-08-12,Balu,Demra (u/s of confluence),30,23.7279083,90.50095276,30.5,7.38,223.0,93.9,0.35,12.2,16.0,96,1.3,3.1009999999999995,0.8,310.0,,2.26,122000.0,68000.0,REACH,2018,8,Balu,0.2609133314380179,wet
2018-08-12,Pagar Canal,Steel bridge at Pagar Canal,55,23.900657,90.432582,31.3,7.36,320.0,133.8,0.32,55.2,12.0,133,2.59,2.658,1.9,360.0,,4.18,76000.0,28000.0,REACH,2018,8,Pagar Canal,0.6196691621652926,wet
2018-08-12,Begunbari Canal,d/s of Dasherkandi WWTP,57,23.760385,90.479743,31.3,7.31,344.0,144.4,0.32,29.7,27.0,142,5.47,3.9869999999999997,3.4,360.0,,1.45,248000.0,120000.0,REACH,2018,8,Begunbari Canal,1.1088816586115762,wet
2018-09-15,Turag,u/s of Konabari,1,24.01945,90.34443,29.1,6.68,157.7,68.5,6.44,288.0,78.0,45,0.11,4.43,,3.0,,0.67,59000.0,4000.0,REACH,2018,9,Turag,,wet
2018-09-15,Turag,Konabari Powerplant,2,23.9948,90.34186,29.5,7.13,158.2,68.5,6.4,304.0,222.0,35,0.11,2.215,,83.0,,2.26,39000.0,2000.0,REACH,2018,9,Turag,,wet
2018-09-15,Turag,d/s of Konabari,3,23.98681,90.32572,29.5,6.96,167.1,72.1,6.22,255.0,191.0,35,0.16,4.43,,83.0,,4.32,49000.0,1000.0,REACH,2018,9,Turag,,wet
2018-09-15,Turag,d/s of Kashimpur,4,23.98042,90.33772,29.8,7.18,166.4,72.9,6.17,257.0,547.0,40,0.16,4.43,0.8,103.0,,1.75,54000.0,12000.0,REACH,2018,9,Turag,0.2609133314380179,wet
2018-09-15,Turag,Yearpur (u/s of Ashulia Lake),5,23.92568,90.34812,29.3,7.05,168.5,72.4,6.12,219.0,341.0,35,0.12,1.772,0.4,73.0,,1.21,62000.0,8000.0,REACH,2018,9,Turag,0.13045666571900896,wet
2018-09-15,Turag,Ashulia Bridge (d/s of Ashulia Lake),6,23.89519,90.33463,29.9,7.26,170.4,72.8,6.09,175.0,103.0,55,0.19,3.9869999999999997,0.1,93.0,,1.39,68000.0,7000.0,REACH,2018,9,Turag,0.03261416642975224,wet
2018-09-15,Turag,Rustampur (u/s of confluence),7,23.8795,90.3503,29.5,7.08,174.3,74.7,5.83,153.0,274.0,45,0.36,3.1009999999999995,,43.0,,0.95,81000.0,2000.0,REACH,2018,9,Turag,,wet
2018-09-15,Turag,Birulia Bridge,8,23.85146,90.33932,29.9,6.98,174.0,74.9,5.64,134.0,218.0,50,0.16,3.544,,123.0,,0.56,36000.0,3000.0,REACH,2018,9,Turag,,wet
2018-09-15,Turag,Botanical Garden,9,23.81745,90.3405,31.1,7.34,201.2,85.0,4.65,78.3,134.0,50,0.64,7.088,,103.0,,0.32,58000.0,4000.0,REACH,2018,9,Turag,,wet
2018-09-15,Turag,u/s of Aminbazar Bridge,10,23.78946,90.33922,30.4,7.45,185.5,79.1,5.18,102.0,44.0,45,0.34,5.7589999999999995,0.2,113.0,,0.37,105000.0,42000.0,REACH,2018,9,Turag,0.06522833285950448,wet
2018-09-15,Buriganga,Aminbazar Bridge,11,23.78292,90.33538,29.8,7.31,185.8,79.1,5.02,97.0,208.0,50,0.31,4.873,0.9,123.0,,0.52,70000.0,11000.0,REACH,2018,9,Buriganga,0.29352749786777016,wet
2018-09-15,Buriganga,d/s of Hazaribagh,12,23.73496,90.35441,29.6,7.3,190.8,81.4,4.38,84.2,143.0,40,0.4,3.544,,103.0,,1.14,98000.0,25000.0,REACH,2018,9,Buriganga,,wet
2018-09-15,Buriganga,d/s Kamrangirchar Launch Ghat,13,23.71671,90.35992,30.3,7.37,196.9,84.2,4.03,76.7,138.0,45,0.53,8.417,0.8,53.0,,1.33,41000.0,13000.0,REACH,2018,9,Buriganga,0.2609133314380179,wet
2018-09-15,Buriganga,Chandni Ghat,14,23.71022,90.39367,29.7,7.41,204.4,87.1,3.21,64.8,131.0,50,0.74,7.973999999999999,0.2,113.0,,0.84,59000.0,32000.0,REACH,2018,9,Buriganga,0.06522833285950448,wet
2018-09-15,Buriganga,Sadar Ghat,15,23.70409,90.40971,29.7,7.29,205.7,87.7,3.01,64.3,112.0,60,0.69,1.772,0.1,73.0,,0.79,53000.0,23000.0,REACH,2018,9,Buriganga,0.03261416642975224,wet
2018-09-15,Buriganga,Dholaikhal,16,23.69661,90.41836,29.5,7.44,207.0,88.1,2.99,61.2,132.0,55,0.7,0.886,0.6,103.0,,0.34,84000.0,36000.0,REACH,2018,9,Buriganga,0.19568499857851343,wet
2018-09-15,Buriganga,BCF Bridge,17,23.68716,90.4278,29.8,7.18,209.0,89.1,2.6,59.0,114.0,45,0.98,0.443,0.4,93.0,,0.55,137000.0,68000.0,REACH,2018,9,Buriganga,0.13045666571900896,wet
2018-09-15,Buriganga,d/s Pagla STP,18,23.6648,90.45238,29.9,7.3,205.5,87.2,2.57,59.6,129.0,60,0.77,1.329,0.1,53.0,,4.72,88000.0,13000.0,REACH,2018,9,Buriganga,0.03261416642975224,wet
2018-09-15,Buriganga,Jazira ,19,23.63233,90.46342,29.9,7.42,206.0,87.3,2.57,57.8,120.0,45,0.71,5.7589999999999995,,73.0,,0.14,87000.0,30000.0,REACH,2018,9,Buriganga,,wet
2018-09-15,Bangshi-Savar,d/s of Turag branch outfall,32,23.796912,90.326466,29.6,7.34,179.6,76.5,5.04,142.0,247.0,50,0.24,7.531,2.5,63.0,,1.1,99000.0,6000.0,REACH,2018,9,Bangshi-Savar,0.815354160743806,wet
2018-09-16,Tongi Khal,d/s Ashulia Landing station,20,23.89441022,90.36477688,29.6,7.07,211.7,90.1,5.48,129.0,252.0,60,0.26,34.997,0.4,104.0,,1.13,40000.0,2000.0,REACH,2018,9,Tongi Khal,0.13045666571900896,wet
2018-09-16,Tongi Khal,u/s Ijtema Field,21,23.8917228,90.38988667,29.2,7.75,216.3,91.5,5.13,108.0,241.0,50,0.14,1.772,0.1,124.0,,3.27,53000.0,9000.0,REACH,2018,9,Tongi Khal,0.03261416642975224,wet
2018-09-16,Tongi Khal,d/s Railway Bridge,22,23.88178903,90.40636019,30.9,7.22,224.0,95.0,5.81,109.0,243.0,50,0.26,0.886,0.5,174.0,,0.47,132000.0,74000.0,REACH,2018,9,Tongi Khal,0.1630708321487612,wet
2018-09-16,Tongi Khal,d/s of Hussein Dyeing,23,23.88925303,90.42315448,29.6,7.38,230.0,97.5,4.48,108.0,231.0,60,0.41,3.9869999999999997,0.3,94.0,,1.43,104000.0,58000.0,REACH,2018,9,Tongi Khal,0.09784249928925672,wet
2018-09-16,Tongi Khal,Mausaid (d/s Pagar Canal),24,23.89918269,90.43655294,30.7,7.37,546.0,212.0,3.95,89.0,155.0,50,0.36,2.658,0.2,184.0,,0.89,88000.0,45000.0,REACH,2018,9,Tongi Khal,0.06522833285950448,wet
2018-09-16,Tongi Khal,u/s of Balu Confluence,25,23.8872436,90.45994563,39.6,7.47,828.0,305.0,3.01,75.2,114.0,65,0.47,4.873,0.5,64.0,,1.22,65000.0,27000.0,REACH,2018,9,Tongi Khal,0.1630708321487612,wet
2018-09-16,Balu,u/s of Purbachal,26,23.86217843,90.47498149,30.8,7.29,665.0,244.0,1.54,22.7,36.0,50,0.4,3.544,0.5,94.0,,0.56,38000.0,7000.0,REACH,2018,9,Balu,0.1630708321487612,wet
2018-09-16,Balu,d/s of Purbachal (Ichhapur bridge),27,23.82717834,90.48729817,30.4,7.33,697.0,254.0,1.77,25.5,60.0,50,0.41,1.329,0.5,34.0,,1.49,67000.0,6000.0,REACH,2018,9,Balu,0.1630708321487612,wet
2018-09-16,Balu,Beraid,28,23.77769711,90.47789881,30.5,7.52,636.0,241.0,2.02,18.9,37.0,65,0.78,6.645,0.3,104.0,,0.79,57000.0,5000.0,REACH,2018,9,Balu,0.09784249928925672,wet
2018-09-16,Balu,d/s of Begunbari Canal,29,23.75971159,90.48346853,30.4,7.48,640.0,241.0,1.92,19.7,32.0,80,0.62,1.772,0.5,84.0,,1.15,44000.0,6000.0,REACH,2018,9,Balu,0.1630708321487612,wet
2018-09-16,Balu,Demra (u/s of confluence),30,23.7279083,90.50095276,30.5,7.62,717.0,257.0,0.3,13.81,30.0,65,2.8,5.7589999999999995,1.6,104.0,,2.21,215000.0,139000.0,REACH,2018,9,Balu,0.5218266628760359,wet
2018-09-16,Pagar Canal,Steel bridge at Pagar Canal,55,23.900657,90.432582,32.6,7.26,985.0,395.0,0.93,16.36,31.0,275,4.8,7.973999999999999,5.2,153.0,,6.77,107000.0,13000.0,REACH,2018,9,Pagar Canal,1.6959366543471166,wet
2018-10-13,Turag,u/s of Konabari,1,24.01945,90.34443,27.3,6.55,191.7,85.7,5.13,46.7,102.0,123,0.31,0.6,0.9,173.462,,2.46,8000.0,0.0,REACH,2018,10,Turag,0.29352749786777016,wet
2018-10-13,Turag,Konabari Powerplant,2,23.9948,90.34186,27.3,6.65,280.0,123.3,5.11,56.4,119.0,100,0.41,0.7,1.1,93.37399999999997,,2.16,16000.0,1000.0,REACH,2018,10,Turag,0.3587558307272747,wet
2018-10-13,Turag,d/s of Konabari,3,23.98681,90.32572,27.3,6.64,312.0,133.0,4.84,52.1,77.0,65,0.19,0.2,1.6,113.39599999999996,,2.86,97000.0,38000.0,REACH,2018,10,Turag,0.5218266628760359,wet
2018-10-13,Turag,d/s of Kashimpur,4,23.98042,90.33772,27.4,6.78,311.0,135.4,4.72,54.3,91.0,45,0.19,0.4,1.3,23.29699999999997,,2.66,73000.0,35000.0,REACH,2018,10,Turag,0.42398416358677915,wet
2018-10-13,Turag,Yearpur (u/s of Ashulia Lake),5,23.92568,90.34812,27.4,6.88,318.0,136.2,4.84,47.7,78.0,45,0.09,0.2,1.2,193.48399999999998,,2.94,64000.0,9000.0,REACH,2018,10,Turag,0.39136999715702686,wet
2018-10-13,Turag,Ashulia Bridge (d/s of Ashulia Lake),6,23.89519,90.33463,27.4,6.89,322.0,138.1,4.94,39.7,63.0,40,0.17,0.4,1.0,143.42899999999997,,3.09,21000.0,4000.0,REACH,2018,10,Turag,0.3261416642975224,wet
2018-10-13,Turag,Rustampur (u/s of confluence),7,23.8795,90.3503,27.3,6.85,329.0,140.9,4.77,33.7,18.0,50,0.29,1.1,2.1,133.41799999999995,,2.36,33000.0,5000.0,REACH,2018,10,Turag,0.684897495024797,wet
2018-10-13,Turag,Birulia Bridge,8,23.85146,90.33932,27.2,6.95,328.0,140.2,4.88,32.5,58.0,45,0.13,1.3,1.7,73.35199999999998,,2.14,24000.0,4000.0,REACH,2018,10,Turag,0.5544408293057881,wet
2018-10-13,Turag,Botanical Garden,9,23.81745,90.3405,27.3,6.98,380.0,162.1,3.87,23.2,13.0,90,0.57,3.2,1.6,203.49499999999995,,1.78,90000.0,46000.0,REACH,2018,10,Turag,0.5218266628760359,wet
2018-10-13,Turag,u/s of Aminbazar Bridge,10,23.78946,90.33922,27.3,6.97,378.0,160.6,3.89,22.3,6.0,20,0.13,2.3,1.3,203.49499999999995,,,10000.0,1000.0,REACH,2018,10,Turag,0.42398416358677915,wet
2018-10-13,Buriganga,Aminbazar Bridge,11,23.78292,90.33538,27.2,6.95,385.0,161.2,4.24,19.8,10.0,60,0.28,1.9,1.4,213.50599999999997,,2.31,118000.0,68000.0,REACH,2018,10,Buriganga,0.45659833001653133,wet
2018-10-13,Buriganga,d/s of Hazaribagh,12,23.73496,90.35441,27.2,7.1,373.0,158.5,3.6,17.8,18.0,65,0.3,1.7,1.4,103.38499999999999,,3.25,82000.0,34000.0,REACH,2018,10,Buriganga,0.45659833001653133,wet
2018-10-13,Buriganga,d/s Kamrangirchar Launch Ghat,13,23.71671,90.35992,27.2,7.06,374.0,156.3,3.02,15.4,26.0,70,0.47,0.4,1.2,193.48399999999998,,1.63,172000.0,84000.0,REACH,2018,10,Buriganga,0.39136999715702686,wet
2018-10-13,Buriganga,Chandni Ghat,14,23.71022,90.39367,27.3,7.08,370.0,155.9,3.1,14.33,27.0,50,0.57,0.7,1.3,213.50599999999997,,2.2,108000.0,48000.0,REACH,2018,10,Buriganga,0.42398416358677915,wet
2018-10-13,Buriganga,Sadar Ghat,15,23.70409,90.40971,27.1,7.0,369.0,154.0,2.83,14.8,22.0,65,0.58,0.5,1.1,103.38499999999999,,2.11,174000.0,86000.0,REACH,2018,10,Buriganga,0.3587558307272747,wet
2018-10-13,Buriganga,Dholaikhal,16,23.69661,90.41836,27.3,7.04,365.0,152.0,2.71,14.79,28.0,45,0.62,1.1,1.5,323.62699999999995,,2.1,168000.0,81000.0,REACH,2018,10,Buriganga,0.48921249644628356,wet
2018-10-13,Buriganga,BCF Bridge,17,23.68716,90.4278,27.4,7.08,368.0,152.2,2.36,14.63,27.0,75,0.71,1.0,1.2,243.539,,1.3,123000.0,59000.0,REACH,2018,10,Buriganga,0.39136999715702686,wet
2018-10-13,Buriganga,d/s Pagla STP,18,23.6648,90.45238,27.5,7.04,392.0,163.0,0.9,13.42,22.0,65,0.72,0.9,1.6,163.45099999999996,,1.96,132000.0,54000.0,REACH,2018,10,Buriganga,0.5218266628760359,wet
2018-10-13,Buriganga,Jazira ,19,23.63233,90.46342,27.5,7.1,392.0,161.9,0.89,12.17,24.0,80,0.69,0.8,1.5,193.48399999999998,,2.22,88000.0,30000.0,REACH,2018,10,Buriganga,0.48921249644628356,wet
2018-10-13,Bangshi-Savar,d/s of Turag branch outfall,32,23.796912,90.326466,27.0,7.0,357.0,151.0,4.65,21.9,56.0,35,0.22,3.8,1.3,153.43999999999994,,1.09,36000.0,2000.0,REACH,2018,10,Bangshi-Savar,0.42398416358677915,wet
2018-10-14,Tongi Khal,d/s Ashulia Landing station,20,23.89441022,90.36477688,26.6,7.07,317.0,132.1,4.81,25.5,20.0,60,0.22,0.6,1.8,203.49499999999995,,2.08,55000.0,12000.0,REACH,2018,10,Tongi Khal,0.5870549957355403,wet
2018-10-14,Tongi Khal,u/s Ijtema Field,21,23.8917228,90.38988667,26.6,7.35,308.0,128.5,4.18,18.3,23.0,55,0.17,0.7,1.5,253.54999999999995,,2.76,61000.0,3000.0,REACH,2018,10,Tongi Khal,0.48921249644628356,wet
2018-10-14,Tongi Khal,d/s Railway Bridge,22,23.88178903,90.40636019,26.7,7.1,319.0,134.4,3.29,20.8,36.0,55,0.21,0.5,1.7,223.51699999999994,,2.21,110000.0,60000.0,REACH,2018,10,Tongi Khal,0.5544408293057881,wet
2018-10-14,Tongi Khal,d/s of Hussein Dyeing,23,23.88925303,90.42315448,26.8,7.28,328.0,138.5,3.04,19.7,19.0,65,0.47,0.7,2.2,133.41799999999995,,2.47,129000.0,61000.0,REACH,2018,10,Tongi Khal,0.7175116614545494,wet
2018-10-14,Tongi Khal,Mausaid (d/s Pagar Canal),24,23.89918269,90.43655294,27.1,7.6,311.0,132.5,2.66,21.9,23.0,15,0.39,0.8,1.8,223.51699999999994,,2.91,116000.0,63000.0,REACH,2018,10,Tongi Khal,0.5870549957355403,wet
2018-10-14,Tongi Khal,u/s of Balu Confluence,25,23.8872436,90.45994563,27.1,7.98,434.0,173.6,1.01,20.1,31.0,140,0.41,0.6,2.6,113.39599999999996,,2.85,84000.0,29000.0,REACH,2018,10,Tongi Khal,0.8479683271735583,wet
2018-10-14,Balu,u/s of Purbachal,26,23.86217843,90.47498149,27.0,7.51,345.0,139.4,1.13,9.83,16.0,40,0.42,0.6,1.9,253.54999999999995,,3.97,48000.0,20000.0,REACH,2018,10,Balu,0.6196691621652926,wet
2018-10-14,Balu,d/s of Purbachal (Ichhapur bridge),27,23.82717834,90.48729817,26.9,7.46,366.0,147.5,0.94,10.38,16.0,60,0.43,0.5,2.0,203.49499999999995,,3.68,112000.0,46000.0,REACH,2018,10,Balu,0.6522833285950448,wet
2018-10-14,Balu,Beraid,28,23.77769711,90.47789881,27.0,7.37,361.0,146.2,1.0,8.51,11.0,50,0.78,0.3,1.6,173.462,,2.93,53000.0,5000.0,REACH,2018,10,Balu,0.5218266628760359,wet
2018-10-14,Balu,d/s of Begunbari Canal,29,23.75971159,90.48346853,27.0,7.37,347.0,147.7,1.26,8.87,13.0,75,0.61,0.3,1.8,133.41799999999995,,3.47,69000.0,1000.0,REACH,2018,10,Balu,0.5870549957355403,wet
2018-10-14,Balu,Demra (u/s of confluence),30,23.7279083,90.50095276,27.0,7.45,391.0,156.6,0.23,12.3,20.0,80,2.1,0.4,3.0,213.50599999999997,,3.79,72000.0,35000.0,REACH,2018,10,Balu,0.9784249928925671,wet
2018-10-14,Pagar Canal,Steel bridge at Pagar Canal,55,23.900657,90.432582,26.4,7.39,999.0,437.0,0.19,30.4,49.0,255,5.1,0.1,11.1,333.6379999999999,,3.8,117000.0,47000.0,REACH,2018,10,Pagar Canal,3.6201724737024983,wet
2018-10-14,Begunbari Canal,d/s of Dasherkandi WWTP,57,23.760385,90.479743,27.4,7.18,757.0,311.0,0.18,28.0,87.0,215,0.21,0.8,9.8,253.54999999999995,,4.51,83000.0,38000.0,REACH,2018,10,Begunbari Canal,3.1961883101157196,wet
2018-10-14,Shitalakhya,d/s Kanchan Bridge,41,23.835225,90.546137,29.3,7.49,314.0,122.5,4.49,11.86,11.0,55,0.17,1.1,1.4,303.6049999999999,,0.27,,,REACH,2018,10,Shitalakhya,0.45659833001653133,wet
2018-10-14,Shitalakhya,ACI Salt (Rupganj Ferry Ghat),42,23.790506,90.522321,29.5,7.52,325.0,125.5,4.32,10.87,10.0,35,0.23,0.7,1.6,173.462,,0.11,,,REACH,2018,10,Shitalakhya,0.5218266628760359,wet
2018-10-29,Bangshi-Savar,d/s of Turag branch outfall,32,23.796912,90.326466,26.8,6.69,549.0,228.0,2.3,21.2,,100,0.73,3.3,2.0,,,11.3,,,REACH,2018,10,Bangshi-Savar,0.6522833285950448,wet
2018-10-29,Bangshi-Savar,Amin Bazar Landfill,31,23.799735,90.303025,26.5,7.16,555.0,231.0,1.71,11.61,,145,0.69,0.8,1.5,,,3.17,,,REACH,2018,10,Bangshi-Savar,0.48921249644628356,wet
2018-10-29,Dhaleshwari,Nayarhat Bridge,33,23.911021,90.229235,26.5,6.84,582.0,245.0,2.53,15.91,,100,0.67,0.8,5.0,,,2.95,,,REACH,2018,10,Dhaleshwari,1.630708321487612,wet
2018-10-29,Dhaleshwari,Singair Bridge (Bhangalpur),34,23.798139,90.244192,27.6,7.02,574.0,238.0,1.39,8.37,,105,2.98,0.5,1.8,,,5.74,,,REACH,2018,10,Dhaleshwari,0.5870549957355403,wet
2018-10-29,Dhaleshwari,Kadamtoli Bridge,35,23.753653,90.249649,27.2,7.26,622.0,258.0,0.23,13.7,,75,0.37,0.9,1.8,,,3.54,,,REACH,2018,10,Dhaleshwari,0.5870549957355403,wet
2018-10-29,Dhaleshwari ,Rohitpur Bridge  ,36,23.668216,90.288761,27.6,7.4,473.0,196.7,6.16,10.61,,70,0.36,0.9,1.5,,,5.49,,,REACH,2018,10,Dhaleshwari,0.48921249644628356,wet
2018-10-29,Dhaleshwari ,d/s of BSCIC  ,37,23.661074,90.312062,27.2,7.48,472.0,196.8,5.85,8.12,,65,0.96,0.5,1.6,,,5.21,,,REACH,2018,10,Dhaleshwari,0.5218266628760359,wet
2018-10-29,Dhaleshwari ,d/s of Dhaleswari Bridge  ,38,23.635701,90.360685,26.8,7.66,455.0,190.4,5.49,18.96,,85,1.2,0.8,2.0,,,5.29,,,REACH,2018,10,Dhaleshwari,0.6522833285950448,wet
2018-10-29,Dhaleshwari ,Baluchar Bridge  ,39,23.611361,90.422327,27.3,7.45,474.0,196.8,2.67,9.58,,80,1.33,0.7,1.9,,,5.58,,,REACH,2018,10,Dhaleshwari,0.6196691621652926,wet
2018-11-18,Turag,u/s of Konabari,1,24.01945,90.34443,26.0,6.42,578.0,247.0,0.4,20.7,18.0,135,1.08,3.6,0.9,380.0,,1.29,,,REACH,2018,11,Turag,0.29352749786777016,dry
2018-11-18,Turag,Konabari Powerplant,2,23.9948,90.34186,25.8,6.59,696.0,305.0,0.41,18.3,37.0,175,1.32,3.3,4.0,320.0,,2.71,,,REACH,2018,11,Turag,1.3045666571900896,dry
2018-11-18,Turag,d/s of Konabari,3,23.98681,90.32572,25.8,6.95,728.0,316.0,0.18,17.6,20.0,80,1.5,2.7,1.4,360.0,,1.55,,,REACH,2018,11,Turag,0.45659833001653133,dry
2018-11-18,Turag,d/s of Kashimpur,4,23.98042,90.33772,26.2,7.11,739.0,322.0,0.14,16.9,35.0,205,1.52,3.3,1.5,340.0,,3.67,,,REACH,2018,11,Turag,0.48921249644628356,dry
2018-11-18,Turag,Yearpur (u/s of Ashulia Lake),5,23.92568,90.34812,26.1,7.1,733.0,308.0,0.21,17.2,10.0,145,1.41,2.5,1.6,310.0,,6.96,,,REACH,2018,11,Turag,0.5218266628760359,dry
2018-11-18,Turag,Ashulia Bridge (d/s of Ashulia Lake),6,23.89519,90.33463,26.2,7.36,875.0,363.0,0.18,38.0,92.0,115,1.48,3.3,3.3,280.0,,4.61,,,REACH,2018,11,Turag,1.0762674921818238,dry
2018-11-18,Turag,Rustampur (u/s of confluence),7,23.8795,90.3503,31.9,7.33,696.0,296.0,0.22,32.7,64.0,125,1.81,0.7,1.7,350.0,,3.41,,,REACH,2018,11,Turag,0.5544408293057881,dry
2018-11-18,Turag,Birulia Bridge,8,23.85146,90.33932,26.1,7.4,699.0,297.0,0.23,31.2,62.0,100,1.65,3.5,1.7,340.0,,5.11,,,REACH,2018,11,Turag,0.5544408293057881,dry
2018-11-18,Turag,Botanical Garden,9,23.81745,90.3405,33.0,7.32,723.0,307.0,0.21,52.8,67.0,160,2.02,2.0,1.7,310.0,,3.12,,,REACH,2018,11,Turag,0.5544408293057881,dry
2018-11-18,Turag,u/s of Aminbazar Bridge,10,23.78946,90.33922,26.3,7.38,697.0,295.0,0.18,51.4,24.0,30,2.36,2.3,1.7,360.0,,6.42,,,REACH,2018,11,Turag,0.5544408293057881,dry
2018-11-18,Buriganga,Aminbazar Bridge,11,23.78292,90.33538,25.9,7.67,749.0,316.0,0.5,45.5,126.0,135,2.6,3.2,1.4,320.0,,4.5,,,REACH,2018,11,Buriganga,0.45659833001653133,dry
2018-11-18,Buriganga,d/s of Hazaribagh,12,23.73496,90.35441,25.8,7.56,758.0,318.0,0.22,18.0,36.0,115,3.7,3.2,2.5,330.0,,4.97,,,REACH,2018,11,Buriganga,0.815354160743806,dry
2018-11-18,Buriganga,d/s Kamrangirchar Launch Ghat,13,23.71671,90.35992,26.1,7.7,686.0,276.0,0.18,14.0,25.0,200,3.58,1.2,2.6,370.0,,4.33,,,REACH,2018,11,Buriganga,0.8479683271735583,dry
2018-11-18,Buriganga,Chandni Ghat,14,23.71022,90.39367,26.3,7.36,642.0,270.0,0.12,12.7,39.0,150,3.54,2.0,2.0,400.0,,4.92,,,REACH,2018,11,Buriganga,0.6522833285950448,dry
2018-11-18,Buriganga,Sadar Ghat,15,23.70409,90.40971,26.5,7.31,587.0,240.0,0.11,12.2,28.0,75,4.12,3.8,2.6,420.0,,6.75,,,REACH,2018,11,Buriganga,0.8479683271735583,dry
2018-11-18,Buriganga,Dholaikhal,16,23.69661,90.41836,26.5,7.28,670.0,283.0,0.13,23.5,47.0,110,5.5,2.3,3.5,440.0,,7.83,,,REACH,2018,11,Buriganga,1.1414958250413285,dry
2018-11-18,Buriganga,BCF Bridge,17,23.68716,90.4278,26.7,7.39,668.0,293.0,0.14,15.0,41.0,180,5.28,2.3,2.8,400.0,,6.38,,,REACH,2018,11,Buriganga,0.9131966600330627,dry
2018-11-18,Buriganga,d/s Pagla STP,18,23.6648,90.45238,26.2,7.29,647.0,282.0,0.12,14.6,71.0,105,5.1,1.9,2.4,390.0,,3.43,,,REACH,2018,11,Buriganga,0.7827399943140537,dry
2018-11-18,Buriganga,Jazira ,19,23.63233,90.46342,26.3,7.48,610.0,265.0,0.19,24.5,43.0,80,4.86,2.3,2.5,430.0,,4.17,,,REACH,2018,11,Buriganga,0.815354160743806,dry
2018-11-18,Bangshi-Savar,d/s of Turag branch outfall,32,23.796912,90.326466,31.8,7.5,799.0,342.0,0.97,38.6,82.0,245,2.9,6.5,1.4,390.0,,2.9,,,REACH,2018,11,Bangshi-Savar,0.45659833001653133,dry
2018-11-19,Tongi Khal,d/s Ashulia Landing station,20,23.89441022,90.36477688,29.5,7.77,542.0,240.0,0.4,49.5,98.0,90,1.5,2.3,0.7,450.0,,5.5,,,REACH,2018,11,Tongi Khal,0.22829916500826566,dry
2018-11-19,Tongi Khal,u/s Ijtema Field,21,23.8917228,90.38988667,30.9,7.74,555.0,238.0,0.34,32.9,77.0,150,1.75,1.5,2.2,380.0,,3.79,,,REACH,2018,11,Tongi Khal,0.7175116614545494,dry
2018-11-19,Tongi Khal,d/s Railway Bridge,22,23.88178903,90.40636019,26.5,7.54,612.0,262.0,0.12,34.7,77.0,135,9.35,4.8,5.9,280.0,,8.41,,,REACH,2018,11,Tongi Khal,1.9242358193553821,dry
2018-11-19,Tongi Khal,d/s of Hussein Dyeing,23,23.88925303,90.42315448,28.1,7.36,882.0,375.0,0.14,29.9,97.0,155,9.6,5.8,8.5,350.0,,8.07,,,REACH,2018,11,Tongi Khal,2.7722041465289404,dry
2018-11-19,Tongi Khal,Mausaid (d/s Pagar Canal),24,23.89918269,90.43655294,26.2,8.04,1240.0,528.0,0.17,32.0,81.0,260,15.25,4.5,10.0,370.0,,18.3,,,REACH,2018,11,Tongi Khal,3.261416642975224,dry
2018-11-19,Tongi Khal,u/s of Balu Confluence,25,23.8872436,90.45994563,26.4,7.64,843.0,368.0,0.15,26.5,71.0,195,9.7,5.8,7.9,390.0,,11.4,,,REACH,2018,11,Tongi Khal,2.576519147950427,dry
2018-11-19,Balu,u/s of Purbachal,26,23.86217843,90.47498149,25.9,7.72,528.0,230.0,0.18,20.3,46.0,115,4.8,4.9,4.6,360.0,,7.73,,,REACH,2018,11,Balu,1.500251655768603,dry
2018-11-19,Balu,d/s of Purbachal (Ichhapur bridge),27,23.82717834,90.48729817,29.2,7.53,531.0,237.0,0.17,32.3,77.0,65,6.6,3.9,3.9,350.0,,10.0,,,REACH,2018,11,Balu,1.2719524907603372,dry
2018-11-19,Balu,Beraid,28,23.77769711,90.47789881,25.5,7.69,485.0,213.6,0.19,44.1,107.0,135,7.15,3.8,4.1,400.0,,6.83,,,REACH,2018,11,Balu,1.3371808236198417,dry
2018-11-19,Balu,d/s of Begunbari Canal,29,23.75971159,90.48346853,25.8,7.76,702.0,305.0,0.16,47.6,122.0,160,10.15,5.4,5.2,350.0,,9.6,,,REACH,2018,11,Balu,1.6959366543471166,dry
2018-11-19,Balu,Demra (u/s of confluence),30,23.7279083,90.50095276,25.9,7.6,529.0,236.0,0.18,44.2,154.0,120,9.35,5.1,5.5,300.0,,8.52,,,REACH,2018,11,Balu,1.7937791536363732,dry
2018-11-19,Pagar Canal,Steel bridge at Pagar Canal,55,23.900657,90.432582,25.1,7.71,1315.0,574.0,0.19,36.2,146.0,330,22.6,13.9,15.5,410.0,,18.6,,,REACH,2018,11,Pagar Canal,5.055195796611597,dry
2018-11-19,Bashundhara Canal,u/s (800m) of outfall in Balu,56,23.80975467,90.47701159,24.8,7.56,694.0,317.0,0.15,76.6,330.0,205,22.35,3.1,11.7,430.0,,9.98,,,REACH,2018,11,Bashundhara Canal,3.815857472281012,dry
2018-11-19,Begunbari Canal,d/s of Dasherkandi WWTP,57,23.760385,90.479743,26.9,7.28,927.0,409.0,0.2,56.5,197.0,255,21.65,5.1,11.1,420.0,,13.8,,,REACH,2018,11,Begunbari Canal,3.6201724737024983,dry
2018-12-11,Turag,u/s of Konabari,1,24.01945,90.34443,23.2,6.82,757.0,349.0,0.14,22.0,37.0,190,2.1,1.3,2.4,720.0,,0.91,,,REACH,2018,12,Turag,0.7827399943140537,dry
2018-12-11,Turag,Konabari Powerplant,2,23.9948,90.34186,23.1,6.83,767.0,358.0,0.1,23.9,42.0,170,1.1,1.4,2.7,204.0,,0.53,,,REACH,2018,12,Turag,0.8805824936033105,dry
2018-12-11,Turag,d/s of Konabari,3,23.98681,90.32572,23.5,6.36,878.0,391.0,0.1,22.4,52.0,205,1.7999999999999998,5.7,3.6,144.0,,3.99,,,REACH,2018,12,Turag,1.1741099914710806,dry
2018-12-11,Turag,d/s of Kashimpur,4,23.98042,90.33772,23.5,6.97,850.0,382.0,0.1,22.5,53.0,75,2.1,6.6,4.2,154.0,,4.12,,,REACH,2018,12,Turag,1.369794990049594,dry
2018-12-11,Turag,Yearpur (u/s of Ashulia Lake),5,23.92568,90.34812,23.6,6.77,884.0,408.0,0.11,22.4,43.0,70,2.1,2.7,4.4,184.0,,3.98,,,REACH,2018,12,Turag,1.4350233229090987,dry
2018-12-11,Turag,Ashulia Bridge (d/s of Ashulia Lake),6,23.89519,90.33463,23.0,7.09,842.0,369.0,0.12,27.5,23.0,105,2.1,7.1,4.0,174.0,,5.97,,,REACH,2018,12,Turag,1.3045666571900896,dry
2018-12-11,Turag,Rustampur (u/s of confluence),7,23.8795,90.3503,23.1,7.13,856.0,360.0,0.12,34.7,74.0,75,2.3000000000000003,9.8,3.9,194.0,,4.39,,,REACH,2018,12,Turag,1.2719524907603372,dry
2018-12-11,Turag,Birulia Bridge,8,23.85146,90.33932,23.5,7.22,811.0,339.0,0.14,47.9,87.0,110,3.1,5.3,3.8,255.0,,4.42,,,REACH,2018,12,Turag,1.239338324330585,dry
2018-12-11,Turag,Botanical Garden,9,23.81745,90.3405,23.2,6.94,840.0,352.0,0.14,44.9,94.0,225,4.2,4.7,4.4,184.0,,7.5,,,REACH,2018,12,Turag,1.4350233229090987,dry
2018-12-11,Turag,u/s of Aminbazar Bridge,10,23.78946,90.33922,23.2,7.21,823.0,366.0,0.04,39.9,72.0,205,4.9,5.8,4.2,356.0,,4.18,,,REACH,2018,12,Turag,1.369794990049594,dry
2018-12-11,Buriganga,Aminbazar Bridge,11,23.78292,90.33538,23.3,7.27,854.0,362.0,0.08,40.7,79.0,215,4.699999999999999,5.6,4.9,174.0,,5.15,,,REACH,2018,12,Buriganga,1.5980941550578598,dry
2018-12-11,Buriganga,d/s of Hazaribagh,12,23.73496,90.35441,24.6,7.36,839.0,363.0,0.1,30.0,42.0,220,5.8,8.2,5.1,174.0,,7.25,,,REACH,2018,12,Buriganga,1.6633224879173643,dry
2018-12-11,Buriganga,d/s Kamrangirchar Launch Ghat,13,23.71671,90.35992,23.9,7.13,813.0,341.0,0.09,25.4,43.0,210,4.3,5.1,3.4,134.0,,5.73,,,REACH,2018,12,Buriganga,1.1088816586115762,dry
2018-12-11,Buriganga,Chandni Ghat,14,23.71022,90.39367,23.8,7.47,812.0,358.0,0.09,23.3,54.0,220,7.5,6.0,3.3,194.0,,7.49,,,REACH,2018,12,Buriganga,1.0762674921818238,dry
2018-12-11,Buriganga,Sadar Ghat,15,23.70409,90.40971,23.7,7.25,789.0,332.0,0.11,26.9,62.0,225,6.6000000000000005,5.8,4.2,144.0,,3.75,,,REACH,2018,12,Buriganga,1.369794990049594,dry
2018-12-11,Buriganga,Dholaikhal,16,23.69661,90.41836,24.0,7.41,797.0,338.0,0.11,34.4,97.0,220,8.299999999999999,1.4,4.3,174.0,,3.29,,,REACH,2018,12,Buriganga,1.4024091564793462,dry
2018-12-11,Buriganga,BCF Bridge,17,23.68716,90.4278,24.0,7.14,791.0,337.0,0.14,23.3,67.0,200,7.6,9.8,4.8,235.0,,4.19,,,REACH,2018,12,Buriganga,1.5654799886281074,dry
2018-12-11,Buriganga,d/s Pagla STP,18,23.6648,90.45238,23.8,7.51,780.0,311.0,0.13,34.1,70.0,220,7.800000000000001,8.2,2.0,164.0,,4.77,,,REACH,2018,12,Buriganga,0.6522833285950448,dry
2018-12-11,Buriganga,Jazira ,19,23.63233,90.46342,23.7,7.39,773.0,322.0,0.14,41.6,52.0,205,5.6000000000000005,4.8,1.4,295.0,,4.98,,,REACH,2018,12,Buriganga,0.45659833001653133,dry
2018-12-11,Bangshi-Savar,Amin Bazar Landfill,31,23.799735,90.303025,23.7,7.34,1016.0,426.0,0.08,22.0,40.0,260,11.3,8.2,2.3,204.0,,3.56,,,REACH,2018,12,Bangshi-Savar,0.7501258278843015,dry
2018-12-11,Bangshi-Savar,d/s of Turag branch outfall,32,23.796912,90.326466,23.3,7.4,850.0,375.0,0.07,52.5,102.0,210,4.3,2.3,2.4,326.0,,3.74,,,REACH,2018,12,Bangshi-Savar,0.7827399943140537,dry
2018-12-12,Tongi Khal,d/s Ashulia Landing station,20,23.89441022,90.36477688,23.3,7.25,744.0,262.0,0.23,48.6,103.0,175,1.7000000000000002,5.6,2.3,184.0,,5.87,,,REACH,2018,12,Tongi Khal,0.7501258278843015,dry
2018-12-12,Tongi Khal,u/s Ijtema Field,21,23.8917228,90.38988667,23.5,7.28,793.0,287.0,0.13,57.4,137.0,205,1.9,2.5,2.9,275.0,,4.92,,,REACH,2018,12,Tongi Khal,0.945810826462815,dry
2018-12-12,Tongi Khal,d/s Railway Bridge,22,23.88178903,90.40636019,23.3,7.23,820.0,299.0,0.1,43.2,60.0,220,5.0,5.4,5.1,174.0,,8.23,,,REACH,2018,12,Tongi Khal,1.6633224879173643,dry
2018-12-12,Tongi Khal,d/s of Hussein Dyeing,23,23.88925303,90.42315448,24.7,7.57,871.0,322.0,0.11,40.2,92.0,240,6.800000000000001,8.3,6.8,123.0,,16.7,,,REACH,2018,12,Tongi Khal,2.2177633172231523,dry
2018-12-12,Tongi Khal,Mausaid (d/s Pagar Canal),24,23.89918269,90.43655294,24.5,7.37,830.0,388.0,0.09,37.7,98.0,270,7.1,5.7,7.4,113.0,,13.2,,,REACH,2018,12,Tongi Khal,2.413448315801666,dry
2018-12-12,Tongi Khal,u/s of Balu Confluence,25,23.8872436,90.45994563,23.6,7.14,779.0,362.0,0.07,32.0,96.0,255,8.7,4.8,6.5,204.0,,9.31,,,REACH,2018,12,Tongi Khal,2.1199208179338953,dry
2018-12-12,Balu,u/s of Purbachal,26,23.86217843,90.47498149,23.4,7.48,752.0,357.0,0.06,30.8,102.0,270,8.8,4.7,5.8,225.0,,12.4,,,REACH,2018,12,Balu,1.89162165292563,dry
2018-12-12,Balu,d/s of Purbachal (Ichhapur bridge),27,23.82717834,90.48729817,23.3,7.4,748.0,352.0,0.05,48.2,164.0,235,8.7,4.1,6.4,245.0,,12.4,,,REACH,2018,12,Balu,2.0873066515041434,dry
2018-12-12,Balu,Beraid,28,23.77769711,90.47789881,23.2,7.42,727.0,343.0,0.04,54.3,248.0,295,9.8,3.9,6.6,164.0,,10.8,,,REACH,2018,12,Balu,2.1525349843636477,dry
2018-12-12,Balu,d/s of Begunbari Canal,29,23.75971159,90.48346853,24.2,7.07,847.0,331.0,0.03,44.8,148.0,255,14.399999999999999,5.2,8.2,225.0,,23.1,,,REACH,2018,12,Balu,2.6743616472396834,dry
2018-12-12,Balu,Demra (u/s of confluence),30,23.7279083,90.50095276,24.4,7.55,616.0,278.0,0.04,38.5,100.0,190,3.5999999999999996,4.7,3.5,164.0,,35.4,,,REACH,2018,12,Balu,1.1414958250413285,dry
2018-12-12,Pagar Canal,Steel bridge at Pagar Canal,55,23.900657,90.432582,24.4,6.98,1330.0,631.0,0.22,34.1,146.0,415,20.099999999999998,10.2,16.5,144.0,,11.9,,,REACH,2018,12,Pagar Canal,5.38133746090912,dry
2018-12-12,Begunbari Canal,d/s of Dasherkandi WWTP,57,23.760385,90.479743,25.2,7.05,857.0,390.0,0.03,55.4,175.0,265,19.0,11.1,9.4,194.0,,13.7,,,REACH,2018,12,Begunbari Canal,3.06573164439671,dry
2019-01-13,Turag,u/s of Konabari,1,24.01945,90.34443,20.3,6.61,598.0,280.0,0.15,25.4,51.0,220,1.3,1.0,2.3,492.41999999999996,,0.07,,,REACH,2019,1,Turag,0.7501258278843015,dry
2019-01-13,Turag,Konabari Powerplant,2,23.9948,90.34186,20.6,7.24,744.0,363.0,0.07,22.0,38.0,190,2.0,0.1,3.2,292.1999999999997,,0.38,,,REACH,2019,1,Turag,1.0436533257520717,dry
2019-01-13,Turag,d/s of Konabari,3,23.98681,90.32572,20.9,6.69,721.0,339.0,0.04,28.7,63.0,230,2.2,3.9,4.3,91.97999999999979,,0.35,,,REACH,2019,1,Turag,1.4024091564793462,dry
2019-01-13,Turag,d/s of Kashimpur,4,23.98042,90.33772,21.1,7.38,821.0,400.0,0.05,23.5,46.0,215,1.7,7.9,4.4,592.5299999999999,,0.48,,,REACH,2019,1,Turag,1.4350233229090987,dry
2019-01-13,Turag,Yearpur (u/s of Ashulia Lake),5,23.92568,90.34812,20.9,6.73,831.0,389.0,0.07,21.0,39.0,210,2.3,0.6,3.9,292.1999999999997,,0.24,,,REACH,2019,1,Turag,1.2719524907603372,dry
2019-01-13,Turag,Ashulia Bridge (d/s of Ashulia Lake),6,23.89519,90.33463,20.6,7.32,77.0,389.0,0.05,32.5,65.0,180,2.1,5.9,3.8,692.6399999999999,,0.16,,,REACH,2019,1,Turag,1.239338324330585,dry
2019-01-13,Turag,Rustampur (u/s of confluence),7,23.8795,90.3503,20.5,6.75,796.0,390.0,0.06,35.2,72.0,195,2.5,0.7,3.7,792.7499999999998,,0.63,,,REACH,2019,1,Turag,1.206724157900833,dry
2019-01-13,Turag,Birulia Bridge,8,23.85146,90.33932,21.1,7.44,829.0,398.0,0.06,41.6,86.0,230,2.4,0.3,3.7,492.4199999999999,,0.34,,,REACH,2019,1,Turag,1.206724157900833,dry
2019-01-13,Turag,Botanical Garden,9,23.81745,90.3405,20.8,7.35,795.0,373.0,0.06,56.2,121.0,220,4.9,0.6,4.8,692.6399999999999,,0.44,,,REACH,2019,1,Turag,1.5654799886281074,dry
2019-01-13,Turag,u/s of Aminbazar Bridge,10,23.78946,90.33922,20.2,6.8,776.0,374.0,0.05,54.6,134.0,240,7.8,1.2,5.7,91.97999999999979,,0.14,,,REACH,2019,1,Turag,1.8590074864958777,dry
2019-01-13,Buriganga,Aminbazar Bridge,11,23.78292,90.33538,20.3,6.89,774.0,374.0,0.05,58.5,140.0,230,8.1,1.0,5.8,892.86,,0.15,,,REACH,2019,1,Buriganga,1.89162165292563,dry
2019-01-13,Buriganga,d/s of Hazaribagh,12,23.73496,90.35441,21.1,7.27,763.0,361.0,0.07,22.7,52.0,230,5.4,1.5,4.8,792.7499999999998,,0.54,,,REACH,2019,1,Buriganga,1.5654799886281074,dry
2019-01-13,Buriganga,d/s Kamrangirchar Launch Ghat,13,23.71671,90.35992,21.1,7.3,748.0,359.0,0.08,16.09,33.0,220,6.7,2.4,5.1,592.5299999999999,,0.26,,,REACH,2019,1,Buriganga,1.6633224879173643,dry
2019-01-13,Buriganga,Chandni Ghat,14,23.71022,90.39367,20.9,7.17,745.0,349.0,0.01,15.62,32.0,225,8.3,2.7,5.0,1093.08,,0.14,,,REACH,2019,1,Buriganga,1.630708321487612,dry
2019-01-13,Buriganga,Sadar Ghat,15,23.70409,90.40971,21.0,6.89,757.0,362.0,0.01,15.63,49.0,255,6.6,2.2,5.2,492.4199999999999,,0.63,,,REACH,2019,1,Buriganga,1.6959366543471166,dry
2019-01-13,Buriganga,Dholaikhal,16,23.69661,90.41836,20.9,7.24,767.0,367.0,0.03,15.85,49.0,205,7.2,3.3,5.4,592.5299999999999,,0.54,,,REACH,2019,1,Buriganga,1.761164987206621,dry
2019-01-13,Buriganga,BCF Bridge,17,23.68716,90.4278,21.0,6.94,777.0,375.0,0.04,16.11,51.0,240,9.7,3.4,6.8,392.30999999999995,,0.53,,,REACH,2019,1,Buriganga,2.2177633172231523,dry
2019-01-13,Buriganga,d/s Pagla STP,18,23.6648,90.45238,21.0,7.27,738.0,386.0,0.04,18.4,53.0,200,8.2,1.9,6.6,892.86,,0.39,,,REACH,2019,1,Buriganga,2.1525349843636477,dry
2019-01-13,Buriganga,Jazira ,19,23.63233,90.46342,20.7,7.2,734.0,356.0,0.03,32.1,47.0,280,7.6,1.0,0.7,392.30999999999995,,,,,REACH,2019,1,Buriganga,0.22829916500826566,dry
2019-01-13,Bangshi-Savar,Amin Bazar Landfill,31,23.799735,90.303025,21.9,8.0,1265.0,566.0,0.2,75.9,202.0,400,20.2,4.2,16.2,892.0,,0.49,,,REACH,2019,1,Bangshi-Savar,5.283494961619863,dry
2019-01-13,Bangshi-Savar,d/s of Turag branch outfall,32,23.796912,90.326466,24.2,7.33,907.0,417.0,0.0,68.7,161.0,230,18.1,7.8,12.1,1693.0,,0.33,,,REACH,2019,1,Bangshi-Savar,3.946314138000021,dry
2019-01-14,Tongi Khal,d/s Ashulia Landing station,20,23.89441022,90.36477688,20.4,7.29,325.0,409.0,0.06,61.1,158.0,190,4.4,7.4,3.5,492.4199999999999,,0.28,,,REACH,2019,1,Tongi Khal,1.1414958250413285,dry
2019-01-14,Tongi Khal,u/s Ijtema Field,21,23.8917228,90.38988667,20.7,7.6,914.0,451.0,0.03,67.9,199.0,185,0.4,4.5,3.6,592.5299999999999,,0.56,,,REACH,2019,1,Tongi Khal,1.1741099914710806,dry
2019-01-14,Tongi Khal,d/s Railway Bridge,22,23.88178903,90.40636019,20.9,7.17,895.0,437.0,0.02,55.2,142.0,190,5.7,13.2,6.8,492.4199999999999,,0.36,,,REACH,2019,1,Tongi Khal,2.2177633172231523,dry
2019-01-14,Tongi Khal,d/s of Hussein Dyeing,23,23.88925303,90.42315448,21.8,7.6,923.0,424.0,0.04,46.2,121.0,175,5.2,14.2,11.1,592.5299999999999,,0.36,,,REACH,2019,1,Tongi Khal,3.6201724737024983,dry
2019-01-14,Tongi Khal,Mausaid (d/s Pagar Canal),24,23.89918269,90.43655294,23.3,7.23,1279.0,619.0,0.01,42.2,116.0,315,12.0,5.1,13.6,1093.08,,0.69,,,REACH,2019,1,Tongi Khal,4.435526634446305,dry
2019-01-14,Tongi Khal,u/s of Balu Confluence,25,23.8872436,90.45994563,22.4,7.55,1127.0,536.0,0.02,31.7,110.0,255,11.5,4.6,11.3,1293.2999999999997,,0.72,,,REACH,2019,1,Tongi Khal,3.6854008065620034,dry
2019-01-14,Balu,u/s of Purbachal,26,23.86217843,90.47498149,21.6,7.05,1038.0,504.0,0.0,29.0,91.0,240,11.3,6.4,10.4,892.86,,0.69,,,REACH,2019,1,Balu,3.391873308694233,dry
2019-01-14,Balu,d/s of Purbachal (Ichhapur bridge),27,23.82717834,90.48729817,21.8,7.19,1033.0,514.0,0.0,41.6,129.0,265,11.6,7.2,11.2,1493.5199999999998,,0.32,,,REACH,2019,1,Balu,3.6527866401322506,dry
2019-01-14,Balu,Beraid,28,23.77769711,90.47789881,21.9,7.19,986.0,480.0,0.0,41.8,127.0,295,14.9,6.3,12.0,592.5299999999999,,0.65,,,REACH,2019,1,Balu,3.9136999715702685,dry
2019-01-14,Balu,d/s of Begunbari Canal,29,23.75971159,90.48346853,23.3,7.03,924.0,435.0,0.0,40.7,106.0,285,17.4,6.8,10.7,292.1999999999997,,0.67,,,REACH,2019,1,Balu,3.4897158079834893,dry
2019-01-14,Balu,Demra (u/s of confluence),30,23.7279083,90.50095276,22.1,7.55,678.0,327.0,0.0,23.3,59.0,205,2.9,11.9,4.4,492.4199999999999,,0.52,,,REACH,2019,1,Balu,1.4350233229090987,dry
2019-02-11,Turag,Birulia Bridge,8,23.85146,90.33932,22.1,7.13,1285.0,546.0,0.02,73.5,208.0,260,5.4,4.5,7.2,760.0,,1.0,,,REACH,2019,2,Turag,2.3482199829421613,dry
2019-02-11,Turag,Botanical Garden,9,23.81745,90.3405,22.1,7.28,1177.0,517.0,0.02,97.0,356.0,240,5.7,14.1,14.4,785.0,,1.32,,,REACH,2019,2,Turag,4.6964399658843226,dry
2019-02-11,Turag,u/s of Aminbazar Bridge,10,23.78946,90.33922,21.9,6.94,1157.0,570.0,0.07,99.7,357.0,270,8.1,9.5,6.0,760.0,,1.1,,,REACH,2019,2,Turag,1.9568499857851342,dry
2019-02-11,Buriganga,Aminbazar Bridge,11,23.78292,90.33538,23.2,7.16,1129.0,499.0,0.04,86.0,27.0,280,6.8,6.3,5.8,840.0,,0.58,,,REACH,2019,2,Buriganga,1.89162165292563,dry
2019-02-11,Buriganga,d/s of Hazaribagh,12,23.73496,90.35441,23.5,7.41,1012.0,487.0,0.03,22.9,76.0,290,12.4,8.0,84.2,900.0,,1.44,,,REACH,2019,2,Buriganga,27.461128133851386,dry
2019-02-11,Buriganga,d/s Kamrangirchar Launch Ghat,13,23.71671,90.35992,22.9,7.36,1000.0,484.0,0.02,18.1,80.0,295,10.6,14.9,81.9,715.0,,0.68,,,REACH,2019,2,Buriganga,26.711002305967085,dry
2019-02-11,Buriganga,Chandni Ghat,14,23.71022,90.39367,22.4,7.11,997.0,487.0,0.01,18.57,88.0,275,11.9,8.3,54.2,815.0,,1.22,,,REACH,2019,2,Buriganga,17.676878204925714,dry
2019-02-11,Buriganga,Sadar Ghat,15,23.70409,90.40971,22.3,7.36,1001.0,491.0,0.01,19.44,112.0,280,13.1,5.2,35.5,800.0,,1.34,,,REACH,2019,2,Buriganga,11.578029082562045,dry
2019-02-11,Buriganga,Dholaikhal,16,23.69661,90.41836,22.5,7.24,1035.0,506.0,0.03,19.1,120.0,320,13.3,1.9,79.0,730.0,,3.08,,,REACH,2019,2,Buriganga,25.765191479504267,dry
2019-02-11,Buriganga,BCF Bridge,17,23.68716,90.4278,22.5,7.33,1028.0,506.0,0.01,17.3,120.0,300,13.8,5.8,65.1,785.0,,1.14,,,REACH,2019,2,Buriganga,21.231822345768705,dry
2019-02-11,Buriganga,d/s Pagla STP,18,23.6648,90.45238,22.4,7.37,1000.0,494.0,0.04,19.07,139.0,270,13.5,3.3,19.3,755.0,,1.28,,,REACH,2019,2,Buriganga,6.294534120942183,dry
2019-02-11,Buriganga,Jazira ,19,23.63233,90.46342,22.1,7.4,934.0,445.0,0.04,29.9,106.0,300,10.7,2.9,6.5,810.0,,0.88,,,REACH,2019,2,Buriganga,2.1199208179338953,dry
2019-02-11,Tongi khal,d/s Ashulia Landing station,20,23.89441022,90.36477688,22.5,7.39,1330.0,595.0,0.04,92.4,99.0,265,4.4,8.9,17.4,795.0,,1.44,,,REACH,2019,2,Tongi Khal,5.674864958776889,dry
2019-02-11,Tongi khal,u/s Ijtema Field,21,23.8917228,90.38988667,23.1,7.08,1081.0,468.0,0.04,44.1,133.0,260,8.5,32.5,19.2,840.0,,0.94,,,REACH,2019,2,Tongi Khal,6.26191995451243,dry
2019-02-11,Bangshi-Savar,d/s of Turag branch outfall,32,23.796912,90.326466,21.7,7.27,1138.0,541.0,0.04,83.0,255.0,325,7.5,5.0,43.1,860.0,,2.34,187000.0,85000.0,REACH,2019,2,Bangshi-Savar,14.056705731223214,dry
2019-02-11,Bangshi-Savar,Amin Bazar Landfill,31,23.799735,90.303025,22.5,7.27,1151.0,542.0,0.02,34.3,74.0,305,7.0,1.4,5.5,780.0,,2.07,23000.0,1000.0,REACH,2019,2,Bangshi-Savar,1.7937791536363732,dry
2019-02-11,Dhaleshwari,Nayarhat Bridge,33,23.911021,90.229235,23.7,7.79,1623.0,769.0,0.01,29.0,105.0,310,7.4,5.7,31.2,725.0,,,47000.0,8000.0,REACH,2019,2,Dhaleshwari,10.175619926082698,dry
2019-02-11,Dhaleshwari,Singair Bridge (Bhangalpur),34,23.798139,90.244192,22.3,7.43,1208.0,585.0,0.03,13.09,52.0,335,8.5,2.5,48.3,740.0,,,11900.0,2100.0,REACH,2019,2,Dhaleshwari,15.75264238557033,dry
2019-02-11,Dhaleshwari,Kadamtoli Bridge,35,23.753653,90.249649,22.5,7.55,1211.0,584.0,2.53,6.43,14.0,270,5.8,5.3,15.7,835.0,,,1200.0,0.0,REACH,2019,2,Dhaleshwari,5.120424129471101,dry
2019-02-12,Tongi Khal,d/s Railway Bridge,22,23.88178903,90.40636019,23.8,7.46,1018.0,413.0,0.01,44.4,162.0,225,27.2,51.8,15.0,820.0,,1.44,,,REACH,2019,2,Tongi Khal,4.892124964462836,dry
2019-02-12,Tongi Khal,d/s of Hussein Dyeing,23,23.88925303,90.42315448,24.5,7.36,1116.0,432.0,0.02,59.0,181.0,240,20.2,16.1,17.0,900.0,,0.62,,,REACH,2019,2,Tongi Khal,5.544408293057881,dry
2019-02-12,Tongi Khal,Mausaid (d/s Pagar Canal),24,23.89918269,90.43655294,24.6,7.76,1548.0,663.0,0.08,42.8,150.0,345,22.3,33.5,25.5,750.0,,0.62,,,REACH,2019,2,Tongi Khal,8.316612439586821,dry
2019-02-12,Tongi Khal,u/s of Balu Confluence,25,23.8872436,90.45994563,24.0,7.55,1450.0,582.0,0.08,37.9,148.0,365,26.1,4.4,24.5,835.0,,1.2,,,REACH,2019,2,Tongi Khal,7.990470775289299,dry
2019-02-12,Balu ,u/s of Purbachal,26,23.86217843,90.47498149,23.3,7.27,1386.0,667.0,0.08,33.6,155.0,355,24.7,43.0,23.0,760.0,,0.7,,,REACH,2019,2,Balu,7.501258278843015,dry
2019-02-12,Balu ,d/s of Purbachal (Ichhapur bridge),27,23.82717834,90.48729817,23.8,7.53,1332.0,640.0,0.06,45.6,173.0,350,23.0,8.8,18.5,770.0,,0.64,,,REACH,2019,2,Balu,6.033620789504164,dry
2019-02-12,Balu ,Beraid,28,23.77769711,90.47789881,23.1,7.33,1173.0,556.0,0.04,66.5,223.0,345,22.7,9.1,12.5,815.0,,1.26,,,REACH,2019,2,Balu,4.07677080371903,dry
2019-02-12,Balu ,d/s of Begunbari Canal,29,23.75971159,90.48346853,23.0,7.33,1148.0,558.0,0.04,84.9,459.0,295,23.7,13.5,12.0,910.0,,0.64,,,REACH,2019,2,Balu,3.9136999715702685,dry
2019-02-12,Balu ,Demra (u/s of confluence),30,23.7279083,90.50095276,23.3,7.35,910.0,438.0,0.02,37.6,122.0,210,13.6,23.1,6.0,775.0,,1.34,,,REACH,2019,2,Balu,1.9568499857851342,dry
2019-02-12,Shitalakhya ,d/s of Tanbazar Ghat,45,23.716944,90.502168,22.9,7.34,916.0,416.0,0.03,40.8,145.0,240,14.4,17.8,8.0,790.0,,2.51,51000.0,23000.0,REACH,2019,2,Shitalakhya,2.609133314380179,dry
2019-02-12,Shitalakhya ,d/s of Adamjee EPZ,44,23.66447,90.523193,23.3,7.84,1014.0,486.0,0.05,35.5,110.0,270,16.1,16.3,9.5,775.0,,2.52,218000.0,146000.0,REACH,2019,2,Shitalakhya,3.0983458108264625,dry
2019-02-12,Shitalakhya ,Demra Ghat,43,23.613055,90.50694,23.7,7.66,1052.0,505.0,0.17,38.8,119.0,275,16.5,8.9,10.0,795.0,,2.58,36000.0,12000.0,REACH,2019,2,Shitalakhya,3.261416642975224,dry
2019-02-12,Dhaleshwari ,Rohitpur Bridge  ,36,23.668216,90.288761,21.2,8.24,614.0,300.0,10.85,6.13,10.0,205,0.8,9.7,0.05,815.0,,2.83,100.0,0.0,REACH,2019,2,Dhaleshwari,0.01630708321487612,dry
2019-02-12,Dhaleshwari ,d/s of BSCIC  ,37,23.661074,90.312062,21.3,8.06,626.0,299.0,11.08,3.19,8.0,215,0.1,14.8,0.05,825.0,,2.61,2800.0,0.0,REACH,2019,2,Dhaleshwari,0.01630708321487612,dry
2019-02-12,Dhaleshwari ,d/s of Dhaleswari Bridge  ,38,23.635701,90.360685,21.6,8.3,637.0,311.0,9.76,9.71,19.0,235,0.2,18.2,0.05,755.0,,2.68,400.0,0.0,REACH,2019,2,Dhaleshwari,0.01630708321487612,dry
2019-02-12,Dhaleshwari ,Baluchar Bridge  ,39,23.611361,90.422327,21.6,7.93,697.0,341.0,7.34,7.3,15.0,170,1.6,18.2,1.0,735.0,,2.3,100.0,0.0,REACH,2019,2,Dhaleshwari,0.3261416642975224,dry
2019-02-12,Dhaleshwari ,Muktapur Ghat  ,40,23.567889,90.514812,21.4,7.93,623.0,345.0,0.2,22.3,32.0,150,5.1,17.6,7.5,760.0,,2.49,12000.0,0.0,REACH,2019,2,Dhaleshwari,2.446062482231418,dry
2019-02-12,Begunbari Canal,d/s of Dasherkandi WWTP,57,23.760385,90.479743,25.2,7.24,1055.0,489.0,0.05,46.2,132.0,250,28.9,11.5,10.0,900.0,,2.69,,,REACH,2019,2,Begunbari Canal,3.261416642975224,dry
2019-02-12,Bashundhara Canal,u/s (800m) of outfall in Balu,56,23.80975467,90.47701159,22.9,7.27,939.0,425.0,0.07,53.8,157.0,260,30.3,8.0,11.5,875.0,,2.54,,,REACH,2019,2,Bashundhara Canal,3.7506291394215077,dry
2019-03-11,Buriganga,Aminbazar Bridge,11,23.78292,90.33538,24.8,8.36,1011.0,400.0,0.01,79.2,217.0,270,10.700000000000001,22.9,5.2,545.0,,1.65,,,REACH,2019,3,Buriganga,1.6959366543471166,dry
2019-03-11,Buriganga,d/s of Hazaribagh,12,23.73496,90.35441,24.8,7.7,1034.0,416.0,0.03,32.1,95.0,280,12.6,12.6,8.0,515.0,,1.52,,,REACH,2019,3,Buriganga,2.609133314380179,dry
2019-03-11,Buriganga,d/s Kamrangirchar Launch Ghat,13,23.71671,90.35992,24.6,7.77,1103.0,451.0,0.03,26.5,67.0,300,14.350000000000001,8.2,7.0,575.0,,1.73,,,REACH,2019,3,Buriganga,2.282991650082657,dry
2019-03-11,Buriganga,Chandni Ghat,14,23.71022,90.39367,24.0,7.28,1096.0,431.0,0.1,20.9,82.0,325,14.5,9.7,14.0,535.0,,1.86,,,REACH,2019,3,Buriganga,4.565983300165314,dry
2019-03-11,Buriganga,Sadar Ghat,15,23.70409,90.40971,24.6,8.37,1064.0,411.0,0.04,20.4,94.0,340,16.5,10.3,13.6,530.0,,1.88,,,REACH,2019,3,Buriganga,4.435526634446305,dry
2019-03-11,Buriganga,Dholaikhal,16,23.69661,90.41836,25.1,8.04,511.0,204.0,0.01,33.5,170.0,325,17.6,17.1,21.2,540.0,,1.59,,,REACH,2019,3,Buriganga,6.914203283107474,dry
2019-03-11,Buriganga,BCF Bridge,17,23.68716,90.4278,24.6,7.64,1098.0,439.0,0.0,20.3,95.0,340,15.049999999999999,10.6,15.4,600.0,,2.04,,,REACH,2019,3,Buriganga,5.022581630181844,dry
2019-03-11,Buriganga,d/s Pagla STP,18,23.6648,90.45238,25.5,7.73,1109.0,443.0,0.0,29.5,93.0,335,15.75,7.6,9.0,540.0,,2.11,,,REACH,2019,3,Buriganga,2.9352749786777017,dry
2019-03-11,Buriganga,Jazira ,19,23.63233,90.46342,24.5,7.66,1022.0,409.0,0.0,36.2,89.0,300,13.600000000000001,5.3,4.0,515.0,,1.63,,,REACH,2019,3,Buriganga,1.3045666571900896,dry
2019-03-11,Bangshi-Savar,Amin Bazar Landfill,31,23.799735,90.303025,24.7,7.95,1173.0,476.0,0.02,82.5,253.0,280,8.55,1.71,5.0,520.0,,2.48,93000.0,68000.0,REACH,2019,3,Bangshi-Savar,1.630708321487612,dry
2019-03-11,Bangshi-Savar,d/s of Turag branch outfall,32,23.796912,90.326466,24.3,7.7,1196.0,472.0,0.01,46.9,143.0,490,20.049999999999997,4.01,10.2,520.0,,2.31,83000.0,52000.0,REACH,2019,3,Bangshi-Savar,3.3266449758347285,dry
2019-03-11,Dhaleshwari,Nayarhat Bridge,33,23.911021,90.229235,26.5,8.27,1413.0,581.0,0.0,25.2,89.0,285,8.95,12.0,7.4,590.0,,1.91,0.0,0.0,REACH,2019,3,Dhaleshwari,2.413448315801666,dry
2019-03-11,Dhaleshwari,Singair Bridge (Bhangalpur),34,23.798139,90.244192,25.6,7.71,1486.0,629.0,0.0,63.6,90.0,325,8.2,6.4,3.0,570.0,,2.32,48000.0,11000.0,REACH,2019,3,Dhaleshwari,0.9784249928925671,dry
2019-03-11,Dhaleshwari,Kadamtoli Bridge,35,23.753653,90.249649,24.0,7.48,1485.0,676.0,0.0,36.8,47.0,300,9.75,10.3,1.0,675.0,,2.15,55000.0,3000.0,REACH,2019,3,Dhaleshwari,0.3261416642975224,dry
2019-03-11,Dhaleshwari ,Rohitpur Bridge  ,36,23.668216,90.288761,25.3,8.37,611.0,244.0,10.33,6.94,18.0,235,0.25,14.5,0.14,480.0,,2.26,30000.0,0.0,REACH,2019,3,Dhaleshwari,0.04565983300165315,dry
2019-03-11,Dhaleshwari ,d/s of BSCIC  ,37,23.661074,90.312062,25.1,8.39,616.0,246.0,10.45,13.16,34.0,240,0.65,10.3,0.26,480.0,,2.26,37000.0,0.0,REACH,2019,3,Dhaleshwari,0.08479683271735583,dry
2019-03-11,Dhaleshwari ,d/s of Dhaleswari Bridge  ,38,23.635701,90.360685,25.1,8.26,753.0,301.0,2.52,11.18,28.0,290,3.85,29.3,0.4,465.0,,2.36,26000.0,0.0,REACH,2019,3,Dhaleshwari,0.13045666571900896,dry
2019-03-11,Dhaleshwari ,Baluchar Bridge  ,39,23.611361,90.422327,24.9,7.81,957.0,382.0,0.04,40.6,72.0,285,13.100000000000001,7.8,3.2,490.0,,2.3,49000.0,9000.0,REACH,2019,3,Dhaleshwari,1.0436533257520717,dry
2019-03-12,Balu ,Demra (u/s of confluence),30,23.7279083,90.50095276,26.1,7.32,972.0,388.8,0.1,37.9,125.0,255,14.65,14.9,6.4,505.0,,1.94,,,REACH,2019,3,Balu,2.0873066515041434,dry
2019-03-12,Shitalakhya ,d/s Kanchan Bridge,41,23.835225,90.546137,24.4,7.41,706.0,282.40000000000003,0.83,12.1,39.0,145,0.05,64.4,0.2,490.0,,1.31,47000.0,1000.0,REACH,2019,3,Shitalakhya,0.06522833285950448,dry
2019-03-12,Shitalakhya ,ACI Salt (Rupganj Ferry Ghat),42,23.790506,90.522321,25.1,7.41,757.0,302.8,3.15,15.49,50.0,60,1.0,49.8,0.7,500.0,,0.96,31000.0,11000.0,REACH,2019,3,Shitalakhya,0.22829916500826566,dry
2019-03-12,Shitalakhya ,Demra Ghat,43,23.613055,90.50694,25.5,7.28,927.0,370.8,0.01,38.5,127.0,255,14.350000000000001,29.7,3.9,520.0,,1.18,97000.0,77000.0,REACH,2019,3,Shitalakhya,1.2719524907603372,dry
2019-03-12,Shitalakhya ,d/s of Adamjee EPZ,44,23.66447,90.523193,26.1,7.42,1054.0,421.6,0.02,39.3,120.0,285,15.4,4.7,3.7,570.0,,0.88,86000.0,52000.0,REACH,2019,3,Shitalakhya,1.206724157900833,dry
2019-03-12,Shitalakhya ,d/s of Tanbazar Ghat,45,23.716944,90.502168,26.0,7.52,1215.0,486.0,0.03,37.6,121.0,285,13.100000000000001,7.2,4.6,555.0,,1.01,36000.0,13000.0,REACH,2019,3,Shitalakhya,1.500251655768603,dry
2019-03-12,Shitalakhya ,u/s of Kalagachia Point,46,23.572368,90.525478,24.6,6.82,1022.0,408.8,0.13,31.7,36.0,160,5.6499999999999995,19.1,1.2,490.0,,0.86,43000.0,16000.0,REACH,2019,3,Shitalakhya,0.39136999715702686,dry
2019-03-12,Dhaleshwari ,Muktapur Ghat  ,40,23.567889,90.514812,24.4,7.22,833.0,333.20000000000005,0.08,31.6,35.0,175,6.85,19.3,2.6,225.0,,2.02,43000.0,12000.0,REACH,2019,3,Dhaleshwari,0.8479683271735583,dry
2019-03-12,Begunbari Canal,d/s of Dasherkandi WWTP,57,23.760385,90.479743,27.1,6.84,1186.0,474.40000000000003,0.11,43.7,108.0,255,4.15,33.3,5.3,100.0,,1.5,,,REACH,2019,3,Begunbari Canal,1.7285508207768685,dry
2019-04-21,Buriganga,Aminbazar Bridge,11,23.78292,90.33538,30.2,7.37,617.0,246.8,0.04,42.7,172.0,145,7.5,2.1,3.8,490.0,,0.96,,,REACH,2019,4,Buriganga,1.239338324330585,dry
2019-04-21,Buriganga,d/s of Hazaribagh,12,23.73496,90.35441,30.0,7.31,587.0,234.8,0.04,20.1,84.0,115,9.15,0.8,3.6,485.0,,1.45,,,REACH,2019,4,Buriganga,1.1741099914710806,dry
2019-04-21,Buriganga,d/s Kamrangirchar Launch Ghat,13,23.71671,90.35992,29.8,7.35,606.0,242.4,0.19,15.6,61.0,120,7.800000000000001,2.1,3.8,495.0,,1.95,,,REACH,2019,4,Buriganga,1.239338324330585,dry
2019-04-21,Buriganga,Chandni Ghat,14,23.71022,90.39367,30.1,7.3,620.0,248.0,0.05,15.46,74.0,140,9.05,2.0,4.6,480.0,,1.23,,,REACH,2019,4,Buriganga,1.500251655768603,dry
2019-04-21,Buriganga,Sadar Ghat,15,23.70409,90.40971,29.8,7.26,650.0,260.0,0.02,14.15,72.0,125,9.399999999999999,4.7,4.2,485.0,,2.02,,,REACH,2019,4,Buriganga,1.369794990049594,dry
2019-04-21,Buriganga,Dholaikhal,16,23.69661,90.41836,29.7,7.24,668.0,267.2,0.02,16.34,82.0,130,10.549999999999999,2.9,4.8,535.0,,1.98,,,REACH,2019,4,Buriganga,1.5654799886281074,dry
2019-04-21,Buriganga,BCF Bridge,17,23.68716,90.4278,29.7,7.24,677.0,270.8,0.03,14.02,61.0,140,9.85,6.0,6.4,495.0,,2.28,,,REACH,2019,4,Buriganga,2.0873066515041434,dry
2019-04-21,Buriganga,d/s Pagla STP,18,23.6648,90.45238,29.5,7.31,758.0,303.2,0.03,16.55,81.0,130,9.45,3.4,4.2,445.0,,2.1,,,REACH,2019,4,Buriganga,1.369794990049594,dry
2019-04-21,Buriganga,Jazira ,19,23.63233,90.46342,29.5,7.46,858.0,343.20000000000005,0.06,20.3,70.0,160,8.55,1.7,4.4,575.0,,2.24,,,REACH,2019,4,Buriganga,1.4350233229090987,dry
2019-04-21,Bangshi-Savar,Amin Bazar Landfill,31,23.799735,90.303025,30.1,7.5,799.0,319.6,0.06,20.1,85.0,170,12.649999999999999,0.6,5.0,400.0,,2.87,0.0,0.0,REACH,2019,4,Bangshi-Savar,1.630708321487612,dry
2019-04-21,Bangshi-Savar,d/s of Turag branch outfall,32,23.796912,90.326466,30.2,7.39,633.0,253.20000000000002,0.06,41.9,132.0,115,7.1499999999999995,3.4,4.0,550.0,,1.89,14000.0,0.0,REACH,2019,4,Bangshi-Savar,1.3045666571900896,dry
2019-04-21,Dhaleshwari,Nayarhat Bridge,33,23.911021,90.229235,31.0,7.84,1029.0,411.6,0.02,31.9,111.0,165,6.3,4.0,8.4,450.0,,3.18,5000.0,1000.0,REACH,2019,4,Dhaleshwari,2.739589980099188,dry
2019-04-21,Dhaleshwari,Singair Bridge (Bhangalpur),34,23.798139,90.244192,32.3,7.79,830.0,332.0,0.03,34.3,51.0,125,5.1,1.5,4.0,495.0,,1.83,1000.0,0.0,REACH,2019,4,Dhaleshwari,1.3045666571900896,dry
2019-04-21,Dhaleshwari,Kadamtoli Bridge,35,23.753653,90.249649,30.3,7.77,1312.0,524.8000000000001,0.07,23.4,47.0,190,8.149999999999999,2.6,3.0,585.0,,1.57,0.0,0.0,REACH,2019,4,Dhaleshwari,0.9784249928925671,dry
2019-04-22,Balu ,Demra (u/s of confluence),30,23.7279083,90.50095276,30.7,7.27,648.0,259.2,0.14,42.9,173.0,165,12.7,1.9,5.0,465.0,,2.04,,,REACH,2019,4,Balu,1.630708321487612,dry
2019-04-22,Dhaleshwari ,Rohitpur Bridge  ,36,23.668216,90.288761,30.8,8.08,970.0,388.0,6.68,15.33,20.0,190,0.1,9.1,0.2,490.0,,2.49,200.0,0.0,REACH,2019,4,Dhaleshwari,0.06522833285950448,dry
2019-04-22,Dhaleshwari ,d/s of BSCIC  ,37,23.661074,90.312062,30.3,7.96,948.0,379.20000000000005,4.82,25.5,40.0,170,0.3,10.5,0.6,460.0,,2.47,11000.0,0.0,REACH,2019,4,Dhaleshwari,0.19568499857851343,dry
2019-04-22,Dhaleshwari ,d/s of Dhaleswari Bridge  ,38,23.635701,90.360685,30.1,7.81,950.0,380.0,5.4,9.85,5.0,215,3.4000000000000004,5.4,1.6,420.0,,2.94,100.0,100.0,REACH,2019,4,Dhaleshwari,0.5218266628760359,dry
2019-04-22,Dhaleshwari ,Baluchar Bridge  ,39,23.611361,90.422327,29.4,7.64,938.0,375.20000000000005,0.23,25.0,40.0,125,8.9,1.8,3.8,490.0,,2.53,19000.0,0.0,REACH,2019,4,Dhaleshwari,1.239338324330585,dry
2019-04-22,Dhaleshwari ,Muktapur Ghat  ,40,23.567889,90.514812,29.3,7.52,567.0,226.8,0.18,11.82,9.0,70,3.85,2.0,1.8,505.0,,2.72,600.0,100.0,REACH,2019,4,Dhaleshwari,0.5870549957355403,dry
2019-04-22,Shitalakhya ,d/s Kanchan Bridge,41,23.835225,90.546137,30.1,7.58,457.0,182.8,1.9,4.2,8.0,120,0.1,6.4,0.02,410.0,,2.63,500.0,0.0,REACH,2019,4,Shitalakhya,0.006522833285950448,dry
2019-04-22,Shitalakhya ,ACI Salt (Rupganj Ferry Ghat),42,23.790506,90.522321,30.5,7.6,527.0,210.8,2.71,7.24,2.0,150,0.35000000000000003,9.0,0.02,535.0,,2.06,1000.0,300.0,REACH,2019,4,Shitalakhya,0.006522833285950448,dry
2019-04-22,Shitalakhya ,Demra Ghat,43,23.613055,90.50694,30.5,7.38,655.0,262.0,0.08,39.9,115.0,145,7.9,1.3,2.6,550.0,,2.66,8000.0,2000.0,REACH,2019,4,Shitalakhya,0.8479683271735583,dry
2019-04-22,Shitalakhya ,d/s of Adamjee EPZ,44,23.66447,90.523193,31.6,4.47,740.0,296.0,0.06,45.0,85.0,180,7.35,0.3,2.6,560.0,,2.45,14000.0,2000.0,REACH,2019,4,Shitalakhya,0.8479683271735583,dry
2019-04-22,Shitalakhya ,d/s of Tanbazar Ghat,45,23.716944,90.502168,30.5,7.51,665.0,266.0,0.08,53.6,52.0,160,6.4,1.5,0.8,500.0,,2.44,9000.0,3000.0,REACH,2019,4,Shitalakhya,0.2609133314380179,dry
2019-04-22,Shitalakhya ,u/s of Kalagachia Point,46,23.572368,90.525478,29.8,7.52,740.0,296.0,0.15,20.4,15.0,220,5.300000000000001,0.8,0.2,440.0,,2.31,2000.0,0.0,REACH,2019,4,Shitalakhya,0.06522833285950448,dry
2019-04-22,Begunbari Canal,d/s of Dasherkandi WWTP,57,23.760385,90.479743,30.5,7.22,769.0,307.6,0.13,56.2,113.0,200,22.599999999999998,0.6,5.8,495.0,,2.37,,,REACH,2019,4,Begunbari Canal,1.89162165292563,dry
2019-05-12,Buriganga,Aminbazar Bridge,11,23.78292,90.33538,30.9,7.47,896.0,391.0,0.04,43.4,71.0,265,6.2,4.3,5.6,615.0,,1.37,,,REACH,2019,5,Buriganga,1.8263933200661253,wet
2019-05-12,Buriganga,d/s of Hazaribagh,12,23.73496,90.35441,31.3,7.46,961.0,517.0,0.05,23.7,56.0,280,9.3,3.1,6.2,580.0,,1.47,,,REACH,2019,5,Buriganga,2.0220783186446387,wet
2019-05-12,Buriganga,d/s Kamrangirchar Launch Ghat,13,23.71671,90.35992,31.2,7.5,948.0,411.0,0.07,22.4,49.0,290,12.6,4.5,11.6,665.0,,1.44,,,REACH,2019,5,Buriganga,3.78324330585126,wet
2019-05-12,Buriganga,Chandni Ghat,14,23.71022,90.39367,31.6,7.45,922.0,399.0,0.07,14.86,45.0,260,13.35,2.8,12.8,600.0,,1.52,,,REACH,2019,5,Buriganga,4.174613303008287,wet
2019-05-12,Buriganga,Sadar Ghat,15,23.70409,90.40971,31.3,7.41,900.0,389.0,0.02,14.39,55.0,275,12.95,1.9,15.0,665.0,,1.65,,,REACH,2019,5,Buriganga,4.892124964462836,wet
2019-05-12,Buriganga,Dholaikhal,16,23.69661,90.41836,31.8,7.38,898.0,387.0,0.02,14.37,60.0,265,14.399999999999999,3.1,14.8,640.0,,1.78,,,REACH,2019,5,Buriganga,4.826896631603332,wet
2019-05-12,Buriganga,BCF Bridge,17,23.68716,90.4278,31.4,7.35,897.0,386.0,0.02,14.9,66.0,250,15.85,0.9,13.6,610.0,,1.78,,,REACH,2019,5,Buriganga,4.435526634446305,wet
2019-05-12,Buriganga,d/s Pagla STP,18,23.6648,90.45238,31.3,7.41,909.0,393.0,0.04,18.32,101.0,250,14.5,0.8,14.0,635.0,,2.13,,,REACH,2019,5,Buriganga,4.565983300165314,wet
2019-05-12,Buriganga,Jazira ,19,23.63233,90.46342,31.3,7.57,893.0,357.0,0.07,14.0,31.0,200,7.05,6.8,3.2,675.0,,1.92,,,REACH,2019,5,Buriganga,1.0436533257520717,wet
2019-05-12,Bangshi-Savar,Amin Bazar Landfill,31,23.799735,90.303025,31.5,7.57,1164.0,507.0,0.03,36.1,56.0,260,15.45,5.3,7.8,670.0,,2.01,36000.0,13000.0,REACH,2019,5,Bangshi-Savar,2.5439049815206745,wet
2019-05-12,Bangshi-Savar,d/s of Turag branch outfall,32,23.796912,90.326466,31.2,7.53,1003.0,438.0,0.11,43.5,76.0,240,7.45,5.5,5.4,645.0,,2.44,59000.0,48000.0,REACH,2019,5,Bangshi-Savar,1.761164987206621,wet
2019-05-12,Dhaleshwari,Nayarhat Bridge,33,23.911021,90.229235,32.0,7.55,1154.0,498.0,0.02,11.64,28.0,215,5.1,4.5,8.4,640.0,,1.95,39000.0,7000.0,REACH,2019,5,Dhaleshwari,2.739589980099188,wet
2019-05-12,Dhaleshwari,Singair Bridge (Bhangalpur),34,23.798139,90.244192,31.7,7.91,1425.0,620.0,0.73,43.7,40.0,270,8.0,2.8,3.6,625.0,,2.37,21000.0,18000.0,REACH,2019,5,Dhaleshwari,1.1741099914710806,wet
2019-05-12,Dhaleshwari,Kadamtoli Bridge,35,23.753653,90.249649,31.5,8.01,165.0,720.0,3.3,10.86,22.0,250,7.75,5.4,3.8,535.0,,2.32,18000.0,3000.0,REACH,2019,5,Dhaleshwari,1.239338324330585,wet
2019-05-12,Dhaleshwari ,Rohitpur Bridge  ,36,23.668216,90.288761,32.4,8.46,1198.0,512.0,10.42,18.23,32.0,230,0.15,17.5,1.6,485.0,,2.56,35000.0,0.0,REACH,2019,5,Dhaleshwari,0.5218266628760359,wet
2019-05-12,Dhaleshwari ,d/s of BSCIC  ,37,23.661074,90.312062,31.8,8.24,1051.0,453.0,7.86,18.0,42.0,205,0.15,14.4,1.8,425.0,,2.47,37000.0,1000.0,REACH,2019,5,Dhaleshwari,0.5870549957355403,wet
2019-05-12,Dhaleshwari ,d/s of Dhaleswari Bridge  ,38,23.635701,90.360685,31.9,7.87,900.0,384.0,5.91,18.7,41.0,195,0.05,9.6,2.6,440.0,,2.84,23000.0,0.0,REACH,2019,5,Dhaleshwari,0.8479683271735583,wet
2019-05-12,Dhaleshwari ,Baluchar Bridge  ,39,23.611361,90.422327,31.9,7.6,761.0,325.0,2.98,18.0,26.0,160,0.55,23.3,2.8,455.0,,2.54,10000.0,0.0,REACH,2019,5,Dhaleshwari,0.9131966600330627,wet
2019-05-13,Balu ,Demra (u/s of confluence),30,23.7279083,90.50095276,31.6,7.26,879.0,379.0,0.15,52.1,129.0,210,11.75,3.1,6.0,490.0,,2.45,,,REACH,2019,5,Balu,1.9568499857851342,wet
2019-05-13,Dhaleshwari ,Muktapur Ghat  ,40,23.567889,90.514812,31.0,7.52,612.0,264.0,0.5,11.56,27.0,140,2.2,6.5,1.0,440.0,,2.48,50000.0,1000.0,REACH,2019,5,Dhaleshwari,0.3261416642975224,wet
2019-05-13,Shitalakhya ,d/s Kanchan Bridge,41,23.835225,90.546137,31.3,7.54,345.0,146.4,4.02,6.31,15.0,100,0.44999999999999996,10.5,0.4,440.0,,2.02,26000.0,1000.0,REACH,2019,5,Shitalakhya,0.13045666571900896,wet
2019-05-13,Shitalakhya ,ACI Salt (Rupganj Ferry Ghat),42,23.790506,90.522321,31.3,7.34,362.0,193.7,0.84,10.06,29.0,80,0.8500000000000001,13.6,0.6,455.0,,2.23,12000.0,2000.0,REACH,2019,5,Shitalakhya,0.19568499857851343,wet
2019-05-13,Shitalakhya ,Demra Ghat,43,23.613055,90.50694,31.4,7.35,579.0,203.8,0.21,14.68,48.0,80,2.9,4.9,1.2,440.0,,1.85,9300.0,7000.0,REACH,2019,5,Shitalakhya,0.39136999715702686,wet
2019-05-13,Shitalakhya ,d/s of Adamjee EPZ,44,23.66447,90.523193,31.8,7.38,536.0,228.0,0.12,22.7,48.0,135,2.6,4.0,0.8,425.0,,1.63,57000.0,40000.0,REACH,2019,5,Shitalakhya,0.2609133314380179,wet
2019-05-13,Shitalakhya ,d/s of Tanbazar Ghat,45,23.716944,90.502168,31.5,7.39,546.0,233.0,0.38,15.36,37.0,100,18.95,6.4,7.0,495.0,,2.15,8700.0,5600.0,REACH,2019,5,Shitalakhya,2.282991650082657,wet
2019-05-13,Shitalakhya ,u/s of Kalagachia Point,46,23.572368,90.525478,31.4,7.46,559.0,239.0,0.51,9.03,29.0,160,1.7999999999999998,2.7,0.4,430.0,,1.93,2000.0,1300.0,REACH,2019,5,Shitalakhya,0.13045666571900896,wet
2019-05-13,Begunbari Canal,d/s of Dasherkandi WWTP,57,23.760385,90.479743,31.2,7.04,922.0,401.0,0.18,35.6,119.0,240,2.5,3.1,0.2,425.0,,2.06,,,REACH,2019,5,Begunbari Canal,0.06522833285950448,wet
2019-06-16,Buriganga,Aminbazar Bridge,11,23.78292,90.33538,30.7,6.85,326.0,139.0,0.09,18.1,30.0,65,2.6,2.8,2.2,250.0,,2.05,,,REACH,2019,6,Buriganga,0.7175116614545494,wet
2019-06-16,Buriganga,d/s of Hazaribagh,12,23.73496,90.35441,31.6,6.9,316.0,133.0,0.09,19.94,28.0,80,2.24,3.4,2.6,260.0,,1.52,,,REACH,2019,6,Buriganga,0.8479683271735583,wet
2019-06-16,Buriganga,d/s Kamrangirchar Launch Ghat,13,23.71671,90.35992,31.7,6.92,305.0,128.0,0.09,15.15,23.0,55,2.38,8.9,2.2,250.0,,1.42,,,REACH,2019,6,Buriganga,0.7175116614545494,wet
2019-06-16,Buriganga,Chandni Ghat,14,23.71022,90.39367,31.4,6.93,322.0,136.0,0.14,17.18,32.0,70,2.7,9.2,2.4,240.0,,1.39,,,REACH,2019,6,Buriganga,0.7827399943140537,wet
2019-06-16,Buriganga,Sadar Ghat,15,23.70409,90.40971,31.7,7.08,329.0,329.0,0.06,15.84,24.0,80,3.02,18.2,2.2,260.0,,1.79,,,REACH,2019,6,Buriganga,0.7175116614545494,wet
2019-06-16,Buriganga,Dholaikhal,16,23.69661,90.41836,31.5,7.06,334.0,334.0,0.08,16.13,26.0,50,3.12,6.6,2.2,180.0,,1.53,,,REACH,2019,6,Buriganga,0.7175116614545494,wet
2019-06-16,Buriganga,BCF Bridge,17,23.68716,90.4278,31.5,7.04,339.0,339.0,0.2,16.91,24.0,55,3.38,3.6,2.4,320.0,,1.32,,,REACH,2019,6,Buriganga,0.7827399943140537,wet
2019-06-16,Buriganga,d/s Pagla STP,18,23.6648,90.45238,31.4,7.12,332.0,332.0,0.18,19.45,25.0,90,3.08,8.6,2.0,240.0,,1.37,,,REACH,2019,6,Buriganga,0.6522833285950448,wet
2019-06-16,Buriganga,Jazira ,19,23.63233,90.46342,31.0,7.19,315.0,315.0,0.34,12.57,21.0,30,2.2,19.3,1.6,200.0,,1.27,,,REACH,2019,6,Buriganga,0.5218266628760359,wet
2019-06-16,Bangshi-Savar,Amin Bazar Landfill,31,23.799735,90.303025,30.6,7.12,434.0,186.0,0.1,16.01,27.0,165,11.05,41.3,4.2,220.0,,1.25,32000.0,11000.0,REACH,2019,6,Bangshi-Savar,1.369794990049594,wet
2019-06-16,Bangshi-Savar,d/s of Turag branch outfall,32,23.796912,90.326466,30.6,7.06,319.0,136.0,0.09,15.06,26.0,200,2.44,7.0,3.0,240.0,,1.22,11300.0,5800.0,REACH,2019,6,Bangshi-Savar,0.9784249928925671,wet
2019-06-16,Dhaleshwari,Nayarhat Bridge,33,23.911021,90.229235,31.2,7.25,368.0,156.0,0.55,10.27,19.0,140,0.9,20.3,1.6,170.0,,1.27,9700.0,3900.0,REACH,2019,6,Dhaleshwari,0.5218266628760359,wet
2019-06-16,Dhaleshwari,Singair Bridge (Bhangalpur),34,23.798139,90.244192,31.0,7.31,379.0,160.8,1.43,7.26,12.0,70,1.02,5.6,1.6,200.0,,1.46,5100.0,2200.0,REACH,2019,6,Dhaleshwari,0.5218266628760359,wet
2019-06-16,Dhaleshwari,Kadamtoli Bridge,35,23.753653,90.249649,30.6,7.34,330.0,141.0,2.27,7.24,13.0,65,0.92,17.0,1.2,180.0,,1.14,2400.0,200.0,REACH,2019,6,Dhaleshwari,0.39136999715702686,wet
2019-06-16,Dhaleshwari ,Rohitpur Bridge  ,36,23.668216,90.288761,31.6,7.87,181.0,76.0,6.94,12.0,20.0,50,0.12,13.6,0.2,180.0,,0.99,200.0,0.0,REACH,2019,6,Dhaleshwari,0.06522833285950448,wet
2019-06-16,Dhaleshwari ,d/s of BSCIC  ,37,23.661074,90.312062,31.6,7.8,184.2,77.1,6.24,16.4,27.0,50,0.32,6.2,0.4,240.0,,1.3,9000.0,0.0,REACH,2019,6,Dhaleshwari,0.13045666571900896,wet
2019-06-16,Dhaleshwari ,d/s of Dhaleswari Bridge  ,38,23.635701,90.360685,31.1,7.57,174.1,81.1,5.5,17.48,25.0,30,0.32,6.1,0.6,210.0,,1.1,3000.0,0.0,REACH,2019,6,Dhaleshwari,0.19568499857851343,wet
2019-06-16,Dhaleshwari ,Baluchar Bridge  ,39,23.611361,90.422327,31.4,7.46,216.4,90.3,5.18,15.81,23.0,30,0.4,19.3,0.8,210.0,,1.01,1700.0,0.0,REACH,2019,6,Dhaleshwari,0.2609133314380179,wet
2019-06-17,Balu ,Demra (u/s of confluence),30,23.7279083,90.50095276,31.7,7.23,166.9,65.3,0.59,15.36,27.0,45,1.16,4.2,1.3,220.0,,1.72,,,REACH,2019,6,Balu,0.42398416358677915,wet
2019-06-17,Dhaleshwari ,Muktapur Ghat  ,40,23.567889,90.514812,31.2,7.14,236.0,99.7,0.33,12.43,2.0,60,1.16,8.9,1.2,190.0,,1.27,6900.0,3500.0,REACH,2019,6,Dhaleshwari,0.39136999715702686,wet
2019-06-17,Shitalakhya ,d/s Kanchan Bridge,41,23.835225,90.546137,32.2,7.14,133.3,53.7,2.53,14.16,20.0,30,0.56,8.0,1.5,210.0,,1.01,3500.0,400.0,REACH,2019,6,Shitalakhya,0.48921249644628356,wet
2019-06-17,Shitalakhya ,ACI Salt (Rupganj Ferry Ghat),42,23.790506,90.522321,32.0,7.18,138.6,57.3,2.16,14.62,27.0,25,1.14,6.3,1.3,210.0,,1.02,4200.0,1800.0,REACH,2019,6,Shitalakhya,0.42398416358677915,wet
2019-06-17,Shitalakhya ,Demra Ghat,43,23.613055,90.50694,31.6,7.09,160.4,67.0,0.23,14.58,26.0,40,0.82,6.6,1.2,200.0,,1.12,7100.0,5000.0,REACH,2019,6,Shitalakhya,0.39136999715702686,wet
2019-06-17,Shitalakhya ,d/s of Adamjee EPZ,44,23.66447,90.523193,31.6,7.14,214.0,90.0,0.25,15.89,26.0,65,0.6,9.4,1.6,260.0,,0.99,8300.0,5600.0,REACH,2019,6,Shitalakhya,0.5218266628760359,wet
2019-06-17,Shitalakhya ,d/s of Tanbazar Ghat,45,23.716944,90.502168,31.5,6.93,246.0,103.4,0.5,21.1,45.0,50,1.1,11.3,1.7,210.0,,1.02,44000.0,21000.0,REACH,2019,6,Shitalakhya,0.5544408293057881,wet
2019-06-17,Shitalakhya ,u/s of Kalagachia Point,46,23.572368,90.525478,31.3,6.88,256.0,107.0,0.1,16.57,38.0,60,0.5,5.4,1.7,200.0,,1.22,70000.0,46000.0,REACH,2019,6,Shitalakhya,0.5544408293057881,wet
2019-06-17,Begunbari Canal,d/s of Dasherkandi WWTP,57,23.760385,90.479743,30.8,6.91,788.0,344.0,0.17,25.3,77.0,200,17.7,12.3,11.0,290.0,,1.2,,,REACH,2019,6,Begunbari Canal,3.5875583072727464,wet
2019-06-17,Shitalakhya ,d/s of Ghorashal FC,52,23.97498026,90.62859428,32.1,7.42,152.1,62.8,3.57,21.0,28.0,55,1.26,5.7,1.3,240.0,,1.28,13000.0,1000.0,REACH,2019,6,Shitalakhya,0.42398416358677915,wet
2019-07-08,Turag,u/s of Konabari,1,24.01945,90.34443,29.4,7.74,148.4,64.4,6.59,176.0,576.0,30,0.18,1.4,0.8,220.0,,0.84,11000.0,1000.0,REACH-RH,2019,7,Turag,0.2609133314380179,wet
2019-07-08,Turag,Konabari Powerplant,2,23.9948,90.34186,29.4,7.7,150.3,65.3,6.42,187.0,623.0,50,0.43,1.9,3.2,160.0,,0.78,9000.0,0.0,REACH-RH,2019,7,Turag,1.0436533257520717,wet
2019-07-08,Turag,d/s of Konabari,3,23.98681,90.32572,29.4,7.66,159.5,69.3,6.05,186.0,588.0,65,0.2,2.1,1.7,170.0,,0.53,15000.0,9000.0,REACH-RH,2019,7,Turag,0.5544408293057881,wet
2019-07-08,Turag,d/s of Kashimpur,4,23.98042,90.33772,29.4,7.69,163.7,71.2,6.01,165.0,555.0,85,0.52,3.8,2.8,200.0,,0.57,35000.0,10000.0,REACH-RH,2019,7,Turag,0.9131966600330627,wet
2019-07-08,Turag,Yearpur (u/s of Ashulia Lake),5,23.92568,90.34812,29.3,7.52,165.4,72.0,5.63,122.0,459.0,85,0.21,1.5,1.1,170.0,,1.0,11000.0,2000.0,REACH-RH,2019,7,Turag,0.3587558307272747,wet
2019-07-08,Turag,Ashulia Bridge (d/s of Ashulia Lake),6,23.89519,90.33463,29.3,7.49,167.0,72.8,5.18,105.0,772.0,45,0.39,1.5,1.4,200.0,,0.7,10000.0,4000.0,REACH-RH,2019,7,Turag,0.45659833001653133,wet
2019-07-08,Turag,Rustampur (u/s of confluence),7,23.8795,90.3503,29.4,7.35,174.3,75.9,4.58,93.7,358.0,50,0.28,1.3,0.7,200.0,,0.76,10000.0,0.0,REACH-RH,2019,7,Turag,0.22829916500826566,wet
2019-07-08,Turag,Birulia Bridge,8,23.85146,90.33932,29.3,7.34,171.8,74.8,3.84,71.6,267.0,55,0.33,2.3,1.7,180.0,,0.67,8000.0,2000.0,REACH-RH,2019,7,Turag,0.5544408293057881,wet
2019-07-08,Turag,Botanical Garden,9,23.81745,90.3405,29.4,7.37,172.0,74.9,3.57,66.8,242.0,35,0.26,1.1,1.0,210.0,,0.75,0.0,0.0,REACH-RH,2019,7,Turag,0.3261416642975224,wet
2019-07-08,Turag,u/s of Aminbazar Bridge,10,23.78946,90.33922,29.3,7.33,174.0,75.7,2.84,54.8,176.0,35,0.31,4.7,1.2,190.0,,0.71,12000.0,0.0,REACH-RH,2019,7,Turag,0.39136999715702686,wet
2019-07-08,Turag,Boroibari Bridge,48,24.09967,90.26702,29.4,7.74,138.7,60.1,6.97,184.0,18.0,25,0.15,1.8,0.4,180.0,,0.66,1200.0,200.0,REACH-RH,2019,7,Turag,0.13045666571900896,wet
2019-07-08,Turag,Kaliakoir Bridge,47,24.08234,90.20919,29.5,7.86,138.0,59.8,7.02,254.0,17.0,5,0.14,1.1,0.7,200.0,,0.36,2800.0,0.0,REACH-RH,2019,7,Turag,0.22829916500826566,wet
2019-07-08,Bangshi,Kaliakoir Bangshi Bridge,49,24.06962,90.21446,29.5,7.82,138.5,60.0,6.98,295.0,13.0,30,0.19,1.4,1.4,180.0,,0.76,4900.0,2300.0,REACH-RH,2019,7,Bangshi,0.45659833001653133,wet
2019-07-14,Tongi Khal,d/s Ashulia Landing station,20,23.89441022,90.36477688,28.6,7.52,172.8,76.4,4.18,49.2,70.0,20,0.25,5.4,1.4,210.0,,0.68,55000.0,13000.0,REACH-RH,2019,7,Tongi Khal,0.45659833001653133,wet
2019-07-14,Tongi Khal,u/s Ijtema Field,21,23.8917228,90.38988667,28.6,7.45,189.3,83.8,3.29,40.2,60.0,45,0.34,2.9,0.6,190.0,,0.65,53000.0,19000.0,REACH-RH,2019,7,Tongi Khal,0.19568499857851343,wet
2019-07-14,Tongi Khal,d/s Railway Bridge,22,23.88178903,90.40636019,28.6,7.44,191.2,84.6,2.68,47.9,70.0,50,0.42,1.2,0.6,170.0,,0.29,80000.0,40000.0,REACH-RH,2019,7,Tongi Khal,0.19568499857851343,wet
2019-07-14,Tongi Khal,d/s of Hussein Dyeing,23,23.88925303,90.42315448,28.5,7.42,220.6,105.6,1.73,39.0,3.0,50,0.82,1.7,1.2,200.0,,0.29,64000.0,34000.0,REACH-RH,2019,7,Tongi Khal,0.39136999715702686,wet
2019-07-14,Tongi Khal,Mausaid (d/s Pagar Canal),24,23.89918269,90.43655294,28.6,7.46,308.0,140.0,1.04,37.7,38.0,45,0.85,4.8,0.7,170.0,,0.26,56000.0,39000.0,REACH-RH,2019,7,Tongi Khal,0.22829916500826566,wet
2019-07-14,Tongi Khal,u/s of Balu Confluence,25,23.8872436,90.45994563,28.5,7.4,311.0,138.8,0.17,36.3,35.0,85,2.27,1.5,1.8,200.0,,0.64,66000.0,46000.0,REACH-RH,2019,7,Tongi Khal,0.5870549957355403,wet
2019-07-14,Balu ,u/s of Purbachal,26,23.86217843,90.47498149,28.6,7.39,252.0,111.9,0.22,20.4,18.0,75,1.24,1.7,1.0,220.0,,0.36,10200.0,5100.0,REACH-RH,2019,7,Balu,0.3261416642975224,wet
2019-07-14,Balu ,d/s of Purbachal (Ichhapur bridge),27,23.82717834,90.48729817,28.5,7.41,267.0,118.0,1.2,15.41,23.0,60,1.59,1.2,1.0,180.0,,0.33,78000.0,48000.0,REACH-RH,2019,7,Balu,0.3261416642975224,wet
2019-07-14,Balu ,Beraid,28,23.77769711,90.47789881,28.7,7.38,298.0,132.0,0.51,14.02,24.0,70,2.31,1.1,1.1,180.0,,0.74,9200.0,6700.0,REACH-RH,2019,7,Balu,0.3587558307272747,wet
2019-07-14,Balu ,d/s of Begunbari Canal,29,23.75971159,90.48346853,28.7,7.41,307.0,136.9,0.16,18.57,31.0,80,2.61,2.1,1.3,170.0,,0.35,6200.0,4400.0,REACH-RH,2019,7,Balu,0.42398416358677915,wet
2019-07-14,Balu ,Demra (u/s of confluence),30,23.7279083,90.50095276,28.7,7.33,343.0,161.9,0.17,24.0,17.0,110,3.9000000000000004,1.5,2.3,160.0,,0.55,6000.0,4300.0,REACH-RH,2019,7,Balu,0.7501258278843015,wet
2019-07-14,Dhaleshwari ,Muktapur Ghat  ,40,23.567889,90.514812,29.0,7.52,220.3,89.0,3.63,75.6,138.0,25,0.75,2.8,1.4,180.0,,0.74,8800.0,6900.0,REACH-RH,2019,7,Dhaleshwari,0.45659833001653133,wet
2019-07-14,Shitalakhya ,d/s Kanchan Bridge,41,23.835225,90.546137,28.6,7.51,102.2,44.9,5.68,75.2,118.0,25,0.31,1.4,1.3,130.0,,0.31,3500.0,1500.0,REACH-RH,2019,7,Shitalakhya,0.42398416358677915,wet
2019-07-14,Shitalakhya ,ACI Salt (Rupganj Ferry Ghat),42,23.790506,90.522321,28.6,7.49,107.3,47.2,5.6,80.3,125.0,5,0.28,2.1,1.1,140.0,,0.67,5300.0,2300.0,REACH-RH,2019,7,Shitalakhya,0.3587558307272747,wet
2019-07-14,Shitalakhya ,Demra Ghat,43,23.613055,90.50694,28.6,7.51,117.0,51.5,5.01,71.4,105.0,30,0.62,2.3,1.3,150.0,,0.71,21300.0,7800.0,REACH-RH,2019,7,Shitalakhya,0.42398416358677915,wet
2019-07-14,Shitalakhya ,d/s of Adamjee EPZ,44,23.66447,90.523193,28.7,7.51,150.0,66.1,4.16,62.9,90.0,15,0.7,1.6,1.3,160.0,,0.41,17200.0,10100.0,REACH-RH,2019,7,Shitalakhya,0.42398416358677915,wet
2019-07-14,Shitalakhya ,d/s of Tanbazar Ghat,45,23.716944,90.502168,28.7,7.55,154.2,67.9,4.17,48.9,74.0,20,0.81,2.0,1.2,140.0,,0.75,15100.0,7600.0,REACH-RH,2019,7,Shitalakhya,0.39136999715702686,wet
2019-07-14,Shitalakhya ,u/s of Kalagachia Point,46,23.572368,90.525478,28.8,7.57,157.0,68.8,3.92,48.0,71.0,25,0.75,2.2,1.2,140.0,,0.47,10400.0,5300.0,REACH-RH,2019,7,Shitalakhya,0.39136999715702686,wet
2019-07-14,Pagar Canal,Steel bridge at Pagar Canal,55,23.900657,90.432582,28.3,7.44,795.0,364.0,0.11,18.11,12.0,190,11.799999999999999,1.9,7.5,190.0,,0.33,61000.0,39000.0,REACH-RH,2019,7,Pagar Canal,2.446062482231418,wet
2019-07-14,Begunbari Canal,d/s of Dasherkandi WWTP,57,23.760385,90.479743,28.2,7.18,495.0,225.0,0.16,62.3,59.0,110,8.65,3.0,4.6,130.0,,0.24,68000.0,35000.0,REACH-RH,2019,7,Begunbari Canal,1.500251655768603,wet
2019-07-15,Buriganga,Aminbazar Bridge,11,23.78292,90.33538,28.4,7.4,126.0,76.5,2.95,52.2,69.0,80,0.88,4.2,1.0,270.0,,0.56,9800.0,5600.0,REACH-RH,2019,7,Buriganga,0.3261416642975224,wet
2019-07-15,Buriganga,d/s of Hazaribagh,12,23.73496,90.35441,28.6,7.41,125.4,81.7,1.61,35.0,54.0,50,0.89,6.0,0.8,160.0,,0.42,4000.0,2100.0,REACH-RH,2019,7,Buriganga,0.2609133314380179,wet
2019-07-15,Buriganga,d/s Kamrangirchar Launch Ghat,13,23.71671,90.35992,28.7,7.38,153.8,88.5,1.29,26.2,41.0,55,0.86,2.1,0.8,180.0,,0.31,8300.0,1300.0,REACH-RH,2019,7,Buriganga,0.2609133314380179,wet
2019-07-15,Buriganga,Chandni Ghat,14,23.71022,90.39367,28.7,7.55,155.8,85.7,1.41,30.0,44.0,60,0.91,1.9,0.8,200.0,,0.28,6300.0,2300.0,REACH-RH,2019,7,Buriganga,0.2609133314380179,wet
2019-07-15,Buriganga,Sadar Ghat,15,23.70409,90.40971,28.7,7.49,164.0,88.0,0.88,34.2,45.0,40,0.94,3.1,0.7,160.0,,0.39,5100.0,1700.0,REACH-RH,2019,7,Buriganga,0.22829916500826566,wet
2019-07-15,Buriganga,Dholaikhal,16,23.69661,90.41836,28.7,7.5,162.4,87.4,0.72,27.9,38.0,50,1.0,4.4,0.7,170.0,,0.65,6900.0,3300.0,REACH-RH,2019,7,Buriganga,0.22829916500826566,wet
2019-07-15,Buriganga,BCF Bridge,17,23.68716,90.4278,28.8,7.5,160.7,87.8,0.55,28.3,32.0,65,1.04,2.5,0.7,160.0,,0.75,6200.0,3400.0,REACH-RH,2019,7,Buriganga,0.22829916500826566,wet
2019-07-15,Buriganga,d/s Pagla STP,18,23.6648,90.45238,28.8,7.55,146.2,86.2,0.29,36.2,17.0,40,1.03,2.2,0.7,170.0,,0.62,6400.0,3100.0,REACH-RH,2019,7,Buriganga,0.22829916500826566,wet
2019-07-15,Buriganga,Jazira ,19,23.63233,90.46342,28.9,7.53,151.3,89.0,0.19,61.3,29.0,50,1.07,5.8,0.8,170.0,,0.67,4100.0,2100.0,REACH-RH,2019,7,Buriganga,0.2609133314380179,wet
2019-07-15,Bangshi-Savar,Amin Bazar Landfill,31,23.799735,90.303025,28.5,7.38,167.0,90.8,1.97,48.1,67.0,45,0.69,2.7,0.7,210.0,,0.29,4900.0,1100.0,REACH-RH,2019,7,Bangshi-Savar,0.22829916500826566,wet
2019-07-15,Bangshi-Savar,d/s of Turag branch outfall,32,23.796912,90.326466,28.4,7.43,127.6,68.9,3.81,47.2,87.0,25,0.11,2.9,0.4,180.0,,0.52,5300.0,2200.0,REACH-RH,2019,7,Bangshi-Savar,0.13045666571900896,wet
2019-07-15,Dhaleshwari,Nayarhat Bridge,33,23.911021,90.229235,27.9,7.57,106.5,60.0,5.8,208.0,325.0,45,0.2,2.5,0.3,160.0,,0.26,35000.0,3000.0,REACH-RH,2019,7,Dhaleshwari,0.09784249928925672,wet
2019-07-15,Dhaleshwari,Singair Bridge (Bhangalpur),34,23.798139,90.244192,28.2,7.58,114.0,64.5,5.4,166.0,200.0,35,0.14,3.6,0.3,170.0,,0.28,37000.0,4000.0,REACH-RH,2019,7,Dhaleshwari,0.09784249928925672,wet
2019-07-15,Dhaleshwari,Kadamtoli Bridge,35,23.753653,90.249649,28.7,7.58,154.9,87.4,3.55,54.7,73.0,55,0.67,2.5,0.6,190.0,,0.76,4000.0,1300.0,REACH-RH,2019,7,Dhaleshwari,0.19568499857851343,wet
2019-07-15,Dhaleshwari ,Rohitpur Bridge  ,36,23.668216,90.288761,27.9,7.69,115.1,62.0,6.51,501.0,698.0,35,0.05,3.6,0.1,190.0,,0.25,17000.0,1000.0,REACH-RH,2019,7,Dhaleshwari,0.03261416642975224,wet
2019-07-15,Dhaleshwari ,d/s of BSCIC  ,37,23.661074,90.312062,28.1,7.79,118.1,62.2,6.58,428.0,674.0,20,0.29,10.0,3.0,160.0,,0.29,29000.0,2000.0,REACH-RH,2019,7,Dhaleshwari,0.9784249928925671,wet
2019-07-15,Dhaleshwari ,d/s of Dhaleswari Bridge  ,38,23.635701,90.360685,28.1,7.81,113.5,63.5,6.56,330.0,541.0,45,0.12,5.0,0.2,160.0,,0.64,20000.0,1000.0,REACH-RH,2019,7,Dhaleshwari,0.06522833285950448,wet
2019-07-15,Dhaleshwari ,Baluchar Bridge  ,39,23.611361,90.422327,28.3,7.86,134.4,66.3,6.7,357.0,531.0,70,0.14,3.3,0.4,160.0,,0.76,24000.0,0.0,REACH-RH,2019,7,Dhaleshwari,0.13045666571900896,wet
2019-08-18,Buriganga,Aminbazar Bridge,11,23.78292,90.33538,30.2,7.19,155.3,66.6,5.77,43.7,29.0,10,0.18,38.3,0.3,220.0,,1.49,300.0,0.0,REACH,2019,8,Buriganga,0.09784249928925672,wet
2019-08-18,Buriganga,d/s of Hazaribagh,12,23.73496,90.35441,30.2,7.21,165.8,71.1,4.41,30.3,73.0,50,0.14,119.8,0.6,250.0,,1.29,12500.0,6400.0,REACH,2019,8,Buriganga,0.19568499857851343,wet
2019-08-18,Buriganga,d/s Kamrangirchar Launch Ghat,13,23.71671,90.35992,30.2,7.41,168.2,72.0,4.27,28.7,65.0,40,0.15,37.8,0.8,230.0,,1.2,14000.0,10000.0,REACH,2019,8,Buriganga,0.2609133314380179,wet
2019-08-18,Buriganga,Chandni Ghat,14,23.71022,90.39367,30.3,7.34,178.5,76.4,3.32,30.9,68.0,40,0.1,15.1,0.7,220.0,,1.15,2800.0,700.0,REACH,2019,8,Buriganga,0.22829916500826566,wet
2019-08-18,Buriganga,Sadar Ghat,15,23.70409,90.40971,30.3,7.62,167.3,71.5,4.35,30.7,62.0,30,0.11,78.6,0.7,200.0,,0.95,14800.0,10700.0,REACH,2019,8,Buriganga,0.22829916500826566,wet
2019-08-18,Buriganga,Dholaikhal,16,23.69661,90.41836,30.3,7.6,171.5,73.3,4.04,26.7,58.0,25,0.15,25.5,0.7,190.0,,0.81,24000.0,20300.0,REACH,2019,8,Buriganga,0.22829916500826566,wet
2019-08-18,Buriganga,BCF Bridge,17,23.68716,90.4278,30.4,7.6,170.1,72.7,3.79,27.7,66.0,30,0.13,31.8,0.8,250.0,,1.21,12800.0,6000.0,REACH,2019,8,Buriganga,0.2609133314380179,wet
2019-08-18,Buriganga,d/s Pagla STP,18,23.6648,90.45238,30.5,7.58,175.6,74.9,3.38,33.4,57.0,40,0.2,20.3,0.9,280.0,,0.91,6000.0,3600.0,REACH,2019,8,Buriganga,0.29352749786777016,wet
2019-08-18,Buriganga,Jazira ,19,23.63233,90.46342,30.6,7.7,179.9,76.6,3.2,26.2,54.0,45,0.11,11.8,0.9,230.0,,0.93,5400.0,2100.0,REACH,2019,8,Buriganga,0.29352749786777016,wet
2019-08-18,Bangshi-Savar,Amin Bazar Landfill,31,23.799735,90.303025,30.2,7.44,170.4,73.0,4.93,20.4,44.0,25,0.11,21.4,0.7,240.0,,0.91,1700.0,400.0,REACH,2019,8,Bangshi-Savar,0.22829916500826566,wet
2019-08-18,Bangshi-Savar,d/s of Turag branch outfall,32,23.796912,90.326466,30.1,7.33,158.7,68.0,4.93,39.1,98.0,20,0.1,29.7,0.6,190.0,,0.96,1100.0,0.0,REACH,2019,8,Bangshi-Savar,0.19568499857851343,wet
2019-08-18,Dhaleshwari,Nayarhat Bridge,33,23.911021,90.229235,30.5,7.54,157.3,67.0,5.58,69.0,169.0,25,0.12,43.4,0.7,190.0,,0.78,200.0,0.0,REACH,2019,8,Dhaleshwari,0.22829916500826566,wet
2019-08-18,Dhaleshwari,Singair Bridge (Bhangalpur),34,23.798139,90.244192,30.5,7.65,162.3,69.1,5.21,44.4,41.0,50,0.2,35.7,0.6,190.0,,0.87,500.0,300.0,REACH,2019,8,Dhaleshwari,0.19568499857851343,wet
2019-08-18,Dhaleshwari,Kadamtoli Bridge,35,23.753653,90.249649,30.6,7.67,165.3,70.4,4.71,29.9,36.0,35,0.24,120.8,0.6,220.0,,0.96,100.0,0.0,REACH,2019,8,Dhaleshwari,0.19568499857851343,wet
2019-08-18,Dhaleshwari ,Rohitpur Bridge  ,36,23.668216,90.288761,30.2,7.75,167.0,71.7,6.25,173.0,279.0,25,0.13,21.1,0.4,200.0,,0.89,500.0,0.0,REACH,2019,8,Dhaleshwari,0.13045666571900896,wet
2019-08-18,Dhaleshwari ,d/s of BSCIC  ,37,23.661074,90.312062,30.2,7.82,167.6,71.5,6.27,200.0,278.0,35,0.2,50.6,1.0,200.0,,1.14,0.0,0.0,REACH,2019,8,Dhaleshwari,0.3261416642975224,wet
2019-08-18,Dhaleshwari ,d/s of Dhaleswari Bridge  ,38,23.635701,90.360685,30.2,7.7,167.2,71.7,6.28,161.0,257.0,40,0.21,31.5,0.5,180.0,,1.01,300.0,0.0,REACH,2019,8,Dhaleshwari,0.1630708321487612,wet
2019-08-18,Dhaleshwari ,Baluchar Bridge  ,39,23.611361,90.422327,30.2,7.75,167.1,71.5,5.6,69.9,213.0,35,0.56,17.1,0.6,190.0,,0.82,200.0,0.0,REACH,2019,8,Dhaleshwari,0.19568499857851343,wet
2019-08-18,Bangshi,Kaliakoir Bangshi Bridge,49,24.06962,90.21446,30.2,7.54,153.7,65.7,6.67,164.0,292.0,30,0.49,49.8,0.1,180.0,,0.79,0.0,0.0,REACH-RH,2019,8,Bangshi,0.03261416642975224,wet
2019-08-18,Bangshi,d/s of DEPZ Canal,50,23.942411,90.230616,30.5,7.48,152.1,64.8,5.58,71.8,139.0,10,0.41,150.2,0.5,200.0,,0.44,500.0,0.0,REACH-RH,2019,8,Bangshi,0.1630708321487612,wet
2019-08-18,Bangshi,u/s of Dhaleswari Confluence at Hazipur,51,23.920526,90.226162,30.4,7.52,157.3,67.0,5.3,69.9,113.0,10,0.31,154.5,0.4,170.0,,0.38,0.0,0.0,REACH-RH,2019,8,Bangshi,0.13045666571900896,wet
2019-08-19,Balu ,Demra (u/s of confluence),30,23.7279083,90.50095276,30.5,7.49,115.2,115.2,1.03,15.65,23.0,65,1.93,10.8,1.5,210.0,,0.78,4600.0,2400.0,REACH,2019,8,Balu,0.48921249644628356,wet
2019-08-19,Dhaleshwari ,Muktapur Ghat  ,40,23.567889,90.514812,30.3,7.43,173.6,74.2,4.15,41.9,78.0,65,0.25,28.8,0.7,190.0,,0.84,2600.0,200.0,REACH,2019,8,Dhaleshwari,0.22829916500826566,wet
2019-08-19,Shitalakhya ,d/s Kanchan Bridge,41,23.835225,90.546137,30.3,7.6,151.6,64.8,5.23,45.4,66.0,50,0.2,32.1,0.8,200.0,,0.75,100.0,100.0,REACH,2019,8,Shitalakhya,0.2609133314380179,wet
2019-08-19,Shitalakhya ,ACI Salt (Rupganj Ferry Ghat),42,23.790506,90.522321,30.4,7.48,153.0,65.3,4.9,39.0,82.0,50,0.26,18.0,1.0,200.0,,0.84,3000.0,1000.0,REACH,2019,8,Shitalakhya,0.3261416642975224,wet
2019-08-19,Shitalakhya ,Demra Ghat,43,23.613055,90.50694,30.5,7.56,160.9,68.5,4.37,39.2,114.0,60,0.24,63.5,0.7,170.0,,0.71,900.0,400.0,REACH,2019,8,Shitalakhya,0.22829916500826566,wet
2019-08-19,Shitalakhya ,d/s of Adamjee EPZ,44,23.66447,90.523193,30.8,7.54,183.6,77.6,4.37,27.3,58.0,60,0.36,20.4,0.9,230.0,,0.92,2200.0,100.0,REACH,2019,8,Shitalakhya,0.29352749786777016,wet
2019-08-19,Shitalakhya ,d/s of Tanbazar Ghat,45,23.716944,90.502168,30.6,7.5,192.6,82.0,3.71,23.2,59.0,60,0.55,14.2,0.8,210.0,,0.56,1200.0,0.0,REACH,2019,8,Shitalakhya,0.2609133314380179,wet
2019-08-19,Shitalakhya ,u/s of Kalagachia Point,46,23.572368,90.525478,30.6,7.49,190.2,80.8,3.68,29.4,54.0,60,0.51,25.9,0.9,210.0,,0.47,800.0,100.0,REACH,2019,8,Shitalakhya,0.29352749786777016,wet
2019-08-19,Begunbari Canal,d/s of Dasherkandi WWTP,57,23.760385,90.479743,30.6,7.42,175.0,175.0,0.66,33.0,52.0,110,6.4,15.0,3.8,180.0,,0.46,14000.0,7000.0,REACH,2019,8,Begunbari Canal,1.239338324330585,wet
2019-09-15,Buriganga,Aminbazar Bridge,11,23.78292,90.33538,30.1,7.49,161.0,84.9,5.03,36.1,52.0,65,0.78,8.7,0.2,210.0,,0.92,,,REACH,2019,9,Buriganga,0.06522833285950448,wet
2019-09-15,Buriganga,d/s of Hazaribagh,12,23.73496,90.35441,30.3,7.45,168.0,98.1,3.56,24.4,32.0,75,1.15,3.8,0.2,200.0,,0.72,,,REACH,2019,9,Buriganga,0.06522833285950448,wet
2019-09-15,Buriganga,d/s Kamrangirchar Launch Ghat,13,23.71671,90.35992,30.3,7.44,169.0,97.2,3.26,24.6,34.0,75,1.34,2.0,0.3,270.0,,1.38,,,REACH,2019,9,Buriganga,0.09784249928925672,wet
2019-09-15,Buriganga,Chandni Ghat,14,23.71022,90.39367,30.4,7.38,165.1,98.5,3.42,20.6,34.0,70,1.13,4.3,0.3,190.0,,0.63,,,REACH,2019,9,Buriganga,0.09784249928925672,wet
2019-09-15,Buriganga,Sadar Ghat,15,23.70409,90.40971,30.5,7.56,181.3,101.1,2.63,24.9,27.0,70,1.35,4.8,0.1,200.0,,0.85,,,REACH,2019,9,Buriganga,0.03261416642975224,wet
2019-09-15,Buriganga,Dholaikhal,16,23.69661,90.41836,30.6,7.55,178.8,99.3,2.45,21.8,30.0,80,1.39,4.0,0.4,220.0,,0.9,,,REACH,2019,9,Buriganga,0.13045666571900896,wet
2019-09-15,Buriganga,BCF Bridge,17,23.68716,90.4278,30.4,7.55,173.3,100.2,1.94,25.2,29.0,55,1.39,4.9,0.2,180.0,,0.95,,,REACH,2019,9,Buriganga,0.06522833285950448,wet
2019-09-15,Buriganga,d/s Pagla STP,18,23.6648,90.45238,30.4,7.54,185.9,102.1,1.26,37.4,26.0,45,1.35,4.3,0.1,170.0,,1.28,,,REACH,2019,9,Buriganga,0.03261416642975224,wet
2019-09-15,Buriganga,Jazira ,19,23.63233,90.46342,30.1,7.54,186.8,104.1,0.87,42.5,22.0,65,1.47,4.5,0.1,180.0,,1.33,,,REACH,2019,9,Buriganga,0.03261416642975224,wet
2019-09-15,Bangshi-Savar,Amin Bazar Landfill,31,23.799735,90.303025,30.5,7.62,233.0,126.6,1.84,17.7,17.0,55,2.63,3.0,0.2,160.0,,0.76,300.0,0.0,REACH,2019,9,Bangshi-Savar,0.06522833285950448,wet
2019-09-15,Bangshi-Savar,d/s of Turag branch outfall,32,23.796912,90.326466,30.0,7.5,161.0,88.0,5.71,38.1,58.0,55,0.9,8.9,0.0,220.0,,0.88,4500.0,1200.0,REACH,2019,9,Bangshi-Savar,0.0,wet
2019-09-15,Dhaleshwari,Nayarhat Bridge,33,23.911021,90.229235,29.7,7.5,162.9,85.5,5.97,87.2,134.0,55,0.72,5.3,0.0,190.0,,0.58,1100.0,0.0,REACH,2019,9,Dhaleshwari,0.0,wet
2019-09-15,Dhaleshwari,Singair Bridge (Bhangalpur),34,23.798139,90.244192,30.2,7.66,177.6,93.7,5.41,61.4,81.0,35,0.7,3.5,0.8,180.0,,0.39,4600.0,300.0,REACH,2019,9,Dhaleshwari,0.2609133314380179,wet
2019-09-15,Dhaleshwari,Kadamtoli Bridge,35,23.753653,90.249649,30.9,7.61,177.5,97.1,4.83,27.4,38.0,40,1.02,4.2,0.0,190.0,,0.33,200.0,100.0,REACH,2019,9,Dhaleshwari,0.0,wet
2019-09-15,Dhaleshwari ,Rohitpur Bridge  ,36,23.668216,90.288761,30.0,7.71,155.2,80.2,6.67,142.0,229.0,50,0.72,3.2,0.0,220.0,,0.9,600.0,0.0,REACH,2019,9,Dhaleshwari,0.0,wet
2019-09-15,Dhaleshwari ,d/s of BSCIC  ,37,23.661074,90.312062,30.0,7.72,156.6,80.8,6.69,152.0,232.0,30,0.52,5.4,0.0,200.0,,0.91,400.0,0.0,REACH,2019,9,Dhaleshwari,0.0,wet
2019-09-15,Dhaleshwari ,d/s of Dhaleswari Bridge  ,38,23.635701,90.360685,30.2,7.73,160.3,82.0,6.54,137.0,189.0,45,0.52,3.0,0.0,180.0,,0.79,800.0,0.0,REACH,2019,9,Dhaleshwari,0.0,wet
2019-09-15,Dhaleshwari ,Baluchar Bridge  ,39,23.611361,90.422327,30.2,7.66,157.9,81.8,6.44,138.0,170.0,60,0.83,6.5,0.0,190.0,,0.39,1600.0,100.0,REACH,2019,9,Dhaleshwari,0.0,wet
2019-09-16,Balu ,Demra (u/s of confluence),30,23.7279083,90.50095276,31.5,7.53,243.0,123.2,1.56,10.17,12.0,90,0.84,3.6,0.8,190.0,,0.83,100.0,100.0,REACH,2019,9,Balu,0.2609133314380179,wet
2019-09-16,Dhaleshwari ,Muktapur Ghat  ,40,23.567889,90.514812,30.3,6.97,220.0,101.3,3.66,35.8,47.0,75,0.69,3.2,0.9,220.0,,0.47,3700.0,500.0,REACH,2019,9,Dhaleshwari,0.29352749786777016,wet
2019-09-16,Shitalakhya ,d/s Kanchan Bridge,41,23.835225,90.546137,31.4,7.66,227.0,114.8,4.43,10.09,10.0,85,0.15,6.8,0.5,120.0,,0.27,300.0,100.0,REACH,2019,9,Shitalakhya,0.1630708321487612,wet
2019-09-16,Shitalakhya ,ACI Salt (Rupganj Ferry Ghat),42,23.790506,90.522321,31.5,7.57,230.0,118.2,3.73,8.8,10.0,90,0.1,7.7,0.4,210.0,,0.96,2200.0,200.0,REACH,2019,9,Shitalakhya,0.13045666571900896,wet
2019-09-16,Shitalakhya ,Demra Ghat,43,23.613055,90.50694,31.3,7.48,241.0,121.7,1.64,11.44,12.0,100,0.79,4.8,0.8,200.0,,0.44,1200.0,700.0,REACH,2019,9,Shitalakhya,0.2609133314380179,wet
2019-09-16,Shitalakhya ,d/s of Adamjee EPZ,44,23.66447,90.523193,31.5,7.4,267.0,133.7,0.78,11.46,12.0,90,1.11,4.6,2.4,160.0,,0.79,2200.0,300.0,REACH,2019,9,Shitalakhya,0.7827399943140537,wet
2019-09-16,Shitalakhya ,d/s of Tanbazar Ghat,45,23.716944,90.502168,31.4,7.38,258.0,133.1,0.44,9.01,10.0,85,1.18,3.0,0.9,250.0,,1.27,500.0,0.0,REACH,2019,9,Shitalakhya,0.29352749786777016,wet
2019-09-16,Shitalakhya ,u/s of Kalagachia Point,46,23.572368,90.525478,31.2,7.32,273.0,137.6,0.29,11.04,12.0,95,1.22,2.9,1.0,230.0,,0.33,2900.0,1000.0,REACH,2019,9,Shitalakhya,0.3261416642975224,wet
2019-09-16,Begunbari Canal,d/s of Dasherkandi WWTP,57,23.760385,90.479743,31.2,7.43,286.0,143.5,0.23,13.29,19.0,95,3.27,3.2,2.5,160.0,,0.4,56000.0,38000.0,REACH,2019,9,Begunbari Canal,0.815354160743806,wet
2019-10-13,Turag,u/s of Konabari,1,24.01945,90.34443,29.0,7.63,120.8,69.7,6.99,79.0,149.0,25,0.09,3.7,2.3,220.0,,0.68,400.0,0.0,REACH-RH,2019,10,Turag,0.7501258278843015,wet
2019-10-13,Turag,Konabari Powerplant,2,23.9948,90.34186,29.0,7.63,120.5,71.3,6.83,72.0,130.0,30,0.13,4.5,0.6,250.0,,0.63,500.0,0.0,REACH-RH,2019,10,Turag,0.19568499857851343,wet
2019-10-13,Turag,d/s of Konabari,3,23.98681,90.32572,29.0,7.59,126.4,76.8,6.73,66.0,116.0,35,0.16,5.1,0.5,140.0,,0.74,400.0,100.0,REACH-RH,2019,10,Turag,0.1630708321487612,wet
2019-10-13,Turag,d/s of Kashimpur,4,23.98042,90.33772,29.0,7.57,129.3,78.3,6.5,70.2,121.0,120,0.15,3.3,0.9,170.0,,0.44,1800.0,300.0,REACH-RH,2019,10,Turag,0.29352749786777016,wet
2019-10-13,Turag,Yearpur (u/s of Ashulia Lake),5,23.92568,90.34812,29.1,7.54,131.3,76.7,6.37,54.2,100.0,45,0.17,2.5,1.1,140.0,,0.67,5000.0,300.0,REACH-RH,2019,10,Turag,0.3587558307272747,wet
2019-10-13,Turag,Ashulia Bridge (d/s of Ashulia Lake),6,23.89519,90.33463,29.1,7.48,134.4,78.8,6.18,44.2,81.0,70,0.18,4.7,0.3,170.0,,0.65,2100.0,0.0,REACH-RH,2019,10,Turag,0.09784249928925672,wet
2019-10-13,Turag,Rustampur (u/s of confluence),7,23.8795,90.3503,29.2,7.54,136.7,77.6,5.94,40.6,77.0,65,0.17,4.7,0.6,180.0,,0.68,400.0,100.0,REACH-RH,2019,10,Turag,0.19568499857851343,wet
2019-10-13,Turag,Birulia Bridge,8,23.85146,90.33932,29.2,7.46,132.6,75.6,5.74,41.5,71.0,55,0.18,5.3,0.3,110.0,,0.3,600.0,0.0,REACH-RH,2019,10,Turag,0.09784249928925672,wet
2019-10-13,Turag,Botanical Garden,9,23.81745,90.3405,29.3,7.41,134.2,81.3,5.14,36.4,69.0,45,0.4,2.2,0.9,130.0,,0.47,700.0,0.0,REACH-RH,2019,10,Turag,0.29352749786777016,wet
2019-10-13,Turag,u/s of Aminbazar Bridge,10,23.78946,90.33922,29.2,7.46,192.6,84.2,5.3,33.2,63.0,50,0.34,2.8,0.7,150.0,,0.38,2400.0,100.0,REACH-RH,2019,10,Turag,0.22829916500826566,wet
2019-10-13,Turag,Boroibari Bridge,48,24.09967,90.26702,29.3,7.61,114.2,65.3,7.16,109.0,166.0,50,0.07,4.9,0.3,120.0,,0.66,100.0,0.0,REACH-RH,2019,10,Turag,0.09784249928925672,wet
2019-10-13,Turag,Kaliakoir Bridge,47,24.08234,90.20919,29.2,7.67,117.2,66.0,7.12,88.1,179.0,45,0.11,5.5,1.4,120.0,,0.66,700.0,0.0,REACH-RH,2019,10,Turag,0.45659833001653133,wet
2019-10-13,Bangshi,Kaliakoir Bangshi Bridge,49,24.06962,90.21446,29.2,7.62,123.4,67.7,7.13,88.2,165.0,60,0.06,27.9,0.7,140.0,,0.35,500.0,0.0,REACH-RH,2019,10,Bangshi,0.22829916500826566,wet
2019-10-13,Bangshi,d/s of DEPZ Canal,50,23.942411,90.230616,29.6,7.55,127.8,69.9,6.43,71.9,123.0,60,0.08,29.4,0.2,100.0,,0.8,100.0,0.0,REACH-RH,2019,10,Bangshi,0.06522833285950448,wet
2019-10-13,Bangshi,u/s of Dhaleswari Confluence at Hazipur,51,23.920526,90.226162,29.6,7.55,142.3,77.4,6.02,56.6,113.0,55,0.17,2.9,0.5,120.0,,0.67,600.0,0.0,REACH-RH,2019,10,Bangshi,0.1630708321487612,wet
2019-10-13,Dhaleshwari,Nayarhat Bridge,33,23.911021,90.229235,29.5,7.51,141.3,76.5,6.02,53.7,118.0,70,0.14,3.6,0.4,130.0,,0.31,200.0,0.0,REACH-RH,2019,10,Dhaleshwari,0.13045666571900896,wet
2019-10-14,Tongi Khal,d/s Ashulia Landing station,20,23.89441022,90.36477688,29.0,7.62,159.5,84.8,6.01,31.5,40.0,50,0.13,3.1,0.6,150.0,,0.47,3000.0,2000.0,REACH-RH,2019,10,Tongi Khal,0.19568499857851343,wet
2019-10-14,Tongi Khal,u/s Ijtema Field,21,23.8917228,90.38988667,29.1,7.57,164.1,87.2,5.37,28.4,32.0,70,0.19,2.7,0.7,140.0,,0.79,2000.0,0.0,REACH-RH,2019,10,Tongi Khal,0.22829916500826566,wet
2019-10-14,Tongi Khal,d/s Railway Bridge,22,23.88178903,90.40636019,29.2,7.53,165.9,88.3,4.97,26.9,25.0,60,0.29,3.4,0.7,120.0,,0.65,9000.0,0.0,REACH-RH,2019,10,Tongi Khal,0.22829916500826566,wet
2019-10-14,Tongi Khal,d/s of Hussein Dyeing,23,23.88925303,90.42315448,29.3,7.49,179.3,95.6,4.12,29.4,39.0,65,0.49,2.9,0.7,110.0,,0.72,18000.0,2000.0,REACH-RH,2019,10,Tongi Khal,0.22829916500826566,wet
2019-10-14,Tongi Khal,Mausaid (d/s Pagar Canal),24,23.89918269,90.43655294,29.6,7.39,184.3,99.0,3.52,28.3,21.0,75,0.5,2.7,0.7,130.0,,0.51,27000.0,1000.0,REACH-RH,2019,10,Tongi Khal,0.22829916500826566,wet
2019-10-14,Tongi Khal,u/s of Balu Confluence,25,23.8872436,90.45994563,29.7,7.37,232.0,118.6,1.83,17.53,20.0,70,1.02,4.3,1.2,160.0,,0.59,9000.0,0.0,REACH-RH,2019,10,Tongi Khal,0.39136999715702686,wet
2019-10-14,Balu ,u/s of Purbachal,26,23.86217843,90.47498149,29.8,7.26,169.8,90.2,2.9,10.71,7.0,65,0.37,3.9,0.8,170.0,,0.33,6000.0,0.0,REACH-RH,2019,10,Balu,0.2609133314380179,wet
2019-10-14,Balu ,d/s of Purbachal (Ichhapur bridge),27,23.82717834,90.48729817,29.7,7.28,187.2,99.1,2.27,11.03,9.0,75,0.78,3.1,1.0,140.0,,0.35,0.0,0.0,REACH-RH,2019,10,Balu,0.3261416642975224,wet
2019-10-14,Balu ,Beraid,28,23.77769711,90.47789881,29.9,7.25,190.6,100.5,1.45,15.52,18.0,65,1.17,4.1,1.0,180.0,,0.37,0.0,0.0,REACH-RH,2019,10,Balu,0.3261416642975224,wet
2019-10-14,Balu ,d/s of Begunbari Canal,29,23.75971159,90.48346853,30.0,7.3,190.4,105.4,1.38,11.72,8.0,75,1.42,4.2,1.2,130.0,,0.27,2000.0,0.0,REACH-RH,2019,10,Balu,0.39136999715702686,wet
2019-10-14,Balu ,Demra (u/s of confluence),30,23.7279083,90.50095276,29.8,7.2,242.0,127.4,0.18,10.82,11.0,80,2.46,3.6,1.5,150.0,,0.23,37000.0,13000.0,REACH-RH,2019,10,Balu,0.48921249644628356,wet
2019-10-14,Dhaleshwari ,Muktapur Ghat  ,40,23.567889,90.514812,29.4,7.43,154.7,80.7,4.11,36.3,57.0,60,0.32,2.0,0.7,260.0,,0.39,200.0,0.0,REACH-RH,2019,10,Dhaleshwari,0.22829916500826566,wet
2019-10-14,Shitalakhya ,d/s Kanchan Bridge,41,23.835225,90.546137,29.3,7.48,135.4,70.9,4.93,29.3,28.0,60,0.22,3.0,1.2,130.0,,0.32,4700.0,300.0,REACH-RH,2019,10,Shitalakhya,0.39136999715702686,wet
2019-10-14,Shitalakhya ,ACI Salt (Rupganj Ferry Ghat),42,23.790506,90.522321,30.1,7.43,137.9,71.5,4.62,28.2,28.0,55,0.18,3.3,0.9,140.0,,0.2,500.0,200.0,REACH-RH,2019,10,Shitalakhya,0.29352749786777016,wet
2019-10-14,Shitalakhya ,Demra Ghat,43,23.613055,90.50694,29.6,7.39,144.0,75.1,4.09,30.3,27.0,75,0.02,5.3,0.8,140.0,,0.54,2000.0,100.0,REACH-RH,2019,10,Shitalakhya,0.2609133314380179,wet
2019-10-14,Shitalakhya ,d/s of Adamjee EPZ,44,23.66447,90.523193,29.7,7.29,187.7,103.3,1.0,25.1,25.0,65,1.31,4.1,0.5,140.0,,0.55,1000.0,100.0,REACH-RH,2019,10,Shitalakhya,0.1630708321487612,wet
2019-10-14,Shitalakhya ,d/s of Tanbazar Ghat,45,23.716944,90.502168,29.8,7.32,177.9,91.8,1.96,29.0,28.0,65,0.78,3.2,1.0,170.0,,0.21,300.0,0.0,REACH-RH,2019,10,Shitalakhya,0.3261416642975224,wet
2019-10-14,Shitalakhya ,u/s of Kalagachia Point,46,23.572368,90.525478,29.9,7.32,181.5,95.3,1.23,29.6,30.0,80,1.07,5.9,1.0,160.0,,0.27,600.0,0.0,REACH-RH,2019,10,Shitalakhya,0.3261416642975224,wet
2019-10-14,Begunbari Canal,d/s of Dasherkandi WWTP,57,23.760385,90.479743,29.6,7.17,571.0,309.0,2.0,26.3,55.0,220,15.9,6.3,9.5,180.0,,0.27,60000.0,16000.0,REACH-RH,2019,10,Begunbari Canal,3.0983458108264625,wet
2019-10-14,Pagar Canal,Steel bridge at Pagar Canal,55,23.900657,90.432582,30.2,7.58,705.0,382.0,0.12,24.6,34.0,230,9.05,2.1,6.4,170.0,,0.48,27000.0,0.0,REACH-RH,2019,10,Pagar Canal,2.0873066515041434,wet
2019-10-15,Buriganga,Aminbazar Bridge,11,23.78292,90.33538,29.3,7.47,171.6,87.9,5.22,33.9,42.0,65,0.39,2.1,0.6,120.0,,0.42,6000.0,0.0,REACH-RH,2019,10,Buriganga,0.19568499857851343,wet
2019-10-15,Buriganga,d/s of Hazaribagh,12,23.73496,90.35441,29.3,7.43,180.2,92.8,3.93,25.1,34.0,65,0.64,4.7,0.5,120.0,,0.72,16000.0,0.0,REACH-RH,2019,10,Buriganga,0.1630708321487612,wet
2019-10-15,Buriganga,d/s Kamrangirchar Launch Ghat,13,23.71671,90.35992,29.4,7.42,179.5,92.5,3.72,24.3,31.0,70,0.7,3.7,0.5,130.0,,0.7,25000.0,0.0,REACH-RH,2019,10,Buriganga,0.1630708321487612,wet
2019-10-15,Buriganga,Chandni Ghat,14,23.71022,90.39367,29.5,7.51,181.5,93.4,3.03,23.1,28.0,50,0.77,5.3,0.5,230.0,,0.77,9000.0,0.0,REACH-RH,2019,10,Buriganga,0.1630708321487612,wet
2019-10-15,Buriganga,Sadar Ghat,15,23.70409,90.40971,29.5,7.37,182.3,93.8,2.91,25.8,29.0,50,0.84,10.7,0.5,150.0,,0.58,12000.0,2000.0,REACH-RH,2019,10,Buriganga,0.1630708321487612,wet
2019-10-15,Buriganga,Dholaikhal,16,23.69661,90.41836,29.7,7.36,186.5,96.3,2.4,24.7,33.0,150,1.04,5.6,0.6,130.0,,0.42,0.0,0.0,REACH-RH,2019,10,Buriganga,0.19568499857851343,wet
2019-10-15,Buriganga,BCF Bridge,17,23.68716,90.4278,29.6,7.35,181.9,93.9,2.46,29.6,27.0,75,0.87,4.0,0.7,140.0,,0.56,9000.0,1000.0,REACH-RH,2019,10,Buriganga,0.22829916500826566,wet
2019-10-15,Buriganga,d/s Pagla STP,18,23.6648,90.45238,29.8,7.35,179.5,92.7,2.22,31.0,33.0,80,0.77,4.0,0.6,160.0,,0.37,5000.0,2000.0,REACH-RH,2019,10,Buriganga,0.19568499857851343,wet
2019-10-15,Buriganga,Jazira ,19,23.63233,90.46342,29.6,7.36,179.1,92.5,2.1,40.5,31.0,65,0.65,4.1,0.8,130.0,,0.84,2000.0,0.0,REACH-RH,2019,10,Buriganga,0.2609133314380179,wet
2019-10-15,Bangshi-Savar,Amin Bazar Landfill,31,23.799735,90.303025,29.1,7.33,175.9,90.9,2.49,23.8,41.0,50,0.39,3.3,0.3,140.0,,0.67,2400.0,100.0,REACH-RH,2019,10,Bangshi-Savar,0.09784249928925672,wet
2019-10-15,Bangshi-Savar,d/s of Turag branch outfall,32,23.796912,90.326466,29.3,7.43,167.5,86.4,4.92,32.8,42.0,80,0.3,2.4,0.3,150.0,,0.21,4600.0,0.0,REACH-RH,2019,10,Bangshi-Savar,0.09784249928925672,wet
2019-10-15,Dhaleshwari,Singair Bridge (Bhangalpur),34,23.798139,90.244192,29.4,7.5,170.7,88.9,5.26,32.6,47.0,70,0.2,2.9,0.4,140.0,,0.61,4400.0,0.0,REACH-RH,2019,10,Dhaleshwari,0.13045666571900896,wet
2019-10-15,Dhaleshwari,Kadamtoli Bridge,35,23.753653,90.249649,29.6,7.45,190.5,99.3,3.66,26.7,34.0,70,0.61,2.8,0.3,130.0,,0.51,400.0,0.0,REACH-RH,2019,10,Dhaleshwari,0.09784249928925672,wet
2019-10-15,Dhaleshwari ,Rohitpur Bridge  ,36,23.668216,90.288761,29.3,7.61,147.0,75.9,6.41,82.5,34.0,15,0.15,3.4,0.1,130.0,,0.57,300.0,0.0,REACH-RH,2019,10,Dhaleshwari,0.03261416642975224,wet
2019-10-15,Dhaleshwari ,d/s of BSCIC  ,37,23.661074,90.312062,29.5,7.55,149.2,76.3,6.19,81.1,103.0,60,0.14,2.8,0.1,140.0,,0.6,0.0,0.0,REACH-RH,2019,10,Dhaleshwari,0.03261416642975224,wet
2019-10-15,Dhaleshwari ,d/s of Dhaleswari Bridge  ,38,23.635701,90.360685,29.5,7.57,145.7,74.9,6.37,98.6,109.0,55,0.17,2.6,0.2,150.0,,0.51,600.0,0.0,REACH-RH,2019,10,Dhaleshwari,0.06522833285950448,wet
2019-10-15,Dhaleshwari ,Baluchar Bridge  ,39,23.611361,90.422327,29.4,7.44,148.0,76.1,5.39,81.1,73.0,70,0.17,4.4,0.1,160.0,,0.69,0.0,0.0,REACH-RH,2019,10,Dhaleshwari,0.03261416642975224,wet
2019-11-18,Buriganga,Aminbazar Bridge,11,23.78292,90.33538,26.8,7.31,292.0,189.2,0.46,26.7,53.0,165,1.97,3.0,1.8,350.0,,0.93,,,REACH,2019,11,Buriganga,0.5870549957355403,dry
2019-11-18,Buriganga,d/s of Hazaribagh,12,23.73496,90.35441,27.2,7.3,294.0,195.1,0.11,14.49,31.0,140,2.21,1.8,2.1,220.0,,0.98,,,REACH,2019,11,Buriganga,0.684897495024797,dry
2019-11-18,Buriganga,d/s Kamrangirchar Launch Ghat,13,23.71671,90.35992,27.4,7.32,304.0,198.5,0.16,12.37,27.0,130,2.4,0.7,1.9,230.0,,1.0,,,REACH,2019,11,Buriganga,0.6196691621652926,dry
2019-11-18,Buriganga,Chandni Ghat,14,23.71022,90.39367,27.5,7.3,302.0,194.2,0.1,11.11,21.0,125,2.55,2.4,2.2,140.0,,0.87,,,REACH,2019,11,Buriganga,0.7175116614545494,dry
2019-11-18,Buriganga,Sadar Ghat,15,23.70409,90.40971,27.5,7.32,299.0,192.0,0.09,11.19,20.0,125,2.25,0.7,2.4,160.0,,1.2,,,REACH,2019,11,Buriganga,0.7827399943140537,dry
2019-11-18,Buriganga,Dholaikhal,16,23.69661,90.41836,27.7,7.29,298.0,191.8,0.09,10.72,21.0,120,2.55,2.5,2.6,200.0,,1.33,,,REACH,2019,11,Buriganga,0.8479683271735583,dry
2019-11-18,Buriganga,BCF Bridge,17,23.68716,90.4278,27.5,7.25,304.0,192.5,0.07,10.46,22.0,115,1.9500000000000002,1.4,2.4,170.0,,0.9,,,REACH,2019,11,Buriganga,0.7827399943140537,dry
2019-11-18,Buriganga,d/s Pagla STP,18,23.6648,90.45238,27.5,7.22,279.0,183.5,0.07,10.88,22.0,125,2.0,1.6,2.1,240.0,,1.37,,,REACH,2019,11,Buriganga,0.684897495024797,dry
2019-11-18,Buriganga,Jazira ,19,23.63233,90.46342,27.1,7.33,264.0,170.0,0.78,11.93,17.0,160,1.8,1.6,1.4,200.0,,1.28,,,REACH,2019,11,Buriganga,0.45659833001653133,dry
2019-11-18,Bangshi-Savar,Amin Bazar Landfill,31,23.799735,90.303025,26.8,7.58,456.0,286.0,1.71,10.25,17.0,135,7.5,2.3,2.2,160.0,,0.98,0.0,0.0,REACH,2019,11,Bangshi-Savar,0.7175116614545494,dry
2019-11-18,Bangshi-Savar,d/s of Turag branch outfall,32,23.796912,90.326466,26.7,7.46,403.0,247.0,0.45,17.4,30.0,170,2.22,2.4,1.5,200.0,,0.99,0.0,0.0,REACH,2019,11,Bangshi-Savar,0.48921249644628356,dry
2019-11-18,Dhaleshwari,Nayarhat Bridge,33,23.911021,90.229235,26.8,7.58,390.0,240.0,1.56,17.69,37.0,175,1.0,0.9,1.3,190.0,,1.44,5000.0,0.0,REACH,2019,11,Dhaleshwari,0.42398416358677915,dry
2019-11-18,Dhaleshwari,Singair Bridge (Bhangalpur),34,23.798139,90.244192,26.9,7.43,367.0,222.0,0.3,9.75,15.0,165,1.16,0.98,1.1,190.0,,1.15,49000.0,4000.0,REACH,2019,11,Dhaleshwari,0.3587558307272747,dry
2019-11-18,Dhaleshwari,Kadamtoli Bridge,35,23.753653,90.249649,27.1,7.48,337.0,203.2,1.1,4.54,10.0,135,1.55,2.2,1.0,220.0,,1.27,4000.0,0.0,REACH,2019,11,Dhaleshwari,0.3261416642975224,dry
2019-11-18,Dhaleshwari ,Rohitpur Bridge  ,36,23.668216,90.288761,27.0,7.68,287.0,177.7,8.45,6.57,21.0,145,0.41,3.3,0.5,190.0,,1.05,2000.0,0.0,REACH,2019,11,Dhaleshwari,0.1630708321487612,dry
2019-11-18,Dhaleshwari ,d/s of BSCIC  ,37,23.661074,90.312062,26.8,7.7,286.0,170.7,7.82,8.35,21.0,140,0.31,3.6,0.5,200.0,,1.25,4000.0,0.0,REACH,2019,11,Dhaleshwari,0.1630708321487612,dry
2019-11-18,Dhaleshwari ,d/s of Dhaleswari Bridge  ,38,23.635701,90.360685,26.6,7.6,264.0,155.7,6.2,7.21,27.0,110,0.33,1.4,0.5,390.0,,1.09,0.0,0.0,REACH,2019,11,Dhaleshwari,0.1630708321487612,dry
2019-11-18,Dhaleshwari ,Baluchar Bridge  ,39,23.611361,90.422327,27.1,7.42,276.0,164.1,1.69,13.28,23.0,115,1.45,2.4,1.0,160.0,,1.09,33000.0,0.0,REACH,2019,11,Dhaleshwari,0.3261416642975224,dry
2019-11-19,Balu ,Demra (u/s of confluence),30,23.7279083,90.50095276,26.9,7.2,388.0,187.2,0.17,24.0,55.0,40,4.7,5.3,2.0,170.0,,1.01,0.0,0.0,REACH,2019,11,Balu,0.6522833285950448,dry
2019-11-19,Dhaleshwari ,Muktapur Ghat  ,40,23.567889,90.514812,26.8,7.35,354.0,170.7,0.56,11.11,24.0,20,1.05,91.0,1.0,190.0,,1.26,3000.0,1000.0,REACH,2019,11,Dhaleshwari,0.3261416642975224,dry
2019-11-19,Shitalakhya ,d/s Kanchan Bridge,41,23.835225,90.546137,27.2,7.55,281.0,134.5,4.38,10.11,17.0,105,0.15,10.7,0.3,180.0,,1.35,0.0,0.0,REACH,2019,11,Shitalakhya,0.09784249928925672,dry
2019-11-19,Shitalakhya ,ACI Salt (Rupganj Ferry Ghat),42,23.790506,90.522321,27.4,7.55,275.0,134.2,4.25,10.37,18.0,75,0.2,78.4,0.6,260.0,,1.17,0.0,0.0,REACH,2019,11,Shitalakhya,0.19568499857851343,dry
2019-11-19,Shitalakhya ,Demra Ghat,43,23.613055,90.50694,27.3,7.24,312.0,153.5,0.74,13.15,24.0,60,0.35000000000000003,20.2,0.8,200.0,,1.02,0.0,0.0,REACH,2019,11,Shitalakhya,0.2609133314380179,dry
2019-11-19,Shitalakhya ,d/s of Adamjee EPZ,44,23.66447,90.523193,27.4,7.3,363.0,174.9,0.07,17.72,38.0,125,1.05,1.5,1.6,180.0,,1.31,37000.0,20000.0,REACH,2019,11,Shitalakhya,0.5218266628760359,dry
2019-11-19,Shitalakhya ,d/s of Tanbazar Ghat,45,23.716944,90.502168,27.5,7.35,361.0,172.2,0.1,16.54,34.0,145,0.8500000000000001,1.4,1.4,190.0,,1.27,7000.0,3000.0,REACH,2019,11,Shitalakhya,0.45659833001653133,dry
2019-11-19,Shitalakhya ,u/s of Kalagachia Point,46,23.572368,90.525478,27.6,7.35,354.0,169.5,0.06,13.92,26.0,110,1.5,1.3,1.6,170.0,,1.71,1000.0,1000.0,REACH,2019,11,Shitalakhya,0.5218266628760359,dry
2019-11-19,Begunbari Canal,d/s of Dasherkandi WWTP,57,23.760385,90.479743,26.7,6.94,757.0,374.0,0.06,27.1,100.0,170,20.0,29.8,8.3,220.0,,1.2,1000.0,0.0,REACH,2019,11,Begunbari Canal,2.7069758136694357,dry
2019-12-14,Buriganga,Aminbazar Bridge,11,23.78292,90.33538,22.8,7.49,715.0,362.0,0.09,31.9,103.0,220,4.8,2.6,3.2,240.0,,0.65,,,REACH,2019,12,Buriganga,1.0436533257520717,dry
2019-12-14,Buriganga,d/s of Hazaribagh,12,23.73496,90.35441,22.3,7.38,583.0,328.0,0.07,20.7,52.0,170,6.4,28.4,4.2,230.0,,0.6,,,REACH,2019,12,Buriganga,1.369794990049594,dry
2019-12-14,Buriganga,d/s Kamrangirchar Launch Ghat,13,23.71671,90.35992,22.3,7.41,702.0,350.0,0.09,17.75,50.0,200,6.3,11.0,3.8,180.0,,0.7,,,REACH,2019,12,Buriganga,1.239338324330585,dry
2019-12-14,Buriganga,Chandni Ghat,14,23.71022,90.39367,22.1,7.47,705.0,351.0,0.17,20.2,57.0,215,7.4,4.4,4.2,180.0,,0.44,,,REACH,2019,12,Buriganga,1.369794990049594,dry
2019-12-14,Buriganga,Sadar Ghat,15,23.70409,90.40971,24.2,7.34,711.0,353.0,0.05,18.41,49.0,200,7.75,2.7,4.2,150.0,,0.52,,,REACH,2019,12,Buriganga,1.369794990049594,dry
2019-12-14,Buriganga,Dholaikhal,16,23.69661,90.41836,24.5,7.25,731.0,367.0,0.05,24.1,62.0,225,10.1,2.4,5.4,190.0,,0.39,,,REACH,2019,12,Buriganga,1.761164987206621,dry
2019-12-14,Buriganga,BCF Bridge,17,23.68716,90.4278,24.3,7.33,706.0,351.0,0.11,17.18,33.0,195,7.55,4.0,4.2,170.0,,0.62,,,REACH,2019,12,Buriganga,1.369794990049594,dry
2019-12-14,Buriganga,d/s Pagla STP,18,23.6648,90.45238,24.2,7.38,697.0,347.0,0.07,26.6,50.0,215,6.550000000000001,1.9,3.8,150.0,,0.63,,,REACH,2019,12,Buriganga,1.239338324330585,dry
2019-12-14,Buriganga,Jazira ,19,23.63233,90.46342,24.1,7.53,620.0,307.0,0.27,16.46,32.0,180,3.95,,1.8,170.0,,0.73,,,REACH,2019,12,Buriganga,0.5870549957355403,dry
2019-12-14,Bangshi-Savar,Amin Bazar Landfill,31,23.799735,90.303025,23.1,7.68,903.0,464.0,0.15,17.18,18.0,290,16.95,2.2,3.6,160.0,,0.44,,,REACH,2019,12,Bangshi-Savar,1.1741099914710806,dry
2019-12-14,Bangshi-Savar,d/s of Turag branch outfall,32,23.796912,90.326466,23.1,7.37,719.0,365.0,0.05,33.3,58.0,210,4.1499999999999995,1.6,3.4,170.0,,0.39,,,REACH,2019,12,Bangshi-Savar,1.1088816586115762,dry
2019-12-14,Dhaleshwari,Nayarhat Bridge,33,23.911021,90.229235,23.2,7.82,791.0,397.0,0.16,18.0,37.0,270,2.05,3.2,3.6,160.0,,0.42,,,REACH,2019,12,Dhaleshwari,1.1741099914710806,dry
2019-12-14,Dhaleshwari,Singair Bridge (Bhangalpur),34,23.798139,90.244192,24.9,7.76,744.0,366.0,1.2,11.83,24.0,205,3.35,2.0,2.2,160.0,,0.34,,,REACH,2019,12,Dhaleshwari,0.7175116614545494,dry
2019-12-14,Dhaleshwari,Kadamtoli Bridge,35,23.753653,90.249649,24.1,7.66,744.0,371.0,1.32,4.33,12.0,220,0.15,0.2,0.6,140.0,,0.48,,,REACH,2019,12,Dhaleshwari,0.19568499857851343,dry
2019-12-14,Dhaleshwari ,Rohitpur Bridge  ,36,23.668216,90.288761,23.6,8.14,572.0,287.0,4.41,9.73,30.0,225,0.1,2.0,0.6,160.0,,0.39,,,REACH,2019,12,Dhaleshwari,0.19568499857851343,dry
2019-12-14,Dhaleshwari ,d/s of BSCIC  ,37,23.661074,90.312062,23.6,8.14,555.0,277.0,4.85,15.45,44.0,230,0.1,10.6,0.8,120.0,,0.53,,,REACH,2019,12,Dhaleshwari,0.2609133314380179,dry
2019-12-14,Dhaleshwari ,d/s of Dhaleswari Bridge  ,38,23.635701,90.360685,24.2,8.12,540.0,270.0,4.32,19.81,47.0,215,3.2,7.2,1.4,90.0,,0.33,,,REACH,2019,12,Dhaleshwari,0.45659833001653133,dry
2019-12-14,Dhaleshwari ,Baluchar Bridge  ,39,23.611361,90.422327,24.3,7.59,603.0,299.0,0.66,9.73,23.0,195,2.4,7.2,2.0,100.0,,0.47,,,REACH,2019,12,Dhaleshwari,0.6522833285950448,dry
2019-12-15,Balu ,Demra (u/s of confluence),30,23.7279083,90.50095276,24.6,7.39,521.0,255.0,0.14,18.71,34.0,170,4.3,2.6,3.0,100.0,,0.44,,,REACH,2019,12,Balu,0.9784249928925671,dry
2019-12-15,Dhaleshwari ,Muktapur Ghat  ,40,23.567889,90.514812,24.8,7.39,387.0,187.4,0.58,7.39,12.0,115,2.45,13.6,1.0,90.0,,0.65,,,REACH,2019,12,Dhaleshwari,0.3261416642975224,dry
2019-12-15,Shitalakhya ,d/s Kanchan Bridge,41,23.835225,90.546137,24.3,7.67,355.0,177.4,4.72,5.85,10.0,145,0.3,7.6,0.6,80.0,,0.4,,,REACH,2019,12,Shitalakhya,0.19568499857851343,dry
2019-12-15,Shitalakhya ,ACI Salt (Rupganj Ferry Ghat),42,23.790506,90.522321,24.2,7.68,386.0,188.9,3.82,6.34,11.0,140,0.3,7.0,0.8,120.0,,0.4,,,REACH,2019,12,Shitalakhya,0.2609133314380179,dry
2019-12-15,Shitalakhya ,Demra Ghat,43,23.613055,90.50694,24.9,7.42,521.0,244.0,0.14,16.9,27.0,185,3.4000000000000004,2.6,3.0,100.0,,0.4,,,REACH,2019,12,Shitalakhya,0.9784249928925671,dry
2019-12-15,Shitalakhya ,d/s of Adamjee EPZ,44,23.66447,90.523193,24.9,7.3,576.0,281.0,0.09,25.1,45.0,170,4.35,5.0,3.0,120.0,,0.37,,,REACH,2019,12,Shitalakhya,0.9784249928925671,dry
2019-12-15,Shitalakhya ,d/s of Tanbazar Ghat,45,23.716944,90.502168,25.2,7.39,595.0,288.0,0.05,23.6,43.0,195,4.8,3.6,3.2,110.0,,0.65,,,REACH,2019,12,Shitalakhya,1.0436533257520717,dry
2019-12-15,Shitalakhya ,u/s of Kalagachia Point,46,23.572368,90.525478,24.7,7.38,375.0,181.7,0.23,8.7,15.0,115,2.05,2.8,1.2,130.0,,0.51,,,REACH,2019,12,Shitalakhya,0.39136999715702686,dry
2019-12-15,Begunbari Canal,d/s of Dasherkandi WWTP,57,23.760385,90.479743,24.3,7.04,794.0,398.0,0.13,33.5,91.0,255,20.5,10.6,9.0,170.0,,0.52,,,REACH,2019,12,Begunbari Canal,2.9352749786777017,dry
2020-01-19,Buriganga,Aminbazar Bridge,11,23.78292,90.33538,21.7,7.51,823.0,434.0,0.07,42.9,28.0,265,4.6000000000000005,8.6,3.8,490.0,,5.29,,,REACH,2020,1,Buriganga,1.239338324330585,dry
2020-01-19,Buriganga,d/s of Hazaribagh,12,23.73496,90.35441,21.1,7.45,801.0,427.0,0.07,22.9,26.0,245,7.95,2.0,4.8,450.0,,7.6,,,REACH,2020,1,Buriganga,1.5654799886281074,dry
2020-01-19,Buriganga,d/s Kamrangirchar Launch Ghat,13,23.71671,90.35992,20.8,7.43,791.0,424.0,0.07,19.55,30.0,260,8.299999999999999,31.6,4.8,460.0,,8.03,,,REACH,2020,1,Buriganga,1.5654799886281074,dry
2020-01-19,Buriganga,Chandni Ghat,14,23.71022,90.39367,20.7,7.38,811.0,435.0,0.2,20.5,27.0,230,10.35,7.2,5.4,410.0,,9.3,,,REACH,2020,1,Buriganga,1.761164987206621,dry
2020-01-19,Buriganga,Sadar Ghat,15,23.70409,90.40971,20.8,7.43,791.0,423.0,0.14,20.3,24.0,255,9.3,0.6,5.0,530.0,,10.3,,,REACH,2020,1,Buriganga,1.630708321487612,dry
2020-01-19,Buriganga,Dholaikhal,16,23.69661,90.41836,21.5,7.35,840.0,446.0,0.08,20.8,37.0,260,11.45,22.2,5.6,550.0,,10.3,,,REACH,2020,1,Buriganga,1.8263933200661253,dry
2020-01-19,Buriganga,BCF Bridge,17,23.68716,90.4278,20.9,7.35,778.0,416.0,0.05,17.96,29.0,265,8.4,16.2,4.6,470.0,,10.5,,,REACH,2020,1,Buriganga,1.500251655768603,dry
2020-01-19,Buriganga,d/s Pagla STP,18,23.6648,90.45238,20.9,7.33,790.0,422.0,0.06,20.2,29.0,240,10.85,4.2,4.2,440.0,,10.1,,,REACH,2020,1,Buriganga,1.369794990049594,dry
2020-01-19,Buriganga,Jazira ,19,23.63233,90.46342,21.0,7.4,784.0,418.0,0.1,25.5,23.0,245,8.65,6.4,2.4,450.0,,8.05,,,REACH,2020,1,Buriganga,0.7827399943140537,dry
2020-01-19,Bangshi-Savar,Amin Bazar Landfill,31,23.799735,90.303025,20.2,7.56,840.0,458.0,0.09,26.8,14.0,285,7.1499999999999995,201.6,3.2,370.0,,8.19,9000.0,6000.0,REACH,2020,1,Bangshi-Savar,1.0436533257520717,dry
2020-01-19,Bangshi-Savar,d/s of Turag branch outfall,32,23.796912,90.326466,21.2,7.7,828.0,441.0,0.08,41.4,24.0,285,4.95,3.0,3.4,430.0,,7.43,4000.0,4000.0,REACH,2020,1,Bangshi-Savar,1.1088816586115762,dry
2020-01-19,Dhaleshwari,Nayarhat Bridge,33,23.911021,90.229235,21.8,7.83,807.0,424.0,0.05,31.2,34.0,310,3.4499999999999997,43.6,2.8,520.0,,7.78,4000.0,2000.0,REACH,2020,1,Dhaleshwari,0.9131966600330627,dry
2020-01-19,Dhaleshwari,Singair Bridge (Bhangalpur),34,23.798139,90.244192,22.8,7.8,898.0,478.0,0.03,21.8,21.0,305,4.45,0.2,1.0,490.0,,7.81,2000.0,2000.0,REACH,2020,1,Dhaleshwari,0.3261416642975224,dry
2020-01-19,Dhaleshwari,Kadamtoli Bridge,35,23.753653,90.249649,21.5,7.94,986.0,522.0,6.62,10.63,5.0,285,3.4499999999999997,4.2,0.02,450.0,,7.37,1000.0,1000.0,REACH,2020,1,Dhaleshwari,0.006522833285950448,dry
2020-01-19,Dhaleshwari ,Rohitpur Bridge  ,36,23.668216,90.288761,21.5,8.09,631.0,331.0,12.28,8.31,4.0,255,0.35000000000000003,5.4,0.01,470.0,,4.07,0.0,0.0,REACH,2020,1,Dhaleshwari,0.003261416642975224,dry
2020-01-19,Dhaleshwari ,d/s of BSCIC  ,37,23.661074,90.312062,21.2,8.06,621.0,328.0,11.5,5.25,4.0,265,0.2,8.6,0.02,480.0,,3.67,140.0,140.0,REACH,2020,1,Dhaleshwari,0.006522833285950448,dry
2020-01-19,Dhaleshwari ,d/s of Dhaleswari Bridge  ,38,23.635701,90.360685,20.9,8.02,597.0,317.0,9.85,7.53,5.0,215,0.25,63.6,0.01,500.0,,3.84,2000.0,2000.0,REACH,2020,1,Dhaleshwari,0.003261416642975224,dry
2020-01-19,Dhaleshwari ,Baluchar Bridge  ,39,23.611361,90.422327,20.6,7.88,605.0,323.0,6.84,48.9,88.0,305,0.5,39.8,5.0,580.0,,4.29,480.0,460.0,REACH,2020,1,Dhaleshwari,1.630708321487612,dry
2020-01-20,Balu ,Demra (u/s of confluence),30,23.7279083,90.50095276,22.3,7.23,955.0,501.0,0.16,40.3,25.0,315,19.950000000000003,31.4,14.2,500.0,,13.1,21000.0,10000.0,REACH,2020,1,Balu,4.631211633024818,dry
2020-01-20,Dhaleshwari ,Muktapur Ghat  ,40,23.567889,90.514812,20.6,7.54,713.0,383.0,0.12,32.2,3.0,215,5.6499999999999995,9.8,3.8,540.0,,5.15,4000.0,4000.0,REACH,2020,1,Dhaleshwari,1.239338324330585,dry
2020-01-20,Shitalakhya ,d/s Kanchan Bridge,41,23.835225,90.546137,20.4,7.7,357.0,357.0,5.09,5.29,5.0,150,0.15,47.0,0.6,450.0,,4.5,1000.0,0.0,REACH,2020,1,Shitalakhya,0.19568499857851343,dry
2020-01-20,Shitalakhya ,ACI Salt (Rupganj Ferry Ghat),42,23.790506,90.522321,22.2,7.68,381.0,381.0,4.19,11.57,6.0,180,0.65,15.0,1.6,470.0,,3.81,6000.0,2000.0,REACH,2020,1,Shitalakhya,0.5218266628760359,dry
2020-01-20,Shitalakhya ,Demra Ghat,43,23.613055,90.50694,20.9,7.39,525.0,278.0,0.2,23.4,24.0,210,4.0,14.8,2.6,610.0,,5.02,12000.0,5000.0,REACH,2020,1,Shitalakhya,0.8479683271735583,dry
2020-01-20,Shitalakhya ,d/s of Adamjee EPZ,44,23.66447,90.523193,21.7,7.36,634.0,332.0,0.08,26.7,37.0,215,7.1,8.8,5.4,600.0,,6.56,12000.0,9000.0,REACH,2020,1,Shitalakhya,1.761164987206621,dry
2020-01-20,Shitalakhya ,d/s of Tanbazar Ghat,45,23.716944,90.502168,21.5,7.39,649.0,341.0,0.11,26.1,36.0,225,6.7,16.2,4.6,500.0,,6.41,12000.0,11000.0,REACH,2020,1,Shitalakhya,1.500251655768603,dry
2020-01-20,Shitalakhya ,u/s of Kalagachia Point,46,23.572368,90.525478,21.5,7.39,643.0,337.0,0.1,28.1,32.0,285,7.45,20.0,4.4,590.0,,6.48,6000.0,5000.0,REACH,2020,1,Shitalakhya,1.4350233229090987,dry
2020-01-20,Begunbari Canal,d/s of Dasherkandi WWTP,57,23.760385,90.479743,22.7,7.1,852.0,442.0,0.17,55.4,69.0,320,23.700000000000003,0.2,9.4,630.0,,13.9,120000.0,110000.0,REACH,2020,1,Begunbari Canal,3.06573164439671,dry
2020-02-15,Turag,u/s of Konabari,1,24.01945,90.34443,22.5,7.64,1208.0,632.0,0.7,26.7,50.0,320,4.6000000000000005,7.7,8.0,290.0,,10.5,45000.0,2000.0,REACH-RH,2020,2,Turag,2.609133314380179,dry
2020-02-15,Turag,Konabari Powerplant,2,23.9948,90.34186,22.1,7.58,1201.0,634.0,0.8,25.8,55.0,215,4.699999999999999,6.2,8.2,370.0,,11.5,30000.0,1000.0,REACH-RH,2020,2,Turag,2.6743616472396834,dry
2020-02-15,Turag,d/s of Konabari,3,23.98681,90.32572,22.6,7.42,1316.0,685.0,0.07,28.1,61.0,285,5.15,7.0,8.6,330.0,,11.9,36000.0,7000.0,REACH-RH,2020,2,Turag,2.8048183129586923,dry
2020-02-15,Turag,d/s of Kashimpur,4,23.98042,90.33772,22.8,7.35,1342.0,699.0,0.9,24.7,70.0,250,5.0,13.2,8.4,350.0,,11.7,24000.0,0.0,REACH-RH,2020,2,Turag,2.739589980099188,dry
2020-02-15,Turag,Yearpur (u/s of Ashulia Lake),5,23.92568,90.34812,22.8,7.59,1281.0,668.0,0.05,26.1,59.0,260,4.9,10.1,10.8,380.0,,13.1,14000.0,2000.0,REACH-RH,2020,2,Turag,3.522329974413242,dry
2020-02-15,Turag,Ashulia Bridge (d/s of Ashulia Lake),6,23.89519,90.33463,22.1,7.49,1248.0,661.0,0.04,29.0,64.0,300,6.25,8.1,8.2,240.0,,11.6,23000.0,14000.0,REACH-RH,2020,2,Turag,2.6743616472396834,dry
2020-02-15,Turag,Rustampur (u/s of confluence),7,23.8795,90.3503,22.0,7.47,1244.0,658.0,0.06,31.5,41.0,265,6.35,5.5,7.4,230.0,,11.7,8000.0,4000.0,REACH-RH,2020,2,Turag,2.413448315801666,dry
2020-02-15,Turag,Birulia Bridge,8,23.85146,90.33932,21.9,7.51,1197.0,636.0,0.05,41.3,67.0,275,6.2,7.3,6.6,250.0,,10.1,6000.0,2000.0,REACH-RH,2020,2,Turag,2.1525349843636477,dry
2020-02-15,Turag,Botanical Garden,9,23.81745,90.3405,21.9,7.42,1109.0,587.0,0.06,42.7,86.0,265,7.9,6.6,7.0,270.0,,9.27,8000.0,3000.0,REACH-RH,2020,2,Turag,2.282991650082657,dry
2020-02-15,Turag,u/s of Aminbazar Bridge,10,23.78946,90.33922,21.8,7.43,1069.0,567.0,0.11,42.1,71.0,270,9.549999999999999,7.7,7.8,250.0,,9.93,11000.0,5000.0,REACH-RH,2020,2,Turag,2.5439049815206745,dry
2020-02-15,Turag,Boroibari Bridge,48,24.09967,90.26702,21.9,7.54,518.0,268.0,4.94,8.0,7.0,210,0.15,3.1,0.8,150.0,,4.49,0.0,0.0,REACH-RH,2020,2,Turag,0.2609133314380179,dry
2020-02-15,Turag,Kaliakoir Bridge,47,24.08234,90.20919,22.2,7.6,480.0,246.0,6.42,4.21,8.0,195,0.1,2.9,1.8,170.0,,4.35,100.0,100.0,REACH-RH,2020,2,Turag,0.5870549957355403,dry
2020-02-15,Bangshi-Savar,Amin Bazar Landfill,31,23.799735,90.303025,21.5,7.57,1061.0,571.0,0.04,41.6,53.0,260,8.8,4.7,6.4,230.0,,9.81,11000.0,5000.0,REACH-RH,2020,2,Bangshi-Savar,2.0873066515041434,dry
2020-02-15,Bangshi-Savar,d/s of Turag branch outfall,32,23.796912,90.326466,22.3,7.42,1037.0,540.0,0.07,44.1,40.0,340,10.25,5.1,7.8,150.0,,9.34,58000.0,40000.0,REACH-RH,2020,2,Bangshi-Savar,2.5439049815206745,dry
2020-02-15,Dhaleshwari,Nayarhat Bridge,33,23.911021,90.229235,23.9,8.35,1423.0,732.0,0.03,24.1,56.0,350,6.6000000000000005,8.4,12.0,340.0,,14.9,9100.0,7600.0,REACH-RH,2020,2,Dhaleshwari,3.9136999715702685,dry
2020-02-15,Dhaleshwari,Singair Bridge (Bhangalpur),34,23.798139,90.244192,24.7,7.99,1250.0,629.0,0.62,15.08,26.0,280,4.85,4.8,2.6,170.0,,10.1,14000.0,8000.0,REACH-RH,2020,2,Dhaleshwari,0.8479683271735583,dry
2020-02-15,Dhaleshwari,Kadamtoli Bridge,35,23.753653,90.249649,22.6,7.66,1115.0,585.0,2.3,11.27,17.0,265,3.75,3.5,2.2,290.0,,8.75,22000.0,0.0,REACH-RH,2020,2,Dhaleshwari,0.7175116614545494,dry
2020-02-15,Bangshi,d/s of DEPZ Canal,50,23.942411,90.230616,25.4,8.17,1401.0,700.0,0.06,26.1,44.0,330,6.5,6.3,9.0,210.0,,12.0,92000.0,72000.0,REACH-RH,2020,2,Bangshi,2.9352749786777017,dry
2020-02-15,Bangshi,u/s of Dhaleswari Confluence at Hazipur,51,23.920526,90.226162,24.9,8.47,1526.0,764.0,0.07,28.9,56.0,340,7.35,10.5,14.2,220.0,,15.3,47000.0,1000.0,REACH-RH,2020,2,Bangshi,4.631211633024818,dry
2020-02-16,Buriganga,Aminbazar Bridge,11,23.78292,90.33538,22.2,7.42,1095.0,575.0,0.05,47.1,128.0,270,9.399999999999999,8.9,7.6,130.0,,9.33,148000.0,88000.0,REACH-RH,2020,2,Buriganga,2.47867664866117,dry
2020-02-16,Buriganga,d/s of Hazaribagh,12,23.73496,90.35441,22.1,7.36,941.0,493.0,0.08,20.3,57.0,350,11.399999999999999,7.8,11.4,150.0,,10.5,92000.0,53000.0,REACH-RH,2020,2,Buriganga,3.7180149729917553,dry
2020-02-16,Buriganga,d/s Kamrangirchar Launch Ghat,13,23.71671,90.35992,22.0,7.38,949.0,499.0,0.06,15.72,40.0,275,11.5,11.2,7.0,150.0,,10.3,113000.0,80000.0,REACH-RH,2020,2,Buriganga,2.282991650082657,dry
2020-02-16,Buriganga,Chandni Ghat,14,23.71022,90.39367,21.7,7.32,960.0,507.0,0.08,14.66,53.0,320,25.0,9.9,8.4,110.0,,10.2,68000.0,47000.0,REACH-RH,2020,2,Buriganga,2.739589980099188,dry
2020-02-16,Buriganga,Sadar Ghat,15,23.70409,90.40971,21.9,7.33,962.0,504.0,0.15,14.32,31.0,300,22.75,10.9,7.8,200.0,,10.8,76000.0,54000.0,REACH-RH,2020,2,Buriganga,2.5439049815206745,dry
2020-02-16,Buriganga,Dholaikhal,16,23.69661,90.41836,22.0,7.26,957.0,500.0,0.15,15.74,77.0,310,10.0,13.6,8.0,210.0,,13.4,107000.0,82000.0,REACH-RH,2020,2,Buriganga,2.609133314380179,dry
2020-02-16,Buriganga,BCF Bridge,17,23.68716,90.4278,21.9,7.27,957.0,502.0,0.15,13.96,65.0,315,10.25,4.5,7.4,160.0,,11.8,69000.0,45000.0,REACH-RH,2020,2,Buriganga,2.413448315801666,dry
2020-02-16,Buriganga,d/s Pagla STP,18,23.6648,90.45238,21.7,7.35,957.0,504.0,0.15,24.8,85.0,285,12.1,2.7,6.4,170.0,,10.8,48000.0,27000.0,REACH-RH,2020,2,Buriganga,2.0873066515041434,dry
2020-02-16,Buriganga,Jazira ,19,23.63233,90.46342,21.6,7.51,844.0,445.0,0.18,38.6,63.0,285,9.25,7.5,5.6,170.0,,7.67,24000.0,5000.0,REACH-RH,2020,2,Buriganga,1.8263933200661253,dry
2020-02-16,Tongi Khal,d/s Ashulia Landing station,20,23.89441022,90.36477688,23.2,8.35,1478.0,771.0,0.05,53.1,110.0,350,7.0,3.9,0.2,330.0,,13.1,150000.0,130000.0,REACH-RH,2020,2,Tongi Khal,0.06522833285950448,dry
2020-02-16,Tongi Khal,u/s Ijtema Field,21,23.8917228,90.38988667,23.5,7.58,1306.0,673.0,0.12,40.7,100.0,330,11.850000000000001,8.3,11.4,140.0,,14.5,220000.0,210000.0,REACH-RH,2020,2,Tongi Khal,3.7180149729917553,dry
2020-02-16,Tongi Khal,d/s Railway Bridge,22,23.88178903,90.40636019,23.1,7.09,969.0,498.0,0.04,35.6,120.0,315,20.5,8.1,17.0,190.0,,16.6,180000.0,150000.0,REACH-RH,2020,2,Tongi Khal,5.544408293057881,dry
2020-02-16,Tongi Khal,d/s of Hussein Dyeing,23,23.88925303,90.42315448,24.2,7.23,1209.0,606.0,0.04,34.4,108.0,315,12.5,18.0,21.4,220.0,,32.1,230000.0,200000.0,REACH-RH,2020,2,Tongi Khal,6.979431615966979,dry
2020-02-16,Tongi Khal,Mausaid (d/s Pagar Canal),24,23.89918269,90.43655294,25.0,7.75,1377.0,688.0,0.05,31.1,116.0,420,21.25,12.6,19.2,260.0,,26.5,180000.0,160000.0,REACH-RH,2020,2,Tongi Khal,6.26191995451243,dry
2020-02-16,Tongi Khal,u/s of Balu Confluence,25,23.8872436,90.45994563,23.7,7.34,1349.0,692.0,0.05,30.6,102.0,420,25.0,6.1,17.2,210.0,,23.6,210000.0,180000.0,REACH-RH,2020,2,Tongi Khal,5.609636625917385,dry
2020-02-16,Balu ,u/s of Purbachal,26,23.86217843,90.47498149,23.2,7.39,1418.0,732.0,0.06,29.0,119.0,420,23.25,8.4,16.4,240.0,,23.1,69000.0,44000.0,REACH-RH,2020,2,Balu,5.348723294479367,dry
2020-02-16,Balu ,d/s of Purbachal (Ichhapur bridge),27,23.82717834,90.48729817,22.7,7.43,1322.0,692.0,0.05,32.6,115.0,395,20.75,13.7,17.8,180.0,,20.0,26000.0,20000.0,REACH-RH,2020,2,Balu,5.805321624495899,dry
2020-02-16,Balu ,Beraid,28,23.77769711,90.47789881,22.0,7.46,1206.0,635.0,0.07,49.7,171.0,415,19.25,15.1,16.2,160.0,,16.0,42000.0,22000.0,REACH-RH,2020,2,Balu,5.283494961619863,dry
2020-02-16,Balu ,d/s of Begunbari Canal,29,23.75971159,90.48346853,22.3,7.31,1134.0,594.0,0.05,66.4,321.0,370,19.0,8.7,14.4,220.0,,16.0,161000.0,120000.0,REACH-RH,2020,2,Balu,4.6964399658843226,dry
2020-02-16,Balu ,Demra (u/s of confluence),30,23.7279083,90.50095276,22.3,7.36,695.0,358.0,0.07,32.4,63.0,260,9.5,7.0,6.8,223.0,,10.0,80000.0,61000.0,REACH-RH,2020,2,Balu,2.2177633172231523,dry
2020-02-16,Dhaleshwari ,Muktapur Ghat  ,40,23.567889,90.514812,21.6,7.38,580.0,303.0,0.13,25.5,30.0,180,5.15,4.9,1.6,230.0,,6.34,17000.0,9000.0,REACH-RH,2020,2,Dhaleshwari,0.5218266628760359,dry
2020-02-16,Shitalakhya ,d/s Kanchan Bridge,41,23.835225,90.546137,21.4,7.76,372.0,193.0,5.96,5.28,10.0,200,0.05,5.5,0.8,190.0,,4.39,1000.0,0.0,REACH-RH,2020,2,Shitalakhya,0.2609133314380179,dry
2020-02-16,Shitalakhya ,ACI Salt (Rupganj Ferry Ghat),42,23.790506,90.522321,21.5,7.67,429.0,223.0,3.32,6.1,11.0,185,0.15,5.0,0.0,130.0,,4.96,3000.0,0.0,REACH-RH,2020,2,Shitalakhya,0.0,dry
2020-02-16,Shitalakhya ,Demra Ghat,43,23.613055,90.50694,22.4,7.28,788.0,408.0,0.12,34.7,65.0,255,10.700000000000001,10.6,7.6,90.0,,9.67,47000.0,32000.0,REACH-RH,2020,2,Shitalakhya,2.47867664866117,dry
2020-02-16,Shitalakhya ,d/s of Adamjee EPZ,44,23.66447,90.523193,22.9,7.27,827.0,424.0,0.13,34.8,77.0,295,11.899999999999999,13.1,8.0,220.0,,11.3,15000.0,9000.0,REACH-RH,2020,2,Shitalakhya,2.609133314380179,dry
2020-02-16,Shitalakhya ,d/s of Tanbazar Ghat,45,23.716944,90.502168,23.1,7.38,883.0,447.0,0.13,38.5,81.0,320,12.0,6.3,7.4,100.0,,11.9,24000.0,10000.0,REACH-RH,2020,2,Shitalakhya,2.413448315801666,dry
2020-02-16,Shitalakhya ,u/s of Kalagachia Point,46,23.572368,90.525478,21.4,7.27,509.0,267.0,0.18,21.8,27.0,155,5.0,5.7,1.4,150.0,,6.08,7000.0,4000.0,REACH-RH,2020,2,Shitalakhya,0.45659833001653133,dry
2020-02-16,Begunbari Canal,d/s of Dasherkandi WWTP,57,23.760385,90.479743,24.1,7.07,995.0,500.0,0.07,49.0,119.0,320,19.5,8.3,17.6,230.0,,13.9,1200000.0,920000.0,REACH-RH,2020,2,Begunbari Canal,5.740093291636395,dry
2020-02-16,Pagar Canal,Steel bridge at Pagar Canal,55,23.900657,90.432582,24.5,7.29,1649.0,831.0,0.04,46.0,238.0,440,22.25,11.0,18.4,150.0,,23.1,1200000.0,900000.0,REACH-RH,2020,2,Pagar Canal,6.001006623074412,dry
2020-02-16,Bashundhara Canal,u/s (800m) of outfall in Balu,56,23.80975467,90.47701159,23.3,7.04,938.0,476.0,0.05,94.6,403.0,335,26.25,13.4,20.8,220.0,,16.6,1130000.0,1040000.0,REACH-RH,2020,2,Bashundhara Canal,6.783746617388466,dry
2020-02-17,Dhaleshwari ,Rohitpur Bridge  ,36,23.668216,90.288761,21.6,8.33,585.0,306.0,11.58,3.29,7.0,345,0.1,2.7,0.0,170.0,,3.96,2000.0,0.0,REACH-RH,2020,2,Dhaleshwari,0.0,dry
2020-02-17,Dhaleshwari ,d/s of BSCIC  ,37,23.661074,90.312062,21.6,8.36,586.0,306.0,11.19,2.64,2.0,295,0.05,3.4,0.0,140.0,,3.29,2000.0,0.0,REACH-RH,2020,2,Dhaleshwari,0.0,dry
2020-02-17,Dhaleshwari ,d/s of Dhaleswari Bridge  ,38,23.635701,90.360685,21.4,8.22,602.0,316.0,10.23,3.98,8.0,295,0.4,3.8,0.2,190.0,,3.83,5000.0,1000.0,REACH-RH,2020,2,Dhaleshwari,0.06522833285950448,dry
2020-02-17,Dhaleshwari ,Baluchar Bridge  ,39,23.611361,90.422327,21.6,8.02,663.0,345.0,6.67,5.43,19.0,290,2.6,3.5,0.4,170.0,,4.06,2000.0,0.0,REACH-RH,2020,2,Dhaleshwari,0.13045666571900896,dry
2020-08-22,Turag,u/s of Konabari,1,24.01945,90.34443,28.9,7.12,140.1,61.5,5.83,55.1,103.0,25,0.06,4.9,0.6,90.0,,3.1,10000.0,1000.0,REACH,2020,8,Turag,0.19568499857851343,wet
2020-08-22,Turag,Konabari Powerplant,2,23.9948,90.34186,28.9,7.03,140.9,61.8,5.84,55.2,54.0,100,0.1,5.1,0.4,60.0,,1.5,9000.0,0.0,REACH,2020,8,Turag,0.13045666571900896,wet
2020-08-22,Turag,d/s of Konabari,3,23.98681,90.32572,29.0,7.12,149.7,65.7,5.54,47.2,45.0,20,0.1,4.2,0.5,120.0,,1.7000000000000002,16000.0,8000.0,REACH,2020,8,Turag,0.1630708321487612,wet
2020-08-22,Turag,d/s of Kashimpur,4,23.98042,90.33772,28.9,7.11,150.7,66.1,5.58,47.8,45.0,30,0.15,4.7,0.6,20.0,,1.25,29000.0,9000.0,REACH,2020,8,Turag,0.19568499857851343,wet
2020-08-22,Turag,Yearpur (u/s of Ashulia Lake),5,23.92568,90.34812,28.9,7.14,150.8,66.2,5.53,48.9,17.0,80,0.11,5.3,0.5,100.0,,1.4000000000000001,10000.0,2000.0,REACH,2020,8,Turag,0.1630708321487612,wet
2020-08-22,Turag,Ashulia Bridge (d/s of Ashulia Lake),6,23.89519,90.33463,29.0,7.12,151.0,66.3,5.6,36.6,14.0,40,0.13,5.3,0.5,110.0,,1.55,8000.0,3000.0,REACH,2020,8,Turag,0.1630708321487612,wet
2020-08-22,Turag,Rustampur (u/s of confluence),7,23.8795,90.3503,29.0,7.12,153.0,67.1,5.61,34.9,15.0,30,0.13,3.9,0.5,90.0,,2.3499999999999996,10000.0,1000.0,REACH,2020,8,Turag,0.1630708321487612,wet
2020-08-22,Turag,Birulia Bridge,8,23.85146,90.33932,28.9,7.1,152.0,66.7,5.63,33.6,14.0,10,0.27,4.9,0.5,160.0,,2.3499999999999996,8000.0,2000.0,REACH,2020,8,Turag,0.1630708321487612,wet
2020-08-22,Turag,Botanical Garden,9,23.81745,90.3405,28.9,7.03,180.4,79.4,3.78,19.8,12.0,90,0.8,5.4,0.7,120.0,,1.55,3000.0,0.0,REACH,2020,8,Turag,0.22829916500826566,wet
2020-08-22,Turag,u/s of Aminbazar Bridge,10,23.78946,90.33922,28.8,7.25,128.0,69.9,5.38,31.1,14.0,10,0.36,6.7,0.5,90.0,,1.05,11000.0,1000.0,REACH,2020,8,Turag,0.1630708321487612,wet
2020-08-22,Buriganga,Aminbazar Bridge,11,23.78292,90.33538,28.9,7.16,167.1,73.4,5.02,29.0,13.0,65,0.48,4.2,0.6,150.0,,1.25,400.0,100.0,REACH,2020,8,Buriganga,0.19568499857851343,wet
2020-08-22,Buriganga,d/s of Hazaribagh,12,23.73496,90.35441,28.8,7.17,163.0,71.7,4.76,23.5,10.0,30,0.38,4.4,0.5,80.0,,0.95,13000.0,6200.0,REACH,2020,8,Buriganga,0.1630708321487612,wet
2020-08-22,Buriganga,d/s Kamrangirchar Launch Ghat,13,23.71671,90.35992,28.8,7.02,163.5,72.0,4.75,17.53,10.0,25,0.34,4.6,0.6,90.0,,1.9500000000000002,13000.0,9100.0,REACH,2020,8,Buriganga,0.19568499857851343,wet
2020-08-22,Buriganga,Chandni Ghat,14,23.71022,90.39367,28.8,6.77,204.9,90.4,3.3,24.8,10.0,25,0.27,4.5,0.5,150.0,,1.4000000000000001,3100.0,800.0,REACH,2020,8,Buriganga,0.1630708321487612,wet
2020-08-22,Turag,Kaliakoir Bridge,47,24.08234,90.20919,28.7,7.2,135.1,59.4,5.98,59.2,25.0,30,0.11,4.5,0.7,100.0,,2.0,1200.0,300.0,REACH,2020,8,Turag,0.22829916500826566,wet
2020-08-22,Turag,Boroibari Bridge,48,24.09967,90.26702,28.7,7.19,134.7,59.3,5.95,50.1,26.0,100,0.07,3.7,0.3,190.0,,1.5,2800.0,300.0,REACH,2020,8,Turag,0.09784249928925672,wet
2020-08-22,Bangshi,Kaliakoir Bangshi Bridge,49,24.06962,90.21446,28.7,7.15,135.3,59.5,5.97,61.0,31.0,30,0.1,3.9,0.4,200.0,,1.5,5100.0,2200.0,REACH,2020,8,Bangshi,0.13045666571900896,wet
2020-08-23,Tongi Khal,d/s Ashulia Landing station,20,23.89441022,90.36477688,28.8,7.01,149.0,65.5,5.59,35.7,49.0,30,0.08,5.9,0.5,270.0,,1.55,53000.0,11000.0,REACH,2020,8,Tongi Khal,0.1630708321487612,wet
2020-08-23,Tongi Khal,u/s Ijtema Field,21,23.8917228,90.38988667,28.9,6.89,156.0,68.5,4.9,33.2,42.0,55,0.13,4.4,0.6,130.0,,1.9500000000000002,50000.0,21000.0,REACH,2020,8,Tongi Khal,0.19568499857851343,wet
2020-08-23,Tongi Khal,d/s Railway Bridge,22,23.88178903,90.40636019,28.2,7.14,157.0,69.0,6.41,40.2,41.0,60,0.16,3.1,0.5,220.0,,2.3000000000000003,72000.0,34000.0,REACH,2020,8,Tongi Khal,0.1630708321487612,wet
2020-08-23,Tongi Khal,d/s of Hussein Dyeing,23,23.88925303,90.42315448,28.4,6.95,163.8,72.0,4.82,31.6,36.0,30,0.3,6.3,0.6,270.0,,2.15,59000.0,32000.0,REACH,2020,8,Tongi Khal,0.19568499857851343,wet
2020-08-23,Tongi Khal,Mausaid (d/s Pagar Canal),24,23.89918269,90.43655294,28.9,7.02,164.5,72.3,4.53,29.2,39.0,20,0.3,6.5,0.5,80.0,,2.05,57000.0,38000.0,REACH,2020,8,Tongi Khal,0.1630708321487612,wet
2020-08-23,Tongi Khal,u/s of Balu Confluence,25,23.8872436,90.45994563,29.0,6.95,167.8,73.5,3.79,23.1,29.0,50,0.29,2.5,0.6,210.0,,4.45,68000.0,49000.0,REACH,2020,8,Tongi Khal,0.19568499857851343,wet
2020-08-23,Balu ,u/s of Purbachal,26,23.86217843,90.47498149,29.0,6.92,200.5,88.1,3.12,11.25,12.0,50,0.55,4.5,0.7,180.0,,1.6500000000000001,10800.0,5300.0,REACH,2020,8,Balu,0.22829916500826566,wet
2020-08-23,Balu ,d/s of Purbachal (Ichhapur bridge),27,23.82717834,90.48729817,28.9,6.98,189.9,83.4,2.85,12.77,16.0,65,0.48,8.3,0.7,250.0,,3.4499999999999997,12300.0,11300.0,REACH,2020,8,Balu,0.22829916500826566,wet
2020-08-23,Balu ,Beraid,28,23.77769711,90.47789881,28.9,6.84,202.6,89.2,2.5,9.73,13.0,45,0.67,5.7,0.8,100.0,,4.25,9700.0,6100.0,REACH,2020,8,Balu,0.2609133314380179,wet
2020-08-23,Balu ,d/s of Begunbari Canal,29,23.75971159,90.48346853,29.0,6.9,198.3,87.2,2.65,12.64,14.0,80,0.71,4.5,0.8,210.0,,1.75,4500.0,3700.0,REACH,2020,8,Balu,0.2609133314380179,wet
2020-08-23,Balu ,Demra (u/s of confluence),30,23.7279083,90.50095276,28.9,6.85,251.0,111.3,0.78,11.07,14.0,80,2.23,7.0,1.4,110.0,,1.3,5600.0,4000.0,REACH,2020,8,Balu,0.45659833001653133,wet
2020-08-23,Dhaleshwari ,Muktapur Ghat  ,40,23.567889,90.514812,28.9,7.12,163.1,71.6,4.35,64.8,86.0,35,0.21,2.9,0.5,260.0,,2.1,10100.0,6700.0,REACH,2020,8,Dhaleshwari,0.1630708321487612,wet
2020-08-23,Shitalakhya ,d/s Kanchan Bridge,41,23.835225,90.546137,29.4,6.96,146.0,63.5,5.47,101.0,103.0,30,0.11,4.7,0.5,220.0,,2.15,4600.0,1600.0,REACH,2020,8,Shitalakhya,0.1630708321487612,wet
2020-08-23,Shitalakhya ,ACI Salt (Rupganj Ferry Ghat),42,23.790506,90.522321,29.3,7.03,146.1,63.4,5.52,78.9,99.0,55,0.17,3.0,0.6,200.0,,1.7999999999999998,6200.0,2700.0,REACH,2020,8,Shitalakhya,0.19568499857851343,wet
2020-08-23,Shitalakhya ,Demra Ghat,43,23.613055,90.50694,29.4,7.18,153.9,66.9,4.8,69.5,87.0,35,0.17,3.1,0.7,220.0,,1.55,20300.0,8200.0,REACH,2020,8,Shitalakhya,0.22829916500826566,wet
2020-08-23,Shitalakhya ,d/s of Adamjee EPZ,44,23.66447,90.523193,29.2,6.85,183.1,80.0,3.84,55.4,60.0,70,0.63,5.5,1.1,230.0,,1.35,18500.0,9400.0,REACH,2020,8,Shitalakhya,0.3587558307272747,wet
2020-08-23,Shitalakhya ,d/s of Tanbazar Ghat,45,23.716944,90.502168,29.3,6.85,189.5,82.8,3.28,47.1,56.0,90,0.71,4.8,0.8,120.0,,1.1500000000000001,16100.0,7200.0,REACH,2020,8,Shitalakhya,0.2609133314380179,wet
2020-08-23,Shitalakhya ,u/s of Kalagachia Point,46,23.572368,90.525478,29.2,6.92,186.0,81.2,3.26,47.5,55.0,55,0.71,7.6,0.8,170.0,,1.1,9800.0,5400.0,REACH,2020,8,Shitalakhya,0.2609133314380179,wet
2020-08-23,Shitalakhya ,d/s of Ghorashal FC,52,23.97498026,90.62859428,29.1,7.01,144.6,63.1,5.93,96.0,186.0,45,0.27,6.3,0.9,140.0,,1.7000000000000002,3300.0,1200.0,REACH,2020,8,Shitalakhya,0.29352749786777016,wet
2020-08-23,Pagar Canal,Steel bridge at Pagar Canal,55,23.900657,90.432582,28.7,7.14,716.0,324.0,0.67,20.8,13.0,120,7.0,3.3,5.2,200.0,,1.4000000000000001,61000.0,39000.0,REACH,2020,8,Pagar Canal,1.6959366543471166,wet
2020-08-23,Bashundhara Canal,u/s (800m) of outfall in Balu,56,23.80975467,90.47701159,29.7,6.94,339.0,148.6,2.35,10.11,13.0,130,3.3000000000000003,6.0,2.0,120.0,,1.2,17000.0,12000.0,REACH,2020,8,Bashundhara Canal,0.6522833285950448,wet
2020-08-23,Begunbari Canal,d/s of Dasherkandi WWTP,57,23.760385,90.479743,28.6,6.59,563.0,254.0,0.23,29.4,61.0,185,11.8,6.9,7.2,190.0,,1.5,12000.0,9000.0,REACH,2020,8,Begunbari Canal,2.3482199829421613,wet
2020-08-23,Balu,"Daripara Bridge, Pubail",58,23.93208264,90.49081513,28.9,7.02,207.2,91.2,4.19,8.33,6.0,55,0.35,4.6,0.8,130.0,,2.0,14000.0,10000.0,REACH,2020,8,Balu,0.2609133314380179,wet
2020-08-24,Buriganga,Sadar Ghat,15,23.70409,90.40971,29.2,6.97,164.9,72.0,3.91,18.52,11.0,45,1.45,5.1,0.8,150.0,,1.35,4800.0,1800.0,REACH,2020,8,Buriganga,0.2609133314380179,wet
2020-08-24,Buriganga,Dholaikhal,16,23.69661,90.41836,29.2,6.9,165.3,72.2,3.77,17.54,15.0,15,0.64,3.4,0.6,400.0,,1.45,7200.0,3000.0,REACH,2020,8,Buriganga,0.19568499857851343,wet
2020-08-24,Buriganga,BCF Bridge,17,23.68716,90.4278,29.2,6.87,164.1,71.7,3.83,19.0,16.0,15,0.26,0.3,0.8,80.0,,1.1,6000.0,3200.0,REACH,2020,8,Buriganga,0.2609133314380179,wet
2020-08-24,Buriganga,d/s Pagla STP,18,23.6648,90.45238,29.2,6.97,165.3,72.2,3.64,15.27,16.0,35,0.19,2.8,0.6,130.0,,1.45,7000.0,3800.0,REACH,2020,8,Buriganga,0.19568499857851343,wet
2020-08-24,Buriganga,Jazira ,19,23.63233,90.46342,29.2,7.0,167.4,73.0,3.56,21.2,17.0,60,0.3,4.5,0.6,40.0,,1.1,4500.0,2500.0,REACH,2020,8,Buriganga,0.19568499857851343,wet
2020-08-24,Bangshi-Savar,Amin Bazar Landfill,31,23.799735,90.303025,29.2,6.85,172.2,75.2,3.87,14.91,10.0,55,0.5,5.2,0.6,50.0,,2.6500000000000004,5500.0,3200.0,REACH,2020,8,Bangshi-Savar,0.19568499857851343,wet
2020-08-24,Bangshi-Savar,d/s of Turag branch outfall,32,23.796912,90.326466,29.1,6.89,150.1,65.6,4.01,14.85,10.0,10,0.16,4.8,0.7,180.0,,2.7,5200.0,2100.0,REACH,2020,8,Bangshi-Savar,0.22829916500826566,wet
2020-08-24,Dhaleshwari,Nayarhat Bridge,33,23.911021,90.229235,29.2,6.81,153.0,66.7,4.53,26.9,16.0,10,0.18,5.2,0.4,130.0,,1.55,38000.0,4000.0,REACH,2020,8,Dhaleshwari,0.13045666571900896,wet
2020-08-24,Dhaleshwari,Singair Bridge (Bhangalpur),34,23.798139,90.244192,29.2,6.98,153.1,66.7,4.5,17.37,15.0,20,0.09,3.8,0.6,190.0,,1.35,34000.0,3000.0,REACH,2020,8,Dhaleshwari,0.19568499857851343,wet
2020-08-24,Dhaleshwari,Kadamtoli Bridge,35,23.753653,90.249649,29.3,6.81,156.2,68.1,4.62,17.08,14.0,15,0.39,9.7,0.6,210.0,,1.75,5000.0,1800.0,REACH,2020,8,Dhaleshwari,0.19568499857851343,wet
2020-08-24,Dhaleshwari ,Rohitpur Bridge  ,36,23.668216,90.288761,29.3,7.12,153.0,66.6,6.02,107.0,32.0,20,0.08,1.6,0.3,180.0,,1.45,18000.0,2500.0,REACH,2020,8,Dhaleshwari,0.09784249928925672,wet
2020-08-24,Dhaleshwari ,d/s of BSCIC  ,37,23.661074,90.312062,29.3,7.11,153.6,66.8,6.05,93.1,73.0,30,0.09,6.0,0.4,180.0,,1.05,29000.0,2000.0,REACH,2020,8,Dhaleshwari,0.13045666571900896,wet
2020-08-24,Dhaleshwari ,d/s of Dhaleswari Bridge  ,38,23.635701,90.360685,29.3,7.11,153.0,67.0,5.91,85.4,27.0,45,0.12,4.1,0.8,190.0,,1.45,19000.0,1000.0,REACH,2020,8,Dhaleshwari,0.2609133314380179,wet
2020-08-24,Dhaleshwari ,Baluchar Bridge  ,39,23.611361,90.422327,29.3,7.09,154.7,67.4,5.22,67.7,38.0,35,0.02,2.4,0.8,200.0,,1.4000000000000001,12000.0,1500.0,REACH,2020,8,Dhaleshwari,0.2609133314380179,wet
2020-08-24,Bangshi,d/s of DEPZ Canal,50,23.942411,90.230616,29.3,6.94,144.5,62.9,4.61,23.0,10.0,40,0.05,6.1,0.3,120.0,,1.6500000000000001,21000.0,7000.0,REACH,2020,8,Bangshi,0.09784249928925672,wet
2020-08-24,Bangshi,u/s of Dhaleswari Confluence at Hazipur,51,23.920526,90.226162,29.3,6.82,146.8,63.8,4.65,23.5,9.0,45,0.16,5.2,0.7,130.0,,1.5,41000.0,28000.0,REACH,2020,8,Bangshi,0.22829916500826566,wet
2020-08-24,Kaliganga,d/s Sholla Bridge,53,23.71931682,90.18719808,29.3,7.15,151.3,65.8,6.63,113.0,40.0,55,0.1,7.0,0.6,220.0,,1.9500000000000002,8000.0,1500.0,REACH,2020,8,Kaliganga,0.19568499857851343,wet
2020-08-24,Kaliganga,d/s Paragram Kaliganga Bridge,54,23.71289609,90.23925889,29.3,7.12,154.2,63.2,6.6,104.0,29.0,50,0.0,7.0,0.4,260.0,,1.4000000000000001,7200.0,2800.0,REACH,2020,8,Kaliganga,0.13045666571900896,wet
2020-10-11,Tongi Khal,d/s Ashulia Landing station,20,23.89441022,90.36477688,30.9,7.38,144.0,71.1,5.33,28.5,45.0,40,0.2,26.8,0.5,180.0,,0.45,2000.0,2000.0,REACH,2020,10,Tongi Khal,0.1630708321487612,wet
2020-10-11,Tongi Khal,u/s Ijtema Field,21,23.8917228,90.38988667,30.9,7.26,169.2,71.4,4.9,26.3,39.0,25,0.18,9.6,0.6,180.0,,0.28,3000.0,3000.0,REACH,2020,10,Tongi Khal,0.19568499857851343,wet
2020-10-11,Tongi Khal,d/s Railway Bridge,22,23.88178903,90.40636019,31.0,7.17,172.3,72.7,4.57,26.4,36.0,45,0.07,4.2,0.5,220.0,,0.24,5000.0,5000.0,REACH,2020,10,Tongi Khal,0.1630708321487612,wet
2020-10-11,Tongi Khal,d/s of Hussein Dyeing,23,23.88925303,90.42315448,31.1,7.11,190.4,80.2,3.84,26.5,37.0,30,0.19,51.1,0.7,250.0,,0.38,38000.0,38000.0,REACH,2020,10,Tongi Khal,0.22829916500826566,wet
2020-10-11,Tongi Khal,Mausaid (d/s Pagar Canal),24,23.89918269,90.43655294,31.2,7.11,191.1,80.1,3.52,26.8,39.0,20,0.3,2.8,0.8,180.0,,0.54,10000.0,10000.0,REACH,2020,10,Tongi Khal,0.2609133314380179,wet
2020-10-11,Tongi Khal,u/s of Balu Confluence,25,23.8872436,90.45994563,31.3,7.17,213.8,89.8,2.87,11.34,25.0,40,0.64,31.4,0.8,240.0,,0.32,15000.0,15000.0,REACH,2020,10,Tongi Khal,0.2609133314380179,wet
2020-10-11,Balu ,u/s of Purbachal,26,23.86217843,90.47498149,31.5,7.14,219.5,91.9,3.12,5.95,11.0,50,0.51,4.4,0.8,190.0,,0.16,1000.0,1000.0,REACH,2020,10,Balu,0.2609133314380179,wet
2020-10-11,Balu ,d/s of Purbachal (Ichhapur bridge),27,23.82717834,90.48729817,31.4,7.02,228.0,95.7,2.54,9.02,19.0,25,0.74,225.5,0.8,310.0,,0.29,3000.0,3000.0,REACH,2020,10,Balu,0.2609133314380179,wet
2020-10-11,Balu ,Beraid,28,23.77769711,90.47789881,31.5,6.96,238.0,99.9,2.7,14.1,27.0,35,0.92,14.3,1.0,280.0,,0.27,13000.0,13000.0,REACH,2020,10,Balu,0.3261416642975224,wet
2020-10-11,Balu ,d/s of Begunbari Canal,29,23.75971159,90.48346853,31.6,6.99,275.0,115.7,2.35,16.61,24.0,40,1.25,9.0,1.1,240.0,,0.44,10000.0,10000.0,REACH,2020,10,Balu,0.3587558307272747,wet
2020-10-11,Balu ,Demra (u/s of confluence),30,23.7279083,90.50095276,32.0,7.57,305.0,127.2,1.02,11.29,29.0,60,2.19,2.3,1.4,380.0,,0.14,8000.0,8000.0,REACH,2020,10,Balu,0.45659833001653133,wet
2020-10-11,Dhaleshwari ,Muktapur Ghat  ,40,23.567889,90.514812,31.1,6.99,168.1,70.9,4.14,36.1,68.0,50,0.36,7.1,0.6,200.0,,0.21,13000.0,13000.0,REACH,2020,10,Dhaleshwari,0.19568499857851343,wet
2020-10-11,Shitalakhya ,d/s Kanchan Bridge,41,23.835225,90.546137,31.0,6.93,141.3,59.5,4.87,48.0,50.0,45,0.25,6.7,0.7,240.0,,0.37,1000.0,1000.0,REACH,2020,10,Shitalakhya,0.22829916500826566,wet
2020-10-11,Shitalakhya ,ACI Salt (Rupganj Ferry Ghat),42,23.790506,90.522321,30.8,6.9,143.3,60.5,4.54,26.8,50.0,50,0.21,3.8,0.6,250.0,,0.32,7000.0,7000.0,REACH,2020,10,Shitalakhya,0.19568499857851343,wet
2020-10-11,Shitalakhya ,Demra Ghat,43,23.613055,90.50694,30.9,6.85,180.6,76.4,3.25,28.1,34.0,55,0.89,2.9,0.8,180.0,,0.26,4000.0,4000.0,REACH,2020,10,Shitalakhya,0.2609133314380179,wet
2020-10-11,Shitalakhya ,d/s of Adamjee EPZ,44,23.66447,90.523193,30.9,6.87,193.4,82.0,3.09,29.0,35.0,30,0.77,17.3,1.0,200.0,,0.25,5000.0,5000.0,REACH,2020,10,Shitalakhya,0.3261416642975224,wet
2020-10-11,Shitalakhya ,d/s of Tanbazar Ghat,45,23.716944,90.502168,30.9,6.98,184.2,78.0,2.95,27.6,34.0,40,0.61,2.4,0.9,220.0,,0.25,4000.0,4000.0,REACH,2020,10,Shitalakhya,0.29352749786777016,wet
2020-10-11,Shitalakhya ,u/s of Kalagachia Point,46,23.572368,90.525478,30.9,6.84,188.0,80.1,2.82,27.7,41.0,45,0.67,2.9,0.9,250.0,,0.25,3000.0,3000.0,REACH,2020,10,Shitalakhya,0.29352749786777016,wet
2020-10-11,Shitalakhya ,d/s of Ghorashal FC,52,23.97498026,90.62859428,31.1,7.17,144.1,60.6,5.33,44.0,70.0,35,0.2,19.3,0.8,120.0,,0.35,1000.0,1000.0,REACH,2020,10,Shitalakhya,0.2609133314380179,wet
2020-10-11,Pagar Canal,Steel bridge at Pagar Canal,55,23.900657,90.432582,31.2,7.49,988.0,428.0,1.78,38.8,35.0,200,11.35,9.8,6.7,410.0,,0.18,9000.0,9000.0,REACH,2020,10,Pagar Canal,2.1851491507934,wet
2020-10-11,Bashundhara Canal ,u/s (800m) of outfall in Balu,56,23.80975467,90.47701159,32.2,6.96,508.0,212.5,2.05,24.3,42.0,125,7.15,10.1,3.7,220.0,,0.26,6000.0,6000.0,REACH,2020,10,Bashundhara Canal,1.206724157900833,wet
2020-10-11,Begunbari Canal ,d/s of Dasherkandi WWTP,57,23.760385,90.479743,31.6,6.95,528.0,230.0,1.26,47.8,54.0,100,7.3,14.6,5.4,320.0,,0.29,13000.0,13000.0,REACH,2020,10,Begunbari Canal,1.761164987206621,wet
2020-10-11,Balu,"Daripara Bridge, Pubail",58,23.93208264,90.49081513,31.8,7.04,169.6,70.4,5.04,7.5,12.0,30,0.23,41.9,0.6,200.0,,0.26,8000.0,8000.0,REACH,2020,10,Balu,0.19568499857851343,wet
2020-10-12,Turag,u/s of Konabari,1,24.01945,90.34443,31.1,7.1,153.8,64.9,5.48,48.8,62.0,55,0.42,6.0,0.4,210.0,,0.38,0.0,0.0,REACH,2020,10,Turag,0.13045666571900896,wet
2020-10-12,Turag,Konabari Powerplant,2,23.9948,90.34186,29.8,6.81,159.0,67.3,5.45,48.2,65.0,35,0.26,4.7,0.3,260.0,,0.37,0.0,0.0,REACH,2020,10,Turag,0.09784249928925672,wet
2020-10-12,Turag,d/s of Konabari,3,23.98681,90.32572,30.9,6.96,165.3,69.9,5.15,39.8,60.0,35,0.24,2.6,0.3,170.0,,0.27,0.0,0.0,REACH,2020,10,Turag,0.09784249928925672,wet
2020-10-12,Turag,d/s of Kashimpur,4,23.98042,90.33772,30.9,7.07,166.3,70.2,4.98,46.0,61.0,30,0.27,3.4,0.6,160.0,,0.29,17000.0,17000.0,REACH,2020,10,Turag,0.19568499857851343,wet
2020-10-12,Turag,Yearpur (u/s of Ashulia Lake),5,23.92568,90.34812,31.0,6.93,164.7,69.4,4.96,48.5,29.0,50,0.18,2.1,0.5,250.0,,0.63,2000.0,2000.0,REACH,2020,10,Turag,0.1630708321487612,wet
2020-10-12,Turag,Ashulia Bridge (d/s of Ashulia Lake),6,23.89519,90.33463,31.0,6.92,165.7,69.8,4.89,36.0,47.0,30,0.23,2.7,0.5,200.0,,0.4,2000.0,2000.0,REACH,2020,10,Turag,0.1630708321487612,wet
2020-10-12,Turag,Rustampur (u/s of confluence),7,23.8795,90.3503,31.0,7.03,171.4,72.3,4.77,30.3,39.0,40,0.28,3.9,0.4,350.0,,0.6,0.0,0.0,REACH,2020,10,Turag,0.13045666571900896,wet
2020-10-12,Turag,Birulia Bridge,8,23.85146,90.33932,30.9,7.03,166.7,70.3,4.67,30.1,38.0,40,0.24,3.7,0.4,180.0,,0.46,1000.0,1000.0,REACH,2020,10,Turag,0.13045666571900896,wet
2020-10-12,Turag,Botanical Garden,9,23.81745,90.3405,31.0,6.91,216.8,91.8,2.67,23.6,26.0,60,1.28,3.1,1.0,210.0,,0.33,1000.0,1000.0,REACH,2020,10,Turag,0.3261416642975224,wet
2020-10-12,Turag,u/s of Aminbazar Bridge,10,23.78946,90.33922,31.0,7.11,190.4,80.4,3.82,25.6,34.0,35,0.65,3.0,0.8,240.0,,0.42,2800.0,2800.0,REACH,2020,10,Turag,0.2609133314380179,wet
2020-10-12,Buriganga,Aminbazar Bridge,11,23.78292,90.33538,31.0,7.29,175.5,75.0,4.67,31.7,40.0,65,0.55,4.2,0.6,250.0,,0.39,11000.0,11000.0,REACH,2020,10,Buriganga,0.19568499857851343,wet
2020-10-12,Buriganga,d/s of Hazaribagh,12,23.73496,90.35441,31.0,7.0,185.9,78.8,4.02,37.4,42.0,35,0.8,5.3,0.7,180.0,,0.51,3000.0,3000.0,REACH,2020,10,Buriganga,0.22829916500826566,wet
2020-10-12,Buriganga,d/s Kamrangirchar Launch Ghat,13,23.71671,90.35992,31.0,7.07,182.0,76.9,3.81,25.5,32.0,40,0.61,5.7,0.6,220.0,,0.94,1000.0,1000.0,REACH,2020,10,Buriganga,0.19568499857851343,wet
2020-10-12,Buriganga,Chandni Ghat,14,23.71022,90.39367,31.1,6.81,177.8,75.3,3.65,28.3,31.0,45,0.37,3.2,0.7,270.0,,0.32,1800.0,1800.0,REACH,2020,10,Buriganga,0.22829916500826566,wet
2020-10-12,Turag,Kaliakoir Bridge,47,24.08234,90.20919,30.9,7.0,141.5,59.7,5.95,66.5,98.0,15,0.1,1.2,0.3,310.0,,0.35,1000.0,1000.0,REACH,2020,10,Turag,0.09784249928925672,wet
2020-10-12,Turag,Boroibari Bridge,48,24.09967,90.26702,31.1,6.43,141.3,59.5,5.3,55.3,82.0,40,0.09,4.7,0.4,290.0,,0.32,1000.0,1000.0,REACH,2020,10,Turag,0.13045666571900896,wet
2020-10-12,Bangshi,Kaliakoir Bangshi Bridge,49,24.06962,90.21446,31.0,6.93,141.7,59.7,5.86,78.2,114.0,30,0.06,4.2,0.3,240.0,,0.2,6000.0,6000.0,REACH,2020,10,Bangshi,0.09784249928925672,wet
2020-10-13,Buriganga,Sadar Ghat,15,23.70409,90.40971,31.0,6.86,179.5,76.1,3.35,27.8,41.0,65,0.53,11.8,0.5,220.0,,0.34,1000.0,1000.0,REACH,2020,10,Buriganga,0.1630708321487612,wet
2020-10-13,Buriganga,Dholaikhal,16,23.69661,90.41836,30.9,6.88,191.7,81.1,2.96,22.8,36.0,75,0.6,18.0,0.7,190.0,,0.3,2600.0,2600.0,REACH,2020,10,Buriganga,0.22829916500826566,wet
2020-10-13,Buriganga,BCF Bridge,17,23.68716,90.4278,30.9,6.92,179.2,75.8,3.45,22.1,34.0,65,0.34,28.2,0.7,130.0,,0.34,34000.0,34000.0,REACH,2020,10,Buriganga,0.22829916500826566,wet
2020-10-13,Buriganga,d/s Pagla STP,18,23.6648,90.45238,31.1,6.98,181.7,26.6,3.22,22.5,32.0,55,0.77,367.8,1.1,140.0,,0.32,33000.0,33000.0,REACH,2020,10,Buriganga,0.3587558307272747,wet
2020-10-13,Buriganga,Jazira ,19,23.63233,90.46342,31.2,6.94,180.4,75.9,2.95,29.5,35.0,45,0.42,11.3,0.3,170.0,,0.43,22000.0,22000.0,REACH,2020,10,Buriganga,0.09784249928925672,wet
2020-10-13,Bangshi-Savar,Amin Bazar Landfill,31,23.799735,90.303025,31.2,6.91,182.6,76.8,3.25,15.82,27.0,45,0.62,8.4,0.5,200.0,,0.29,6000.0,6000.0,REACH,2020,10,Bangshi-Savar,0.1630708321487612,wet
2020-10-13,Bangshi-Savar,d/s of Turag branch outfall,32,23.796912,90.326466,31.2,6.9,159.8,67.0,4.16,21.8,43.0,30,0.08,5.1,0.4,190.0,,0.3,10000.0,10000.0,REACH,2020,10,Bangshi-Savar,0.13045666571900896,wet
2020-10-13,Dhaleshwari,Nayarhat Bridge,33,23.911021,90.229235,31.3,6.87,156.8,65.7,4.32,39.5,62.0,45,0.15,8.8,0.3,170.0,,0.26,5000.0,5000.0,REACH,2020,10,Dhaleshwari,0.09784249928925672,wet
2020-10-13,Dhaleshwari,Singair Bridge (Bhangalpur),34,23.798139,90.244192,31.3,6.99,160.3,68.5,4.3,24.9,52.0,35,0.08,6.8,0.2,270.0,,0.32,25000.0,25000.0,REACH,2020,10,Dhaleshwari,0.06522833285950448,wet
2020-10-13,Dhaleshwari,Kadamtoli Bridge,35,23.753653,90.249649,31.4,6.96,121.4,71.7,4.08,17.98,47.0,60,0.23,4.8,0.3,150.0,,0.19,11000.0,11000.0,REACH,2020,10,Dhaleshwari,0.09784249928925672,wet
2020-10-13,Dhaleshwari,Rohitpur Bridge  ,36,23.668216,90.288761,31.5,7.16,162.5,67.9,5.93,102.0,225.0,45,0.18,9.2,0.3,110.0,,0.28,12000.0,12000.0,REACH,2020,10,Dhaleshwari,0.09784249928925672,wet
2020-10-13,Dhaleshwari,d/s of BSCIC  ,37,23.661074,90.312062,31.4,7.19,162.7,68.0,5.84,95.3,235.0,30,0.2,5.0,0.8,160.0,,0.22,23000.0,23000.0,REACH,2020,10,Dhaleshwari,0.2609133314380179,wet
2020-10-13,Dhaleshwari,d/s of Dhaleswari Bridge  ,38,23.635701,90.360685,31.5,7.16,163.4,68.1,5.82,104.0,223.0,50,0.16,4.9,0.4,170.0,,0.3,5000.0,5000.0,REACH,2020,10,Dhaleshwari,0.13045666571900896,wet
2020-10-13,Dhaleshwari ,Baluchar Bridge  ,39,23.611361,90.422327,31.4,7.1,165.5,69.1,5.4,98.0,305.0,45,0.32,15.1,0.3,240.0,,0.31,7000.0,7000.0,REACH,2020,10,Dhaleshwari,0.09784249928925672,wet
2020-10-13,Bangshi,d/s of DEPZ Canal,50,23.942411,90.230616,31.3,6.92,149.9,62.7,4.47,35.5,92.0,60,0.12,11.9,0.3,110.0,,0.31,25000.0,25000.0,REACH,2020,10,Bangshi,0.09784249928925672,wet
2020-10-13,Bangshi,u/s of Dhaleswari Confluence at Hazipur,51,23.920526,90.226162,31.3,6.91,156.5,65.6,4.34,39.4,68.0,40,0.17,8.1,0.4,280.0,,0.18,5000.0,5000.0,REACH,2020,10,Bangshi,0.13045666571900896,wet
2020-10-13,Kaliganga,d/s Sholla Bridge,53,23.71931682,90.18719808,31.5,7.3,159.7,66.7,6.5,103.0,268.0,50,0.11,6.6,0.3,230.0,,0.29,1000.0,1000.0,REACH,2020,10,Kaliganga,0.09784249928925672,wet
2020-10-13,Kaliganga,d/s Paragram Kaliganga Bridge,54,23.71289609,90.23925889,31.5,7.3,159.8,66.7,6.46,101.0,301.0,35,0.14,21.8,0.7,130.0,,0.36,3000.0,3000.0,REACH,2020,10,Kaliganga,0.22829916500826566,wet
2020-12-12,Tongi Khal,d/s Ashulia Landing station,20,23.89441022,90.36477688,22.3,7.19,571.0,294.0,5.62,24.6,47.0,200,5.7,2.2,,29.730999999999995,,0.23,120000.0,10000.0,REACH,2020,12,Tongi Khal,,dry
2020-12-12,Tongi Khal,u/s Ijtema Field,21,23.8917228,90.38988667,22.4,7.09,610.0,314.0,4.03,18.0,45.0,230,6.1,1.6,,159.87,,0.29,580000.0,20000.0,REACH,2020,12,Tongi Khal,,dry
2020-12-12,Tongi Khal,d/s Railway Bridge,22,23.88178903,90.40636019,22.6,7.14,659.0,339.0,3.74,24.7,49.0,205,7.5,3.7,,29.730999999999995,,0.28,1290000.0,60000.0,REACH,2020,12,Tongi Khal,,dry
2020-12-12,Tongi Khal,d/s of Hussein Dyeing,23,23.88925303,90.42315448,23.0,7.26,838.0,424.0,3.73,26.9,64.0,200,9.1,2.2,,109.82,,0.48,1190000.0,250000.0,REACH,2020,12,Tongi Khal,,dry
2020-12-12,Tongi Khal,Mausaid (d/s Pagar Canal),24,23.89918269,90.43655294,23.6,7.32,851.0,430.0,3.23,29.9,81.0,245,9.6,6.4,,139.85,,0.36,990000.0,220000.0,REACH,2020,12,Tongi Khal,,dry
2020-12-12,Tongi Khal,u/s of Balu Confluence,25,23.8872436,90.45994563,23.1,7.35,923.0,475.0,3.05,22.9,65.0,260,11.8,3.1,,9.708999999999975,,0.33,750000.0,50000.0,REACH,2020,12,Tongi Khal,,dry
2020-12-12,Balu ,u/s of Purbachal,26,23.86217843,90.47498149,22.7,7.18,767.0,392.0,3.14,23.3,59.0,220,10.3,3.6,,129.84,,0.2,810000.0,30000.0,REACH,2020,12,Balu,,dry
2020-12-12,Balu ,d/s of Purbachal (Ichhapur bridge),27,23.82717834,90.48729817,22.3,7.11,668.0,346.0,3.6,33.7,116.0,230,10.5,3.9,,159.87399999999997,,0.32,780000.0,80000.0,REACH,2020,12,Balu,,dry
2020-12-12,Balu ,Beraid,28,23.77769711,90.47789881,22.5,6.84,618.0,317.0,3.01,45.1,148.0,230,13.4,5.6,,69.77499999999998,,0.21,750000.0,150000.0,REACH,2020,12,Balu,,dry
2020-12-12,Balu ,d/s of Begunbari Canal,29,23.75971159,90.48346853,23.1,6.63,680.0,347.0,3.66,40.5,140.0,255,18.3,5.2,,99.80799999999999,,0.27,800000.0,220000.0,REACH,2020,12,Balu,,dry
2020-12-12,Balu ,Demra (u/s of confluence),30,23.7279083,90.50095276,23.9,7.1,472.0,235.0,3.55,25.4,82.0,190,11.0,7.0,,69.77499999999998,,0.27,1030000.0,70000.0,REACH,2020,12,Balu,,dry
2020-12-12,Dhaleshwari ,Muktapur Ghat  ,40,23.567889,90.514812,23.9,7.22,487.0,241.0,2.05,15.1,37.0,255,8.9,2.6,,139.85199999999998,,0.39,110000.0,0.0,REACH,2020,12,Dhaleshwari,,dry
2020-12-12,Shitalakhya ,d/s Kanchan Bridge,41,23.835225,90.546137,24.0,7.1,350.0,172.1,5.18,5.62,17.0,170,1.7,5.0,,59.76,,0.23,32000.0,0.0,REACH,2020,12,Shitalakhya,,dry
2020-12-12,Shitalakhya ,ACI Salt (Rupganj Ferry Ghat),42,23.790506,90.522321,24.1,7.22,368.0,181.1,5.47,8.18,22.0,165,3.6,7.8,,49.752999999999986,,0.34,16000.0,0.0,REACH,2020,12,Shitalakhya,,dry
2020-12-12,Shitalakhya ,Demra Ghat,43,23.613055,90.50694,24.1,7.21,443.0,218.0,3.8,16.84,48.0,180,7.7,7.4,,189.90699999999998,,0.16,78000.0,36000.0,REACH,2020,12,Shitalakhya,,dry
2020-12-12,Shitalakhya ,d/s of Adamjee EPZ,44,23.66447,90.523193,24.3,7.17,521.0,257.0,3.45,25.4,60.0,185,9.4,3.8,,59.76399999999998,,0.2,64000.0,32000.0,REACH,2020,12,Shitalakhya,,dry
2020-12-12,Shitalakhya ,d/s of Tanbazar Ghat,45,23.716944,90.502168,24.3,7.21,543.0,268.0,3.1,24.3,67.0,205,11.1,2.8,,139.85199999999998,,0.23,84000.0,44000.0,REACH,2020,12,Shitalakhya,,dry
2020-12-12,Shitalakhya ,u/s of Kalagachia Point,46,23.572368,90.525478,24.4,7.14,514.0,252.0,2.01,23.6,55.0,180,10.7,4.0,,69.77499999999998,,0.22,520000.0,80000.0,REACH,2020,12,Shitalakhya,,dry
2020-12-12,Shitalakhya ,d/s of Ghorashal FC,52,23.97498026,90.62859428,23.9,7.27,359.0,176.9,5.28,5.15,13.0,155,2.1,3.5,,139.85199999999998,,0.34,80000.0,4000.0,REACH,2020,12,Shitalakhya,,dry
2020-12-12,Pagar Canal,Steel bridge at Pagar Canal,55,23.900657,90.432582,22.6,7.11,1537.0,813.0,3.0,39.3,203.0,450,29.0,4.0,,199.91799999999995,,0.25,1310000.0,350000.0,REACH,2020,12,Pagar Canal,,dry
2020-12-12,Bashundhara Canal ,u/s (800m) of outfall in Balu,56,23.80975467,90.47701159,21.7,6.87,623.0,325.0,3.1,46.9,150.0,255,12.5,5.6,,29.730999999999995,,0.4,1160000.0,280000.0,REACH,2020,12,Bashundhara Canal,,dry
2020-12-12,Begunbari Canal ,d/s of Dasherkandi WWTP,57,23.760385,90.479743,23.9,6.65,780.0,392.0,3.24,41.5,159.0,290,21.8,7.0,,79.786,,0.41,1030000.0,410000.0,REACH,2020,12,Begunbari Canal,,dry
2020-12-12,Balu,"Daripara Bridge, Pubail",58,23.93208264,90.49081513,20.8,6.85,281.0,147.4,3.41,11.68,18.0,120,1.8,5.0,,49.752999999999986,,0.3,240000.0,0.0,REACH,2020,12,Balu,,dry
2020-12-13,Turag,u/s of Konabari,1,24.01945,90.34443,22.6,7.3,444.0,252.0,1.15,13.84,22.0,140,1.5,37.4,,59.76399999999998,,0.53,510000.0,70000.0,REACH,2020,12,Turag,,dry
2020-12-13,Turag,Konabari Powerplant,2,23.9948,90.34186,22.6,7.25,557.0,285.0,1.19,18.76,28.0,150,1.9,7.8,,39.74199999999999,,0.3,470000.0,80000.0,REACH,2020,12,Turag,,dry
2020-12-13,Turag,d/s of Konabari,3,23.98681,90.32572,23.2,7.35,631.0,325.0,1.18,18.77,29.0,165,2.2,13.8,,129.84099999999995,,0.27,640000.0,240000.0,REACH,2020,12,Turag,,dry
2020-12-13,Turag,d/s of Kashimpur,4,23.98042,90.33772,22.8,7.28,613.0,312.0,1.09,16.72,25.0,160,2.0,35.2,,69.77499999999998,,0.3,930000.0,70000.0,REACH,2020,12,Turag,,dry
2020-12-13,Turag,Yearpur (u/s of Ashulia Lake),5,23.92568,90.34812,22.8,7.31,615.0,314.0,1.12,16.49,24.0,195,1.75,42.6,,49.752999999999986,,0.23,510000.0,70000.0,REACH,2020,12,Turag,,dry
2020-12-13,Turag,Ashulia Bridge (d/s of Ashulia Lake),6,23.89519,90.33463,22.4,7.28,595.0,306.0,1.15,16.56,28.0,170,1.9,19.4,,69.77499999999998,,0.45,500000.0,60000.0,REACH,2020,12,Turag,,dry
2020-12-13,Turag,Rustampur (u/s of confluence),7,23.8795,90.3503,22.4,7.34,593.0,305.0,1.72,17.91,29.0,175,1.85,7.2,,49.752999999999986,,0.31,520000.0,120000.0,REACH,2020,12,Turag,,dry
2020-12-13,Turag,Birulia Bridge,8,23.85146,90.33932,22.2,7.19,598.0,308.0,1.92,29.4,47.0,180,3.4000000000000004,19.4,,79.786,,0.21,910000.0,200000.0,REACH,2020,12,Turag,,dry
2020-12-13,Turag,Botanical Garden,9,23.81745,90.3405,22.3,7.25,619.0,319.0,1.96,64.6,100.0,190,4.95,23.4,,59.76399999999998,,0.31,790000.0,190000.0,REACH,2020,12,Turag,,dry
2020-12-13,Turag,u/s of Aminbazar Bridge,10,23.78946,90.33922,22.5,7.24,920.0,318.0,2.47,32.2,56.0,160,5.75,7.4,,49.752999999999986,,0.4,770000.0,170000.0,REACH,2020,12,Turag,,dry
2020-12-13,Buriganga,Aminbazar Bridge,11,23.78292,90.33538,22.8,7.2,631.0,322.0,2.34,53.1,109.0,195,5.2,10.8,,109.81899999999996,,0.45,870000.0,190000.0,REACH,2020,12,Buriganga,,dry
2020-12-13,Buriganga,d/s of Hazaribagh,12,23.73496,90.35441,22.9,7.2,621.0,316.0,1.04,27.2,44.0,190,6.1,21.6,,99.80799999999999,,0.27,730000.0,130000.0,REACH,2020,12,Buriganga,,dry
2020-12-13,Buriganga,d/s Kamrangirchar Launch Ghat,13,23.71671,90.35992,23.1,7.17,616.0,312.0,1.1,15.23,29.0,240,5.45,26.6,,59.76399999999998,,0.69,750000.0,100000.0,REACH,2020,12,Buriganga,,dry
2020-12-13,Buriganga,Chandni Ghat,14,23.71022,90.39367,23.4,7.15,632.0,318.0,1.34,13.12,33.0,225,6.800000000000001,8.4,,29.730999999999995,,0.4,930000.0,150000.0,REACH,2020,12,Buriganga,,dry
2020-12-13,Turag,Kaliakoir Bridge,47,24.08234,90.20919,22.4,7.33,334.0,168.3,4.81,11.79,21.0,180,0.44999999999999996,26.0,,59.76399999999998,,0.36,31000.0,1000.0,REACH,2020,12,Turag,,dry
2020-12-13,Turag,Boroibari Bridge,48,24.09967,90.26702,22.6,7.26,327.0,165.3,4.15,11.89,24.0,155,0.8500000000000001,19.2,,109.81899999999996,,0.28,13000.0,0.0,REACH,2020,12,Turag,,dry
2020-12-13,Bangshi,Kaliakoir Bangshi Bridge,49,24.06962,90.21446,22.9,7.17,159.9,319.0,6.38,26.8,48.0,185,1.1500000000000001,25.4,,209.92899999999997,,0.24,800000.0,0.0,REACH,2020,12,Bangshi,,dry
2020-12-14,Buriganga,Sadar Ghat,15,23.70409,90.40971,23.4,7.14,633.0,319.0,0.85,13.23,32.0,170,7.1,5.8,,149.863,,0.32,1080000.0,180000.0,REACH,2020,12,Buriganga,,dry
2020-12-14,Buriganga,Dholaikhal,16,23.69661,90.41836,23.8,7.07,645.0,323.0,0.81,14.88,41.0,210,8.85,9.0,,199.91799999999995,,0.24,990000.0,240000.0,REACH,2020,12,Buriganga,,dry
2020-12-14,Buriganga,BCF Bridge,17,23.68716,90.4278,23.5,7.14,631.0,317.0,0.86,12.53,34.0,165,7.0,8.72,,219.93999999999994,,0.31,1090000.0,150000.0,REACH,2020,12,Buriganga,,dry
2020-12-14,Buriganga,d/s Pagla STP,18,23.6648,90.45238,23.6,7.15,635.0,319.0,0.85,15.1,34.0,175,6.3,2.2,,149.863,,0.33,700000.0,20000.0,REACH,2020,12,Buriganga,,dry
2020-12-14,Buriganga,Jazira ,19,23.63233,90.46342,23.5,7.24,584.0,293.0,1.38,15.44,25.0,180,4.5,7.2,,310.039,,0.44,170000.0,20000.0,REACH,2020,12,Buriganga,,dry
2020-12-14,Bangshi-Savar,Amin Bazar Landfill,31,23.799735,90.303025,22.4,7.67,912.0,477.0,0.88,17.51,36.0,265,21.6,0.4,,239.962,,0.23,140000.0,10000.0,REACH,2020,12,Bangshi-Savar,,dry
2020-12-14,Bangshi-Savar,d/s of Turag branch outfall,32,23.796912,90.326466,22.7,7.26,640.0,326.0,1.28,52.8,118.0,200,5.25,3.2,,199.91799999999995,,0.25,480000.0,80000.0,REACH,2020,12,Bangshi-Savar,,dry
2020-12-14,Dhaleshwari,Nayarhat Bridge,33,23.911021,90.229235,22.4,7.46,707.0,365.0,0.83,12.71,25.0,260,2.75,16.8,,209.92899999999997,,0.2,390000.0,30000.0,REACH,2020,12,Dhaleshwari,,dry
2020-12-14,Dhaleshwari,Singair Bridge (Bhangalpur),34,23.798139,90.244192,23.6,7.4,682.0,343.0,1.06,7.56,15.0,195,2.4,4.2,,229.95099999999996,,0.37,22000.0,0.0,REACH,2020,12,Dhaleshwari,,dry
2020-12-14,Dhaleshwari,Kadamtoli Bridge,35,23.753653,90.249649,23.3,7.45,658.0,333.0,3.16,6.74,15.0,165,3.4499999999999997,12.0,,189.90699999999998,,0.29,27000.0,0.0,REACH,2020,12,Dhaleshwari,,dry
2020-12-14,Dhaleshwari,Rohitpur Bridge  ,36,23.668216,90.288761,22.9,7.53,582.0,295.0,5.41,8.02,18.0,225,0.75,10.8,,249.97299999999996,,0.35,10000.0,0.0,REACH,2020,12,Dhaleshwari,,dry
2020-12-14,Dhaleshwari,d/s of BSCIC  ,37,23.661074,90.312062,23.0,7.61,550.0,280.0,5.8,14.9,25.0,190,0.6,20.2,,290.01699999999994,,0.27,28000.0,0.0,REACH,2020,12,Dhaleshwari,,dry
2020-12-14,Dhaleshwari,d/s of Dhaleswari Bridge  ,38,23.635701,90.360685,22.8,7.54,503.0,260.0,5.59,16.65,27.0,175,0.5,12.8,,199.91799999999995,,0.38,36000.0,0.0,REACH,2020,12,Dhaleshwari,,dry
2020-12-14,Dhaleshwari ,Baluchar Bridge  ,39,23.611361,90.422327,23.3,7.33,555.0,280.0,1.35,11.24,23.0,185,3.3000000000000003,12.4,,239.962,,0.17,15000.0,0.0,REACH,2020,12,Dhaleshwari,,dry
2020-12-14,Bangshi,d/s of DEPZ Canal,50,23.942411,90.230616,22.2,7.58,798.0,415.0,0.96,30.9,39.0,195,3.4000000000000004,3.8,,300.02799999999996,,0.3,1110000.0,560000.0,REACH,2020,12,Bangshi,,dry
2020-12-14,Bangshi,u/s of Dhaleswari Confluence at Hazipur,51,23.920526,90.226162,22.7,7.41,711.0,349.0,0.92,13.25,23.0,240,2.4,10.4,,269.99499999999995,,0.33,420000.0,60000.0,REACH,2020,12,Bangshi,,dry
2020-12-14,Kaliganga,d/s Sholla Bridge,53,23.71931682,90.18719808,23.0,7.48,591.0,300.0,5.84,6.41,14.0,205,1.3,10.4,,350.08299999999997,,0.34,4000.0,0.0,REACH,2020,12,Kaliganga,,dry
2020-12-14,Kaliganga,d/s Paragram Kaliganga Bridge,54,23.71289609,90.23925889,23.2,7.57,599.0,303.0,5.22,7.02,14.0,260,0.8500000000000001,9.0,,290.01699999999994,,0.29,42000.0,0.0,REACH,2020,12,Kaliganga,,dry
2021-02-13,Tongi Khal,d/s Ashulia Landing station,20,23.89441022,90.36477688,22.6,7.82,1147.0,599.0,0.61,46.2,92.0,215,8.6,24.807999999999996,5.3,151.18699999999998,,0.35,190000.0,20000.0,REACH,2021,2,Tongi Khal,1.7285508207768685,dry
2021-02-13,Tongi Khal,u/s Ijtema Field,21,23.8917228,90.38988667,23.0,7.89,1257.0,652.0,0.56,38.1,110.0,235,11.2,18.605999999999998,6.8,221.26399999999998,,0.24,170000.0,50000.0,REACH,2021,2,Tongi Khal,2.2177633172231523,dry
2021-02-13,Tongi Khal,d/s Railway Bridge,22,23.88178903,90.40636019,22.9,7.43,1151.0,597.0,0.52,25.9,96.0,210,20.6,17.72,7.6,221.26399999999998,,0.25,670000.0,260000.0,REACH,2021,2,Tongi Khal,2.47867664866117,dry
2021-02-13,Tongi Khal,d/s of Hussein Dyeing,23,23.88925303,90.42315448,24.7,7.59,1538.0,760.0,0.4,51.7,134.0,245,27.8,11.961,9.5,271.31899999999996,,0.34,1020000.0,40000.0,REACH,2021,2,Tongi Khal,3.0983458108264625,dry
2021-02-13,Tongi Khal,Mausaid (d/s Pagar Canal),24,23.89918269,90.43655294,24.8,7.9,1580.0,796.0,0.37,32.3,104.0,285,27.9,12.403999999999998,10.3,341.39599999999996,,0.24,60000.0,20000.0,REACH,2021,2,Tongi Khal,3.3592591422644813,dry
2021-02-13,Tongi Khal,u/s of Balu Confluence,25,23.8872436,90.45994563,23.8,7.63,1561.0,802.0,0.38,31.2,118.0,255,30.9,29.680999999999997,9.0,291.34099999999995,,0.22,50000.0,10000.0,REACH,2021,2,Tongi Khal,2.9352749786777017,dry
2021-02-13,Balu ,u/s of Purbachal,26,23.86217843,90.47498149,23.0,7.56,1265.0,655.0,0.38,39.7,130.0,245,28.4,40.75599999999999,9.8,301.352,,0.34,10000.0,0.0,REACH,2021,2,Balu,3.1961883101157196,dry
2021-02-13,Balu ,d/s of Purbachal (Ichhapur bridge),27,23.82717834,90.48729817,22.4,7.55,1092.0,568.0,0.38,57.0,199.0,220,28.3,22.15,6.6,251.29699999999997,,0.28,20000.0,0.0,REACH,2021,2,Balu,2.1525349843636477,dry
2021-02-13,Balu ,Beraid,28,23.77769711,90.47789881,23.3,7.2,958.0,488.0,0.26,48.8,184.0,245,31.2,36.769,7.6,261.308,,0.34,210000.0,120000.0,REACH,2021,2,Balu,2.47867664866117,dry
2021-02-13,Balu ,d/s of Begunbari Canal,29,23.75971159,90.48346853,23.5,7.18,917.0,464.0,0.29,51.0,175.0,270,33.1,28.352,7.7,251.29699999999997,,0.27,1070000.0,480000.0,REACH,2021,2,Balu,2.511290815090922,dry
2021-02-13,Balu ,Demra (u/s of confluence),30,23.7279083,90.50095276,23.0,7.3,762.0,388.0,0.29,39.6,114.0,220,15.2,13.732999999999999,5.2,221.26399999999998,,0.24,0.0,0.0,REACH,2021,2,Balu,1.6959366543471166,dry
2021-02-13,Dhaleshwari ,Muktapur Ghat  ,40,23.567889,90.514812,21.6,7.38,480.0,250.0,1.17,8.57,19.0,175,6.0,15.062,3.2,151.18699999999998,,0.35,170000.0,40000.0,REACH,2021,2,Dhaleshwari,1.0436533257520717,dry
2021-02-13,Shitalakhya ,d/s Kanchan Bridge,41,23.835225,90.546137,22.0,7.69,373.0,190.3,5.65,4.51,4.0,220,0.6,46.958,1.7,61.087999999999994,,0.36,6000.0,0.0,REACH,2021,2,Shitalakhya,0.5544408293057881,dry
2021-02-13,Shitalakhya ,ACI Salt (Rupganj Ferry Ghat),42,23.790506,90.522321,21.9,7.51,470.0,241.0,1.18,7.22,10.0,230,1.7,16.834,1.7,111.143,,0.33,18000.0,0.0,REACH,2021,2,Shitalakhya,0.5544408293057881,dry
2021-02-13,Shitalakhya ,Demra Ghat,43,23.716944,90.502168,22.9,7.38,730.0,374.0,0.99,34.7,88.0,195,14.4,11.517999999999999,4.4,161.19799999999998,,0.36,44000.0,8000.0,REACH,2021,2,Shitalakhya,1.4350233229090987,dry
2021-02-13,Shitalakhya ,d/s of Adamjee EPZ,44,23.66447,90.523193,23.6,7.41,877.0,445.0,0.51,41.9,112.0,215,14.4,29.237999999999996,5.1,261.308,,0.26,8000.0,2000.0,REACH,2021,2,Shitalakhya,1.6633224879173643,dry
2021-02-13,Shitalakhya ,d/s of Tanbazar Ghat,45,23.613055,90.50694,22.7,7.41,696.0,357.0,0.49,45.0,78.0,255,11.0,20.820999999999998,3.9,211.253,,0.22,14000.0,3000.0,REACH,2021,2,Shitalakhya,1.2719524907603372,dry
2021-02-13,Shitalakhya ,u/s of Kalagachia Point,46,23.572368,90.525478,21.8,7.41,500.0,260.0,1.01,25.0,30.0,210,6.2,21.707,2.6,181.21999999999997,,0.28,20000.0,0.0,REACH,2021,2,Shitalakhya,0.8479683271735583,dry
2021-02-13,Shitalakhya ,d/s of Ghorashal FC,52,23.97498026,90.62859428,25.6,7.67,384.0,181.4,5.3,4.84,4.0,195,0.7,58.919,1.1,91.121,,0.23,7000.0,0.0,REACH,2021,2,Shitalakhya,0.3587558307272747,dry
2021-02-13,Pagar Canal,Steel bridge at Pagar Canal,55,23.900657,90.432582,23.3,7.41,1703.0,890.0,0.39,54.3,169.0,270,42.5,22.15,10.6,451.51699999999994,,0.27,2360000.0,750000.0,REACH,2021,2,Pagar Canal,3.457101641553737,dry
2021-02-13,Bashundhara Canal ,u/s (800m) of outfall in Balu,56,23.80975467,90.47701159,25.9,7.22,866.0,426.0,0.32,36.7,125.0,295,34.0,23.479,8.7,321.37399999999997,,0.33,760000.0,90000.0,REACH,2021,2,Bashundhara Canal,2.8374324793884447,dry
2021-02-13,Begunbari Canal ,d/s of Dasherkandi WWTP,57,23.760385,90.479743,24.1,7.08,916.0,458.0,0.28,51.0,123.0,235,36.0,25.694,7.5,341.39599999999996,,0.28,2290000.0,1730000.0,REACH,2021,2,Begunbari Canal,2.446062482231418,dry
2021-02-13,Balu,"Daripara Bridge, Pubail",58,23.93208264,90.49081513,22.6,7.62,1359.0,712.0,0.45,31.3,99.0,155,25.9,13.29,8.5,291.34099999999995,,0.2,390000.0,200000.0,REACH,2021,2,Balu,2.7722041465289404,dry
2021-02-15,Turag,u/s of Konabari,1,24.01945,90.34443,23.2,7.67,952.0,487.0,0.52,37.8,61.0,240,4.4,9.302999999999999,4.4,181.21999999999997,,0.42,300000.0,110000.0,REACH,2021,2,Turag,1.4350233229090987,dry
2021-02-15,Turag,Konabari Powerplant,2,23.9948,90.34186,23.2,7.61,972.0,501.0,0.52,32.0,47.0,245,4.0,7.088,4.3,211.253,,0.72,480000.0,170000.0,REACH,2021,2,Turag,1.4024091564793462,dry
2021-02-15,Turag,d/s of Konabari,3,23.98681,90.32572,23.3,7.5,1176.0,604.0,0.51,29.0,56.0,265,4.5,7.531,5.0,171.20899999999997,,0.53,750000.0,340000.0,REACH,2021,2,Turag,1.630708321487612,dry
2021-02-15,Turag,d/s of Kashimpur,4,23.98042,90.33772,23.2,7.49,1211.0,622.0,0.56,24.3,45.0,295,5.699999999999999,22.592999999999996,5.2,191.231,,0.35,650000.0,140000.0,REACH,2021,2,Turag,1.6959366543471166,dry
2021-02-15,Turag,Yearpur (u/s of Ashulia Lake),5,23.92568,90.34812,23.0,7.61,1205.0,624.0,0.5,29.6,50.0,280,6.8999999999999995,35.44,6.6,201.242,,0.47,440000.0,50000.0,REACH,2021,2,Turag,2.1525349843636477,dry
2021-02-15,Turag,Ashulia Bridge (d/s of Ashulia Lake),6,23.89519,90.33463,22.7,7.62,1129.0,587.0,0.52,24.7,49.0,290,5.5,8.86,5.6,181.21999999999997,,0.3,210000.0,120000.0,REACH,2021,2,Turag,1.8263933200661253,dry
2021-02-15,Turag,Rustampur (u/s of confluence),7,23.8795,90.3503,22.7,7.63,1112.0,578.0,0.54,27.1,49.0,285,6.6000000000000005,10.188999999999998,5.4,161.19799999999998,,0.49,240000.0,110000.0,REACH,2021,2,Turag,1.761164987206621,dry
2021-02-15,Turag,Birulia Bridge,8,23.85146,90.33932,22.9,7.62,1108.0,574.0,0.52,30.5,57.0,265,5.0,13.732999999999999,5.0,171.20899999999997,,0.64,120000.0,70000.0,REACH,2021,2,Turag,1.630708321487612,dry
2021-02-15,Turag,Botanical Garden,9,23.81745,90.3405,22.9,7.52,1016.0,525.0,0.6,40.6,84.0,280,7.4,9.746,5.0,231.27499999999998,,0.35,260000.0,120000.0,REACH,2021,2,Turag,1.630708321487612,dry
2021-02-15,Turag,u/s of Aminbazar Bridge,10,23.78946,90.33922,22.9,7.59,1012.0,522.0,0.97,44.9,126.0,285,12.4,3.544,5.1,271.31899999999996,,0.56,290000.0,130000.0,REACH,2021,2,Turag,1.6633224879173643,dry
2021-02-15,Buriganga,Aminbazar Bridge,11,23.78292,90.33538,23.5,7.33,1004.0,510.0,0.87,72.4,169.0,280,14.5,14.618999999999998,5.3,181.21999999999997,,0.65,100000.0,60000.0,REACH,2021,2,Buriganga,1.7285508207768685,dry
2021-02-15,Buriganga,d/s of Hazaribagh,12,23.73496,90.35441,23.0,7.57,979.0,503.0,0.49,19.22,66.0,310,15.700000000000001,3.1009999999999995,6.1,211.253,,0.89,,,REACH,2021,2,Buriganga,1.9894641522148864,dry
2021-02-15,Buriganga,d/s Kamrangirchar Launch Ghat,13,23.71671,90.35992,22.9,7.46,980.0,504.0,0.45,16.44,74.0,280,16.599999999999998,21.707,6.3,221.26399999999998,,0.69,,,REACH,2021,2,Buriganga,2.054692485074391,dry
2021-02-15,Buriganga,Chandni Ghat,14,23.71022,90.39367,22.8,7.32,981.0,506.0,0.46,20.3,54.0,305,21.400000000000002,14.618999999999998,6.6,201.242,,0.49,,,REACH,2021,2,Buriganga,2.1525349843636477,dry
2021-02-15,Turag,Kaliakoir Bridge,47,24.08234,90.20919,23.0,7.95,495.0,250.0,5.71,5.72,10.0,195,0.2,4.43,1.3,121.154,,0.27,,,REACH,2021,2,Turag,0.42398416358677915,dry
2021-02-15,Turag,Boroibari Bridge,48,24.09967,90.26702,22.7,7.69,529.0,268.0,3.87,13.73,23.0,255,0.4,23.035999999999998,1.3,281.33,,0.27,,,REACH,2021,2,Turag,0.42398416358677915,dry
2021-02-15,Bangshi,Kaliakoir Bangshi Bridge,49,24.06962,90.21446,24.7,7.65,2129.0,1066.0,2.68,23.0,36.0,330,5.699999999999999,2.658,5.6,191.231,,0.33,,,REACH,2021,2,Bangshi,1.8263933200661253,dry
2021-02-16,Buriganga,Sadar Ghat,15,23.70409,90.40971,22.6,7.46,956.0,495.0,0.76,14.72,74.0,335,14.350000000000001,8.86,6.8,81.10999999999999,,0.75,,,REACH,2021,2,Buriganga,2.2177633172231523,dry
2021-02-16,Buriganga,Dholaikhal,16,23.69661,90.41836,22.6,7.47,942.0,490.0,0.47,18.27,89.0,315,14.7,21.707,6.5,141.176,,0.86,,,REACH,2021,2,Buriganga,2.1199208179338953,dry
2021-02-16,Buriganga,BCF Bridge,17,23.68716,90.4278,22.5,7.44,946.0,491.0,0.46,17.99,94.0,330,14.65,10.188999999999998,6.3,121.154,,0.37,,,REACH,2021,2,Buriganga,2.054692485074391,dry
2021-02-16,Buriganga,d/s Pagla STP,18,23.6648,90.45238,22.1,7.51,924.0,483.0,0.46,23.1,69.0,345,13.75,20.820999999999998,6.2,111.143,,0.25,,,REACH,2021,2,Buriganga,2.0220783186446387,dry
2021-02-16,Buriganga,Jazira ,19,23.63233,90.46342,21.9,7.63,865.0,454.0,0.48,44.6,53.0,305,9.45,19.935,4.0,131.165,,0.29,,,REACH,2021,2,Buriganga,1.3045666571900896,dry
2021-02-16,Bangshi-Savar,Amin Bazar Landfill,31,23.799735,90.303025,22.0,7.97,982.0,516.0,1.16,25.7,41.0,345,12.75,3.544,5.0,121.154,,0.24,,,REACH,2021,2,Bangshi-Savar,1.630708321487612,dry
2021-02-16,Bangshi-Savar,d/s of Turag branch outfall,32,23.796912,90.326466,22.4,7.87,1071.0,562.0,1.52,42.2,101.0,335,9.1,4.873,5.6,131.165,,0.24,,,REACH,2021,2,Bangshi-Savar,1.8263933200661253,dry
2021-02-16,Dhaleshwari,Nayarhat Bridge,33,23.911021,90.229235,23.6,8.04,1352.0,695.0,8.5,24.5,55.0,330,9.85,9.302999999999999,7.8,141.176,,0.32,,,REACH,2021,2,Dhaleshwari,2.5439049815206745,dry
2021-02-16,Dhaleshwari,Singair Bridge (Bhangalpur),34,23.798139,90.244192,22.1,7.95,1110.0,585.0,8.65,36.8,44.0,335,7.0,17.72,5.1,151.18699999999998,,0.39,,,REACH,2021,2,Dhaleshwari,1.6633224879173643,dry
2021-02-16,Dhaleshwari,Kadamtoli Bridge,35,23.753653,90.249649,21.3,7.84,1107.0,591.0,9.13,26.1,24.0,325,6.45,2.658,3.2,241.286,,0.29,,,REACH,2021,2,Dhaleshwari,1.0436533257520717,dry
2021-02-16,Dhaleshwari,Rohitpur Bridge  ,36,23.668216,90.288761,22.5,8.17,664.0,341.0,9.9,3.91,10.0,285,1.2,13.732999999999999,0.9,151.18699999999998,,0.32,,,REACH,2021,2,Dhaleshwari,0.29352749786777016,dry
2021-02-16,Dhaleshwari,d/s of BSCIC  ,37,23.661074,90.312062,22.5,8.27,639.0,328.0,8.01,6.22,15.0,280,0.6,9.746,1.8,111.143,,0.23,,,REACH,2021,2,Dhaleshwari,0.5870549957355403,dry
2021-02-16,Dhaleshwari,d/s of Dhaleswari Bridge  ,38,23.635701,90.360685,22.3,8.07,663.0,342.0,0.79,7.82,20.0,315,2.05,6.645,1.3,111.143,,0.27,,,REACH,2021,2,Dhaleshwari,0.42398416358677915,dry
2021-02-16,Dhaleshwari ,Baluchar Bridge  ,39,23.611361,90.422327,22.0,7.66,842.0,439.0,0.5,47.2,59.0,280,8.85,10.632,4.2,161.19799999999998,,0.42,,,REACH,2021,2,Dhaleshwari,1.369794990049594,dry
2021-02-16,Bangshi,d/s of DEPZ Canal,50,23.942411,90.230616,24.7,8.36,1581.0,801.0,0.51,38.8,106.0,285,10.0,10.188999999999998,11.1,221.26399999999998,,0.26,,,REACH,2021,2,Bangshi,3.6201724737024983,dry
2021-02-16,Bangshi,u/s of Dhaleswari Confluence at Hazipur,51,23.920526,90.226162,24.2,8.18,1434.0,731.0,0.52,27.6,62.0,325,9.75,14.618999999999998,8.7,191.231,,0.28,,,REACH,2021,2,Bangshi,2.8374324793884447,dry
2021-02-16,Kaliganga,d/s Sholla Bridge,53,23.71931682,90.18719808,22.9,8.34,597.0,304.0,0.55,3.63,9.0,270,0.15,19.049,0.9,121.154,,0.3,,,REACH,2021,2,Kaliganga,0.29352749786777016,dry
2021-02-16,Kaliganga,d/s Paragram Kaliganga Bridge,54,23.71289609,90.23925889,22.5,8.24,598.0,306.0,0.54,2.48,6.0,265,0.25,18.162999999999997,2.8,111.143,,0.31,,,REACH,2021,2,Kaliganga,0.9131966600330627,dry
2021-05-22,Turag,u/s of Konabari,1,24.01945,90.34443,31.7,7.1,303.0,127.4,1.19,17.38,20.0,130,0.6,3.0,1.5,62.5,,0.57,,,REACH,2021,5,Turag,0.48921249644628356,wet
2021-05-22,Turag,Konabari Powerplant,2,23.9948,90.34186,31.7,7.17,322.0,135.5,1.04,12.86,23.0,120,0.6,3.9,1.2,42.5,,0.26,,,REACH,2021,5,Turag,0.39136999715702686,wet
2021-05-22,Turag,d/s of Konabari,3,23.98681,90.32572,31.9,7.25,350.0,146.8,0.72,11.79,22.0,115,0.8999999999999999,4.3,2.7,82.5,,0.46,,,REACH,2021,5,Turag,0.8805824936033105,wet
2021-05-22,Turag,d/s of Kashimpur,4,23.98042,90.33772,31.9,7.2,378.0,158.6,0.19,8.97,16.0,110,0.7000000000000001,3.7,1.8,102.5,,0.27,,,REACH,2021,5,Turag,0.5870549957355403,wet
2021-05-22,Turag,Yearpur (u/s of Ashulia Lake),5,23.92568,90.34812,32.2,7.21,373.0,155.7,0.38,9.59,16.0,95,0.6,4.0,1.4,112.5,,0.46,,,REACH,2021,5,Turag,0.45659833001653133,wet
2021-05-22,Turag,Ashulia Bridge (d/s of Ashulia Lake),6,23.89519,90.33463,31.9,7.22,402.0,168.0,1.07,9.13,18.0,115,1.1,3.6,1.6,102.5,,0.29,,,REACH,2021,5,Turag,0.5218266628760359,wet
2021-05-22,Turag,Rustampur (u/s of confluence),7,23.8795,90.3503,32.1,7.27,424.0,177.9,0.94,8.88,19.0,120,1.0,3.9,1.5,112.5,,0.27,,,REACH,2021,5,Turag,0.48921249644628356,wet
2021-05-22,Turag,Birulia Bridge,8,23.85146,90.33932,32.3,7.23,448.0,187.7,0.76,8.36,20.0,105,1.0,3.4,1.7,82.5,,0.5,,,REACH,2021,5,Turag,0.5544408293057881,wet
2021-05-22,Turag,Botanical Garden,9,23.81745,90.3405,32.2,7.32,523.0,219.3,0.05,10.63,26.0,155,4.1,3.7,3.4,102.5,,0.35,,,REACH,2021,5,Turag,1.1088816586115762,wet
2021-05-22,Turag,u/s of Aminbazar Bridge,10,23.78946,90.33922,32.2,7.3,490.0,205.9,0.14,10.01,21.0,165,2.2,3.2,2.2,72.5,,0.33,,,REACH,2021,5,Turag,0.7175116614545494,wet
2021-05-22,Buriganga,Aminbazar Bridge,11,23.78292,90.33538,32.3,7.31,566.0,239.0,0.05,10.57,29.0,165,3.0,2.7,3.6,132.5,,0.32,,,REACH,2021,5,Buriganga,1.1741099914710806,wet
2021-05-22,Buriganga,d/s of Hazaribagh,12,23.73496,90.35441,32.1,7.46,772.0,328.0,0.04,26.0,42.0,225,5.5,4.7,3.9,112.5,,0.76,,,REACH,2021,5,Buriganga,1.2719524907603372,wet
2021-05-22,Buriganga,d/s Kamrangirchar Launch Ghat,13,23.71671,90.35992,31.8,7.42,865.0,370.0,0.09,32.2,44.0,235,6.3,6.7,5.1,122.5,,0.51,,,REACH,2021,5,Buriganga,1.6633224879173643,wet
2021-05-22,Buriganga,Chandni Ghat,14,23.71022,90.39367,32.3,7.38,929.0,392.0,0.12,31.4,70.0,245,7.5,4.6,4.6,122.5,,0.33,,,REACH,2021,5,Buriganga,1.500251655768603,wet
2021-05-22,Turag,Kaliakoir Bridge,47,24.08234,90.20919,32.6,7.47,213.6,87.3,5.45,0.0,40.0,80,0.7000000000000001,5.5,1.0,112.5,,0.34,,,REACH,2021,5,Turag,0.3261416642975224,wet
2021-05-22,Turag,Boroibari Bridge,48,24.09967,90.26702,31.4,7.12,203.5,85.5,3.39,0.0,19.0,95,0.3,5.4,0.8,82.5,,0.28,,,REACH,2021,5,Turag,0.2609133314380179,wet
2021-05-22,Bangshi,Kaliakoir Bangshi Bridge,49,24.06962,90.21446,31.8,7.01,213.9,88.8,3.57,0.0,18.0,75,0.4,6.5,1.1,92.5,,0.36,,,REACH,2021,5,Bangshi,0.3587558307272747,wet
2021-05-23,Tongi Khal,d/s Ashulia Landing station,20,23.89441022,90.36477688,32.9,7.32,435.0,179.9,0.66,9.71,16.0,120,1.1,3.0,2.0,22.5,,0.24,,,REACH,2021,5,Tongi Khal,0.6522833285950448,wet
2021-05-23,Tongi Khal,u/s Ijtema Field,21,23.8917228,90.38988667,33.3,7.24,512.0,210.5,0.59,7.54,16.0,135,1.5,3.5,2.6,42.5,,0.25,,,REACH,2021,5,Tongi Khal,0.8479683271735583,wet
2021-05-23,Tongi Khal,d/s Railway Bridge,22,23.88178903,90.40636019,32.8,7.15,579.0,241.0,0.08,9.72,18.0,150,2.7,2.0,4.2,72.5,,0.2,,,REACH,2021,5,Tongi Khal,1.369794990049594,wet
2021-05-23,Tongi Khal,d/s of Hussein Dyeing,23,23.88925303,90.42315448,33.3,7.2,604.0,252.0,0.09,8.32,20.0,145,2.8000000000000003,1.9,3.6,62.5,,0.49,,,REACH,2021,5,Tongi Khal,1.1741099914710806,wet
2021-05-23,Tongi Khal,Mausaid (d/s Pagar Canal),24,23.89918269,90.43655294,32.5,7.49,873.0,365.0,0.01,12.12,32.0,200,3.9000000000000004,7.1,5.7,42.5,,0.33,,,REACH,2021,5,Tongi Khal,1.8590074864958777,wet
2021-05-23,Tongi Khal,u/s of Balu Confluence,25,23.8872436,90.45994563,33.1,7.48,1025.0,432.0,0.03,18.01,66.0,245,8.7,12.6,7.8,122.5,,0.31,,,REACH,2021,5,Tongi Khal,2.5439049815206745,wet
2021-05-23,Balu ,u/s of Purbachal,26,23.86217843,90.47498149,33.3,7.39,1093.0,461.0,0.01,17.59,60.0,255,9.399999999999999,9.0,6.6,112.5,,0.38,,,REACH,2021,5,Balu,2.1525349843636477,wet
2021-05-23,Balu ,d/s of Purbachal (Ichhapur bridge),27,23.82717834,90.48729817,33.0,7.43,1172.0,495.0,0.01,48.11,141.0,310,10.2,7.1,5.7,102.5,,0.34,,,REACH,2021,5,Balu,1.8590074864958777,wet
2021-05-23,Balu ,Beraid,28,23.77769711,90.47789881,33.1,7.47,1150.0,485.0,0.0,32.9,86.0,285,11.6,5.9,6.9,142.5,,0.43,,,REACH,2021,5,Balu,2.2503774836529047,wet
2021-05-23,Balu ,d/s of Begunbari Canal,29,23.75971159,90.48346853,32.8,7.3,1123.0,476.0,0.01,33.5,93.0,290,12.7,12.7,6.5,142.5,,0.15,,,REACH,2021,5,Balu,2.1199208179338953,wet
2021-05-23,Balu ,Demra (u/s of confluence),30,23.7279083,90.50095276,32.7,7.25,1062.0,450.0,0.04,39.8,113.0,285,15.1,16.3,7.1,102.5,,0.32,,,REACH,2021,5,Balu,2.315605816512409,wet
2021-05-23,Dhaleshwari ,Muktapur Ghat  ,40,23.567889,90.514812,32.7,7.57,735.0,308.0,1.17,7.2,22.0,210,4.9,1.7,3.7,82.5,,0.33,,,REACH,2021,5,Dhaleshwari,1.206724157900833,wet
2021-05-23,Shitalakhya ,d/s Kanchan Bridge,41,23.835225,90.546137,32.5,7.51,617.0,258.0,3.29,3.55,6.0,185,0.4,4.8,1.7,62.5,,0.27,,,REACH,2021,5,Shitalakhya,0.5544408293057881,wet
2021-05-23,Shitalakhya ,ACI Salt (Rupganj Ferry Ghat),42,23.790506,90.522321,32.7,7.58,594.0,248.0,1.85,6.52,15.0,195,0.4,4.0,3.5,52.5,,0.15,,,REACH,2021,5,Shitalakhya,1.1414958250413285,wet
2021-05-23,Shitalakhya ,Demra Ghat,43,23.716944,90.502168,33.0,7.38,765.0,319.0,0.11,14.29,33.0,215,4.3,4.4,2.7,82.5,,0.44,,,REACH,2021,5,Shitalakhya,0.8805824936033105,wet
2021-05-23,Shitalakhya ,d/s of Adamjee EPZ,44,23.66447,90.523193,33.3,7.44,909.0,379.0,0.09,34.0,58.0,250,6.800000000000001,4.9,3.9,72.5,,0.24,,,REACH,2021,5,Shitalakhya,1.2719524907603372,wet
2021-05-23,Shitalakhya ,d/s of Tanbazar Ghat,45,23.613055,90.50694,33.0,7.54,885.0,371.0,0.05,36.6,43.0,245,6.2,3.1,3.9,62.5,,0.32,,,REACH,2021,5,Shitalakhya,1.2719524907603372,wet
2021-05-23,Shitalakhya ,u/s of Kalagachia Point,46,23.572368,90.525478,33.3,7.65,834.0,349.0,0.27,14.38,32.0,220,5.2,2.6,3.4,62.5,,0.34,,,REACH,2021,5,Shitalakhya,1.1088816586115762,wet
2021-05-23,Shitalakhya ,d/s of Ghorashal FC,52,23.97498026,90.62859428,36.2,7.3,379.0,147.3,0.04,14.43,16.0,105,0.4,3.8,2.9,42.5,,0.27,,,REACH,2021,5,Shitalakhya,0.945810826462815,wet
2021-05-23,Pagar Canal,Steel bridge at Pagar Canal,55,23.900657,90.432582,32.3,7.39,1674.0,725.0,0.01,28.1,99.0,415,15.4,23.0,11.2,132.5,,0.47,,,REACH,2021,5,Pagar Canal,3.6527866401322506,wet
2021-05-23,Bashundhara Canal ,u/s (800m) of outfall in Balu,56,23.80975467,90.47701159,32.6,7.28,999.0,426.0,0.02,40.1,91.0,295,15.4,10.9,8.1,122.5,,0.23,,,REACH,2021,5,Bashundhara Canal,2.6417474808099315,wet
2021-05-23,Begunbari Canal ,d/s of Dasherkandi WWTP,57,23.760385,90.479743,32.2,7.07,962.0,409.0,0.02,25.1,70.0,285,20.299999999999997,19.3,10.6,62.5,,0.37,,,REACH,2021,5,Begunbari Canal,3.457101641553737,wet
2021-05-23,Balu,"Daripara Bridge, Pubail",58,23.93208264,90.49081513,33.5,7.34,1135.0,475.0,0.07,15.13,22.0,320,4.5,5.3,5.5,132.5,,0.26,,,REACH,2021,5,Balu,1.7937791536363732,wet
2021-05-24,Buriganga,Sadar Ghat,15,23.70409,90.40971,32.7,7.48,892.0,377.0,0.09,21.3,62.0,195,7.9,5.5,5.8,44.5,,0.41,,,REACH,2021,5,Buriganga,1.89162165292563,wet
2021-05-24,Buriganga,Dholaikhal,16,23.69661,90.41836,32.6,7.4,941.0,398.0,0.08,20.6,69.0,220,8.7,10.1,5.3,24.5,,0.38,,,REACH,2021,5,Buriganga,1.7285508207768685,wet
2021-05-24,Buriganga,BCF Bridge,17,23.68716,90.4278,32.4,7.46,1049.0,447.0,0.13,21.3,58.0,255,9.9,5.7,5.8,44.5,,0.38,,,REACH,2021,5,Buriganga,1.89162165292563,wet
2021-05-24,Buriganga,d/s Pagla STP,18,23.6648,90.45238,32.5,7.5,1175.0,501.0,0.08,18.05,63.0,285,9.6,8.1,6.8,84.5,,0.64,,,REACH,2021,5,Buriganga,2.2177633172231523,wet
2021-05-24,Buriganga,Jazira ,19,23.63233,90.46342,32.4,7.58,1334.0,571.0,0.1,27.3,69.0,310,12.4,7.3,8.5,54.5,,0.26,,,REACH,2021,5,Buriganga,2.7722041465289404,wet
2021-05-24,Bangshi-Savar,Amin Bazar Landfill,31,23.799735,90.303025,33.4,7.61,904.0,376.0,1.58,13.43,17.0,200,6.4,3.2,5.0,54.5,,0.33,,,REACH,2021,5,Bangshi-Savar,1.630708321487612,wet
2021-05-24,Bangshi-Savar,d/s of Turag branch outfall,32,23.796912,90.326466,33.1,7.21,616.0,256.0,0.04,15.19,29.0,140,4.3,6.8,3.8,64.5,,0.22,,,REACH,2021,5,Bangshi-Savar,1.239338324330585,wet
2021-05-24,Dhaleshwari,Nayarhat Bridge,33,23.911021,90.229235,34.7,7.72,2131.0,899.0,0.08,18.79,68.0,350,11.6,18.4,12.3,124.5,,0.22,,,REACH,2021,5,Dhaleshwari,4.011542470859526,wet
2021-05-24,Dhaleshwari,Singair Bridge (Bhangalpur),34,23.798139,90.244192,36.1,8.76,2146.0,872.0,11.54,119.0,78.0,355,6.800000000000001,3.8,11.5,214.5,,0.3,,,REACH,2021,5,Dhaleshwari,3.7506291394215077,wet
2021-05-24,Dhaleshwari,Kadamtoli Bridge,35,23.753653,90.249649,33.6,8.11,2084.0,884.0,3.64,22.5,25.0,320,8.6,10.6,8.1,184.5,,0.35,,,REACH,2021,5,Dhaleshwari,2.6417474808099315,wet
2021-05-24,Dhaleshwari,Rohitpur Bridge  ,36,23.668216,90.288761,34.1,8.27,1034.0,427.0,9.41,8.26,17.0,230,0.1,12.2,5.0,104.5,,0.2,,,REACH,2021,5,Dhaleshwari,1.630708321487612,wet
2021-05-24,Dhaleshwari,d/s of BSCIC  ,37,23.661074,90.312062,33.9,8.22,1077.0,446.0,9.65,11.88,22.0,245,0.3,13.6,5.3,124.5,,0.3,,,REACH,2021,5,Dhaleshwari,1.7285508207768685,wet
2021-05-24,Dhaleshwari,d/s of Dhaleswari Bridge  ,38,23.635701,90.360685,33.9,7.97,1150.0,477.0,5.4,11.24,27.0,260,3.0,15.8,6.1,104.5,,0.27,,,REACH,2021,5,Dhaleshwari,1.9894641522148864,wet
2021-05-24,Dhaleshwari ,Baluchar Bridge  ,39,23.611361,90.422327,32.9,7.7,1353.0,576.0,0.12,38.8,74.0,315,10.0,5.5,6.8,64.5,,0.39,,,REACH,2021,5,Dhaleshwari,2.2177633172231523,wet
2021-05-24,Bangshi,d/s of DEPZ Canal,50,23.942411,90.230616,33.5,7.51,2017.0,861.0,0.11,16.26,59.0,305,7.0,10.2,9.8,164.5,,0.22,,,REACH,2021,5,Bangshi,3.1961883101157196,wet
2021-05-24,Bangshi,u/s of Dhaleswari Confluence at Hazipur,51,23.920526,90.226162,33.6,7.74,2220.0,948.0,0.11,16.44,58.0,360,10.9,29.9,11.4,204.5,,0.33,,,REACH,2021,5,Bangshi,3.7180149729917553,wet
2021-05-24,Kaliganga,d/s Sholla Bridge,53,23.71931682,90.18719808,35.7,8.5,1379.0,558.0,11.72,4.38,13.0,260,0.4,18.2,4.2,174.5,,0.29,,,REACH,2021,5,Kaliganga,1.369794990049594,wet
2021-05-24,Kaliganga,d/s Paragram Kaliganga Bridge,54,23.71289609,90.23925889,34.3,7.85,1603.0,667.0,4.14,10.44,17.0,285,1.3,18.0,5.7,154.5,,0.33,,,REACH,2021,5,Kaliganga,1.8590074864958777,wet
2021-07-15,Tongi Khal,d/s Ashulia Landing station,20,23.89441022,90.36477688,30.3,6.65,171.9,73.5,5.45,72.9,145.0,55,0.375,10.0,0.5,24.620999999999995,,0.51,20000.0,20000.0,REACH,2021,7,Tongi Khal,0.1630708321487612,wet
2021-07-15,Tongi Khal,u/s Ijtema Field,21,23.8917228,90.38988667,30.3,6.86,185.6,79.4,4.62,70.1,114.0,40,0.17500000000000002,8.4,0.5,104.70899999999997,,0.4,10000.0,10000.0,REACH,2021,7,Tongi Khal,0.1630708321487612,wet
2021-07-15,Tongi Khal,d/s Railway Bridge,22,23.88178903,90.40636019,30.3,6.86,183.2,78.4,4.35,69.0,110.0,60,0.475,8.5,1.0,114.71999999999997,,0.29,310000.0,310000.0,REACH,2021,7,Tongi Khal,0.3261416642975224,wet
2021-07-15,Tongi Khal,d/s of Hussein Dyeing,23,23.88925303,90.42315448,30.4,6.94,215.6,94.3,3.49,56.2,96.0,45,0.4,8.0,1.2,84.68699999999998,,0.44,340000.0,340000.0,REACH,2021,7,Tongi Khal,0.39136999715702686,wet
2021-07-15,Tongi Khal,Mausaid (d/s Pagar Canal),24,23.89918269,90.43655294,30.4,7.0,200.6,85.7,3.09,51.4,89.0,40,0.4,8.8,1.7,104.70899999999997,,0.41,30000.0,30000.0,REACH,2021,7,Tongi Khal,0.5544408293057881,wet
2021-07-15,Tongi Khal,u/s of Balu Confluence,25,23.8872436,90.45994563,30.7,6.97,219.2,93.2,1.77,38.4,57.0,55,0.42500000000000004,7.6,1.1,154.76399999999998,,0.44,40000.0,40000.0,REACH,2021,7,Tongi Khal,0.3587558307272747,wet
2021-07-15,Balu ,u/s of Purbachal,26,23.86217843,90.47498149,31.0,6.98,237.0,99.9,1.46,21.0,31.0,60,0.375,6.1,2.0,64.66499999999999,,0.45,1700.0,1700.0,REACH,2021,7,Balu,0.6522833285950448,wet
2021-07-15,Balu ,d/s of Purbachal (Ichhapur bridge),27,23.82717834,90.48729817,30.8,7.06,243.0,103.3,1.5,15.25,27.0,50,0.42500000000000004,9.7,1.5,124.731,,0.37,5100.0,5100.0,REACH,2021,7,Balu,0.48921249644628356,wet
2021-07-15,Balu ,Beraid,28,23.77769711,90.47789881,31.1,6.94,246.0,104.4,2.38,10.72,20.0,55,0.5,9.6,1.4,134.742,,0.46,900.0,900.0,REACH,2021,7,Balu,0.45659833001653133,wet
2021-07-15,Balu ,d/s of Begunbari Canal,29,23.75971159,90.48346853,31.6,7.02,304.0,128.8,1.12,9.02,17.0,80,1.45,10.2,1.8,114.71999999999997,,0.44,5100.0,5100.0,REACH,2021,7,Balu,0.5870549957355403,wet
2021-07-15,Balu ,Demra (u/s of confluence),30,23.7279083,90.50095276,31.6,7.02,314.0,132.1,0.97,14.57,23.0,70,1.4249999999999998,10.3,2.1,144.753,,0.3,7700.0,7700.0,REACH,2021,7,Balu,0.684897495024797,wet
2021-07-15,Dhaleshwari ,Muktapur Ghat  ,40,23.567889,90.514812,30.5,7.14,184.1,78.4,4.06,83.0,141.0,55,0.325,5.3,0.6,54.653999999999996,,0.38,2700.0,2700.0,REACH,2021,7,Dhaleshwari,0.19568499857851343,wet
2021-07-15,Shitalakhya ,d/s Kanchan Bridge,41,23.835225,90.546137,31.1,7.1,144.1,60.6,5.15,63.8,107.0,45,0.35000000000000003,5.3,1.4,94.69799999999998,,0.34,600.0,600.0,REACH,2021,7,Shitalakhya,0.45659833001653133,wet
2021-07-15,Shitalakhya ,ACI Salt (Rupganj Ferry Ghat),42,23.790506,90.522321,31.1,7.18,145.5,61.1,4.42,53.1,91.0,35,0.15,8.2,1.2,124.731,,0.43,300.0,300.0,REACH,2021,7,Shitalakhya,0.39136999715702686,wet
2021-07-15,Shitalakhya ,Demra Ghat,43,23.716944,90.502168,31.1,7.17,162.7,68.5,4.33,64.5,105.0,45,1.25,9.8,1.2,64.66499999999999,,0.38,900.0,900.0,REACH,2021,7,Shitalakhya,0.39136999715702686,wet
2021-07-15,Shitalakhya ,d/s of Adamjee EPZ,44,23.66447,90.523193,31.1,7.04,229.0,96.8,2.17,51.8,75.0,60,0.5750000000000001,9.6,2.1,84.68699999999998,,0.48,100.0,100.0,REACH,2021,7,Shitalakhya,0.684897495024797,wet
2021-07-15,Shitalakhya ,d/s of Tanbazar Ghat,45,23.613055,90.50694,31.0,7.18,199.5,84.4,2.3,56.7,91.0,40,0.525,12.9,1.7,104.70899999999997,,0.27,100.0,100.0,REACH,2021,7,Shitalakhya,0.5544408293057881,wet
2021-07-15,Shitalakhya ,u/s of Kalagachia Point,46,23.572368,90.525478,31.0,6.96,187.8,79.4,2.71,60.1,99.0,55,0.475,11.7,2.2,134.742,,0.43,1500.0,1500.0,REACH,2021,7,Shitalakhya,0.7175116614545494,wet
2021-07-15,Shitalakhya ,d/s of Ghorashal FC,52,23.97498026,90.62859428,31.4,7.26,148.4,61.8,5.83,93.4,134.0,45,0.2,6.1,1.6,124.731,,0.41,100.0,100.0,REACH,2021,7,Shitalakhya,0.5218266628760359,wet
2021-07-15,Pagar Canal,Steel bridge at Pagar Canal,55,23.900657,90.432582,31.1,7.0,747.0,320.0,0.11,10.36,20.0,175,5.324999999999999,9.4,8.4,64.66499999999999,,0.41,40000.0,40000.0,REACH,2021,7,Pagar Canal,2.739589980099188,wet
2021-07-15,Bashundhara Canal ,u/s (800m) of outfall in Balu,56,23.80975467,90.47701159,32.7,7.63,319.0,132.1,10.03,7.73,18.0,70,0.65,14.4,2.5,114.71999999999997,,0.38,3000.0,3000.0,REACH,2021,7,Bashundhara Canal,0.815354160743806,wet
2021-07-15,Begunbari Canal ,d/s of Dasherkandi WWTP,57,23.760385,90.479743,31.2,6.98,610.0,262.0,0.09,13.12,39.0,150,9.200000000000001,15.6,8.2,94.69799999999998,,0.39,610000.0,610000.0,REACH,2021,7,Begunbari Canal,2.6743616472396834,wet
2021-07-15,Balu,"Daripara Bridge, Pubail",58,23.93208264,90.49081513,31.7,6.93,253.0,105.9,4.21,4.76,12.0,60,0.6,21.1,1.3,134.742,,0.38,1800.0,1800.0,REACH,2021,7,Balu,0.42398416358677915,wet
2021-07-16,Turag,u/s of Konabari,1,24.01945,90.34443,30.4,7.32,160.4,68.4,6.87,214.0,362.0,35,0.17500000000000002,3.9,0.6,174.786,,0.82,32000.0,32000.0,REACH,2021,7,Turag,0.19568499857851343,wet
2021-07-16,Turag,Konabari Powerplant,2,23.9948,90.34186,30.4,7.26,162.0,69.0,6.77,207.0,357.0,20,0.17500000000000002,5.1,1.1,164.77499999999998,,0.48,0.0,0.0,REACH,2021,7,Turag,0.3587558307272747,wet
2021-07-16,Turag,d/s of Konabari,3,23.98681,90.32572,30.4,7.31,170.4,72.7,6.45,177.0,296.0,40,0.3,6.8,0.7,174.786,,0.61,2000.0,2000.0,REACH,2021,7,Turag,0.22829916500826566,wet
2021-07-16,Turag,d/s of Kashimpur,4,23.98042,90.33772,30.4,7.21,177.9,76.0,6.32,189.0,296.0,40,0.22499999999999998,4.0,0.5,154.76399999999998,,0.95,2000.0,2000.0,REACH,2021,7,Turag,0.1630708321487612,wet
2021-07-16,Turag,Yearpur (u/s of Ashulia Lake),5,23.92568,90.34812,30.4,7.2,169.3,72.2,6.22,147.0,276.0,40,0.15,1.3,0.5,164.77499999999998,,1.0,1000.0,1000.0,REACH,2021,7,Turag,0.1630708321487612,wet
2021-07-16,Turag,Ashulia Bridge (d/s of Ashulia Lake),6,23.89519,90.33463,30.5,7.3,169.8,72.2,5.97,124.0,199.0,40,0.15,0.9,0.6,184.79699999999997,,0.75,6000.0,6000.0,REACH,2021,7,Turag,0.19568499857851343,wet
2021-07-16,Turag,Rustampur (u/s of confluence),7,23.8795,90.3503,30.6,7.13,178.3,75.9,5.4,120.0,214.0,45,0.275,6.0,1.0,94.69799999999998,,0.86,1000.0,1000.0,REACH,2021,7,Turag,0.3261416642975224,wet
2021-07-16,Turag,Birulia Bridge,8,23.85146,90.33932,30.7,7.06,171.8,72.9,5.41,90.5,168.0,35,0.25,2.7,0.9,174.786,,0.62,0.0,0.0,REACH,2021,7,Turag,0.29352749786777016,wet
2021-07-16,Turag,Botanical Garden,9,23.81745,90.3405,30.9,7.13,216.5,91.9,3.67,68.3,125.0,55,0.875,7.4,1.1,114.71999999999997,,0.5,5000.0,5000.0,REACH,2021,7,Turag,0.3587558307272747,wet
2021-07-16,Turag,u/s of Aminbazar Bridge,10,23.78946,90.33922,30.8,7.0,199.1,84.5,4.06,65.7,122.0,50,0.725,5.8,1.2,124.731,,0.33,6000.0,6000.0,REACH,2021,7,Turag,0.39136999715702686,wet
2021-07-16,Buriganga,Aminbazar Bridge,11,23.78292,90.33538,31.3,6.95,181.8,76.3,4.44,58.7,110.0,25,0.22499999999999998,6.4,0.8,74.67599999999999,,0.38,12000.0,12000.0,REACH,2021,7,Buriganga,0.2609133314380179,wet
2021-07-16,Buriganga,d/s of Hazaribagh,12,23.73496,90.35441,31.0,7.05,196.5,83.1,3.52,52.9,97.0,30,0.525,7.0,1.0,134.742,,0.26,10000.0,10000.0,REACH,2021,7,Buriganga,0.3261416642975224,wet
2021-07-16,Bangshi-Savar,Amin Bazar Landfill,31,23.799735,90.303025,31.2,6.97,189.3,80.2,3.32,34.3,52.0,40,0.44999999999999996,4.3,0.6,144.753,,0.3,100.0,100.0,REACH,2021,7,Bangshi-Savar,0.19568499857851343,wet
2021-07-16,Bangshi-Savar,d/s of Turag branch outfall,32,23.796912,90.326466,31.2,7.03,177.4,74.5,4.25,86.0,160.0,45,0.17500000000000002,3.5,0.4,94.69799999999998,,0.43,200.0,200.0,REACH,2021,7,Bangshi-Savar,0.13045666571900896,wet
2021-07-16,Dhaleshwari,Nayarhat Bridge,33,23.911021,90.229235,31.0,7.24,173.0,73.0,5.96,161.0,270.0,45,0.475,0.5,0.5,84.68699999999998,,0.31,600.0,600.0,REACH,2021,7,Dhaleshwari,0.1630708321487612,wet
2021-07-16,Turag,Kaliakoir Bridge,47,24.08234,90.20919,30.2,7.19,150.4,64.3,7.07,237.0,423.0,45,0.3,2.1,0.6,154.76399999999998,,0.43,400.0,400.0,REACH,2021,7,Turag,0.19568499857851343,wet
2021-07-16,Turag,Boroibari Bridge,48,24.09967,90.26702,30.3,7.31,150.6,64.3,7.1,241.0,381.0,25,0.35000000000000003,1.8,0.4,164.77499999999998,,0.59,500.0,500.0,REACH,2021,7,Turag,0.13045666571900896,wet
2021-07-16,Bangshi,Kaliakoir Bangshi Bridge,49,24.06962,90.21446,30.2,7.19,150.9,64.5,7.08,259.0,394.0,35,0.42500000000000004,6.3,0.5,74.67599999999999,,0.41,800.0,800.0,REACH,2021,7,Bangshi,0.1630708321487612,wet
2021-07-16,Bangshi,d/s of DEPZ Canal,50,23.942411,90.230616,30.9,7.19,162.6,68.7,6.54,266.0,270.0,40,0.22499999999999998,18.6,0.5,84.68699999999998,,0.32,200.0,200.0,REACH,2021,7,Bangshi,0.1630708321487612,wet
2021-07-16,Bangshi,u/s of Dhaleswari Confluence at Hazipur,51,23.920526,90.226162,31.0,7.27,172.7,72.9,5.83,139.0,189.0,30,0.275,3.2,0.5,164.77499999999998,,0.59,100.0,100.0,REACH,2021,7,Bangshi,0.1630708321487612,wet
2021-07-17,Buriganga,d/s Kamrangirchar Launch Ghat,13,23.71671,90.35992,30.7,6.99,185.0,78.5,4.09,49.2,75.0,40,0.375,6.7,0.5,104.70899999999997,,0.42,11000.0,11000.0,REACH,2021,7,Buriganga,0.1630708321487612,wet
2021-07-17,Buriganga,Chandni Ghat,14,23.71022,90.39367,31.0,7.02,187.6,79.4,3.65,47.6,63.0,50,0.275,3.3,0.6,124.731,,0.33,6000.0,6000.0,REACH,2021,7,Buriganga,0.19568499857851343,wet
2021-07-17,Buriganga,Sadar Ghat,15,23.70409,90.40971,30.9,6.99,190.8,80.9,3.18,46.1,61.0,50,0.3,4.3,0.6,84.68699999999998,,0.36,16000.0,16000.0,REACH,2021,7,Buriganga,0.19568499857851343,wet
2021-07-17,Buriganga,Dholaikhal,16,23.69661,90.41836,30.9,7.07,195.6,82.8,2.89,44.1,58.0,45,0.475,3.9,0.8,174.786,,0.53,10000.0,10000.0,REACH,2021,7,Buriganga,0.2609133314380179,wet
2021-07-17,Buriganga,BCF Bridge,17,23.68716,90.4278,31.1,6.98,199.1,83.9,2.4,41.0,43.0,40,0.325,7.7,0.8,144.753,,0.39,8000.0,8000.0,REACH,2021,7,Buriganga,0.2609133314380179,wet
2021-07-17,Buriganga,d/s Pagla STP,18,23.6648,90.45238,31.2,7.04,209.8,88.5,1.55,35.5,46.0,45,0.525,4.4,0.7,74.67599999999999,,0.37,2000.0,2000.0,REACH,2021,7,Buriganga,0.22829916500826566,wet
2021-07-17,Buriganga,Jazira ,19,23.63233,90.46342,31.1,6.99,208.8,88.2,1.32,31.4,38.0,45,0.7000000000000001,5.4,0.7,144.753,,0.33,10000.0,10000.0,REACH,2021,7,Buriganga,0.22829916500826566,wet
2021-07-17,Dhaleshwari,Singair Bridge (Bhangalpur),34,23.798139,90.244192,30.7,7.13,173.0,73.7,5.34,88.7,138.0,40,0.625,3.2,0.7,154.76399999999998,,0.51,600.0,600.0,REACH,2021,7,Dhaleshwari,0.22829916500826566,wet
2021-07-17,Dhaleshwari,Kadamtoli Bridge,35,23.753653,90.249649,31.4,7.09,185.0,77.6,5.04,62.8,75.0,35,0.22499999999999998,2.8,0.6,104.70899999999997,,0.48,100.0,100.0,REACH,2021,7,Dhaleshwari,0.19568499857851343,wet
2021-07-17,Dhaleshwari,Rohitpur Bridge  ,36,23.668216,90.288761,30.7,7.3,167.3,71.1,6.37,245.0,265.0,50,0.17500000000000002,4.3,0.5,124.731,,0.51,22000.0,22000.0,REACH,2021,7,Dhaleshwari,0.1630708321487612,wet
2021-07-17,Dhaleshwari,d/s of BSCIC  ,37,23.661074,90.312062,30.7,7.27,167.0,70.9,6.39,229.0,289.0,25,0.3,3.1,0.4,134.742,,0.32,12000.0,12000.0,REACH,2021,7,Dhaleshwari,0.13045666571900896,wet
2021-07-17,Dhaleshwari,d/s of Dhaleswari Bridge  ,38,23.635701,90.360685,30.7,7.08,171.0,72.5,5.1,77.7,132.0,50,0.22499999999999998,2.8,0.5,114.71999999999997,,0.4,4000.0,4000.0,REACH,2021,7,Dhaleshwari,0.1630708321487612,wet
2021-07-17,Dhaleshwari ,Baluchar Bridge  ,39,23.611361,90.422327,30.8,7.44,166.9,70.7,6.11,141.0,181.0,50,0.2,4.4,0.4,154.76399999999998,,0.44,5000.0,5000.0,REACH,2021,7,Dhaleshwari,0.13045666571900896,wet
2021-07-17,Kaliganga,d/s Sholla Bridge,53,23.71931682,90.18719808,30.6,7.29,163.7,69.6,6.78,293.0,117.0,40,0.17500000000000002,3.7,0.7,104.70899999999997,,0.35,0.0,0.0,REACH,2021,7,Kaliganga,0.22829916500826566,wet
2021-07-17,Kaliganga,d/s Paragram Kaliganga Bridge,54,23.71289609,90.23925889,30.5,7.36,163.8,69.7,6.8,348.0,313.0,35,0.675,2.4,0.5,154.76399999999998,,0.34,100.0,100.0,REACH,2021,7,Kaliganga,0.1630708321487612,wet
